time,stage,absorb_side,it_left,it_right,layers_left,layers_right,u_consumed_total_left,u_consumed_total_right,u_consumed_total,swap_consumed,u_consumed,u_consumed_after_unswap,max_bond,max_links,total_elems,total_shapes,total_links,num_tensors,iteration,side,parity,new_swaps,total_swaps
11.890419194940478,absorbing,left,1.0,0.0,1201.0,1150.0,0.0,0.0,0.0,13.0,0.0,0.0,1,4,224,334,222,56,,,,,
16.722530774073675,absorbing,left,1.0,1.0,1201.0,1150.0,0.0,0.0,0.0,11.0,0.0,0.0,4,4,488,400,222,56,,,,,
16.9792367098853,absorbing,left,2.0,1.0,1201.0,1150.0,1.0,0.0,1.0,13.0,1.0,1.0,4,4,856,444,222,56,,,,,
17.244009376037866,absorbing,left,2.0,2.0,1201.0,1150.0,1.0,1.0,2.0,9.0,1.0,2.0,4,4,1300,492,222,56,,,,,
17.50559563888237,absorbing,left,2.0,3.0,1201.0,1150.0,1.0,1.0,2.0,12.0,0.0,2.0,16,4,2216,562,222,56,,,,,
17.77762749698013,absorbing,left,2.0,4.0,1201.0,1150.0,1.0,1.0,2.0,12.0,0.0,2.0,16,4,3416,646,222,56,,,,,
18.057873759884387,absorbing,left,2.0,5.0,1201.0,1150.0,1.0,1.0,2.0,11.0,0.0,2.0,16,4,7028,766,222,56,,,,,
18.380960047943518,absorbing,left,2.0,6.0,1201.0,1150.0,1.0,1.0,2.0,12.0,0.0,2.0,16,4,11984,898,222,56,,,,,
18.731932648923248,absorbing,left,3.0,6.0,1201.0,1150.0,1.0,1.0,2.0,15.0,0.0,2.0,64,4,20432,1066,222,56,,,,,
19.143756329081953,absorbing,left,4.0,6.0,1201.0,1150.0,2.0,1.0,3.0,15.0,1.0,3.0,64,4,39152,1264,222,56,,,,,
19.611217997036874,absorbing,left,4.0,7.0,1201.0,1150.0,2.0,2.0,4.0,13.0,1.0,4.0,64,4,60652,1566,222,56,,,,,
20.123915198026225,absorbing,left,5.0,7.0,1201.0,1150.0,3.0,2.0,5.0,14.0,1.0,5.0,64,4,94668,1868,222,56,,,,,
20.715654597850516,absorbing,left,5.0,8.0,1201.0,1150.0,3.0,3.0,6.0,12.0,1.0,6.0,64,4,122088,2128,222,56,,,,,
21.36964554293081,absorbing,left,5.0,9.0,1201.0,1150.0,3.0,4.0,7.0,11.0,1.0,7.0,64,4,186084,2606,222,56,,,,,
22.320849851006642,absorbing,left,5.0,10.0,1201.0,1150.0,3.0,5.0,8.0,8.0,1.0,8.0,256,4,304196,3184,222,56,,,,,
23.277753388043493,absorbing,left,5.0,11.0,1201.0,1150.0,3.0,6.0,9.0,5.0,1.0,9.0,256,4,311300,3304,222,56,,,,,
24.2080227448605,absorbing,left,5.0,12.0,1201.0,1150.0,3.0,6.0,9.0,5.0,0.0,9.0,256,4,333828,3460,222,56,,,,,
25.335481826914474,absorbing,left,5.0,13.0,1201.0,1150.0,3.0,7.0,10.0,6.0,1.0,10.0,256,4,387332,3780,222,56,,,,,
26.751639446010813,absorbing,left,5.0,14.0,1201.0,1150.0,3.0,7.0,10.0,8.0,0.0,10.0,256,4,459392,4098,222,56,,,,,
28.20665088086389,absorbing,left,5.0,15.0,1201.0,1150.0,3.0,7.0,10.0,9.0,0.0,10.0,256,4,568992,4576,222,56,,,,,
30.04988456494175,absorbing,left,5.0,16.0,1201.0,1150.0,3.0,7.0,10.0,10.0,0.0,10.0,256,4,683808,5088,222,56,,,,,
32.3230154379271,absorbing,left,5.0,17.0,1201.0,1150.0,3.0,7.0,10.0,12.0,0.0,10.0,256,4,869792,5688,222,56,,,,,
44.36292139790021,unswapping,,,,,,,,,,,,256,4,1249760,6360,222,56,0.0,both,0.0,2.0,2.0
49.114916529040784,unswapping,,,,,,,,,,,,256,4,631808,4692,222,56,0.0,both,1.0,10.0,12.0
51.133761337026954,unswapping,,,,,,,,,,,,256,4,448256,3932,222,56,0.0,left,0.0,8.0,20.0
53.44304191088304,unswapping,,,,,,,,,,,,128,4,347200,3428,222,56,0.0,left,1.0,7.0,27.0
54.72915946994908,unswapping,,,,,,,,,,,,128,4,335828,3210,222,56,0.0,right,0.0,6.0,33.0
55.993992402916774,unswapping,,,,,,,,,,,,128,4,332804,3144,222,56,0.0,right,1.0,5.0,38.0
60.21857020189054,unswapping,,,,,,,,,,,,128,4,231596,2652,222,56,1.0,both,0.0,12.0,12.0
62.27408847888,unswapping,,,,,,,,,,,,64,4,119312,1910,222,56,1.0,both,1.0,9.0,21.0
62.965365246869624,unswapping,,,,,,,,,,,,64,4,102320,1776,222,56,1.0,left,0.0,3.0,24.0
64.29646070604213,unswapping,,,,,,,,,,,,64,4,85328,1644,222,56,1.0,left,1.0,4.0,28.0
64.80544499401003,unswapping,,,,,,,,,,,,64,4,66772,1454,222,56,1.0,right,0.0,6.0,34.0
65.90908851986751,unswapping,,,,,,,,,,,,64,4,64552,1396,222,56,1.0,right,1.0,4.0,38.0
66.91526589007117,unswapping,,,,,,,,,,,,64,4,29800,1092,222,56,2.0,both,0.0,10.0,10.0
67.83981182891876,unswapping,,,,,,,,,,,,32,4,9676,772,222,56,2.0,both,1.0,10.0,20.0
68.2696613338776,unswapping,,,,,,,,,,,,16,4,5772,660,222,56,2.0,left,0.0,5.0,25.0
68.66297214687802,unswapping,,,,,,,,,,,,16,4,4368,606,222,56,2.0,left,1.0,3.0,28.0
69.0429953369312,unswapping,,,,,,,,,,,,16,4,4044,578,222,56,2.0,right,0.0,5.0,33.0
69.4290193200577,unswapping,,,,,,,,,,,,16,4,3924,566,222,56,2.0,right,1.0,2.0,35.0
70.1939979698509,unswapping,,,,,,,,,,,,16,4,1772,494,222,56,3.0,both,0.0,7.0,7.0
70.93013118207455,unswapping,,,,,,,,,,,,4,4,924,426,222,56,3.0,both,1.0,9.0,16.0
71.28574088285677,unswapping,,,,,,,,,,,,4,4,768,408,222,56,3.0,left,0.0,4.0,20.0
71.63255109195597,unswapping,,,,,,,,,,,,4,4,720,402,222,56,3.0,left,1.0,1.0,21.0
71.8491242788732,unswapping,,,,,,,,,,,,4,4,720,402,222,56,3.0,right,0.0,0.0,21.0
72.06429159105755,unswapping,,,,,,,,,,,,4,4,720,402,222,56,3.0,right,1.0,0.0,21.0
72.99286700994708,unswapping,,,,,,,,,,,,4,4,552,382,222,56,4.0,both,0.0,6.0,6.0
73.68047238397412,unswapping,,,,,,,,,,,,4,4,468,372,222,56,4.0,both,1.0,3.0,9.0
74.02954072505236,unswapping,,,,,,,,,,,,4,4,428,368,222,56,4.0,left,0.0,1.0,10.0
74.37710483791307,unswapping,,,,,,,,,,,,4,4,356,358,222,56,4.0,left,1.0,2.0,12.0
74.5904330429621,unswapping,,,,,,,,,,,,4,4,356,358,222,56,4.0,right,0.0,0.0,12.0
74.80066126887687,unswapping,,,,,,,,,,,,4,4,356,358,222,56,4.0,right,1.0,0.0,12.0
75.22200076607987,unswapping,,,,,,,,,,,,4,4,356,358,222,56,5.0,both,0.0,0.0,0.0
75.63713759393431,unswapping,,,,,,,,,,,,4,4,356,358,222,56,5.0,both,1.0,0.0,0.0
75.98043752694502,unswapping,,,,,,,,,,,,2,4,308,352,222,56,5.0,left,0.0,1.0,1.0
76.1890170390252,unswapping,,,,,,,,,,,,2,4,308,352,222,56,5.0,left,1.0,0.0,1.0
76.40255590993911,unswapping,,,,,,,,,,,,2,4,308,352,222,56,5.0,right,0.0,0.0,1.0
76.61152468901128,unswapping,,,,,,,,,,,,2,4,308,352,222,56,5.0,right,1.0,0.0,1.0
77.03377105901018,unswapping,,,,,,,,,,,,2,4,308,352,222,56,6.0,both,0.0,0.0,0.0
77.4461353928782,unswapping,,,,,,,,,,,,2,4,308,352,222,56,6.0,both,1.0,0.0,0.0
77.65894310106523,unswapping,,,,,,,,,,,,2,4,308,352,222,56,6.0,left,0.0,0.0,0.0
77.8673174038995,unswapping,,,,,,,,,,,,2,4,308,352,222,56,6.0,left,1.0,0.0,0.0
78.08050509006716,unswapping,,,,,,,,,,,,2,4,308,352,222,56,6.0,right,0.0,0.0,0.0
78.2893971928861,unswapping,,,,,,,,,,,,2,4,308,352,222,56,6.0,right,1.0,0.0,0.0
89.31220114487223,absorbing,left,1.0,0.0,1280.0,1262.0,3.0,7.0,10.0,12.0,0.0,0.0,2,4,308,352,222,56,,,,,
89.57809582399204,absorbing,left,2.0,0.0,1280.0,1262.0,3.0,7.0,10.0,12.0,0.0,0.0,4,4,600,418,222,56,,,,,
89.85263127787039,absorbing,left,2.0,1.0,1280.0,1262.0,3.0,7.0,10.0,13.0,0.0,0.0,4,4,1020,468,222,56,,,,,
90.12816069601104,absorbing,left,2.0,2.0,1280.0,1262.0,3.0,7.0,10.0,14.0,0.0,0.0,8,4,1672,530,222,56,,,,,
90.42032156698406,absorbing,left,3.0,2.0,1280.0,1262.0,4.0,7.0,11.0,14.0,1.0,1.0,16,4,3088,610,222,56,,,,,
90.71025672205724,absorbing,left,4.0,2.0,1280.0,1262.0,4.0,7.0,11.0,15.0,0.0,1.0,16,4,5724,746,222,56,,,,,
91.01369786891155,absorbing,left,4.0,3.0,1280.0,1262.0,4.0,7.0,11.0,14.0,0.0,1.0,16,4,11688,926,222,56,,,,,
91.34525082493201,absorbing,left,4.0,4.0,1280.0,1262.0,4.0,7.0,11.0,12.0,0.0,1.0,64,4,22156,1132,222,56,,,,,
91.7184635088779,absorbing,left,4.0,5.0,1280.0,1262.0,4.0,7.0,11.0,12.0,0.0,1.0,64,4,31756,1358,222,56,,,,,
92.08544246503152,absorbing,left,4.0,6.0,1280.0,1262.0,4.0,7.0,11.0,13.0,0.0,1.0,64,4,58696,1652,222,56,,,,,
92.52793494192883,absorbing,left,5.0,6.0,1280.0,1262.0,4.0,7.0,11.0,15.0,0.0,1.0,64,4,89668,2004,222,56,,,,,
93.10547898593359,absorbing,left,6.0,6.0,1280.0,1262.0,4.0,7.0,11.0,14.0,0.0,1.0,64,4,136324,2420,222,56,,,,,
93.76717476197518,absorbing,left,6.0,7.0,1280.0,1262.0,4.0,7.0,11.0,13.0,0.0,1.0,64,4,188740,2900,222,56,,,,,
94.73732168902643,absorbing,left,6.0,8.0,1280.0,1262.0,4.0,7.0,11.0,10.0,0.0,1.0,64,4,232132,3260,222,56,,,,,
95.8007818129845,absorbing,left,6.0,9.0,1280.0,1262.0,4.0,8.0,12.0,10.0,1.0,2.0,128,4,297216,3618,222,56,,,,,
97.03884093393572,absorbing,left,6.0,10.0,1280.0,1262.0,4.0,9.0,13.0,8.0,1.0,3.0,128,4,393504,4144,222,56,,,,,
98.41227365587838,absorbing,left,7.0,10.0,1280.0,1262.0,5.0,9.0,14.0,12.0,1.0,4.0,128,4,525600,4904,222,56,,,,,
99.73264074092731,absorbing,left,8.0,10.0,1280.0,1262.0,6.0,9.0,15.0,12.0,1.0,5.0,256,4,743712,5896,222,56,,,,,
118.03602533508092,unswapping,,,,,,,,,,,,256,4,1237280,6824,222,56,0.0,both,0.0,5.0,5.0
125.13959665293805,unswapping,,,,,,,,,,,,256,4,927072,5144,222,56,0.0,both,1.0,13.0,18.0
127.55941255786456,unswapping,,,,,,,,,,,,256,4,333760,3666,222,56,0.0,left,0.0,14.0,32.0
128.9237305689603,unswapping,,,,,,,,,,,,64,4,166336,2738,222,56,0.0,left,1.0,11.0,43.0
129.7504518639762,unswapping,,,,,,,,,,,,64,4,136088,2430,222,56,0.0,right,0.0,7.0,50.0
130.63458471000195,unswapping,,,,,,,,,,,,64,4,97948,2160,222,56,0.0,right,1.0,7.0,57.0
132.17849188600667,unswapping,,,,,,,,,,,,64,4,77596,1832,222,56,1.0,both,0.0,6.0,6.0
133.64456195291132,unswapping,,,,,,,,,,,,64,4,55696,1562,222,56,1.0,both,1.0,10.0,16.0
134.2232285379432,unswapping,,,,,,,,,,,,64,4,38704,1418,222,56,1.0,left,0.0,4.0,20.0
134.82180924294516,unswapping,,,,,,,,,,,,32,4,28336,1298,222,56,1.0,left,1.0,3.0,23.0
135.37216224102303,unswapping,,,,,,,,,,,,32,4,25872,1228,222,56,1.0,right,0.0,6.0,29.0
135.86889527388848,unswapping,,,,,,,,,,,,32,4,24792,1192,222,56,1.0,right,1.0,3.0,32.0
136.9478702689521,unswapping,,,,,,,,,,,,32,4,18168,1028,222,56,2.0,both,0.0,12.0,12.0
137.89449952193536,unswapping,,,,,,,,,,,,32,4,16388,954,222,56,2.0,both,1.0,9.0,21.0
138.3574603749439,unswapping,,,,,,,,,,,,32,4,14780,910,222,56,2.0,left,0.0,3.0,24.0
138.79699237807654,unswapping,,,,,,,,,,,,32,4,12292,826,222,56,2.0,left,1.0,5.0,29.0
139.21534844185226,unswapping,,,,,,,,,,,,32,4,12100,814,222,56,2.0,right,0.0,1.0,30.0
139.63966865604743,unswapping,,,,,,,,,,,,32,4,11716,794,222,56,2.0,right,1.0,2.0,32.0
140.47312042186968,unswapping,,,,,,,,,,,,32,4,10524,744,222,56,3.0,both,0.0,6.0,6.0
141.29975370503962,unswapping,,,,,,,,,,,,32,4,9624,714,222,56,3.0,both,1.0,5.0,11.0
141.70286174095236,unswapping,,,,,,,,,,,,32,4,7192,658,222,56,3.0,left,0.0,3.0,14.0
142.08009023987688,unswapping,,,,,,,,,,,,32,4,5464,618,222,56,3.0,left,1.0,2.0,16.0
142.4512890430633,unswapping,,,,,,,,,,,,32,4,5392,612,222,56,3.0,right,0.0,1.0,17.0
142.67990222899243,unswapping,,,,,,,,,,,,32,4,5392,612,222,56,3.0,right,1.0,0.0,17.0
143.64559335587546,unswapping,,,,,,,,,,,,32,4,5000,588,222,56,4.0,both,0.0,4.0,4.0
144.40328940586187,unswapping,,,,,,,,,,,,32,4,3596,546,222,56,4.0,both,1.0,7.0,11.0
144.76697048498318,unswapping,,,,,,,,,,,,8,4,2000,492,222,56,4.0,left,0.0,2.0,13.0
145.13331740396097,unswapping,,,,,,,,,,,,8,4,1584,470,222,56,4.0,left,1.0,3.0,16.0
145.48947413405403,unswapping,,,,,,,,,,,,8,4,1544,466,222,56,4.0,right,0.0,1.0,17.0
145.70591486105695,unswapping,,,,,,,,,,,,8,4,1544,466,222,56,4.0,right,1.0,0.0,17.0
146.42497564596124,unswapping,,,,,,,,,,,,8,4,1196,448,222,56,5.0,both,0.0,4.0,4.0
147.1237904089503,unswapping,,,,,,,,,,,,8,4,1172,444,222,56,5.0,both,1.0,1.0,5.0
147.47778797103092,unswapping,,,,,,,,,,,,8,4,1112,438,222,56,5.0,left,0.0,1.0,6.0
147.8344636419788,unswapping,,,,,,,,,,,,8,4,1016,426,222,56,5.0,left,1.0,1.0,7.0
148.05276474589482,unswapping,,,,,,,,,,,,8,4,1016,426,222,56,5.0,right,0.0,0.0,7.0
148.2688251370564,unswapping,,,,,,,,,,,,8,4,1016,426,222,56,5.0,right,1.0,0.0,7.0
148.97719729994424,unswapping,,,,,,,,,,,,8,4,992,422,222,56,6.0,both,0.0,2.0,2.0
149.67864318098873,unswapping,,,,,,,,,,,,8,4,932,416,222,56,6.0,both,1.0,1.0,3.0
149.89561250898987,unswapping,,,,,,,,,,,,8,4,932,416,222,56,6.0,left,0.0,0.0,3.0
150.10953368991613,unswapping,,,,,,,,,,,,8,4,932,416,222,56,6.0,left,1.0,0.0,3.0
150.32613875507377,unswapping,,,,,,,,,,,,8,4,932,416,222,56,6.0,right,0.0,0.0,3.0
150.54176693898626,unswapping,,,,,,,,,,,,8,4,932,416,222,56,6.0,right,1.0,0.0,3.0
151.23869585990906,unswapping,,,,,,,,,,,,8,4,872,410,222,56,7.0,both,0.0,1.0,1.0
151.8691338209901,unswapping,,,,,,,,,,,,8,4,872,410,222,56,7.0,both,1.0,0.0,1.0
152.08479048404843,unswapping,,,,,,,,,,,,8,4,872,410,222,56,7.0,left,0.0,0.0,1.0
152.43201657896861,unswapping,,,,,,,,,,,,8,4,832,406,222,56,7.0,left,1.0,1.0,2.0
152.64693584595807,unswapping,,,,,,,,,,,,8,4,832,406,222,56,7.0,right,0.0,0.0,2.0
152.8598366479855,unswapping,,,,,,,,,,,,8,4,832,406,222,56,7.0,right,1.0,0.0,2.0
153.55839805793948,unswapping,,,,,,,,,,,,8,4,784,402,222,56,8.0,both,0.0,1.0,1.0
154.25317365606315,unswapping,,,,,,,,,,,,8,4,772,400,222,56,8.0,both,1.0,1.0,2.0
154.46962659596466,unswapping,,,,,,,,,,,,8,4,772,400,222,56,8.0,left,0.0,0.0,2.0
154.68180592986755,unswapping,,,,,,,,,,,,8,4,772,400,222,56,8.0,left,1.0,0.0,2.0
154.896588757867,unswapping,,,,,,,,,,,,8,4,772,400,222,56,8.0,right,0.0,0.0,2.0
155.1101527060382,unswapping,,,,,,,,,,,,8,4,772,400,222,56,8.0,right,1.0,0.0,2.0
155.53828037390485,unswapping,,,,,,,,,,,,8,4,772,400,222,56,9.0,both,0.0,0.0,0.0
155.96279086801223,unswapping,,,,,,,,,,,,8,4,772,400,222,56,9.0,both,1.0,0.0,0.0
156.1784066450782,unswapping,,,,,,,,,,,,8,4,772,400,222,56,9.0,left,0.0,0.0,0.0
156.3919262199197,unswapping,,,,,,,,,,,,8,4,772,400,222,56,9.0,left,1.0,0.0,0.0
156.6047562889289,unswapping,,,,,,,,,,,,8,4,772,400,222,56,9.0,right,0.0,0.0,0.0
156.8184910689015,unswapping,,,,,,,,,,,,8,4,772,400,222,56,9.0,right,1.0,0.0,0.0
167.04159425199032,absorbing,left,1.0,0.0,1269.0,1259.0,6.0,9.0,15.0,13.0,0.0,0.0,8,4,772,400,222,56,,,,,
167.31296317302622,absorbing,left,1.0,1.0,1269.0,1259.0,6.0,9.0,15.0,10.0,0.0,0.0,8,4,1036,458,222,56,,,,,
167.58866261295043,absorbing,left,2.0,1.0,1269.0,1259.0,6.0,9.0,15.0,15.0,0.0,0.0,8,4,1356,492,222,56,,,,,
167.8692747890018,absorbing,left,2.0,2.0,1269.0,1259.0,6.0,9.0,15.0,11.0,0.0,0.0,8,4,2016,558,222,56,,,,,
168.1575178829953,absorbing,left,3.0,2.0,1269.0,1259.0,6.0,9.0,15.0,17.0,0.0,0.0,16,4,3128,622,222,56,,,,,
168.73112994385883,absorbing,left,3.0,3.0,1269.0,1259.0,6.0,9.0,15.0,13.0,0.0,0.0,16,4,5104,748,222,56,,,,,
169.03520110086538,absorbing,left,3.0,4.0,1269.0,1259.0,6.0,9.0,15.0,13.0,0.0,0.0,16,4,9596,904,222,56,,,,,
169.35343274497427,absorbing,left,3.0,5.0,1269.0,1259.0,6.0,10.0,16.0,11.0,1.0,1.0,16,4,14824,1070,222,56,,,,,
169.7055355028715,absorbing,left,4.0,5.0,1269.0,1259.0,6.0,10.0,16.0,15.0,0.0,1.0,64,4,25412,1254,222,56,,,,,
170.10172608704306,absorbing,left,5.0,5.0,1269.0,1259.0,6.0,10.0,16.0,14.0,0.0,1.0,64,4,46900,1472,222,56,,,,,
170.5154953089077,absorbing,left,6.0,5.0,1269.0,1259.0,6.0,10.0,16.0,12.0,0.0,1.0,64,4,58548,1660,222,56,,,,,
170.98010444291867,absorbing,left,7.0,5.0,1269.0,1259.0,6.0,10.0,16.0,13.0,0.0,1.0,64,4,65748,1956,222,56,,,,,
171.54183462099172,absorbing,left,7.0,6.0,1269.0,1259.0,6.0,11.0,17.0,10.0,1.0,2.0,64,4,83664,2146,222,56,,,,,
172.05207332293503,absorbing,left,7.0,7.0,1269.0,1259.0,6.0,11.0,17.0,7.0,0.0,2.0,64,4,107120,2336,222,56,,,,,
172.69741035602055,absorbing,left,7.0,8.0,1269.0,1259.0,6.0,13.0,19.0,6.0,2.0,4.0,128,4,161136,2736,222,56,,,,,
173.49895918602124,absorbing,left,7.0,9.0,1269.0,1259.0,6.0,14.0,20.0,6.0,1.0,5.0,128,4,182128,2960,222,56,,,,,
174.26410227804445,absorbing,left,7.0,10.0,1269.0,1259.0,6.0,14.0,20.0,6.0,0.0,5.0,256,4,301040,3504,222,56,,,,,
175.18695588991977,absorbing,left,7.0,11.0,1269.0,1259.0,6.0,15.0,21.0,4.0,1.0,6.0,256,4,346096,3760,222,56,,,,,
176.32013131398708,absorbing,left,7.0,12.0,1269.0,1259.0,6.0,15.0,21.0,7.0,0.0,6.0,256,4,433904,4128,222,56,,,,,
177.9433081219904,absorbing,left,7.0,13.0,1269.0,1259.0,6.0,15.0,21.0,8.0,0.0,6.0,256,4,577520,4584,222,56,,,,,
180.18279553507455,absorbing,left,7.0,14.0,1269.0,1259.0,6.0,16.0,22.0,7.0,1.0,7.0,256,4,772688,4944,222,56,,,,,
181.9640733350534,absorbing,left,7.0,15.0,1269.0,1259.0,6.0,17.0,23.0,6.0,1.0,8.0,256,4,788480,5116,222,56,,,,,
191.79703713185154,unswapping,,,,,,,,,,,,256,4,1084256,5360,222,56,0.0,both,0.0,7.0,7.0
195.62186442501843,unswapping,,,,,,,,,,,,256,4,656160,4176,222,56,0.0,both,1.0,14.0,21.0
197.88804314192384,unswapping,,,,,,,,,,,,128,4,302400,2986,222,56,0.0,left,0.0,11.0,32.0
199.0506951569114,unswapping,,,,,,,,,,,,128,4,234240,2596,222,56,0.0,left,1.0,12.0,44.0
200.0116383729037,unswapping,,,,,,,,,,,,128,4,217208,2438,222,56,0.0,right,0.0,7.0,51.0
200.8128279140219,unswapping,,,,,,,,,,,,128,4,178920,2222,222,56,0.0,right,1.0,7.0,58.0
202.216330782976,unswapping,,,,,,,,,,,,128,4,109000,1864,222,56,1.0,both,0.0,8.0,8.0
203.6393058099784,unswapping,,,,,,,,,,,,64,4,56728,1412,222,56,1.0,both,1.0,8.0,16.0
204.09890353889205,unswapping,,,,,,,,,,,,64,4,52264,1304,222,56,1.0,left,0.0,4.0,20.0
204.905186137883,unswapping,,,,,,,,,,,,64,4,51232,1266,222,56,1.0,left,1.0,4.0,24.0
205.37839840794913,unswapping,,,,,,,,,,,,64,4,34344,1120,222,56,1.0,right,0.0,6.0,30.0
205.79403691599146,unswapping,,,,,,,,,,,,64,4,33564,1096,222,56,1.0,right,1.0,3.0,33.0
206.67782993405126,unswapping,,,,,,,,,,,,64,4,14964,910,222,56,2.0,both,0.0,9.0,9.0
207.50808258494362,unswapping,,,,,,,,,,,,16,4,6052,726,222,56,2.0,both,1.0,6.0,15.0
207.89345359196886,unswapping,,,,,,,,,,,,16,4,5052,698,222,56,2.0,left,0.0,2.0,17.0
208.28113113390282,unswapping,,,,,,,,,,,,16,4,3648,644,222,56,2.0,left,1.0,3.0,20.0
208.66096596093848,unswapping,,,,,,,,,,,,8,4,3096,604,222,56,2.0,right,0.0,4.0,24.0
209.03306789207272,unswapping,,,,,,,,,,,,8,4,3048,600,222,56,2.0,right,1.0,1.0,25.0
209.76905603101477,unswapping,,,,,,,,,,,,8,4,2840,588,222,56,3.0,both,0.0,2.0,2.0
210.52855816087686,unswapping,,,,,,,,,,,,8,4,2452,562,222,56,3.0,both,1.0,5.0,7.0
210.89412636193447,unswapping,,,,,,,,,,,,8,4,2356,556,222,56,3.0,left,0.0,1.0,8.0
211.1230572690256,unswapping,,,,,,,,,,,,8,4,2356,556,222,56,3.0,left,1.0,0.0,8.0
211.48382999002934,unswapping,,,,,,,,,,,,8,4,2164,548,222,56,3.0,right,0.0,1.0,9.0
211.85136563400738,unswapping,,,,,,,,,,,,8,4,2036,540,222,56,3.0,right,1.0,1.0,10.0
212.58805765607394,unswapping,,,,,,,,,,,,8,4,1856,526,222,56,4.0,both,0.0,4.0,4.0
213.3241138260346,unswapping,,,,,,,,,,,,4,4,1532,496,222,56,4.0,both,1.0,5.0,9.0
213.8882971869316,unswapping,,,,,,,,,,,,4,4,1476,488,222,56,4.0,left,0.0,2.0,11.0
214.24928247998469,unswapping,,,,,,,,,,,,4,4,1412,484,222,56,4.0,left,1.0,1.0,12.0
214.61241786996834,unswapping,,,,,,,,,,,,4,4,1320,474,222,56,4.0,right,0.0,2.0,14.0
214.83365965401754,unswapping,,,,,,,,,,,,4,4,1320,474,222,56,4.0,right,1.0,0.0,14.0
215.55038124602288,unswapping,,,,,,,,,,,,4,4,1296,470,222,56,5.0,both,0.0,2.0,2.0
216.26043976005167,unswapping,,,,,,,,,,,,4,4,1256,466,222,56,5.0,both,1.0,1.0,3.0
216.61785557493567,unswapping,,,,,,,,,,,,4,4,1208,460,222,56,5.0,left,0.0,1.0,4.0
216.83942856593058,unswapping,,,,,,,,,,,,4,4,1208,460,222,56,5.0,left,1.0,0.0,4.0
217.06002689595334,unswapping,,,,,,,,,,,,4,4,1208,460,222,56,5.0,right,0.0,0.0,4.0
217.27931610285304,unswapping,,,,,,,,,,,,4,4,1208,460,222,56,5.0,right,1.0,0.0,4.0
217.71629555290565,unswapping,,,,,,,,,,,,4,4,1208,460,222,56,6.0,both,0.0,0.0,0.0
218.15520563186146,unswapping,,,,,,,,,,,,4,4,1208,460,222,56,6.0,both,1.0,0.0,0.0
218.37457751785405,unswapping,,,,,,,,,,,,4,4,1208,460,222,56,6.0,left,0.0,0.0,0.0
218.59451534994878,unswapping,,,,,,,,,,,,4,4,1208,460,222,56,6.0,left,1.0,0.0,0.0
218.81339694792405,unswapping,,,,,,,,,,,,4,4,1208,460,222,56,6.0,right,0.0,0.0,0.0
219.03333179606125,unswapping,,,,,,,,,,,,4,4,1208,460,222,56,6.0,right,1.0,0.0,0.0
229.48453285195865,absorbing,left,1.0,0.0,1131.0,1231.0,7.0,17.0,24.0,14.0,1.0,1.0,4,4,1160,456,222,56,,,,,
229.77133561996743,absorbing,left,2.0,0.0,1131.0,1231.0,7.0,17.0,24.0,14.0,0.0,1.0,8,4,1808,548,222,56,,,,,
230.06388772185892,absorbing,left,2.0,1.0,1131.0,1231.0,7.0,19.0,26.0,12.0,2.0,3.0,16,4,3112,616,222,56,,,,,
230.3646580548957,absorbing,left,3.0,1.0,1131.0,1231.0,8.0,19.0,27.0,13.0,1.0,4.0,16,4,4592,728,222,56,,,,,
230.66562346788123,absorbing,left,3.0,2.0,1131.0,1231.0,8.0,19.0,27.0,13.0,0.0,4.0,16,4,6672,764,222,56,,,,,
230.97395411203615,absorbing,left,3.0,3.0,1131.0,1231.0,8.0,20.0,28.0,12.0,1.0,5.0,32,4,11256,914,222,56,,,,,
231.31189520005137,absorbing,left,4.0,3.0,1131.0,1231.0,8.0,20.0,28.0,15.0,0.0,5.0,32,4,19000,1072,222,56,,,,,
231.65916192205623,absorbing,left,4.0,4.0,1131.0,1231.0,8.0,21.0,29.0,10.0,1.0,6.0,64,4,35192,1336,222,56,,,,,
232.02615877706558,absorbing,left,4.0,5.0,1131.0,1231.0,8.0,22.0,30.0,8.0,1.0,7.0,64,4,41976,1460,222,56,,,,,
232.42579237604514,absorbing,left,4.0,6.0,1131.0,1231.0,8.0,23.0,31.0,5.0,1.0,8.0,64,4,59992,1602,222,56,,,,,
232.81006913189776,absorbing,left,4.0,7.0,1131.0,1231.0,8.0,23.0,31.0,6.0,0.0,8.0,64,4,60184,1602,222,56,,,,,
233.1889411660377,absorbing,left,4.0,8.0,1131.0,1231.0,8.0,23.0,31.0,6.0,0.0,8.0,64,4,77080,1726,222,56,,,,,
233.70713677396998,absorbing,left,4.0,9.0,1131.0,1231.0,8.0,24.0,32.0,6.0,1.0,9.0,64,4,94208,1876,222,56,,,,,
234.25393908307888,absorbing,left,4.0,10.0,1131.0,1231.0,8.0,25.0,33.0,6.0,1.0,10.0,64,4,101424,2012,222,56,,,,,
234.8152455140371,absorbing,left,4.0,11.0,1131.0,1231.0,8.0,26.0,34.0,7.0,1.0,11.0,64,4,122688,2212,222,56,,,,,
235.36905022803694,absorbing,left,4.0,12.0,1131.0,1231.0,8.0,28.0,36.0,7.0,2.0,13.0,64,4,124496,2256,222,56,,,,,
235.95496193296276,absorbing,left,4.0,13.0,1131.0,1231.0,8.0,29.0,37.0,10.0,1.0,14.0,64,4,162048,2600,222,56,,,,,
236.70039798202924,absorbing,left,4.0,14.0,1131.0,1231.0,8.0,31.0,39.0,8.0,2.0,16.0,64,4,188576,2860,222,56,,,,,
237.60404756502248,absorbing,left,4.0,15.0,1131.0,1231.0,8.0,32.0,40.0,10.0,1.0,17.0,64,4,217056,3160,222,56,,,,,
238.5109968369361,absorbing,left,5.0,15.0,1131.0,1231.0,9.0,32.0,41.0,11.0,1.0,18.0,64,4,264224,3560,222,56,,,,,
239.2306035689544,absorbing,left,5.0,16.0,1131.0,1231.0,9.0,32.0,41.0,11.0,0.0,18.0,64,4,354144,4112,222,56,,,,,
240.3748566089198,absorbing,left,6.0,16.0,1131.0,1231.0,10.0,32.0,42.0,11.0,1.0,19.0,256,4,583008,5048,222,56,,,,,
250.2541326880455,unswapping,,,,,,,,,,,,256,4,927396,5248,222,56,0.0,both,0.0,12.0,12.0
255.66575625399128,unswapping,,,,,,,,,,,,256,4,633124,4432,222,56,0.0,both,1.0,9.0,21.0
258.174307822017,unswapping,,,,,,,,,,,,128,4,336804,3414,222,56,0.0,left,0.0,12.0,33.0
260.27380135585554,unswapping,,,,,,,,,,,,128,4,151908,2574,222,56,0.0,left,1.0,10.0,43.0
261.6366605949588,unswapping,,,,,,,,,,,,64,4,110820,2156,222,56,0.0,right,0.0,8.0,51.0
262.6530644178856,unswapping,,,,,,,,,,,,64,4,75412,1838,222,56,0.0,right,1.0,11.0,62.0
264.26931436592713,unswapping,,,,,,,,,,,,32,4,39656,1424,222,56,1.0,both,0.0,13.0,13.0
265.3341397389304,unswapping,,,,,,,,,,,,32,4,16760,1058,222,56,1.0,both,1.0,12.0,25.0
265.80550477607176,unswapping,,,,,,,,,,,,16,4,10840,874,222,56,1.0,left,0.0,10.0,35.0
266.2679095279891,unswapping,,,,,,,,,,,,16,4,8392,818,222,56,1.0,left,1.0,6.0,41.0
266.6813980359584,unswapping,,,,,,,,,,,,16,4,7100,750,222,56,1.0,right,0.0,8.0,49.0
266.9454062320292,unswapping,,,,,,,,,,,,16,4,7100,750,222,56,1.0,right,1.0,0.0,49.0
267.75954808993265,unswapping,,,,,,,,,,,,16,4,5928,708,222,56,2.0,both,0.0,6.0,6.0
268.5623925519176,unswapping,,,,,,,,,,,,16,4,5112,654,222,56,2.0,both,1.0,8.0,14.0
268.9544251600746,unswapping,,,,,,,,,,,,16,4,3656,618,222,56,2.0,left,0.0,3.0,17.0
269.33136927499436,unswapping,,,,,,,,,,,,8,4,3080,594,222,56,2.0,left,1.0,1.0,18.0
269.70674019586295,unswapping,,,,,,,,,,,,8,4,2828,580,222,56,2.0,right,0.0,2.0,20.0
269.93264319887385,unswapping,,,,,,,,,,,,8,4,2828,580,222,56,2.0,right,1.0,0.0,20.0
270.7332898019813,unswapping,,,,,,,,,,,,8,4,2216,542,222,56,3.0,both,0.0,7.0,7.0
271.490289360052,unswapping,,,,,,,,,,,,8,4,1664,500,222,56,3.0,both,1.0,7.0,14.0
271.7126631990541,unswapping,,,,,,,,,,,,8,4,1664,500,222,56,3.0,left,0.0,0.0,14.0
272.07489017094485,unswapping,,,,,,,,,,,,8,4,1648,496,222,56,3.0,left,1.0,1.0,15.0
272.43637337791733,unswapping,,,,,,,,,,,,8,4,1584,492,222,56,3.0,right,0.0,1.0,16.0
272.8086459329352,unswapping,,,,,,,,,,,,4,4,1260,468,222,56,3.0,right,1.0,3.0,19.0
273.7389121989254,unswapping,,,,,,,,,,,,4,4,1152,458,222,56,4.0,both,0.0,3.0,3.0
274.1796814049594,unswapping,,,,,,,,,,,,4,4,1152,458,222,56,4.0,both,1.0,0.0,3.0
274.4002907429822,unswapping,,,,,,,,,,,,4,4,1152,458,222,56,4.0,left,0.0,0.0,3.0
274.6221598240081,unswapping,,,,,,,,,,,,4,4,1152,458,222,56,4.0,left,1.0,0.0,3.0
274.9816188579425,unswapping,,,,,,,,,,,,4,4,1112,454,222,56,4.0,right,0.0,1.0,4.0
275.2041750869248,unswapping,,,,,,,,,,,,4,4,1112,454,222,56,4.0,right,1.0,0.0,4.0
275.64205593895167,unswapping,,,,,,,,,,,,4,4,1112,454,222,56,5.0,both,0.0,0.0,0.0
276.35127145587467,unswapping,,,,,,,,,,,,4,4,1064,450,222,56,5.0,both,1.0,1.0,1.0
276.5715545369312,unswapping,,,,,,,,,,,,4,4,1064,450,222,56,5.0,left,0.0,0.0,1.0
276.79282582597807,unswapping,,,,,,,,,,,,4,4,1064,450,222,56,5.0,left,1.0,0.0,1.0
277.01365710492246,unswapping,,,,,,,,,,,,4,4,1064,450,222,56,5.0,right,0.0,0.0,1.0
277.2348603110295,unswapping,,,,,,,,,,,,4,4,1064,450,222,56,5.0,right,1.0,0.0,1.0
277.95853965589777,unswapping,,,,,,,,,,,,4,4,1004,444,222,56,6.0,both,0.0,2.0,2.0
278.6698439340107,unswapping,,,,,,,,,,,,4,4,992,442,222,56,6.0,both,1.0,1.0,3.0
278.8930611689575,unswapping,,,,,,,,,,,,4,4,992,442,222,56,6.0,left,0.0,0.0,3.0
279.24951150105335,unswapping,,,,,,,,,,,,4,4,944,438,222,56,6.0,left,1.0,1.0,4.0
279.4719776499551,unswapping,,,,,,,,,,,,4,4,944,438,222,56,6.0,right,0.0,0.0,4.0
279.6934114310425,unswapping,,,,,,,,,,,,4,4,944,438,222,56,6.0,right,1.0,0.0,4.0
280.4132901059929,unswapping,,,,,,,,,,,,4,4,884,432,222,56,7.0,both,0.0,2.0,2.0
281.1180324750021,unswapping,,,,,,,,,,,,4,4,872,430,222,56,7.0,both,1.0,1.0,3.0
281.33829274005257,unswapping,,,,,,,,,,,,4,4,872,430,222,56,7.0,left,0.0,0.0,3.0
281.5581140809227,unswapping,,,,,,,,,,,,4,4,872,430,222,56,7.0,left,1.0,0.0,3.0
281.9828181769699,unswapping,,,,,,,,,,,,4,4,872,430,222,56,7.0,right,0.0,0.0,3.0
282.3383933699224,unswapping,,,,,,,,,,,,4,4,824,426,222,56,7.0,right,1.0,1.0,4.0
282.7736729788594,unswapping,,,,,,,,,,,,4,4,824,426,222,56,8.0,both,0.0,0.0,0.0
283.2017035719473,unswapping,,,,,,,,,,,,4,4,824,426,222,56,8.0,both,1.0,0.0,0.0
283.416634775931,unswapping,,,,,,,,,,,,4,4,824,426,222,56,8.0,left,0.0,0.0,0.0
283.6319357000757,unswapping,,,,,,,,,,,,4,4,824,426,222,56,8.0,left,1.0,0.0,0.0
283.85152147803456,unswapping,,,,,,,,,,,,4,4,824,426,222,56,8.0,right,0.0,0.0,0.0
284.07024431298487,unswapping,,,,,,,,,,,,4,4,824,426,222,56,8.0,right,1.0,0.0,0.0
294.1546235589776,absorbing,left,1.0,0.0,1284.0,1184.0,11.0,32.0,43.0,10.0,1.0,1.0,4,4,812,424,222,56,,,,,
294.44292794703506,absorbing,left,1.0,1.0,1284.0,1184.0,11.0,32.0,43.0,13.0,0.0,1.0,8,4,1460,512,222,56,,,,,
294.7287092199549,absorbing,left,2.0,1.0,1284.0,1184.0,12.0,32.0,44.0,15.0,1.0,2.0,8,4,2196,556,222,56,,,,,
295.0207015129272,absorbing,left,3.0,1.0,1284.0,1184.0,14.0,32.0,46.0,13.0,2.0,4.0,16,4,3484,644,222,56,,,,,
295.3156439580489,absorbing,left,3.0,2.0,1284.0,1184.0,14.0,32.0,46.0,14.0,0.0,4.0,16,4,4960,692,222,56,,,,,
295.6201481758617,absorbing,left,4.0,2.0,1284.0,1184.0,14.0,32.0,46.0,16.0,0.0,4.0,16,4,8512,860,222,56,,,,,
295.9474414358847,absorbing,left,4.0,3.0,1284.0,1184.0,14.0,32.0,46.0,16.0,0.0,4.0,16,4,16236,1040,222,56,,,,,
296.34557275800034,absorbing,left,4.0,4.0,1284.0,1184.0,14.0,32.0,46.0,15.0,0.0,4.0,64,4,35752,1424,222,56,,,,,
296.8016066569835,absorbing,left,5.0,4.0,1284.0,1184.0,14.0,32.0,46.0,15.0,0.0,4.0,64,4,83400,1840,222,56,,,,,
297.361667688936,absorbing,left,5.0,5.0,1284.0,1184.0,14.0,32.0,46.0,15.0,0.0,4.0,64,4,136808,2342,222,56,,,,,
298.32564268191345,absorbing,left,6.0,5.0,1284.0,1184.0,15.0,32.0,47.0,10.0,1.0,5.0,256,4,306412,3194,222,56,,,,,
299.0699132650625,absorbing,left,6.0,6.0,1284.0,1184.0,15.0,32.0,47.0,15.0,0.0,5.0,256,4,437880,3882,222,56,,,,,
300.3528190359939,absorbing,left,6.0,7.0,1284.0,1184.0,15.0,32.0,47.0,12.0,0.0,5.0,256,4,728120,5020,222,56,,,,,
301.9368869729806,absorbing,left,6.0,8.0,1284.0,1184.0,15.0,32.0,47.0,12.0,0.0,5.0,256,4,900344,5956,222,56,,,,,
310.62694167206064,unswapping,,,,,,,,,,,,256,4,1211640,6012,222,56,0.0,both,0.0,6.0,6.0
322.7760270428844,unswapping,,,,,,,,,,,,256,4,622232,4536,222,56,0.0,both,1.0,10.0,16.0
325.01488955086097,unswapping,,,,,,,,,,,,128,4,335512,3530,222,56,0.0,left,0.0,9.0,25.0
327.5651071278844,unswapping,,,,,,,,,,,,128,4,154496,2682,222,56,0.0,left,1.0,15.0,40.0
328.5037312179338,unswapping,,,,,,,,,,,,64,4,79536,1864,222,56,0.0,right,0.0,13.0,53.0
329.32010720088147,unswapping,,,,,,,,,,,,64,4,59420,1634,222,56,0.0,right,1.0,10.0,63.0
330.6505240900442,unswapping,,,,,,,,,,,,32,4,34732,1304,222,56,1.0,both,0.0,13.0,13.0
331.69294537208043,unswapping,,,,,,,,,,,,32,4,20608,1094,222,56,1.0,both,1.0,9.0,22.0
332.20294689689763,unswapping,,,,,,,,,,,,16,4,13628,952,222,56,1.0,left,0.0,8.0,30.0
332.6587768038735,unswapping,,,,,,,,,,,,16,4,10048,854,222,56,1.0,left,1.0,6.0,36.0
333.0764389990363,unswapping,,,,,,,,,,,,16,4,8724,782,222,56,1.0,right,0.0,8.0,44.0
333.4884436868597,unswapping,,,,,,,,,,,,16,4,8616,770,222,56,1.0,right,1.0,2.0,46.0
334.3211919469759,unswapping,,,,,,,,,,,,16,4,6444,708,222,56,2.0,both,0.0,6.0,6.0
335.1297745660413,unswapping,,,,,,,,,,,,16,4,3764,608,222,56,2.0,both,1.0,10.0,16.0
335.50911814090796,unswapping,,,,,,,,,,,,16,4,3444,588,222,56,2.0,left,0.0,2.0,18.0
335.9074941340368,unswapping,,,,,,,,,,,,16,4,2964,574,222,56,2.0,left,1.0,2.0,20.0
336.2842624068726,unswapping,,,,,,,,,,,,8,4,2256,538,222,56,2.0,right,0.0,3.0,23.0
336.6592772549484,unswapping,,,,,,,,,,,,8,4,2048,522,222,56,2.0,right,1.0,3.0,26.0
337.6214832130354,unswapping,,,,,,,,,,,,8,4,1688,498,222,56,3.0,both,0.0,6.0,6.0
338.3562964000739,unswapping,,,,,,,,,,,,8,4,1564,484,222,56,3.0,both,1.0,4.0,10.0
338.7294578088913,unswapping,,,,,,,,,,,,8,4,1452,472,222,56,3.0,left,0.0,3.0,13.0
339.09081478300504,unswapping,,,,,,,,,,,,8,4,1380,466,222,56,3.0,left,1.0,1.0,14.0
339.4564877299126,unswapping,,,,,,,,,,,,8,4,1308,454,222,56,3.0,right,0.0,2.0,16.0
339.67432972905226,unswapping,,,,,,,,,,,,8,4,1308,454,222,56,3.0,right,1.0,0.0,16.0
340.39531940594316,unswapping,,,,,,,,,,,,8,4,1284,450,222,56,4.0,both,0.0,2.0,2.0
341.10590787790716,unswapping,,,,,,,,,,,,8,4,1224,444,222,56,4.0,both,1.0,2.0,4.0
341.3271679240279,unswapping,,,,,,,,,,,,8,4,1224,444,222,56,4.0,left,0.0,0.0,4.0
341.54228902887553,unswapping,,,,,,,,,,,,8,4,1224,444,222,56,4.0,left,1.0,0.0,4.0
341.7646123538725,unswapping,,,,,,,,,,,,8,4,1224,444,222,56,4.0,right,0.0,0.0,4.0
341.9812044610735,unswapping,,,,,,,,,,,,8,4,1224,444,222,56,4.0,right,1.0,0.0,4.0
342.6907978190575,unswapping,,,,,,,,,,,,8,4,1212,442,222,56,5.0,both,0.0,1.0,1.0
343.1231359259691,unswapping,,,,,,,,,,,,8,4,1212,442,222,56,5.0,both,1.0,0.0,1.0
343.34402888291515,unswapping,,,,,,,,,,,,8,4,1212,442,222,56,5.0,left,0.0,0.0,1.0
343.5592954219319,unswapping,,,,,,,,,,,,8,4,1212,442,222,56,5.0,left,1.0,0.0,1.0
343.77880076295696,unswapping,,,,,,,,,,,,8,4,1212,442,222,56,5.0,right,0.0,0.0,1.0
343.99491040594876,unswapping,,,,,,,,,,,,8,4,1212,442,222,56,5.0,right,1.0,0.0,1.0
344.4342633790802,unswapping,,,,,,,,,,,,8,4,1212,442,222,56,6.0,both,0.0,0.0,0.0
344.86306210490875,unswapping,,,,,,,,,,,,8,4,1212,442,222,56,6.0,both,1.0,0.0,0.0
345.0826073640492,unswapping,,,,,,,,,,,,8,4,1212,442,222,56,6.0,left,0.0,0.0,0.0
345.29904561606236,unswapping,,,,,,,,,,,,8,4,1212,442,222,56,6.0,left,1.0,0.0,0.0
345.51951380399987,unswapping,,,,,,,,,,,,8,4,1212,442,222,56,6.0,right,0.0,0.0,0.0
345.73615477303974,unswapping,,,,,,,,,,,,8,4,1212,442,222,56,6.0,right,1.0,0.0,0.0
356.1850583869964,absorbing,left,1.0,0.0,1336.0,1287.0,17.0,32.0,49.0,9.0,2.0,2.0,8,4,1220,444,222,56,,,,,
356.46825382392853,absorbing,left,2.0,0.0,1336.0,1287.0,17.0,32.0,49.0,11.0,0.0,2.0,8,4,1716,500,222,56,,,,,
356.75713253300637,absorbing,left,2.0,1.0,1336.0,1287.0,17.0,33.0,50.0,13.0,1.0,3.0,8,4,2196,544,222,56,,,,,
357.04448821092956,absorbing,left,3.0,1.0,1336.0,1287.0,17.0,33.0,50.0,9.0,0.0,3.0,16,4,4080,638,222,56,,,,,
357.3470276698936,absorbing,left,4.0,1.0,1336.0,1287.0,18.0,33.0,51.0,9.0,1.0,4.0,16,4,6192,754,222,56,,,,,
357.6545616330113,absorbing,left,4.0,2.0,1336.0,1287.0,18.0,33.0,51.0,15.0,0.0,4.0,16,4,11944,918,222,56,,,,,
358.00653364299797,absorbing,left,4.0,3.0,1336.0,1287.0,18.0,33.0,51.0,16.0,0.0,4.0,64,4,27716,1258,222,56,,,,,
358.37870616302826,absorbing,left,4.0,4.0,1336.0,1287.0,18.0,33.0,51.0,15.0,0.0,4.0,64,4,67584,1636,222,56,,,,,
358.8888971749693,absorbing,left,4.0,5.0,1336.0,1287.0,18.0,33.0,51.0,15.0,0.0,4.0,128,4,131712,2306,222,56,,,,,
359.3817292789463,absorbing,left,4.0,6.0,1336.0,1287.0,18.0,33.0,51.0,13.0,0.0,4.0,128,4,298560,3110,222,56,,,,,
360.1558757000603,absorbing,left,5.0,6.0,1336.0,1287.0,18.0,33.0,51.0,10.0,0.0,4.0,256,4,610368,4182,222,56,,,,,
384.40100345085375,unswapping,,,,,,,,,,,,256,4,1095664,4948,222,56,0.0,both,0.0,4.0,4.0
388.5170866509434,unswapping,,,,,,,,,,,,255,4,927732,4022,222,56,0.0,both,1.0,16.0,20.0
390.56263901502825,unswapping,,,,,,,,,,,,254,4,835104,3502,222,56,0.0,left,0.0,12.0,32.0
392.73057148000225,unswapping,,,,,,,,,,,,252,4,366464,2666,222,56,0.0,left,1.0,13.0,45.0
393.59050193591975,unswapping,,,,,,,,,,,,128,4,212720,2062,222,56,0.0,right,0.0,11.0,56.0
394.4729026078712,unswapping,,,,,,,,,,,,128,4,115784,1654,222,56,0.0,right,1.0,7.0,63.0
396.4524933199864,unswapping,,,,,,,,,,,,64,4,55804,1234,222,56,1.0,both,0.0,9.0,9.0
397.6879794609267,unswapping,,,,,,,,,,,,63,4,17016,904,222,56,1.0,both,1.0,10.0,19.0
398.1255473960191,unswapping,,,,,,,,,,,,17,4,9212,752,222,56,1.0,left,0.0,6.0,25.0
398.58033206290565,unswapping,,,,,,,,,,,,17,4,8240,726,222,56,1.0,left,1.0,3.0,28.0
399.0014173858799,unswapping,,,,,,,,,,,,17,4,6492,668,222,56,1.0,right,0.0,5.0,33.0
399.3944489308633,unswapping,,,,,,,,,,,,17,4,5360,630,222,56,1.0,right,1.0,4.0,37.0
400.17695254599676,unswapping,,,,,,,,,,,,16,4,3348,576,222,56,2.0,both,0.0,4.0,4.0
400.9442592689302,unswapping,,,,,,,,,,,,9,4,2704,542,222,56,2.0,both,1.0,4.0,8.0
401.32987377792597,unswapping,,,,,,,,,,,,9,4,2300,518,222,56,2.0,left,0.0,4.0,12.0
401.709404139081,unswapping,,,,,,,,,,,,9,4,1964,496,222,56,2.0,left,1.0,4.0,16.0
401.94092588103376,unswapping,,,,,,,,,,,,9,4,1964,496,222,56,2.0,right,0.0,0.0,16.0
402.16719111590646,unswapping,,,,,,,,,,,,9,4,1964,496,222,56,2.0,right,1.0,0.0,16.0
402.91528860200197,unswapping,,,,,,,,,,,,9,4,1628,480,222,56,3.0,both,0.0,2.0,2.0
403.6382708270103,unswapping,,,,,,,,,,,,9,4,1608,478,222,56,3.0,both,1.0,1.0,3.0
403.8676222830545,unswapping,,,,,,,,,,,,9,4,1608,478,222,56,3.0,left,0.0,0.0,3.0
404.2310047650244,unswapping,,,,,,,,,,,,8,4,1464,466,222,56,3.0,left,1.0,1.0,4.0
404.4585961429402,unswapping,,,,,,,,,,,,8,4,1464,466,222,56,3.0,right,0.0,0.0,4.0
404.6811360360589,unswapping,,,,,,,,,,,,8,4,1464,466,222,56,3.0,right,1.0,0.0,4.0
405.1351042878814,unswapping,,,,,,,,,,,,8,4,1464,466,222,56,4.0,both,0.0,0.0,0.0
405.7788475700654,unswapping,,,,,,,,,,,,8,4,1464,466,222,56,4.0,both,1.0,0.0,0.0
406.00523900496773,unswapping,,,,,,,,,,,,8,4,1464,466,222,56,4.0,left,0.0,0.0,0.0
406.2289123060182,unswapping,,,,,,,,,,,,8,4,1464,466,222,56,4.0,left,1.0,0.0,0.0
406.45357384486124,unswapping,,,,,,,,,,,,8,4,1464,466,222,56,4.0,right,0.0,0.0,0.0
406.6756765448954,unswapping,,,,,,,,,,,,8,4,1464,466,222,56,4.0,right,1.0,0.0,0.0
416.83002692391165,absorbing,left,1.0,0.0,1279.0,1168.0,18.0,33.0,51.0,9.0,0.0,0.0,8,4,1464,466,222,56,,,,,
417.11679303692654,absorbing,left,2.0,0.0,1279.0,1168.0,19.0,33.0,52.0,9.0,1.0,1.0,16,4,1880,516,222,56,,,,,
417.40401296899654,absorbing,left,2.0,1.0,1279.0,1168.0,19.0,33.0,52.0,14.0,0.0,1.0,16,4,2984,616,222,56,,,,,
417.6985724589322,absorbing,left,3.0,1.0,1279.0,1168.0,19.0,33.0,52.0,9.0,0.0,1.0,16,4,4752,688,222,56,,,,,
418.0055123900529,absorbing,left,4.0,1.0,1279.0,1168.0,19.0,33.0,52.0,11.0,0.0,1.0,16,4,7728,770,222,56,,,,,
418.3239928300027,absorbing,left,4.0,2.0,1279.0,1168.0,19.0,33.0,52.0,16.0,0.0,1.0,32,4,14620,1008,222,56,,,,,
418.6774867118802,absorbing,left,5.0,2.0,1279.0,1168.0,19.0,33.0,52.0,10.0,0.0,1.0,64,4,29012,1240,222,56,,,,,
419.0419773000758,absorbing,left,6.0,2.0,1279.0,1168.0,19.0,33.0,52.0,9.0,0.0,1.0,64,4,60968,1598,222,56,,,,,
419.42575344699435,absorbing,left,7.0,2.0,1279.0,1168.0,19.0,33.0,52.0,9.0,0.0,1.0,64,4,129988,2002,222,56,,,,,
420.0768891100306,absorbing,left,8.0,2.0,1279.0,1168.0,19.0,33.0,52.0,8.0,0.0,1.0,256,4,350756,2990,222,56,,,,,
427.5325564178638,unswapping,,,,,,,,,,,,256,4,725324,3258,222,56,0.0,both,0.0,13.0,13.0
429.29828497604467,unswapping,,,,,,,,,,,,252,4,518036,2644,222,56,0.0,both,1.0,9.0,22.0
430.823974306928,unswapping,,,,,,,,,,,,251,4,222804,2136,222,56,0.0,left,0.0,9.0,31.0
431.9300918309018,unswapping,,,,,,,,,,,,64,4,67744,1406,222,56,0.0,left,1.0,12.0,43.0
432.68413136992604,unswapping,,,,,,,,,,,,64,4,58684,1256,222,56,0.0,right,0.0,9.0,52.0
433.35840964107774,unswapping,,,,,,,,,,,,64,4,48856,1142,222,56,0.0,right,1.0,9.0,61.0
434.3012046420481,unswapping,,,,,,,,,,,,64,4,14944,826,222,56,1.0,both,0.0,7.0,7.0
435.1559348930605,unswapping,,,,,,,,,,,,32,4,7900,686,222,56,1.0,both,1.0,10.0,17.0
435.5569074009545,unswapping,,,,,,,,,,,,32,4,6252,640,222,56,1.0,left,0.0,5.0,22.0
435.9472293970175,unswapping,,,,,,,,,,,,18,4,3612,578,222,56,1.0,left,1.0,4.0,26.0
436.3302107648924,unswapping,,,,,,,,,,,,11,4,3060,554,222,56,1.0,right,0.0,3.0,29.0
436.7131733610295,unswapping,,,,,,,,,,,,11,4,2772,536,222,56,1.0,right,1.0,4.0,33.0
437.467135917861,unswapping,,,,,,,,,,,,11,4,2124,506,222,56,2.0,both,0.0,4.0,4.0
438.1934662798885,unswapping,,,,,,,,,,,,8,4,1776,488,222,56,2.0,both,1.0,2.0,6.0
438.57508006785065,unswapping,,,,,,,,,,,,8,4,1716,482,222,56,2.0,left,0.0,1.0,7.0
438.9374905289151,unswapping,,,,,,,,,,,,8,4,1684,478,222,56,2.0,left,1.0,1.0,8.0
439.2995825689286,unswapping,,,,,,,,,,,,8,4,1656,476,222,56,2.0,right,0.0,1.0,9.0
439.5207435078919,unswapping,,,,,,,,,,,,8,4,1656,476,222,56,2.0,right,1.0,2.0,11.0
440.2441746639088,unswapping,,,,,,,,,,,,8,4,1636,474,222,56,3.0,both,0.0,1.0,1.0
440.96068948786706,unswapping,,,,,,,,,,,,8,4,1564,470,222,56,3.0,both,1.0,1.0,2.0
441.3276165470015,unswapping,,,,,,,,,,,,8,4,1412,458,222,56,3.0,left,0.0,2.0,4.0
441.7583240449894,unswapping,,,,,,,,,,,,8,4,1412,458,222,56,3.0,left,1.0,1.0,5.0
442.1196331649553,unswapping,,,,,,,,,,,,8,4,1340,452,222,56,3.0,right,0.0,1.0,6.0
442.3384127379395,unswapping,,,,,,,,,,,,8,4,1340,452,222,56,3.0,right,1.0,1.0,7.0
442.7832995930221,unswapping,,,,,,,,,,,,8,4,1340,452,222,56,4.0,both,0.0,0.0,0.0
443.49941417807713,unswapping,,,,,,,,,,,,8,4,1224,442,222,56,4.0,both,1.0,3.0,3.0
443.8626265958883,unswapping,,,,,,,,,,,,8,4,1136,432,222,56,4.0,left,0.0,2.0,5.0
444.08376369602047,unswapping,,,,,,,,,,,,8,4,1136,432,222,56,4.0,left,1.0,0.0,5.0
444.30657491693273,unswapping,,,,,,,,,,,,8,4,1136,432,222,56,4.0,right,0.0,0.0,5.0
444.5248619050253,unswapping,,,,,,,,,,,,8,4,1136,432,222,56,4.0,right,1.0,0.0,5.0
444.97304068901576,unswapping,,,,,,,,,,,,8,4,1136,432,222,56,5.0,both,0.0,0.0,0.0
445.6819867910817,unswapping,,,,,,,,,,,,8,4,1120,430,222,56,5.0,both,1.0,1.0,1.0
445.9050104620401,unswapping,,,,,,,,,,,,8,4,1120,430,222,56,5.0,left,0.0,0.0,1.0
446.12319702398963,unswapping,,,,,,,,,,,,8,4,1120,430,222,56,5.0,left,1.0,0.0,1.0
446.34531263797544,unswapping,,,,,,,,,,,,8,4,1120,430,222,56,5.0,right,0.0,0.0,1.0
446.56196212605573,unswapping,,,,,,,,,,,,8,4,1120,430,222,56,5.0,right,1.0,0.0,1.0
447.0046750179026,unswapping,,,,,,,,,,,,8,4,1120,430,222,56,6.0,both,0.0,0.0,0.0
447.4370775290299,unswapping,,,,,,,,,,,,8,4,1120,430,222,56,6.0,both,1.0,0.0,0.0
447.6600716349203,unswapping,,,,,,,,,,,,8,4,1120,430,222,56,6.0,left,0.0,0.0,0.0
447.8787983120419,unswapping,,,,,,,,,,,,8,4,1120,430,222,56,6.0,left,1.0,0.0,0.0
448.10202912497334,unswapping,,,,,,,,,,,,8,4,1120,430,222,56,6.0,right,0.0,0.0,0.0
448.31909073493443,unswapping,,,,,,,,,,,,8,4,1120,430,222,56,6.0,right,1.0,0.0,0.0
458.6480298540555,absorbing,left,1.0,0.0,1225.0,1220.0,19.0,33.0,52.0,10.0,0.0,0.0,8,4,1120,430,222,56,,,,,
458.93383820401505,absorbing,left,2.0,0.0,1225.0,1220.0,19.0,33.0,52.0,9.0,0.0,0.0,8,4,1576,494,222,56,,,,,
459.22258251090534,absorbing,left,2.0,1.0,1225.0,1220.0,19.0,33.0,52.0,14.0,0.0,0.0,8,4,2152,560,222,56,,,,,
459.51780046895146,absorbing,left,3.0,1.0,1225.0,1220.0,19.0,33.0,52.0,10.0,0.0,0.0,8,4,2816,602,222,56,,,,,
459.81824100995436,absorbing,left,4.0,1.0,1225.0,1220.0,19.0,33.0,52.0,8.0,0.0,0.0,16,4,4560,696,222,56,,,,,
460.1240246100351,absorbing,left,5.0,1.0,1225.0,1220.0,19.0,33.0,52.0,10.0,0.0,0.0,16,4,7968,814,222,56,,,,,
460.4427317150403,absorbing,left,5.0,2.0,1225.0,1220.0,19.0,33.0,52.0,15.0,0.0,0.0,16,4,11948,966,222,56,,,,,
460.7900742860511,absorbing,left,5.0,3.0,1225.0,1220.0,19.0,33.0,52.0,13.0,0.0,0.0,16,4,16940,1086,222,56,,,,,
461.1761982939206,absorbing,left,6.0,3.0,1225.0,1220.0,19.0,33.0,52.0,7.0,0.0,0.0,64,4,30552,1350,222,56,,,,,
461.5945742279291,absorbing,left,7.0,3.0,1225.0,1220.0,19.0,33.0,52.0,7.0,0.0,0.0,64,4,35172,1432,222,56,,,,,
462.00443863193505,absorbing,left,8.0,3.0,1225.0,1220.0,19.0,33.0,52.0,6.0,0.0,0.0,64,4,46432,1614,222,56,,,,,
462.41149034001864,absorbing,left,9.0,3.0,1225.0,1220.0,19.0,33.0,52.0,8.0,0.0,0.0,64,4,80096,1852,222,56,,,,,
462.8701181509532,absorbing,left,9.0,4.0,1225.0,1220.0,19.0,33.0,52.0,14.0,0.0,0.0,64,4,147776,2364,222,56,,,,,
463.56269553187303,absorbing,left,10.0,4.0,1225.0,1220.0,19.0,33.0,52.0,6.0,0.0,0.0,255,4,280128,3034,222,56,,,,,
464.21425989293493,absorbing,left,11.0,4.0,1225.0,1220.0,19.0,33.0,52.0,7.0,0.0,0.0,254,4,287872,3176,222,56,,,,,
464.8895665870514,absorbing,left,12.0,4.0,1225.0,1220.0,19.0,33.0,52.0,8.0,0.0,0.0,254,4,296768,3336,222,56,,,,,
465.58407003385946,absorbing,left,13.0,4.0,1225.0,1220.0,19.0,33.0,52.0,9.0,0.0,0.0,254,4,320384,3576,222,56,,,,,
466.3030443859752,absorbing,left,14.0,4.0,1225.0,1220.0,21.0,33.0,54.0,7.0,2.0,2.0,254,4,394336,4012,222,56,,,,,
467.5063744809013,absorbing,left,15.0,4.0,1225.0,1220.0,21.0,33.0,54.0,9.0,0.0,2.0,256,4,640096,5068,222,56,,,,,
477.067925702082,unswapping,,,,,,,,,,,,256,4,1208992,5466,222,56,0.0,both,0.0,7.0,7.0
483.17479347391054,unswapping,,,,,,,,,,,,256,4,902148,4476,222,56,0.0,both,1.0,11.0,18.0
485.29363025096245,unswapping,,,,,,,,,,,,256,4,269316,2944,222,56,0.0,left,0.0,13.0,31.0
486.52100888988934,unswapping,,,,,,,,,,,,64,4,88664,1950,222,56,0.0,left,1.0,14.0,45.0
487.093508179998,unswapping,,,,,,,,,,,,64,4,76176,1770,222,56,0.0,right,0.0,7.0,52.0
487.8732614570763,unswapping,,,,,,,,,,,,64,4,72624,1684,222,56,0.0,right,1.0,6.0,58.0
489.2255407590419,unswapping,,,,,,,,,,,,64,4,27932,1270,222,56,1.0,both,0.0,12.0,12.0
490.2260765219107,unswapping,,,,,,,,,,,,16,4,14924,1006,222,56,1.0,both,1.0,7.0,19.0
490.70328383892775,unswapping,,,,,,,,,,,,16,4,11300,904,222,56,1.0,left,0.0,7.0,26.0
491.1357995830476,unswapping,,,,,,,,,,,,16,4,9700,864,222,56,1.0,left,1.0,2.0,28.0
491.56513504404575,unswapping,,,,,,,,,,,,16,4,8164,816,222,56,1.0,right,0.0,2.0,30.0
491.9964108399581,unswapping,,,,,,,,,,,,16,4,7208,786,222,56,1.0,right,1.0,3.0,33.0
492.8125963038765,unswapping,,,,,,,,,,,,16,4,5996,748,222,56,2.0,both,0.0,4.0,4.0
493.61203055502847,unswapping,,,,,,,,,,,,16,4,4932,708,222,56,2.0,both,1.0,4.0,8.0
494.0132968800608,unswapping,,,,,,,,,,,,16,4,4164,684,222,56,2.0,left,0.0,1.0,9.0
494.40341277606785,unswapping,,,,,,,,,,,,8,4,3780,660,222,56,2.0,left,1.0,1.0,10.0
494.79898370290175,unswapping,,,,,,,,,,,,8,4,3692,650,222,56,2.0,right,0.0,2.0,12.0
495.0425234939903,unswapping,,,,,,,,,,,,8,4,3692,650,222,56,2.0,right,1.0,0.0,12.0
495.8434048059862,unswapping,,,,,,,,,,,,8,4,3452,638,222,56,3.0,both,0.0,2.0,2.0
496.61984870396554,unswapping,,,,,,,,,,,,8,4,3264,624,222,56,3.0,both,1.0,3.0,5.0
496.8718598850537,unswapping,,,,,,,,,,,,8,4,3264,624,222,56,3.0,left,0.0,0.0,5.0
497.1070166309364,unswapping,,,,,,,,,,,,8,4,3264,624,222,56,3.0,left,1.0,0.0,5.0
497.3511113440618,unswapping,,,,,,,,,,,,8,4,3264,624,222,56,3.0,right,0.0,0.0,5.0
497.5928952470422,unswapping,,,,,,,,,,,,8,4,3264,624,222,56,3.0,right,1.0,0.0,5.0
498.58365824306384,unswapping,,,,,,,,,,,,8,4,3216,620,222,56,4.0,both,0.0,1.0,1.0
499.3457695739344,unswapping,,,,,,,,,,,,8,4,3168,616,222,56,4.0,both,1.0,1.0,2.0
499.60103902895935,unswapping,,,,,,,,,,,,8,4,3168,616,222,56,4.0,left,0.0,0.0,2.0
499.83917528786696,unswapping,,,,,,,,,,,,8,4,3168,616,222,56,4.0,left,1.0,0.0,2.0
500.1006001259666,unswapping,,,,,,,,,,,,8,4,3168,616,222,56,4.0,right,0.0,0.0,2.0
500.3406662349589,unswapping,,,,,,,,,,,,8,4,3168,616,222,56,4.0,right,1.0,0.0,2.0
501.1213239808567,unswapping,,,,,,,,,,,,8,4,3120,612,222,56,5.0,both,0.0,1.0,1.0
501.5947718049865,unswapping,,,,,,,,,,,,8,4,3120,612,222,56,5.0,both,1.0,0.0,1.0
501.8483762028627,unswapping,,,,,,,,,,,,8,4,3120,612,222,56,5.0,left,0.0,0.0,1.0
502.22755014291033,unswapping,,,,,,,,,,,,8,4,3048,606,222,56,5.0,left,1.0,1.0,2.0
502.46916191792116,unswapping,,,,,,,,,,,,8,4,3048,606,222,56,5.0,right,0.0,0.0,2.0
502.70699772494845,unswapping,,,,,,,,,,,,8,4,3048,606,222,56,5.0,right,1.0,0.0,2.0
503.4750256619882,unswapping,,,,,,,,,,,,8,4,3036,604,222,56,6.0,both,0.0,1.0,1.0
504.231834118953,unswapping,,,,,,,,,,,,8,4,3024,602,222,56,6.0,both,1.0,1.0,2.0
504.62563538295217,unswapping,,,,,,,,,,,,8,4,2964,596,222,56,6.0,left,0.0,1.0,3.0
504.86321822507307,unswapping,,,,,,,,,,,,8,4,2964,596,222,56,6.0,left,1.0,0.0,3.0
505.1057819048874,unswapping,,,,,,,,,,,,8,4,2964,596,222,56,6.0,right,0.0,0.0,3.0
505.34290050296113,unswapping,,,,,,,,,,,,8,4,2964,596,222,56,6.0,right,1.0,0.0,3.0
506.1182983398903,unswapping,,,,,,,,,,,,8,4,2952,594,222,56,7.0,both,0.0,1.0,1.0
506.8735437109135,unswapping,,,,,,,,,,,,8,4,2868,588,222,56,7.0,both,1.0,2.0,3.0
507.2660132639576,unswapping,,,,,,,,,,,,8,4,2772,580,222,56,7.0,left,0.0,1.0,4.0
507.6447124949191,unswapping,,,,,,,,,,,,8,4,2724,576,222,56,7.0,left,1.0,1.0,5.0
508.0267881609034,unswapping,,,,,,,,,,,,8,4,2676,570,222,56,7.0,right,0.0,1.0,6.0
508.47026985906996,unswapping,,,,,,,,,,,,8,4,2676,570,222,56,7.0,right,1.0,0.0,6.0
509.24806212307885,unswapping,,,,,,,,,,,,8,4,2652,566,222,56,8.0,both,0.0,2.0,2.0
509.7115615820512,unswapping,,,,,,,,,,,,8,4,2652,566,222,56,8.0,both,1.0,0.0,2.0
509.9617439049762,unswapping,,,,,,,,,,,,8,4,2652,566,222,56,8.0,left,0.0,0.0,2.0
510.19461715593934,unswapping,,,,,,,,,,,,8,4,2652,566,222,56,8.0,left,1.0,0.0,2.0
510.4344610988628,unswapping,,,,,,,,,,,,8,4,2652,566,222,56,8.0,right,0.0,0.0,2.0
510.6700420489069,unswapping,,,,,,,,,,,,8,4,2652,566,222,56,8.0,right,1.0,0.0,2.0
511.1544746160507,unswapping,,,,,,,,,,,,8,4,2652,566,222,56,9.0,both,0.0,0.0,0.0
511.6183075979352,unswapping,,,,,,,,,,,,8,4,2652,566,222,56,9.0,both,1.0,0.0,0.0
511.8678736628499,unswapping,,,,,,,,,,,,8,4,2652,566,222,56,9.0,left,0.0,0.0,0.0
512.103803249076,unswapping,,,,,,,,,,,,8,4,2652,566,222,56,9.0,left,1.0,0.0,0.0
512.3434342220426,unswapping,,,,,,,,,,,,8,4,2652,566,222,56,9.0,right,0.0,0.0,0.0
512.5786038888618,unswapping,,,,,,,,,,,,8,4,2652,566,222,56,9.0,right,1.0,0.0,0.0
522.9559349180199,absorbing,left,1.0,0.0,1238.0,1199.0,21.0,33.0,54.0,11.0,0.0,0.0,8,4,2652,566,222,56,,,,,
523.2576497648843,absorbing,left,1.0,1.0,1238.0,1199.0,21.0,33.0,54.0,14.0,0.0,0.0,16,4,3620,654,222,56,,,,,
523.5650555288885,absorbing,left,2.0,1.0,1238.0,1199.0,21.0,33.0,54.0,11.0,0.0,0.0,16,4,5632,778,222,56,,,,,
523.8831339960452,absorbing,left,2.0,2.0,1238.0,1199.0,21.0,33.0,54.0,14.0,0.0,0.0,16,4,10300,930,222,56,,,,,
524.2239267509431,absorbing,left,3.0,2.0,1238.0,1199.0,21.0,33.0,54.0,14.0,0.0,0.0,32,4,19484,1150,222,56,,,,,
524.6188355069607,absorbing,left,4.0,2.0,1238.0,1199.0,21.0,33.0,54.0,12.0,0.0,0.0,64,4,33308,1388,222,56,,,,,
525.0365859188605,absorbing,left,5.0,2.0,1238.0,1199.0,21.0,33.0,54.0,12.0,0.0,0.0,64,4,43620,1560,222,56,,,,,
525.5053955749609,absorbing,left,5.0,3.0,1238.0,1199.0,21.0,33.0,54.0,17.0,0.0,0.0,64,4,99268,2102,222,56,,,,,
526.4558013519272,absorbing,left,5.0,4.0,1238.0,1199.0,21.0,33.0,54.0,16.0,0.0,0.0,128,4,174560,2688,222,56,,,,,
527.3850349050481,absorbing,left,5.0,5.0,1238.0,1199.0,21.0,34.0,55.0,15.0,1.0,1.0,256,4,300768,3528,222,56,,,,,
528.4465851238929,absorbing,left,6.0,5.0,1238.0,1199.0,21.0,34.0,55.0,11.0,0.0,1.0,256,4,462304,4200,222,56,,,,,
529.8874781960621,absorbing,left,6.0,6.0,1238.0,1199.0,21.0,34.0,55.0,13.0,0.0,1.0,256,4,838688,5272,222,56,,,,,
538.5023835860193,unswapping,,,,,,,,,,,,256,4,497184,4680,222,56,0.0,both,0.0,9.0,9.0
541.4316346428823,unswapping,,,,,,,,,,,,128,4,245664,3328,222,56,0.0,both,1.0,13.0,22.0
542.8401654788759,unswapping,,,,,,,,,,,,64,4,126112,2528,222,56,0.0,left,0.0,11.0,33.0
543.8483107120264,unswapping,,,,,,,,,,,,64,4,68000,1960,222,56,0.0,left,1.0,13.0,46.0
544.5205280589871,unswapping,,,,,,,,,,,,32,4,46564,1642,222,56,0.0,right,0.0,11.0,57.0
545.2410700870678,unswapping,,,,,,,,,,,,32,4,28420,1406,222,56,0.0,right,1.0,8.0,65.0
546.327998080058,unswapping,,,,,,,,,,,,16,4,18796,1138,222,56,1.0,both,0.0,15.0,15.0
547.2714741749223,unswapping,,,,,,,,,,,,16,4,15884,1054,222,56,1.0,both,1.0,4.0,19.0
547.7419590880163,unswapping,,,,,,,,,,,,16,4,14060,1006,222,56,1.0,left,0.0,5.0,24.0
548.1958890098613,unswapping,,,,,,,,,,,,16,4,12012,950,222,56,1.0,left,1.0,5.0,29.0
548.6314095258713,unswapping,,,,,,,,,,,,16,4,10604,894,222,56,1.0,right,0.0,3.0,32.0
549.0351533459034,unswapping,,,,,,,,,,,,16,4,9796,866,222,56,1.0,right,1.0,2.0,34.0
549.9041434279643,unswapping,,,,,,,,,,,,16,4,8272,810,222,56,2.0,both,0.0,7.0,7.0
550.9597896400373,unswapping,,,,,,,,,,,,16,4,6032,730,222,56,2.0,both,1.0,8.0,15.0
551.3632695970591,unswapping,,,,,,,,,,,,16,4,5844,716,222,56,2.0,left,0.0,2.0,17.0
551.7683103329036,unswapping,,,,,,,,,,,,16,4,5528,702,222,56,2.0,left,1.0,2.0,19.0
552.1611302709207,unswapping,,,,,,,,,,,,16,4,5336,690,222,56,2.0,right,0.0,1.0,20.0
552.5601636299398,unswapping,,,,,,,,,,,,16,4,5272,686,222,56,2.0,right,1.0,1.0,21.0
553.3764084100258,unswapping,,,,,,,,,,,,16,4,4204,652,222,56,3.0,both,0.0,4.0,4.0
554.1489757748786,unswapping,,,,,,,,,,,,8,4,3640,630,222,56,3.0,both,1.0,3.0,7.0
554.5389447689522,unswapping,,,,,,,,,,,,8,4,3304,612,222,56,3.0,left,0.0,2.0,9.0
554.9193968260661,unswapping,,,,,,,,,,,,8,4,3256,608,222,56,3.0,left,1.0,1.0,10.0
555.3062101569958,unswapping,,,,,,,,,,,,8,4,3208,602,222,56,3.0,right,0.0,1.0,11.0
555.685099350987,unswapping,,,,,,,,,,,,8,4,3048,594,222,56,3.0,right,1.0,1.0,12.0
556.4477949750144,unswapping,,,,,,,,,,,,8,4,3036,592,222,56,4.0,both,0.0,1.0,1.0
557.1994013660587,unswapping,,,,,,,,,,,,8,4,2988,588,222,56,4.0,both,1.0,1.0,2.0
557.44290037686,unswapping,,,,,,,,,,,,8,4,2988,588,222,56,4.0,left,0.0,0.0,2.0
557.6753912100103,unswapping,,,,,,,,,,,,8,4,2988,588,222,56,4.0,left,1.0,0.0,2.0
557.9207507518586,unswapping,,,,,,,,,,,,8,4,2988,588,222,56,4.0,right,0.0,0.0,2.0
558.1550908889621,unswapping,,,,,,,,,,,,8,4,2988,588,222,56,4.0,right,1.0,0.0,2.0
558.6379696158692,unswapping,,,,,,,,,,,,8,4,2988,588,222,56,5.0,both,0.0,0.0,0.0
559.1011458309367,unswapping,,,,,,,,,,,,8,4,2988,588,222,56,5.0,both,1.0,0.0,0.0
559.3435778168496,unswapping,,,,,,,,,,,,8,4,2988,588,222,56,5.0,left,0.0,0.0,0.0
559.5738391298801,unswapping,,,,,,,,,,,,8,4,2988,588,222,56,5.0,left,1.0,0.0,0.0
559.8174963879865,unswapping,,,,,,,,,,,,8,4,2988,588,222,56,5.0,right,0.0,0.0,0.0
560.050730783958,unswapping,,,,,,,,,,,,8,4,2988,588,222,56,5.0,right,1.0,0.0,0.0
570.2054619949777,absorbing,left,1.0,0.0,1117.0,1147.0,21.0,34.0,55.0,10.0,0.0,0.0,8,4,2988,588,222,56,,,,,
570.5020665249322,absorbing,left,2.0,0.0,1117.0,1147.0,21.0,34.0,55.0,13.0,0.0,0.0,16,4,4580,702,222,56,,,,,
570.8216124980245,absorbing,left,2.0,1.0,1117.0,1147.0,21.0,34.0,55.0,13.0,0.0,0.0,16,4,6872,822,222,56,,,,,
571.1404086889233,absorbing,left,2.0,2.0,1117.0,1147.0,21.0,34.0,55.0,13.0,0.0,0.0,32,4,14332,1046,222,56,,,,,
571.4913395040203,absorbing,left,3.0,2.0,1117.0,1147.0,22.0,34.0,56.0,14.0,1.0,1.0,64,4,29444,1388,222,56,,,,,
571.9093105329666,absorbing,left,4.0,2.0,1117.0,1147.0,22.0,34.0,56.0,17.0,0.0,1.0,64,4,46980,1664,222,56,,,,,
572.387007863028,absorbing,left,5.0,2.0,1117.0,1147.0,22.0,34.0,56.0,14.0,0.0,1.0,64,4,94976,2046,222,56,,,,,
572.984170307871,absorbing,left,6.0,2.0,1117.0,1147.0,23.0,34.0,57.0,8.0,1.0,2.0,128,4,195296,2844,222,56,,,,,
573.7327686590143,absorbing,left,7.0,2.0,1117.0,1147.0,23.0,34.0,57.0,7.0,0.0,2.0,128,4,297824,3388,222,56,,,,,
574.3910435410216,absorbing,left,8.0,2.0,1117.0,1147.0,23.0,34.0,57.0,8.0,0.0,2.0,256,4,451232,3860,222,56,,,,,
575.1142191609833,absorbing,left,9.0,2.0,1117.0,1147.0,24.0,34.0,58.0,8.0,1.0,3.0,256,4,537504,4212,222,56,,,,,
576.7439800328575,absorbing,left,9.0,3.0,1117.0,1147.0,24.0,34.0,58.0,15.0,0.0,3.0,256,4,707488,4972,222,56,,,,,
586.2882286210079,unswapping,,,,,,,,,,,,256,4,564608,4412,222,56,0.0,both,0.0,11.0,11.0
590.0793338869698,unswapping,,,,,,,,,,,,128,4,302208,3188,222,56,0.0,both,1.0,10.0,21.0
591.5187804489397,unswapping,,,,,,,,,,,,128,4,136448,2412,222,56,0.0,left,0.0,12.0,33.0
592.3851811438799,unswapping,,,,,,,,,,,,64,4,68608,1844,222,56,0.0,left,1.0,16.0,49.0
592.9884262999985,unswapping,,,,,,,,,,,,64,4,53616,1608,222,56,0.0,right,0.0,6.0,55.0
593.6613365530502,unswapping,,,,,,,,,,,,64,4,49648,1528,222,56,0.0,right,1.0,6.0,61.0
595.0601527090184,unswapping,,,,,,,,,,,,64,4,34764,1310,222,56,1.0,both,0.0,11.0,11.0
596.103037717985,unswapping,,,,,,,,,,,,32,4,18252,1102,222,56,1.0,both,1.0,6.0,17.0
596.5658395020291,unswapping,,,,,,,,,,,,16,4,14812,1014,222,56,1.0,left,0.0,6.0,23.0
597.0186160840094,unswapping,,,,,,,,,,,,16,4,12812,954,222,56,1.0,left,1.0,5.0,28.0
597.4498041090555,unswapping,,,,,,,,,,,,16,4,11012,910,222,56,1.0,right,0.0,4.0,32.0
597.8669171300717,unswapping,,,,,,,,,,,,16,4,9732,878,222,56,1.0,right,1.0,2.0,34.0
598.6840945610311,unswapping,,,,,,,,,,,,16,4,6980,806,222,56,2.0,both,0.0,4.0,4.0
599.4917272869498,unswapping,,,,,,,,,,,,16,4,5580,738,222,56,2.0,both,1.0,6.0,10.0
599.89279140695,unswapping,,,,,,,,,,,,16,4,5200,712,222,56,2.0,left,0.0,4.0,14.0
600.2883185809478,unswapping,,,,,,,,,,,,16,4,4688,688,222,56,2.0,left,1.0,2.0,16.0
600.6844321449753,unswapping,,,,,,,,,,,,16,4,4496,672,222,56,2.0,right,0.0,3.0,19.0
601.0739998579957,unswapping,,,,,,,,,,,,16,4,4384,662,222,56,2.0,right,1.0,2.0,21.0
601.8579854068812,unswapping,,,,,,,,,,,,16,4,4072,642,222,56,3.0,both,0.0,4.0,4.0
602.6268308919389,unswapping,,,,,,,,,,,,16,4,3912,626,222,56,3.0,both,1.0,4.0,8.0
602.8657101150602,unswapping,,,,,,,,,,,,16,4,3912,626,222,56,3.0,left,0.0,0.0,8.0
603.2444551750086,unswapping,,,,,,,,,,,,16,4,3888,622,222,56,3.0,left,1.0,1.0,9.0
603.4837568900548,unswapping,,,,,,,,,,,,16,4,3888,622,222,56,3.0,right,0.0,0.0,9.0
603.7239997938741,unswapping,,,,,,,,,,,,16,4,3888,622,222,56,3.0,right,1.0,0.0,9.0
604.4910353680607,unswapping,,,,,,,,,,,,16,4,3816,614,222,56,4.0,both,0.0,2.0,2.0
605.4432962399442,unswapping,,,,,,,,,,,,16,4,3776,610,222,56,4.0,both,1.0,1.0,3.0
605.8276535288896,unswapping,,,,,,,,,,,,16,4,3728,604,222,56,4.0,left,0.0,1.0,4.0
606.0647189698648,unswapping,,,,,,,,,,,,16,4,3728,604,222,56,4.0,left,1.0,0.0,4.0
606.301815670915,unswapping,,,,,,,,,,,,16,4,3728,604,222,56,4.0,right,0.0,0.0,4.0
606.5402370770462,unswapping,,,,,,,,,,,,16,4,3728,604,222,56,4.0,right,1.0,0.0,4.0
607.0141532029957,unswapping,,,,,,,,,,,,16,4,3728,604,222,56,5.0,both,0.0,0.0,0.0
607.4795697829686,unswapping,,,,,,,,,,,,16,4,3728,604,222,56,5.0,both,1.0,0.0,0.0
607.719759789994,unswapping,,,,,,,,,,,,16,4,3728,604,222,56,5.0,left,0.0,0.0,0.0
607.9546123149339,unswapping,,,,,,,,,,,,16,4,3728,604,222,56,5.0,left,1.0,0.0,0.0
608.1917481240816,unswapping,,,,,,,,,,,,16,4,3728,604,222,56,5.0,right,0.0,0.0,0.0
608.4303742719349,unswapping,,,,,,,,,,,,16,4,3728,604,222,56,5.0,right,1.0,0.0,0.0
618.4439845429733,absorbing,left,1.0,0.0,1213.0,1205.0,24.0,34.0,58.0,11.0,0.0,0.0,16,4,3728,604,222,56,,,,,
618.749722009059,absorbing,left,1.0,1.0,1213.0,1205.0,24.0,34.0,58.0,14.0,0.0,0.0,16,4,5268,700,222,56,,,,,
619.0573260530364,absorbing,left,2.0,1.0,1213.0,1205.0,24.0,34.0,58.0,13.0,0.0,0.0,16,4,7024,798,222,56,,,,,
619.3750907520298,absorbing,left,2.0,2.0,1213.0,1205.0,24.0,34.0,58.0,15.0,0.0,0.0,16,4,10716,912,222,56,,,,,
619.7009230048861,absorbing,left,3.0,2.0,1213.0,1205.0,24.0,34.0,58.0,12.0,0.0,0.0,16,4,14940,1058,222,56,,,,,
620.063261063071,absorbing,left,4.0,2.0,1213.0,1205.0,25.0,34.0,59.0,9.0,1.0,1.0,32,4,22460,1254,222,56,,,,,
620.4722341848537,absorbing,left,5.0,2.0,1213.0,1205.0,25.0,34.0,59.0,9.0,0.0,1.0,64,4,33988,1458,222,56,,,,,
620.8789565800689,absorbing,left,6.0,2.0,1213.0,1205.0,25.0,34.0,59.0,9.0,0.0,1.0,64,4,47840,1606,222,56,,,,,
621.3279459718615,absorbing,left,7.0,2.0,1213.0,1205.0,25.0,34.0,59.0,8.0,0.0,1.0,64,4,51488,1710,222,56,,,,,
621.7193254500162,absorbing,left,8.0,2.0,1213.0,1205.0,25.0,34.0,59.0,10.0,0.0,1.0,64,4,62240,1918,222,56,,,,,
622.1419948649127,absorbing,left,8.0,3.0,1213.0,1205.0,25.0,34.0,59.0,14.0,0.0,1.0,64,4,90240,2204,222,56,,,,,
622.5894575640559,absorbing,left,8.0,4.0,1213.0,1205.0,25.0,35.0,60.0,11.0,1.0,2.0,64,4,117952,2580,222,56,,,,,
623.4396334490739,absorbing,left,9.0,4.0,1213.0,1205.0,27.0,35.0,62.0,8.0,2.0,4.0,64,4,176512,3124,222,56,,,,,
624.1890754629858,absorbing,left,9.0,5.0,1213.0,1205.0,27.0,35.0,62.0,15.0,0.0,4.0,64,4,284544,3692,222,56,,,,,
625.4386307359673,absorbing,left,10.0,5.0,1213.0,1205.0,29.0,35.0,64.0,6.0,2.0,6.0,256,4,472960,4684,222,56,,,,,
626.6977927070111,absorbing,left,11.0,5.0,1213.0,1205.0,29.0,35.0,64.0,9.0,0.0,6.0,256,4,732032,5644,222,56,,,,,
637.4952849969268,unswapping,,,,,,,,,,,,510,4,1084288,6184,222,56,0.0,both,0.0,6.0,6.0
643.9353754168842,unswapping,,,,,,,,,,,,128,4,637888,4980,222,56,0.0,both,1.0,9.0,15.0
646.9472719780169,unswapping,,,,,,,,,,,,128,4,386960,4136,222,56,0.0,left,0.0,10.0,25.0
649.0724055720493,unswapping,,,,,,,,,,,,128,4,167568,2848,222,56,0.0,left,1.0,15.0,40.0
650.0452183638699,unswapping,,,,,,,,,,,,64,4,96592,2296,222,56,0.0,right,0.0,8.0,48.0
650.9069822418969,unswapping,,,,,,,,,,,,64,4,73552,2032,222,56,0.0,right,1.0,8.0,56.0
652.5943975830451,unswapping,,,,,,,,,,,,64,4,52600,1680,222,56,1.0,both,0.0,11.0,11.0
653.7862499719486,unswapping,,,,,,,,,,,,64,4,44008,1496,222,56,1.0,both,1.0,10.0,21.0
654.5891032670625,unswapping,,,,,,,,,,,,64,4,41184,1434,222,56,1.0,left,0.0,4.0,25.0
655.2048344549257,unswapping,,,,,,,,,,,,64,4,36352,1340,222,56,1.0,left,1.0,6.0,31.0
655.6930057879072,unswapping,,,,,,,,,,,,64,4,32884,1250,222,56,1.0,right,0.0,6.0,37.0
656.1547961090691,unswapping,,,,,,,,,,,,64,4,31364,1198,222,56,1.0,right,1.0,3.0,40.0
657.0666933620814,unswapping,,,,,,,,,,,,64,4,25052,1102,222,56,2.0,both,0.0,8.0,8.0
658.2103842268698,unswapping,,,,,,,,,,,,32,4,11884,904,222,56,2.0,both,1.0,7.0,15.0
658.6278903770726,unswapping,,,,,,,,,,,,16,4,10224,858,222,56,2.0,left,0.0,4.0,19.0
659.498556236038,unswapping,,,,,,,,,,,,16,4,10152,854,222,56,2.0,left,1.0,1.0,20.0
659.9097334919497,unswapping,,,,,,,,,,,,16,4,8552,814,222,56,2.0,right,0.0,3.0,23.0
660.3074925958645,unswapping,,,,,,,,,,,,16,4,7400,774,222,56,2.0,right,1.0,2.0,25.0
661.0996052848641,unswapping,,,,,,,,,,,,16,4,5996,728,222,56,3.0,both,0.0,4.0,4.0
661.8942132170778,unswapping,,,,,,,,,,,,16,4,5032,682,222,56,3.0,both,1.0,5.0,9.0
662.2814833710436,unswapping,,,,,,,,,,,,16,4,4888,668,222,56,3.0,left,0.0,2.0,11.0
662.6741775989067,unswapping,,,,,,,,,,,,16,4,4840,664,222,56,3.0,left,1.0,1.0,12.0
663.065152076073,unswapping,,,,,,,,,,,,16,4,4480,640,222,56,3.0,right,0.0,3.0,15.0
663.4464299730025,unswapping,,,,,,,,,,,,16,4,4384,632,222,56,3.0,right,1.0,1.0,16.0
664.2149290968664,unswapping,,,,,,,,,,,,16,4,4180,622,222,56,4.0,both,0.0,2.0,2.0
664.9700912239496,unswapping,,,,,,,,,,,,16,4,4168,620,222,56,4.0,both,1.0,1.0,3.0
665.2093268139288,unswapping,,,,,,,,,,,,16,4,4168,620,222,56,4.0,left,0.0,0.0,3.0
665.447246667929,unswapping,,,,,,,,,,,,16,4,4168,620,222,56,4.0,left,1.0,0.0,3.0
665.8271796379704,unswapping,,,,,,,,,,,,16,4,4104,616,222,56,4.0,right,0.0,1.0,4.0
666.206027263077,unswapping,,,,,,,,,,,,16,4,4064,612,222,56,4.0,right,1.0,1.0,5.0
666.6717976280488,unswapping,,,,,,,,,,,,16,4,4064,612,222,56,5.0,both,0.0,0.0,0.0
667.1343130690511,unswapping,,,,,,,,,,,,16,4,4064,612,222,56,5.0,both,1.0,0.0,0.0
667.3682435678784,unswapping,,,,,,,,,,,,16,4,4064,612,222,56,5.0,left,0.0,0.0,0.0
667.6009532830212,unswapping,,,,,,,,,,,,16,4,4064,612,222,56,5.0,left,1.0,0.0,0.0
667.8363792379387,unswapping,,,,,,,,,,,,16,4,4064,612,222,56,5.0,right,0.0,0.0,0.0
668.06758415699,unswapping,,,,,,,,,,,,16,4,4064,612,222,56,5.0,right,1.0,0.0,0.0
678.3931623059325,absorbing,left,1.0,0.0,1261.0,1390.0,29.0,35.0,64.0,10.0,0.0,0.0,16,4,4064,612,222,56,,,,,
678.6959194329102,absorbing,left,2.0,0.0,1261.0,1390.0,29.0,35.0,64.0,10.0,0.0,0.0,16,4,5468,706,222,56,,,,,
679.0108493280131,absorbing,left,2.0,1.0,1261.0,1390.0,29.0,36.0,65.0,13.0,1.0,1.0,16,4,7544,788,222,56,,,,,
679.3451593089849,absorbing,left,2.0,2.0,1261.0,1390.0,29.0,37.0,66.0,17.0,1.0,2.0,16,4,12200,954,222,56,,,,,
679.7253924789838,absorbing,left,3.0,2.0,1261.0,1390.0,29.0,37.0,66.0,10.0,0.0,2.0,32,4,16200,1058,222,56,,,,,
680.1056723778602,absorbing,left,4.0,2.0,1261.0,1390.0,29.0,37.0,66.0,8.0,0.0,2.0,64,4,30216,1282,222,56,,,,,
680.4960214588791,absorbing,left,4.0,3.0,1261.0,1390.0,29.0,37.0,66.0,18.0,0.0,2.0,64,4,52464,1636,222,56,,,,,
680.9100900469348,absorbing,left,5.0,3.0,1261.0,1390.0,29.0,37.0,66.0,8.0,0.0,2.0,64,4,62064,1820,222,56,,,,,
681.3368258879054,absorbing,left,6.0,3.0,1261.0,1390.0,30.0,37.0,67.0,9.0,1.0,3.0,64,4,80240,2020,222,56,,,,,
681.78198152408,absorbing,left,7.0,3.0,1261.0,1390.0,30.0,37.0,67.0,10.0,0.0,3.0,64,4,106928,2348,222,56,,,,,
682.344903388992,absorbing,left,8.0,3.0,1261.0,1390.0,30.0,37.0,67.0,11.0,0.0,3.0,64,4,156880,2684,222,56,,,,,
683.1214648310561,absorbing,left,9.0,3.0,1261.0,1390.0,30.0,37.0,67.0,9.0,0.0,3.0,256,4,325568,3608,222,56,,,,,
683.9569402940106,absorbing,left,10.0,3.0,1261.0,1390.0,30.0,37.0,67.0,8.0,0.0,3.0,256,4,634944,4324,222,56,,,,,
685.1468510420527,absorbing,left,11.0,3.0,1261.0,1390.0,32.0,37.0,69.0,6.0,2.0,5.0,256,4,706880,4852,222,56,,,,,
686.4267637480516,absorbing,left,12.0,3.0,1261.0,1390.0,32.0,37.0,69.0,7.0,0.0,5.0,256,4,794176,5124,222,56,,,,,
705.2844291119836,unswapping,,,,,,,,,,,,256,4,617024,5092,222,56,0.0,both,0.0,4.0,4.0
708.4700432270765,unswapping,,,,,,,,,,,,128,4,241120,3332,222,56,0.0,both,1.0,14.0,18.0
709.4978354719933,unswapping,,,,,,,,,,,,64,4,164384,2772,222,56,0.0,left,0.0,9.0,27.0
711.1847242000513,unswapping,,,,,,,,,,,,64,4,112896,2356,222,56,0.0,left,1.0,11.0,38.0
711.9445672628935,unswapping,,,,,,,,,,,,64,4,71076,1886,222,56,0.0,right,0.0,12.0,50.0
712.6701451349072,unswapping,,,,,,,,,,,,64,4,60644,1726,222,56,0.0,right,1.0,7.0,57.0
714.154519665055,unswapping,,,,,,,,,,,,64,4,34548,1434,222,56,1.0,both,0.0,9.0,9.0
715.261944368016,unswapping,,,,,,,,,,,,32,4,22760,1204,222,56,1.0,both,1.0,8.0,17.0
715.7455409260001,unswapping,,,,,,,,,,,,16,4,20264,1148,222,56,1.0,left,0.0,2.0,19.0
716.2981964449864,unswapping,,,,,,,,,,,,16,4,16952,1078,222,56,1.0,left,1.0,5.0,24.0
716.7969379620627,unswapping,,,,,,,,,,,,16,4,13952,984,222,56,1.0,right,0.0,7.0,31.0
717.2253895190079,unswapping,,,,,,,,,,,,16,4,11844,930,222,56,1.0,right,1.0,4.0,35.0
718.2008343979251,unswapping,,,,,,,,,,,,16,4,9648,868,222,56,2.0,both,0.0,5.0,5.0
719.0010678179096,unswapping,,,,,,,,,,,,16,4,8048,808,222,56,2.0,both,1.0,3.0,8.0
719.3978833849542,unswapping,,,,,,,,,,,,16,4,7760,792,222,56,2.0,left,0.0,2.0,10.0
719.7963022049516,unswapping,,,,,,,,,,,,16,4,7472,780,222,56,2.0,left,1.0,1.0,11.0
720.1958363209851,unswapping,,,,,,,,,,,,16,4,7008,760,222,56,2.0,right,0.0,2.0,13.0
720.5874750390649,unswapping,,,,,,,,,,,,16,4,6960,754,222,56,2.0,right,1.0,1.0,14.0
721.3808745439164,unswapping,,,,,,,,,,,,16,4,6852,742,222,56,3.0,both,0.0,3.0,3.0
722.1595960119739,unswapping,,,,,,,,,,,,16,4,6200,724,222,56,3.0,both,1.0,2.0,5.0
722.4067159029655,unswapping,,,,,,,,,,,,16,4,6200,724,222,56,3.0,left,0.0,0.0,5.0
722.6462014459539,unswapping,,,,,,,,,,,,16,4,6200,724,222,56,3.0,left,1.0,0.0,5.0
723.0397511578631,unswapping,,,,,,,,,,,,16,4,5688,708,222,56,3.0,right,0.0,1.0,6.0
723.63313598698,unswapping,,,,,,,,,,,,16,4,5384,696,222,56,3.0,right,1.0,2.0,8.0
724.406753168907,unswapping,,,,,,,,,,,,16,4,5244,686,222,56,4.0,both,0.0,2.0,2.0
724.8755602110177,unswapping,,,,,,,,,,,,16,4,5244,686,222,56,4.0,both,1.0,0.0,2.0
725.2624397219624,unswapping,,,,,,,,,,,,16,4,5180,682,222,56,4.0,left,0.0,1.0,3.0
725.4972462770529,unswapping,,,,,,,,,,,,16,4,5180,682,222,56,4.0,left,1.0,0.0,3.0
725.7402984278742,unswapping,,,,,,,,,,,,16,4,5180,682,222,56,4.0,right,0.0,0.0,3.0
726.1189640718512,unswapping,,,,,,,,,,,,16,4,5100,678,222,56,4.0,right,1.0,1.0,4.0
726.6017013760284,unswapping,,,,,,,,,,,,16,4,5100,678,222,56,5.0,both,0.0,0.0,0.0
727.3556021219119,unswapping,,,,,,,,,,,,16,4,5052,674,222,56,5.0,both,1.0,1.0,1.0
727.7435105990153,unswapping,,,,,,,,,,,,16,4,5004,670,222,56,5.0,left,0.0,1.0,2.0
727.9791691240389,unswapping,,,,,,,,,,,,16,4,5004,670,222,56,5.0,left,1.0,0.0,2.0
728.365165883908,unswapping,,,,,,,,,,,,16,4,4844,662,222,56,5.0,right,0.0,1.0,3.0
728.6012606038712,unswapping,,,,,,,,,,,,16,4,4844,662,222,56,5.0,right,1.0,0.0,3.0
729.0846132880542,unswapping,,,,,,,,,,,,16,4,4844,662,222,56,6.0,both,0.0,0.0,0.0
729.5501170288771,unswapping,,,,,,,,,,,,16,4,4844,662,222,56,6.0,both,1.0,0.0,0.0
729.7918571680784,unswapping,,,,,,,,,,,,16,4,4844,662,222,56,6.0,left,0.0,0.0,0.0
730.0269534578547,unswapping,,,,,,,,,,,,16,4,4844,662,222,56,6.0,left,1.0,0.0,0.0
730.2667108390015,unswapping,,,,,,,,,,,,16,4,4844,662,222,56,6.0,right,0.0,0.0,0.0
730.4999885219149,unswapping,,,,,,,,,,,,16,4,4844,662,222,56,6.0,right,1.0,0.0,0.0
740.9261531319935,absorbing,left,1.0,0.0,1201.0,1208.0,32.0,37.0,69.0,10.0,0.0,0.0,16,4,4844,662,222,56,,,,,
741.2287787059322,absorbing,left,1.0,1.0,1201.0,1208.0,32.0,37.0,69.0,14.0,0.0,0.0,16,4,6728,776,222,56,,,,,
741.5375855038874,absorbing,left,2.0,1.0,1201.0,1208.0,32.0,37.0,69.0,11.0,0.0,0.0,16,4,6936,800,222,56,,,,,
741.8513025969733,absorbing,left,2.0,2.0,1201.0,1208.0,32.0,37.0,69.0,14.0,0.0,0.0,32,4,13616,1008,222,56,,,,,
742.179063661024,absorbing,left,3.0,2.0,1201.0,1208.0,33.0,37.0,70.0,10.0,1.0,1.0,32,4,17688,1138,222,56,,,,,
742.5449207900092,absorbing,left,4.0,2.0,1201.0,1208.0,36.0,37.0,73.0,7.0,3.0,4.0,32,4,33312,1370,222,56,,,,,
742.9089000378735,absorbing,left,5.0,2.0,1201.0,1208.0,37.0,37.0,74.0,8.0,1.0,5.0,32,4,43072,1560,222,56,,,,,
743.3100604598876,absorbing,left,6.0,2.0,1201.0,1208.0,37.0,37.0,74.0,11.0,0.0,5.0,32,4,51328,1672,222,56,,,,,
743.7581598029938,absorbing,left,7.0,2.0,1201.0,1208.0,37.0,37.0,74.0,8.0,0.0,5.0,64,4,66304,1944,222,56,,,,,
744.287176522892,absorbing,left,8.0,2.0,1201.0,1208.0,38.0,37.0,75.0,9.0,1.0,6.0,64,4,81152,2080,222,56,,,,,
744.7509579129983,absorbing,left,9.0,2.0,1201.0,1208.0,39.0,37.0,76.0,12.0,1.0,7.0,64,4,118176,2444,222,56,,,,,
745.5839599580504,absorbing,left,9.0,3.0,1201.0,1208.0,39.0,37.0,76.0,12.0,0.0,7.0,128,4,216640,3092,222,56,,,,,
746.4098697360605,absorbing,left,9.0,4.0,1201.0,1208.0,39.0,37.0,76.0,11.0,0.0,7.0,256,4,374752,3926,222,56,,,,,
747.4008930239361,absorbing,left,9.0,5.0,1201.0,1208.0,39.0,39.0,78.0,11.0,2.0,9.0,256,4,699168,4820,222,56,,,,,
754.884863615036,unswapping,,,,,,,,,,,,256,4,725088,4832,222,56,0.0,both,0.0,11.0,11.0
758.0231506070122,unswapping,,,,,,,,,,,,256,4,364224,3684,222,56,0.0,both,1.0,11.0,22.0
759.8757918360643,unswapping,,,,,,,,,,,,128,4,182152,2776,222,56,0.0,left,0.0,11.0,33.0
761.0457595179323,unswapping,,,,,,,,,,,,128,4,121064,2304,222,56,0.0,left,1.0,14.0,47.0
761.7682237769477,unswapping,,,,,,,,,,,,128,4,104400,2024,222,56,0.0,right,0.0,8.0,55.0
762.5109586389735,unswapping,,,,,,,,,,,,128,4,88400,1848,222,56,0.0,right,1.0,6.0,61.0
763.7307145129889,unswapping,,,,,,,,,,,,128,4,74300,1560,222,56,1.0,both,0.0,14.0,14.0
765.0807195769157,unswapping,,,,,,,,,,,,128,4,69536,1458,222,56,1.0,both,1.0,6.0,20.0
765.619391867891,unswapping,,,,,,,,,,,,128,4,68288,1428,222,56,1.0,left,0.0,2.0,22.0
766.1105117350817,unswapping,,,,,,,,,,,,128,4,64848,1350,222,56,1.0,left,1.0,6.0,28.0
766.5859709288925,unswapping,,,,,,,,,,,,128,4,64416,1330,222,56,1.0,right,0.0,2.0,30.0
767.0473641699646,unswapping,,,,,,,,,,,,128,4,64092,1312,222,56,1.0,right,1.0,3.0,33.0
768.0398892799858,unswapping,,,,,,,,,,,,128,4,63060,1268,222,56,2.0,both,0.0,5.0,5.0
768.924963587895,unswapping,,,,,,,,,,,,128,4,62808,1254,222,56,2.0,both,1.0,2.0,7.0
769.4222808089107,unswapping,,,,,,,,,,,,128,4,62520,1242,222,56,2.0,left,0.0,2.0,9.0
769.8770002149977,unswapping,,,,,,,,,,,,128,4,62448,1236,222,56,2.0,left,1.0,1.0,10.0
770.3419709359296,unswapping,,,,,,,,,,,,128,4,62388,1230,222,56,2.0,right,0.0,1.0,11.0
770.7860217390116,unswapping,,,,,,,,,,,,128,4,62148,1218,222,56,2.0,right,1.0,2.0,13.0
771.7384629659355,unswapping,,,,,,,,,,,,128,4,62108,1214,222,56,3.0,both,0.0,1.0,1.0
772.6177224728744,unswapping,,,,,,,,,,,,128,4,61916,1202,222,56,3.0,both,1.0,1.0,2.0
772.9308841058519,unswapping,,,,,,,,,,,,128,4,61916,1202,222,56,3.0,left,0.0,0.0,2.0
773.3775458480231,unswapping,,,,,,,,,,,,128,4,61880,1196,222,56,3.0,left,1.0,1.0,3.0
773.8377964489628,unswapping,,,,,,,,,,,,128,4,61560,1188,222,56,3.0,right,0.0,1.0,4.0
774.1075691769365,unswapping,,,,,,,,,,,,128,4,61560,1188,222,56,3.0,right,1.0,0.0,4.0
774.7064574670512,unswapping,,,,,,,,,,,,128,4,61560,1188,222,56,4.0,both,0.0,0.0,0.0
775.2329196948558,unswapping,,,,,,,,,,,,128,4,61560,1188,222,56,4.0,both,1.0,0.0,0.0
775.5462829340249,unswapping,,,,,,,,,,,,128,4,61560,1188,222,56,4.0,left,0.0,0.0,0.0
775.8158991800155,unswapping,,,,,,,,,,,,128,4,61560,1188,222,56,4.0,left,1.0,0.0,0.0
776.1097382509615,unswapping,,,,,,,,,,,,128,4,61560,1188,222,56,4.0,right,0.0,0.0,0.0
776.3782970008906,unswapping,,,,,,,,,,,,128,4,61560,1188,222,56,4.0,right,1.0,0.0,0.0
786.872754819924,absorbing,left,1.0,0.0,1214.0,1241.0,39.0,39.0,78.0,11.0,0.0,0.0,128,4,61560,1188,222,56,,,,,
787.2350707328878,absorbing,left,1.0,1.0,1214.0,1241.0,39.0,39.0,78.0,11.0,0.0,0.0,128,4,63544,1270,222,56,,,,,
787.5938328739721,absorbing,left,1.0,2.0,1214.0,1241.0,39.0,39.0,78.0,10.0,0.0,0.0,128,4,65656,1366,222,56,,,,,
787.955896552885,absorbing,left,1.0,3.0,1214.0,1241.0,39.0,39.0,78.0,11.0,0.0,0.0,128,4,68192,1490,222,56,,,,,
788.325433021877,absorbing,left,2.0,3.0,1214.0,1241.0,39.0,39.0,78.0,14.0,0.0,0.0,128,4,71584,1584,222,56,,,,,
788.7188249519095,absorbing,left,2.0,4.0,1214.0,1241.0,39.0,39.0,78.0,10.0,0.0,0.0,128,4,82560,1812,222,56,,,,,
789.1898273238912,absorbing,left,3.0,4.0,1214.0,1241.0,39.0,39.0,78.0,15.0,0.0,0.0,128,4,101920,2152,222,56,,,,,
789.6401251088828,absorbing,left,3.0,5.0,1214.0,1241.0,39.0,40.0,79.0,11.0,1.0,1.0,128,4,139936,2600,222,56,,,,,
790.1941486669239,absorbing,left,4.0,5.0,1214.0,1241.0,39.0,40.0,79.0,14.0,0.0,1.0,128,4,207968,3040,222,56,,,,,
790.9829937058967,absorbing,left,5.0,5.0,1214.0,1241.0,41.0,40.0,81.0,10.0,2.0,3.0,128,4,271840,3678,222,56,,,,,
791.7277087280527,absorbing,left,6.0,5.0,1214.0,1241.0,43.0,40.0,83.0,9.0,2.0,5.0,128,4,411168,4436,222,56,,,,,
792.7631393810734,absorbing,left,7.0,5.0,1214.0,1241.0,43.0,40.0,83.0,10.0,0.0,5.0,128,4,559072,5202,222,56,,,,,
794.1935699558817,absorbing,left,7.0,6.0,1214.0,1241.0,43.0,40.0,83.0,14.0,0.0,5.0,256,4,917920,6608,222,56,,,,,
811.5140086880419,unswapping,,,,,,,,,,,,256,4,1351720,7724,222,56,0.0,both,0.0,5.0,5.0
817.2335293348879,unswapping,,,,,,,,,,,,256,4,998428,6156,222,56,0.0,both,1.0,15.0,20.0
820.8260202619713,unswapping,,,,,,,,,,,,128,4,458056,4476,222,56,0.0,left,0.0,20.0,40.0
823.138453362044,unswapping,,,,,,,,,,,,64,4,268344,3508,222,56,0.0,left,1.0,14.0,54.0
824.0025317938998,unswapping,,,,,,,,,,,,64,4,250808,3340,222,56,0.0,right,0.0,4.0,58.0
825.5788618929219,unswapping,,,,,,,,,,,,64,4,170360,2866,222,56,0.0,right,1.0,10.0,68.0
827.8524737099651,unswapping,,,,,,,,,,,,64,4,91572,2012,222,56,1.0,both,0.0,17.0,17.0
829.1824553438928,unswapping,,,,,,,,,,,,64,4,59412,1620,222,56,1.0,both,1.0,9.0,26.0
829.8347955408972,unswapping,,,,,,,,,,,,64,4,34580,1406,222,56,1.0,left,0.0,7.0,33.0
830.3358427148778,unswapping,,,,,,,,,,,,32,4,22004,1218,222,56,1.0,left,1.0,7.0,40.0
831.0630728348624,unswapping,,,,,,,,,,,,16,4,19284,1164,222,56,1.0,right,0.0,4.0,44.0
831.5392283210531,unswapping,,,,,,,,,,,,16,4,14996,1068,222,56,1.0,right,1.0,6.0,50.0
832.4687072949018,unswapping,,,,,,,,,,,,16,4,12580,992,222,56,2.0,both,0.0,5.0,5.0
833.3073466408532,unswapping,,,,,,,,,,,,16,4,11956,964,222,56,2.0,both,1.0,2.0,7.0
833.7881965939887,unswapping,,,,,,,,,,,,16,4,10236,900,222,56,2.0,left,0.0,6.0,13.0
834.2010244140401,unswapping,,,,,,,,,,,,16,4,10140,894,222,56,2.0,left,1.0,1.0,14.0
834.8236502429936,unswapping,,,,,,,,,,,,16,4,9840,874,222,56,2.0,right,0.0,3.0,17.0
835.2301186050754,unswapping,,,,,,,,,,,,16,4,9608,862,222,56,2.0,right,1.0,2.0,19.0
835.8274153189268,unswapping,,,,,,,,,,,,16,4,9608,862,222,56,3.0,both,0.0,0.0,0.0
836.625872225035,unswapping,,,,,,,,,,,,16,4,9548,856,222,56,3.0,both,1.0,2.0,2.0
837.0915855600033,unswapping,,,,,,,,,,,,16,4,9524,852,222,56,3.0,left,0.0,1.0,3.0
837.3491993618663,unswapping,,,,,,,,,,,,16,4,9524,852,222,56,3.0,left,1.0,0.0,3.0
837.9900730389636,unswapping,,,,,,,,,,,,16,4,9236,840,222,56,3.0,right,0.0,1.0,4.0
838.3853307128884,unswapping,,,,,,,,,,,,16,4,9076,832,222,56,3.0,right,1.0,1.0,5.0
839.5003023599274,unswapping,,,,,,,,,,,,16,4,9040,826,222,56,4.0,both,0.0,3.0,3.0
840.2900383588858,unswapping,,,,,,,,,,,,16,4,9028,824,222,56,4.0,both,1.0,1.0,4.0
840.6011243478861,unswapping,,,,,,,,,,,,16,4,9028,824,222,56,4.0,left,0.0,0.0,4.0
840.8518048659898,unswapping,,,,,,,,,,,,16,4,9028,824,222,56,4.0,left,1.0,0.0,4.0
841.3462707889266,unswapping,,,,,,,,,,,,16,4,9028,824,222,56,4.0,right,0.0,0.0,4.0
841.5926933160517,unswapping,,,,,,,,,,,,16,4,9028,824,222,56,4.0,right,1.0,0.0,4.0
842.1764711888973,unswapping,,,,,,,,,,,,16,4,9028,824,222,56,5.0,both,0.0,0.0,0.0
842.6711105268914,unswapping,,,,,,,,,,,,16,4,9028,824,222,56,5.0,both,1.0,0.0,0.0
842.9839714148548,unswapping,,,,,,,,,,,,16,4,9028,824,222,56,5.0,left,0.0,0.0,0.0
843.2342554030474,unswapping,,,,,,,,,,,,16,4,9028,824,222,56,5.0,left,1.0,0.0,0.0
843.7292021990288,unswapping,,,,,,,,,,,,16,4,9028,824,222,56,5.0,right,0.0,0.0,0.0
843.975226654904,unswapping,,,,,,,,,,,,16,4,9028,824,222,56,5.0,right,1.0,0.0,0.0
854.197283111047,absorbing,left,1.0,0.0,1171.0,1338.0,44.0,40.0,84.0,11.0,1.0,1.0,16,4,9028,824,222,56,,,,,
854.5274817489553,absorbing,left,2.0,0.0,1171.0,1338.0,45.0,40.0,85.0,10.0,1.0,2.0,16,4,11336,928,222,56,,,,,
854.8637957959436,absorbing,left,2.0,1.0,1171.0,1338.0,45.0,41.0,86.0,14.0,1.0,3.0,32,4,14912,1032,222,56,,,,,
855.1928222179413,absorbing,left,2.0,2.0,1171.0,1338.0,45.0,42.0,87.0,14.0,1.0,4.0,32,4,18848,1196,222,56,,,,,
855.5429939560127,absorbing,left,3.0,2.0,1171.0,1338.0,46.0,42.0,88.0,10.0,1.0,5.0,32,4,24544,1356,222,56,,,,,
855.904655378079,absorbing,left,4.0,2.0,1171.0,1338.0,47.0,42.0,89.0,11.0,1.0,6.0,32,4,32224,1532,222,56,,,,,
856.3007080759853,absorbing,left,4.0,3.0,1171.0,1338.0,47.0,42.0,89.0,17.0,0.0,6.0,32,4,50064,1840,222,56,,,,,
856.743759522913,absorbing,left,5.0,3.0,1171.0,1338.0,47.0,42.0,89.0,11.0,0.0,6.0,64,4,77200,2144,222,56,,,,,
857.2848435910419,absorbing,left,5.0,4.0,1171.0,1338.0,47.0,42.0,89.0,15.0,0.0,6.0,128,4,141920,2724,222,56,,,,,
858.188326535048,absorbing,left,5.0,5.0,1171.0,1338.0,47.0,42.0,89.0,16.0,0.0,6.0,128,4,292512,3768,222,56,,,,,
859.0479035838507,absorbing,left,5.0,6.0,1171.0,1338.0,47.0,43.0,90.0,14.0,1.0,7.0,256,4,662816,5136,222,56,,,,,
866.6695750739891,unswapping,,,,,,,,,,,,256,4,1302560,6592,222,56,0.0,both,0.0,3.0,3.0
885.4166349419393,unswapping,,,,,,,,,,,,256,4,849476,5500,222,56,0.0,both,1.0,9.0,12.0
888.3839960270561,unswapping,,,,,,,,,,,,128,4,467768,4106,222,56,0.0,left,0.0,15.0,27.0
891.0928638170008,unswapping,,,,,,,,,,,,128,4,207444,3096,222,56,0.0,left,1.0,17.0,44.0
892.0694080558605,unswapping,,,,,,,,,,,,64,4,131776,2494,222,56,0.0,right,0.0,11.0,55.0
893.0667351048905,unswapping,,,,,,,,,,,,64,4,83280,2154,222,56,0.0,right,1.0,10.0,65.0
894.8129185480066,unswapping,,,,,,,,,,,,32,4,43200,1640,222,56,1.0,both,0.0,14.0,14.0
895.977260848973,unswapping,,,,,,,,,,,,32,4,32704,1424,222,56,1.0,both,1.0,11.0,25.0
896.7911123679951,unswapping,,,,,,,,,,,,32,4,26912,1312,222,56,1.0,left,0.0,6.0,31.0
897.3118465570733,unswapping,,,,,,,,,,,,32,4,23264,1208,222,56,1.0,left,1.0,7.0,38.0
897.8044021029491,unswapping,,,,,,,,,,,,32,4,18624,1096,222,56,1.0,right,0.0,6.0,44.0
898.2353442250751,unswapping,,,,,,,,,,,,32,4,17880,1064,222,56,1.0,right,1.0,4.0,48.0
899.4091893269215,unswapping,,,,,,,,,,,,32,4,15136,984,222,56,2.0,both,0.0,7.0,7.0
900.2478357278742,unswapping,,,,,,,,,,,,32,4,13112,888,222,56,2.0,both,1.0,6.0,13.0
900.9244003358763,unswapping,,,,,,,,,,,,32,4,12888,872,222,56,2.0,left,0.0,3.0,16.0
901.3348744940013,unswapping,,,,,,,,,,,,32,4,12504,852,222,56,2.0,left,1.0,2.0,18.0
901.9634429309517,unswapping,,,,,,,,,,,,32,4,12248,840,222,56,2.0,right,0.0,2.0,20.0
902.2176458919421,unswapping,,,,,,,,,,,,32,4,12248,840,222,56,2.0,right,1.0,0.0,20.0
903.3317879319657,unswapping,,,,,,,,,,,,32,4,11848,812,222,56,3.0,both,0.0,6.0,6.0
904.1148591439705,unswapping,,,,,,,,,,,,32,4,11656,804,222,56,3.0,both,1.0,1.0,7.0
904.6339669500012,unswapping,,,,,,,,,,,,32,4,11656,804,222,56,3.0,left,0.0,0.0,7.0
905.0259870290756,unswapping,,,,,,,,,,,,32,4,11620,798,222,56,3.0,left,1.0,1.0,8.0
905.28099922603,unswapping,,,,,,,,,,,,32,4,11620,798,222,56,3.0,right,0.0,0.0,8.0
905.5343143490609,unswapping,,,,,,,,,,,,32,4,11620,798,222,56,3.0,right,1.0,0.0,8.0
906.3100865199231,unswapping,,,,,,,,,,,,32,4,11620,798,222,56,4.0,both,0.0,0.0,0.0
906.7966696009971,unswapping,,,,,,,,,,,,32,4,11620,798,222,56,4.0,both,1.0,0.0,0.0
907.3117724219337,unswapping,,,,,,,,,,,,32,4,11620,798,222,56,4.0,left,0.0,0.0,0.0
907.5579084230121,unswapping,,,,,,,,,,,,32,4,11620,798,222,56,4.0,left,1.0,0.0,0.0
907.8141459790058,unswapping,,,,,,,,,,,,32,4,11620,798,222,56,4.0,right,0.0,0.0,0.0
908.0676397269126,unswapping,,,,,,,,,,,,32,4,11620,798,222,56,4.0,right,1.0,0.0,0.0
918.081472893944,absorbing,left,1.0,0.0,1194.0,1205.0,47.0,43.0,90.0,14.0,0.0,0.0,32,4,11620,798,222,56,,,,,
918.4004250550643,absorbing,left,2.0,0.0,1194.0,1205.0,47.0,43.0,90.0,13.0,0.0,0.0,32,4,13440,916,222,56,,,,,
918.7431170558557,absorbing,left,3.0,0.0,1194.0,1205.0,48.0,43.0,91.0,12.0,1.0,1.0,32,4,17628,1070,222,56,,,,,
919.0803263948765,absorbing,left,4.0,0.0,1194.0,1205.0,48.0,43.0,91.0,13.0,0.0,1.0,32,4,22012,1196,222,56,,,,,
919.4321790260728,absorbing,left,4.0,1.0,1194.0,1205.0,48.0,43.0,91.0,13.0,0.0,1.0,64,4,31680,1352,222,56,,,,,
919.7978336799424,absorbing,left,5.0,1.0,1194.0,1205.0,48.0,43.0,91.0,11.0,0.0,1.0,64,4,45632,1624,222,56,,,,,
920.5270257699303,absorbing,left,6.0,1.0,1194.0,1205.0,49.0,43.0,92.0,12.0,1.0,2.0,64,4,69792,1894,222,56,,,,,
920.9855350439902,absorbing,left,6.0,2.0,1194.0,1205.0,49.0,44.0,93.0,11.0,1.0,3.0,64,4,105088,2212,222,56,,,,,
921.6363855360541,absorbing,left,7.0,2.0,1194.0,1205.0,51.0,44.0,95.0,11.0,2.0,5.0,128,4,172032,2788,222,56,,,,,
922.3500153629575,absorbing,left,7.0,3.0,1194.0,1205.0,51.0,45.0,96.0,11.0,1.0,6.0,128,4,344000,3484,222,56,,,,,
923.3419270368759,absorbing,left,8.0,3.0,1194.0,1205.0,51.0,45.0,96.0,12.0,0.0,6.0,256,4,721472,5060,222,56,,,,,
933.2154391610529,unswapping,,,,,,,,,,,,256,4,1545008,5904,222,56,0.0,both,0.0,9.0,9.0
938.0397326920647,unswapping,,,,,,,,,,,,256,4,1476912,5314,222,56,0.0,both,1.0,11.0,20.0
941.0999044149648,unswapping,,,,,,,,,,,,256,4,1209728,4752,222,56,0.0,left,0.0,7.0,27.0
942.8576495188754,unswapping,,,,,,,,,,,,256,4,614368,3570,222,56,0.0,left,1.0,15.0,42.0
943.8634576650802,unswapping,,,,,,,,,,,,256,4,546044,3212,222,56,0.0,right,0.0,7.0,49.0
945.0968649839051,unswapping,,,,,,,,,,,,256,4,293180,2742,222,56,0.0,right,1.0,7.0,56.0
947.2295678050723,unswapping,,,,,,,,,,,,64,4,90428,1758,222,56,1.0,both,0.0,12.0,12.0
948.5155152929947,unswapping,,,,,,,,,,,,64,4,63908,1508,222,56,1.0,both,1.0,6.0,18.0
949.3267400709447,unswapping,,,,,,,,,,,,64,4,61788,1452,222,56,1.0,left,0.0,4.0,22.0
949.9004305619746,unswapping,,,,,,,,,,,,64,4,54204,1320,222,56,1.0,left,1.0,3.0,25.0
950.3613398089074,unswapping,,,,,,,,,,,,64,4,54012,1308,222,56,1.0,right,0.0,1.0,26.0
950.9210663449485,unswapping,,,,,,,,,,,,64,4,53004,1280,222,56,1.0,right,1.0,2.0,28.0
952.1803053568583,unswapping,,,,,,,,,,,,64,4,21484,1056,222,56,2.0,both,0.0,8.0,8.0
953.2954424920026,unswapping,,,,,,,,,,,,64,4,20460,1034,222,56,2.0,both,1.0,3.0,11.0
954.0160197149962,unswapping,,,,,,,,,,,,64,4,18620,988,222,56,2.0,left,0.0,3.0,14.0
954.4607473460492,unswapping,,,,,,,,,,,,16,4,12436,888,222,56,2.0,left,1.0,2.0,16.0
954.7464464029763,unswapping,,,,,,,,,,,,16,4,12436,888,222,56,2.0,right,0.0,0.0,16.0
955.1637228350155,unswapping,,,,,,,,,,,,16,4,12388,882,222,56,2.0,right,1.0,1.0,17.0
956.3318907618523,unswapping,,,,,,,,,,,,16,4,11764,864,222,56,3.0,both,0.0,3.0,3.0
957.2117212950252,unswapping,,,,,,,,,,,,16,4,10804,840,222,56,3.0,both,1.0,2.0,5.0
957.7588278870098,unswapping,,,,,,,,,,,,16,4,10804,840,222,56,3.0,left,0.0,0.0,5.0
958.0330361858942,unswapping,,,,,,,,,,,,16,4,10804,840,222,56,3.0,left,1.0,0.0,5.0
958.3114075278863,unswapping,,,,,,,,,,,,16,4,10804,840,222,56,3.0,right,0.0,0.0,5.0
958.5847269908991,unswapping,,,,,,,,,,,,16,4,10804,840,222,56,3.0,right,1.0,0.0,5.0
959.7216840418987,unswapping,,,,,,,,,,,,16,4,10036,816,222,56,4.0,both,0.0,2.0,2.0
960.5494078840129,unswapping,,,,,,,,,,,,16,4,9496,798,222,56,4.0,both,1.0,3.0,5.0
961.0807751759421,unswapping,,,,,,,,,,,,16,4,9496,798,222,56,4.0,left,0.0,0.0,5.0
961.3402895140462,unswapping,,,,,,,,,,,,16,4,9496,798,222,56,4.0,left,1.0,0.0,5.0
961.6051142849028,unswapping,,,,,,,,,,,,16,4,9496,798,222,56,4.0,right,0.0,0.0,5.0
961.8611076718662,unswapping,,,,,,,,,,,,16,4,9496,798,222,56,4.0,right,1.0,0.0,5.0
962.9567111879587,unswapping,,,,,,,,,,,,16,4,9484,796,222,56,5.0,both,0.0,1.0,1.0
963.4699446989689,unswapping,,,,,,,,,,,,16,4,9484,796,222,56,5.0,both,1.0,0.0,1.0
963.9983997889794,unswapping,,,,,,,,,,,,16,4,9484,796,222,56,5.0,left,0.0,0.0,1.0
964.4702078490518,unswapping,,,,,,,,,,,,16,4,9484,796,222,56,5.0,left,1.0,0.0,1.0
964.7355064670555,unswapping,,,,,,,,,,,,16,4,9484,796,222,56,5.0,right,0.0,0.0,1.0
964.992198129883,unswapping,,,,,,,,,,,,16,4,9484,796,222,56,5.0,right,1.0,0.0,1.0
965.791764362948,unswapping,,,,,,,,,,,,16,4,9484,796,222,56,6.0,both,0.0,0.0,0.0
966.304086593911,unswapping,,,,,,,,,,,,16,4,9484,796,222,56,6.0,both,1.0,0.0,0.0
966.831815010868,unswapping,,,,,,,,,,,,16,4,9484,796,222,56,6.0,left,0.0,0.0,0.0
967.0928606800735,unswapping,,,,,,,,,,,,16,4,9484,796,222,56,6.0,left,1.0,0.0,0.0
967.3568565109745,unswapping,,,,,,,,,,,,16,4,9484,796,222,56,6.0,right,0.0,0.0,0.0
967.6124874078669,unswapping,,,,,,,,,,,,16,4,9484,796,222,56,6.0,right,1.0,0.0,0.0
977.5429898719303,absorbing,left,1.0,0.0,1152.0,1179.0,51.0,45.0,96.0,10.0,0.0,0.0,16,4,9484,796,222,56,,,,,
977.8599051539786,absorbing,left,2.0,0.0,1152.0,1179.0,51.0,45.0,96.0,14.0,0.0,0.0,16,4,12176,900,222,56,,,,,
978.2043205220252,absorbing,left,2.0,1.0,1152.0,1179.0,51.0,48.0,99.0,11.0,3.0,3.0,32,4,15692,978,222,56,,,,,
978.5408780348953,absorbing,left,2.0,2.0,1152.0,1179.0,51.0,49.0,100.0,13.0,1.0,4.0,32,4,24764,1206,222,56,,,,,
978.8806499929633,absorbing,left,3.0,2.0,1152.0,1179.0,51.0,49.0,100.0,14.0,0.0,4.0,64,4,42596,1492,222,56,,,,,
979.2599277158733,absorbing,left,3.0,3.0,1152.0,1179.0,51.0,49.0,100.0,13.0,0.0,4.0,64,4,61568,1798,222,56,,,,,
979.6808902469929,absorbing,left,4.0,3.0,1152.0,1179.0,52.0,49.0,101.0,11.0,1.0,5.0,64,4,111840,2238,222,56,,,,,
980.1988637149334,absorbing,left,4.0,4.0,1152.0,1179.0,52.0,50.0,102.0,12.0,1.0,6.0,128,4,205224,2924,222,56,,,,,
980.7326841100585,absorbing,left,5.0,4.0,1152.0,1179.0,52.0,50.0,102.0,10.0,0.0,6.0,128,4,409640,3590,222,56,,,,,
981.596318684984,absorbing,left,6.0,4.0,1152.0,1179.0,53.0,50.0,103.0,10.0,1.0,7.0,256,4,718888,4700,222,56,,,,,
1000.7026774620172,unswapping,,,,,,,,,,,,256,4,885224,4608,222,56,0.0,both,0.0,6.0,6.0
1003.4748760070652,unswapping,,,,,,,,,,,,256,4,647072,3838,222,56,0.0,both,1.0,12.0,18.0
1005.7920565879904,unswapping,,,,,,,,,,,,256,4,390852,3266,222,56,0.0,left,0.0,13.0,31.0
1007.330157245975,unswapping,,,,,,,,,,,,131,4,199644,2518,222,56,0.0,left,1.0,14.0,45.0
1007.955086953938,unswapping,,,,,,,,,,,,128,4,188244,2418,222,56,0.0,right,0.0,4.0,49.0
1008.926225600997,unswapping,,,,,,,,,,,,96,4,160836,2288,222,56,0.0,right,1.0,6.0,55.0
1010.2099676469807,unswapping,,,,,,,,,,,,87,4,84352,1858,222,56,1.0,both,0.0,8.0,8.0
1011.48999645398,unswapping,,,,,,,,,,,,64,4,61936,1610,222,56,1.0,both,1.0,8.0,16.0
1012.0638821849134,unswapping,,,,,,,,,,,,62,4,39296,1366,222,56,1.0,left,0.0,9.0,25.0
1012.6291012740694,unswapping,,,,,,,,,,,,32,4,24368,1142,222,56,1.0,left,1.0,7.0,32.0
1013.0849286650773,unswapping,,,,,,,,,,,,32,4,22048,1086,222,56,1.0,right,0.0,5.0,37.0
1013.5660965559073,unswapping,,,,,,,,,,,,32,4,21552,1066,222,56,1.0,right,1.0,3.0,40.0
1014.4526504010428,unswapping,,,,,,,,,,,,32,4,16732,968,222,56,2.0,both,0.0,8.0,8.0
1015.2997020999901,unswapping,,,,,,,,,,,,32,4,13780,896,222,56,2.0,both,1.0,4.0,12.0
1015.7017617200036,unswapping,,,,,,,,,,,,32,4,13396,872,222,56,2.0,left,0.0,1.0,13.0
1016.121117078932,unswapping,,,,,,,,,,,,32,4,12336,822,222,56,2.0,left,1.0,3.0,16.0
1016.5357557309326,unswapping,,,,,,,,,,,,32,4,12080,808,222,56,2.0,right,0.0,2.0,18.0
1016.9414031400811,unswapping,,,,,,,,,,,,32,4,9520,776,222,56,2.0,right,1.0,1.0,19.0
1017.7886679118965,unswapping,,,,,,,,,,,,16,4,7180,726,222,56,3.0,both,0.0,6.0,6.0
1018.7914868989028,unswapping,,,,,,,,,,,,16,4,7168,724,222,56,3.0,both,1.0,1.0,7.0
1019.2214788449928,unswapping,,,,,,,,,,,,16,4,6144,708,222,56,3.0,left,0.0,1.0,8.0
1019.6108465199359,unswapping,,,,,,,,,,,,16,4,5936,700,222,56,3.0,left,1.0,1.0,9.0
1019.8616280888673,unswapping,,,,,,,,,,,,16,4,5936,700,222,56,3.0,right,0.0,0.0,9.0
1020.2638967649546,unswapping,,,,,,,,,,,,16,4,5120,678,222,56,3.0,right,1.0,3.0,12.0
1021.0410177488811,unswapping,,,,,,,,,,,,16,4,5084,676,222,56,4.0,both,0.0,2.0,2.0
1021.5199025410693,unswapping,,,,,,,,,,,,16,4,5084,676,222,56,4.0,both,1.0,0.0,2.0
1021.7653323109262,unswapping,,,,,,,,,,,,16,4,5084,676,222,56,4.0,left,0.0,0.0,2.0
1022.007017045049,unswapping,,,,,,,,,,,,16,4,5084,676,222,56,4.0,left,1.0,0.0,2.0
1022.2483461790252,unswapping,,,,,,,,,,,,16,4,5084,676,222,56,4.0,right,0.0,0.0,2.0
1022.4905717768706,unswapping,,,,,,,,,,,,16,4,5084,676,222,56,4.0,right,1.0,0.0,2.0
1022.9771374880802,unswapping,,,,,,,,,,,,16,4,5084,676,222,56,5.0,both,0.0,1.0,1.0
1023.4556824560277,unswapping,,,,,,,,,,,,16,4,5084,676,222,56,5.0,both,1.0,0.0,1.0
1023.7018907428719,unswapping,,,,,,,,,,,,16,4,5084,676,222,56,5.0,left,0.0,0.0,1.0
1023.9431781310122,unswapping,,,,,,,,,,,,16,4,5084,676,222,56,5.0,left,1.0,0.0,1.0
1024.1852069299202,unswapping,,,,,,,,,,,,16,4,5084,676,222,56,5.0,right,0.0,0.0,1.0
1024.4262050760444,unswapping,,,,,,,,,,,,16,4,5084,676,222,56,5.0,right,1.0,0.0,1.0
1034.6299127580132,absorbing,left,1.0,0.0,1174.0,1216.0,53.0,50.0,103.0,13.0,0.0,0.0,16,4,5084,676,222,56,,,,,
1034.9424045290798,absorbing,left,1.0,1.0,1174.0,1216.0,53.0,51.0,104.0,10.0,1.0,1.0,16,4,6780,758,222,56,,,,,
1035.251471974887,absorbing,left,2.0,1.0,1174.0,1216.0,53.0,51.0,104.0,12.0,0.0,1.0,16,4,8772,848,222,56,,,,,
1035.5627312499564,absorbing,left,3.0,1.0,1174.0,1216.0,53.0,51.0,104.0,9.0,0.0,1.0,16,4,12708,996,222,56,,,,,
1035.8858736280818,absorbing,left,3.0,2.0,1174.0,1216.0,53.0,51.0,104.0,10.0,0.0,1.0,32,4,19508,1166,222,56,,,,,
1036.5124420949724,absorbing,left,4.0,2.0,1174.0,1216.0,53.0,51.0,104.0,9.0,0.0,1.0,32,4,29752,1366,222,56,,,,,
1036.8825240659062,absorbing,left,4.0,3.0,1174.0,1216.0,53.0,52.0,105.0,9.0,1.0,2.0,64,4,45976,1582,222,56,,,,,
1037.2602520580404,absorbing,left,5.0,3.0,1174.0,1216.0,53.0,52.0,105.0,10.0,0.0,2.0,64,4,80800,1900,222,56,,,,,
1037.695532656042,absorbing,left,6.0,3.0,1174.0,1216.0,53.0,52.0,105.0,11.0,0.0,2.0,128,4,141216,2160,222,56,,,,,
1038.437132916879,absorbing,left,6.0,4.0,1174.0,1216.0,53.0,52.0,105.0,8.0,0.0,2.0,128,4,213728,2560,222,56,,,,,
1039.0901412239764,absorbing,left,7.0,4.0,1174.0,1216.0,53.0,52.0,105.0,11.0,0.0,2.0,256,4,460576,3384,222,56,,,,,
1040.1220276700333,absorbing,left,7.0,5.0,1174.0,1216.0,53.0,52.0,105.0,8.0,0.0,2.0,256,4,731680,4104,222,56,,,,,
1047.6119973398745,unswapping,,,,,,,,,,,,255,4,738804,3988,222,56,0.0,both,0.0,7.0,7.0
1051.488941123942,unswapping,,,,,,,,,,,,243,4,518096,3394,222,56,0.0,both,1.0,11.0,18.0
1053.877889819909,unswapping,,,,,,,,,,,,239,4,427064,3014,222,56,0.0,left,0.0,11.0,29.0
1055.3849373860285,unswapping,,,,,,,,,,,,234,4,298240,2646,222,56,0.0,left,1.0,11.0,40.0
1056.4036419729237,unswapping,,,,,,,,,,,,118,4,192712,2292,222,56,0.0,right,0.0,8.0,48.0
1057.4416773088742,unswapping,,,,,,,,,,,,107,4,116000,1894,222,56,0.0,right,1.0,10.0,58.0
1059.05880940496,unswapping,,,,,,,,,,,,64,4,45544,1470,222,56,1.0,both,0.0,8.0,8.0
1060.1817360699642,unswapping,,,,,,,,,,,,32,4,29400,1268,222,56,1.0,both,1.0,8.0,16.0
1060.7016841608565,unswapping,,,,,,,,,,,,32,4,23680,1164,222,56,1.0,left,0.0,6.0,22.0
1061.2270665299147,unswapping,,,,,,,,,,,,32,4,18464,1040,222,56,1.0,left,1.0,7.0,29.0
1061.6722469090018,unswapping,,,,,,,,,,,,32,4,17624,996,222,56,1.0,right,0.0,4.0,33.0
1061.9731959118508,unswapping,,,,,,,,,,,,32,4,17624,996,222,56,1.0,right,1.0,0.0,33.0
1062.868814657908,unswapping,,,,,,,,,,,,32,4,16844,966,222,56,2.0,both,0.0,4.0,4.0
1063.9625442258548,unswapping,,,,,,,,,,,,32,4,16364,942,222,56,2.0,both,1.0,4.0,8.0
1064.417062825989,unswapping,,,,,,,,,,,,32,4,15076,900,222,56,2.0,left,0.0,5.0,13.0
1064.8458222229965,unswapping,,,,,,,,,,,,32,4,14500,872,222,56,2.0,left,1.0,3.0,16.0
1065.2657119289506,unswapping,,,,,,,,,,,,32,4,14468,868,222,56,2.0,right,0.0,1.0,17.0
1065.5327103780583,unswapping,,,,,,,,,,,,32,4,14468,868,222,56,2.0,right,1.0,0.0,17.0
1066.3940635379404,unswapping,,,,,,,,,,,,32,4,14148,852,222,56,3.0,both,0.0,2.0,2.0
1067.2463813209906,unswapping,,,,,,,,,,,,32,4,12988,812,222,56,3.0,both,1.0,5.0,7.0
1067.500072933035,unswapping,,,,,,,,,,,,32,4,12988,812,222,56,3.0,left,0.0,0.0,7.0
1067.7684044970665,unswapping,,,,,,,,,,,,32,4,12988,812,222,56,3.0,left,1.0,0.0,7.0
1068.0388426720165,unswapping,,,,,,,,,,,,32,4,12988,812,222,56,3.0,right,0.0,0.0,7.0
1068.2984929368831,unswapping,,,,,,,,,,,,32,4,12988,812,222,56,3.0,right,1.0,0.0,7.0
1069.114038700005,unswapping,,,,,,,,,,,,32,4,12744,798,222,56,4.0,both,0.0,3.0,3.0
1069.626047750935,unswapping,,,,,,,,,,,,32,4,12744,798,222,56,4.0,both,1.0,0.0,3.0
1069.8794696519617,unswapping,,,,,,,,,,,,32,4,12744,798,222,56,4.0,left,0.0,0.0,3.0
1070.1381329759024,unswapping,,,,,,,,,,,,32,4,12744,798,222,56,4.0,left,1.0,0.0,3.0
1070.4069549280684,unswapping,,,,,,,,,,,,32,4,12744,798,222,56,4.0,right,0.0,0.0,3.0
1070.8153241700493,unswapping,,,,,,,,,,,,32,4,12696,792,222,56,4.0,right,1.0,1.0,4.0
1071.3219400939997,unswapping,,,,,,,,,,,,32,4,12696,792,222,56,5.0,both,0.0,0.0,0.0
1071.8297347589396,unswapping,,,,,,,,,,,,32,4,12696,792,222,56,5.0,both,1.0,0.0,0.0
1072.0809023610782,unswapping,,,,,,,,,,,,32,4,12696,792,222,56,5.0,left,0.0,0.0,0.0
1072.340390573023,unswapping,,,,,,,,,,,,32,4,12696,792,222,56,5.0,left,1.0,0.0,0.0
1072.6095197009854,unswapping,,,,,,,,,,,,32,4,12696,792,222,56,5.0,right,0.0,0.0,0.0
1073.0770089700818,unswapping,,,,,,,,,,,,32,4,12696,792,222,56,5.0,right,1.0,0.0,0.0
1083.0049917590804,absorbing,left,1.0,0.0,1072.0,1145.0,53.0,52.0,105.0,14.0,0.0,0.0,32,4,12696,792,222,56,,,,,
1083.3153141408693,absorbing,left,1.0,1.0,1072.0,1145.0,53.0,52.0,105.0,10.0,0.0,0.0,32,4,13764,876,222,56,,,,,
1083.6337659070268,absorbing,left,2.0,1.0,1072.0,1145.0,53.0,52.0,105.0,12.0,0.0,0.0,32,4,16532,980,222,56,,,,,
1083.9540114188567,absorbing,left,3.0,1.0,1072.0,1145.0,53.0,52.0,105.0,9.0,0.0,0.0,32,4,21996,1182,222,56,,,,,
1084.2843315689825,absorbing,left,3.0,2.0,1072.0,1145.0,53.0,52.0,105.0,13.0,0.0,0.0,32,4,33060,1378,222,56,,,,,
1084.6348938890733,absorbing,left,4.0,2.0,1072.0,1145.0,53.0,52.0,105.0,10.0,0.0,0.0,47,4,43296,1572,222,56,,,,,
1085.0712350339163,absorbing,left,5.0,2.0,1072.0,1145.0,54.0,52.0,106.0,9.0,1.0,1.0,64,4,70320,1908,222,56,,,,,
1085.524067394901,absorbing,left,6.0,2.0,1072.0,1145.0,54.0,52.0,106.0,10.0,0.0,1.0,64,4,96240,2194,222,56,,,,,
1086.0466758699622,absorbing,left,7.0,2.0,1072.0,1145.0,54.0,52.0,106.0,10.0,0.0,1.0,128,4,154880,2588,222,56,,,,,
1086.6396399009973,absorbing,left,7.0,3.0,1072.0,1145.0,54.0,52.0,106.0,12.0,0.0,1.0,86,4,183536,2896,222,56,,,,,
1087.3109712710138,absorbing,left,7.0,4.0,1072.0,1145.0,54.0,52.0,106.0,11.0,0.0,1.0,128,4,274560,3356,222,56,,,,,
1088.3259434439242,absorbing,left,8.0,4.0,1072.0,1145.0,54.0,52.0,106.0,9.0,0.0,1.0,128,4,362176,3892,222,56,,,,,
1089.2514057338703,absorbing,left,9.0,4.0,1072.0,1145.0,55.0,52.0,107.0,6.0,1.0,2.0,128,4,431232,4234,222,56,,,,,
1090.1531648370437,absorbing,left,10.0,4.0,1072.0,1145.0,56.0,52.0,108.0,8.0,1.0,3.0,128,4,438176,4352,222,56,,,,,
1091.3747977530584,absorbing,left,11.0,4.0,1072.0,1145.0,57.0,52.0,109.0,8.0,1.0,4.0,128,4,560272,4850,222,56,,,,,
1092.5265895640478,absorbing,left,12.0,4.0,1072.0,1145.0,58.0,52.0,110.0,8.0,1.0,5.0,256,4,931816,5926,222,56,,,,,
1113.943547775969,unswapping,,,,,,,,,,,,256,4,1225504,6528,222,56,0.0,both,0.0,7.0,7.0
1118.5653928010724,unswapping,,,,,,,,,,,,256,4,876064,5294,222,56,0.0,both,1.0,8.0,15.0
1121.135710378876,unswapping,,,,,,,,,,,,255,4,744232,4422,222,56,0.0,left,0.0,12.0,27.0
1123.668878513854,unswapping,,,,,,,,,,,,254,4,467384,3578,222,56,0.0,left,1.0,19.0,46.0
1124.8635410920251,unswapping,,,,,,,,,,,,254,4,396920,3058,222,56,0.0,right,0.0,10.0,56.0
1126.4116203968879,unswapping,,,,,,,,,,,,254,4,306424,2818,222,56,0.0,right,1.0,5.0,61.0
1128.3224687890615,unswapping,,,,,,,,,,,,127,4,118528,2198,222,56,1.0,both,0.0,9.0,9.0
1130.3052072960418,unswapping,,,,,,,,,,,,64,4,65856,1754,222,56,1.0,both,1.0,13.0,22.0
1130.920850530034,unswapping,,,,,,,,,,,,64,4,55844,1616,222,56,1.0,left,0.0,6.0,28.0
1131.534631867893,unswapping,,,,,,,,,,,,64,4,48804,1530,222,56,1.0,left,1.0,4.0,32.0
1132.170851035975,unswapping,,,,,,,,,,,,32,4,36112,1352,222,56,1.0,right,0.0,6.0,38.0
1132.74469480291,unswapping,,,,,,,,,,,,32,4,33648,1292,222,56,1.0,right,1.0,3.0,41.0
1133.7882701759227,unswapping,,,,,,,,,,,,32,4,33008,1260,222,56,2.0,both,0.0,6.0,6.0
1134.8866220719647,unswapping,,,,,,,,,,,,32,4,31840,1220,222,56,2.0,both,1.0,6.0,12.0
1135.392043750966,unswapping,,,,,,,,,,,,32,4,30432,1188,222,56,2.0,left,0.0,2.0,14.0
1135.9260779060423,unswapping,,,,,,,,,,,,32,4,30408,1184,222,56,2.0,left,1.0,1.0,15.0
1136.4221021300182,unswapping,,,,,,,,,,,,32,4,30088,1172,222,56,2.0,right,0.0,2.0,17.0
1136.9313236770686,unswapping,,,,,,,,,,,,32,4,29624,1150,222,56,2.0,right,1.0,3.0,20.0
1137.9135864649434,unswapping,,,,,,,,,,,,32,4,29256,1134,222,56,3.0,both,0.0,2.0,2.0
1138.9418683890253,unswapping,,,,,,,,,,,,32,4,28448,1114,222,56,3.0,both,1.0,3.0,5.0
1139.2680403459817,unswapping,,,,,,,,,,,,32,4,28448,1114,222,56,3.0,left,0.0,0.0,5.0
1139.635003990028,unswapping,,,,,,,,,,,,32,4,28448,1114,222,56,3.0,left,1.0,0.0,5.0
1139.9577158968896,unswapping,,,,,,,,,,,,32,4,28448,1114,222,56,3.0,right,0.0,0.0,5.0
1140.5108260759152,unswapping,,,,,,,,,,,,32,4,28448,1114,222,56,3.0,right,1.0,0.0,5.0
1141.4567448799498,unswapping,,,,,,,,,,,,32,4,27668,1096,222,56,4.0,both,0.0,4.0,4.0
1142.4440080970526,unswapping,,,,,,,,,,,,32,4,27656,1094,222,56,4.0,both,1.0,1.0,5.0
1142.7762832390144,unswapping,,,,,,,,,,,,32,4,27656,1094,222,56,4.0,left,0.0,0.0,5.0
1143.1387419609819,unswapping,,,,,,,,,,,,32,4,27656,1094,222,56,4.0,left,1.0,0.0,5.0
1143.4597673718818,unswapping,,,,,,,,,,,,32,4,27656,1094,222,56,4.0,right,0.0,0.0,5.0
1143.79774610186,unswapping,,,,,,,,,,,,32,4,27656,1094,222,56,4.0,right,1.0,0.0,5.0
1144.7360984219704,unswapping,,,,,,,,,,,,32,4,27644,1092,222,56,5.0,both,0.0,3.0,3.0
1145.4246900710277,unswapping,,,,,,,,,,,,32,4,27644,1092,222,56,5.0,both,1.0,0.0,3.0
1145.7458063580561,unswapping,,,,,,,,,,,,32,4,27644,1092,222,56,5.0,left,0.0,0.0,3.0
1146.1114400180522,unswapping,,,,,,,,,,,,32,4,27644,1092,222,56,5.0,left,1.0,0.0,3.0
1146.434508309001,unswapping,,,,,,,,,,,,32,4,27644,1092,222,56,5.0,right,0.0,0.0,3.0
1146.7682885150425,unswapping,,,,,,,,,,,,32,4,27644,1092,222,56,5.0,right,1.0,0.0,3.0
1147.3898593420163,unswapping,,,,,,,,,,,,32,4,27644,1092,222,56,6.0,both,0.0,2.0,2.0
1148.0751786259934,unswapping,,,,,,,,,,,,32,4,27644,1092,222,56,6.0,both,1.0,0.0,2.0
1148.3932882579975,unswapping,,,,,,,,,,,,32,4,27644,1092,222,56,6.0,left,0.0,0.0,2.0
1148.7579014380462,unswapping,,,,,,,,,,,,32,4,27644,1092,222,56,6.0,left,1.0,0.0,2.0
1149.0818526579533,unswapping,,,,,,,,,,,,32,4,27644,1092,222,56,6.0,right,0.0,0.0,2.0
1149.4171270320658,unswapping,,,,,,,,,,,,32,4,27644,1092,222,56,6.0,right,1.0,0.0,2.0
1159.6491602070164,absorbing,left,1.0,0.0,1154.0,1129.0,60.0,52.0,112.0,10.0,2.0,2.0,64,4,33740,1152,222,56,,,,,
1160.0411705160514,absorbing,left,2.0,0.0,1154.0,1129.0,61.0,52.0,113.0,11.0,1.0,3.0,64,4,44948,1336,222,56,,,,,
1160.4483632759657,absorbing,left,2.0,1.0,1154.0,1129.0,61.0,52.0,113.0,11.0,0.0,3.0,64,4,67692,1566,222,56,,,,,
1160.867876844015,absorbing,left,3.0,1.0,1154.0,1129.0,61.0,52.0,113.0,12.0,0.0,3.0,64,4,90920,1836,222,56,,,,,
1161.4018479469232,absorbing,left,4.0,1.0,1154.0,1129.0,61.0,52.0,113.0,10.0,0.0,3.0,64,4,116432,2152,222,56,,,,,
1161.9455562389921,absorbing,left,5.0,1.0,1154.0,1129.0,61.0,52.0,113.0,12.0,0.0,3.0,64,4,135380,2360,222,56,,,,,
1162.6628857620526,absorbing,left,6.0,1.0,1154.0,1129.0,64.0,52.0,116.0,8.0,3.0,6.0,64,4,166916,2666,222,56,,,,,
1163.3472652998753,absorbing,left,7.0,1.0,1154.0,1129.0,65.0,52.0,117.0,13.0,1.0,7.0,128,4,247684,3250,222,56,,,,,
1164.2779726309236,absorbing,left,8.0,1.0,1154.0,1129.0,66.0,52.0,118.0,14.0,1.0,8.0,128,4,399200,3982,222,56,,,,,
1165.2273150959518,absorbing,left,8.0,2.0,1154.0,1129.0,66.0,52.0,118.0,14.0,0.0,8.0,256,4,699656,5146,222,56,,,,,
1184.8014040200505,unswapping,,,,,,,,,,,,256,4,1231684,6304,222,56,0.0,both,0.0,5.0,5.0
1197.9689763048664,unswapping,,,,,,,,,,,,256,4,572584,4706,222,56,0.0,both,1.0,9.0,14.0
1200.1374198859558,unswapping,,,,,,,,,,,,128,4,320756,3524,222,56,0.0,left,0.0,15.0,29.0
1203.0276599910576,unswapping,,,,,,,,,,,,128,4,168852,2704,222,56,0.0,left,1.0,17.0,46.0
1203.8843832879793,unswapping,,,,,,,,,,,,128,4,146256,2398,222,56,0.0,right,0.0,9.0,55.0
1204.7382274139673,unswapping,,,,,,,,,,,,128,4,137160,2292,222,56,0.0,right,1.0,7.0,62.0
1207.036224741023,unswapping,,,,,,,,,,,,64,4,81208,1870,222,56,1.0,both,0.0,8.0,8.0
1208.6737162270583,unswapping,,,,,,,,,,,,32,4,66472,1698,222,56,1.0,both,1.0,6.0,14.0
1209.2480430060532,unswapping,,,,,,,,,,,,32,4,62584,1646,222,56,1.0,left,0.0,2.0,16.0
1210.0494612760376,unswapping,,,,,,,,,,,,32,4,53064,1560,222,56,1.0,left,1.0,4.0,20.0
1210.9256242669653,unswapping,,,,,,,,,,,,32,4,49288,1488,222,56,1.0,right,0.0,3.0,23.0
1211.5094417559449,unswapping,,,,,,,,,,,,32,4,49224,1484,222,56,1.0,right,1.0,1.0,24.0
1212.7453743799124,unswapping,,,,,,,,,,,,32,4,41416,1380,222,56,2.0,both,0.0,6.0,6.0
1213.8561903529335,unswapping,,,,,,,,,,,,32,4,38920,1324,222,56,2.0,both,1.0,2.0,8.0
1214.4262724050786,unswapping,,,,,,,,,,,,32,4,37896,1308,222,56,2.0,left,0.0,1.0,9.0
1214.7964995049406,unswapping,,,,,,,,,,,,32,4,37896,1308,222,56,2.0,left,1.0,0.0,9.0
1215.1984687838703,unswapping,,,,,,,,,,,,32,4,37896,1308,222,56,2.0,right,0.0,0.0,9.0
1215.7519487079699,unswapping,,,,,,,,,,,,32,4,37848,1304,222,56,2.0,right,1.0,1.0,10.0
1217.1457913010381,unswapping,,,,,,,,,,,,32,4,37032,1284,222,56,3.0,both,0.0,2.0,2.0
1218.1824358040467,unswapping,,,,,,,,,,,,32,4,36264,1260,222,56,3.0,both,1.0,1.0,3.0
1218.5598890988622,unswapping,,,,,,,,,,,,32,4,36264,1260,222,56,3.0,left,0.0,0.0,3.0
1218.9281329270452,unswapping,,,,,,,,,,,,32,4,36264,1260,222,56,3.0,left,1.0,0.0,3.0
1219.474652406061,unswapping,,,,,,,,,,,,32,4,36216,1256,222,56,3.0,right,0.0,1.0,4.0
1219.8687189270277,unswapping,,,,,,,,,,,,32,4,36216,1256,222,56,3.0,right,1.0,0.0,4.0
1220.9520933688618,unswapping,,,,,,,,,,,,32,4,36024,1248,222,56,4.0,both,0.0,1.0,1.0
1221.976983411936,unswapping,,,,,,,,,,,,32,4,35832,1240,222,56,4.0,both,1.0,1.0,2.0
1222.3530195800122,unswapping,,,,,,,,,,,,32,4,35832,1240,222,56,4.0,left,0.0,0.0,2.0
1222.7164652419742,unswapping,,,,,,,,,,,,32,4,35832,1240,222,56,4.0,left,1.0,0.0,2.0
1223.110395852942,unswapping,,,,,,,,,,,,32,4,35832,1240,222,56,4.0,right,0.0,0.0,2.0
1223.5095338169485,unswapping,,,,,,,,,,,,32,4,35832,1240,222,56,4.0,right,1.0,0.0,2.0
1224.8005210869014,unswapping,,,,,,,,,,,,32,4,35640,1232,222,56,5.0,both,0.0,1.0,1.0
1225.8243109760806,unswapping,,,,,,,,,,,,32,4,35448,1224,222,56,5.0,both,1.0,1.0,2.0
1226.204691678984,unswapping,,,,,,,,,,,,32,4,35448,1224,222,56,5.0,left,0.0,0.0,2.0
1226.5704647130333,unswapping,,,,,,,,,,,,32,4,35448,1224,222,56,5.0,left,1.0,0.0,2.0
1226.9617720439564,unswapping,,,,,,,,,,,,32,4,35448,1224,222,56,5.0,right,0.0,0.0,2.0
1227.3520527929068,unswapping,,,,,,,,,,,,32,4,35448,1224,222,56,5.0,right,1.0,0.0,2.0
1228.438097733073,unswapping,,,,,,,,,,,,32,4,35256,1216,222,56,6.0,both,0.0,1.0,1.0
1229.4655346600339,unswapping,,,,,,,,,,,,32,4,35064,1208,222,56,6.0,both,1.0,1.0,2.0
1229.8410152280703,unswapping,,,,,,,,,,,,32,4,35064,1208,222,56,6.0,left,0.0,0.0,2.0
1230.2018638730515,unswapping,,,,,,,,,,,,32,4,35064,1208,222,56,6.0,left,1.0,0.0,2.0
1230.5968017519917,unswapping,,,,,,,,,,,,32,4,35064,1208,222,56,6.0,right,0.0,0.0,2.0
1230.9937618100084,unswapping,,,,,,,,,,,,32,4,35064,1208,222,56,6.0,right,1.0,0.0,2.0
1231.7575011560693,unswapping,,,,,,,,,,,,32,4,35064,1208,222,56,7.0,both,0.0,0.0,0.0
1232.476709397044,unswapping,,,,,,,,,,,,32,4,35064,1208,222,56,7.0,both,1.0,0.0,0.0
1232.8565982750151,unswapping,,,,,,,,,,,,32,4,35064,1208,222,56,7.0,left,0.0,0.0,0.0
1233.220797064947,unswapping,,,,,,,,,,,,32,4,35064,1208,222,56,7.0,left,1.0,0.0,0.0
1233.6131424179766,unswapping,,,,,,,,,,,,32,4,35064,1208,222,56,7.0,right,0.0,0.0,0.0
1234.003843195038,unswapping,,,,,,,,,,,,32,4,35064,1208,222,56,7.0,right,1.0,0.0,0.0
1244.458099666983,absorbing,left,1.0,0.0,1092.0,1197.0,66.0,52.0,118.0,12.0,0.0,0.0,32,4,35064,1208,222,56,,,,,
1244.90487522888,absorbing,left,2.0,0.0,1092.0,1197.0,66.0,52.0,118.0,12.0,0.0,0.0,64,4,51616,1486,222,56,,,,,
1245.343654860044,absorbing,left,2.0,1.0,1092.0,1197.0,66.0,52.0,118.0,13.0,0.0,0.0,64,4,58200,1576,222,56,,,,,
1245.7515114799608,absorbing,left,2.0,2.0,1092.0,1197.0,66.0,52.0,118.0,14.0,0.0,0.0,64,4,76440,1908,222,56,,,,,
1246.199706574902,absorbing,left,2.0,3.0,1092.0,1197.0,66.0,52.0,118.0,14.0,0.0,0.0,64,4,112728,2348,222,56,,,,,
1246.734043264063,absorbing,left,3.0,3.0,1092.0,1197.0,66.0,52.0,118.0,13.0,0.0,0.0,128,4,220056,3076,222,56,,,,,
1247.3683706389274,absorbing,left,3.0,4.0,1092.0,1197.0,66.0,52.0,118.0,14.0,0.0,0.0,128,4,470552,4092,222,56,,,,,
1255.3717244360596,unswapping,,,,,,,,,,,,128,4,225368,3252,222,56,0.0,both,0.0,11.0,11.0
1257.21271019103,unswapping,,,,,,,,,,,,64,4,136904,2426,222,56,0.0,both,1.0,9.0,20.0
1258.042806094978,unswapping,,,,,,,,,,,,64,4,126240,2210,222,56,0.0,left,0.0,10.0,30.0
1259.0369585880544,unswapping,,,,,,,,,,,,64,4,80064,1848,222,56,0.0,left,1.0,12.0,42.0
1259.628501913976,unswapping,,,,,,,,,,,,64,4,64592,1612,222,56,0.0,right,0.0,9.0,51.0
1260.1811624949332,unswapping,,,,,,,,,,,,64,4,60464,1522,222,56,0.0,right,1.0,6.0,57.0
1261.3089270868804,unswapping,,,,,,,,,,,,64,4,45664,1374,222,56,1.0,both,0.0,7.0,7.0
1262.9471217768732,unswapping,,,,,,,,,,,,32,4,36016,1264,222,56,1.0,both,1.0,5.0,12.0
1263.462207732955,unswapping,,,,,,,,,,,,32,4,33608,1208,222,56,1.0,left,0.0,5.0,17.0
1263.9835563469678,unswapping,,,,,,,,,,,,32,4,30344,1168,222,56,1.0,left,1.0,2.0,19.0
1264.4649023539387,unswapping,,,,,,,,,,,,32,4,30232,1160,222,56,1.0,right,0.0,2.0,21.0
1264.9598594179843,unswapping,,,,,,,,,,,,32,4,30208,1158,222,56,1.0,right,1.0,1.0,22.0
1265.6319523670245,unswapping,,,,,,,,,,,,32,4,30208,1158,222,56,2.0,both,0.0,0.0,0.0
1266.6070529478602,unswapping,,,,,,,,,,,,32,4,29200,1130,222,56,2.0,both,1.0,3.0,3.0
1267.1610907278955,unswapping,,,,,,,,,,,,32,4,29200,1130,222,56,2.0,left,0.0,0.0,3.0
1267.4928877388593,unswapping,,,,,,,,,,,,32,4,29200,1130,222,56,2.0,left,1.0,0.0,3.0
1267.8074096099008,unswapping,,,,,,,,,,,,32,4,29200,1130,222,56,2.0,right,0.0,0.0,3.0
1268.163221834926,unswapping,,,,,,,,,,,,32,4,29200,1130,222,56,2.0,right,1.0,0.0,3.0
1268.7990115510765,unswapping,,,,,,,,,,,,32,4,29200,1130,222,56,3.0,both,0.0,0.0,0.0
1269.4504301629495,unswapping,,,,,,,,,,,,32,4,29200,1130,222,56,3.0,both,1.0,0.0,0.0
1269.7713689410593,unswapping,,,,,,,,,,,,32,4,29200,1130,222,56,3.0,left,0.0,0.0,0.0
1270.1018434390426,unswapping,,,,,,,,,,,,32,4,29200,1130,222,56,3.0,left,1.0,0.0,0.0
1270.4166889688931,unswapping,,,,,,,,,,,,32,4,29200,1130,222,56,3.0,right,0.0,0.0,0.0
1270.773072751006,unswapping,,,,,,,,,,,,32,4,29200,1130,222,56,3.0,right,1.0,0.0,0.0
1280.7542806288693,absorbing,left,1.0,0.0,1161.0,1170.0,66.0,52.0,118.0,12.0,0.0,0.0,32,4,29200,1130,222,56,,,,,
1281.11942521506,absorbing,left,1.0,1.0,1161.0,1170.0,66.0,52.0,118.0,12.0,0.0,0.0,32,4,33896,1340,222,56,,,,,
1281.5062322830781,absorbing,left,2.0,1.0,1161.0,1170.0,66.0,52.0,118.0,14.0,0.0,0.0,64,4,46040,1464,222,56,,,,,
1281.8704248869326,absorbing,left,3.0,1.0,1161.0,1170.0,66.0,52.0,118.0,15.0,0.0,0.0,64,4,64060,1722,222,56,,,,,
1282.3035959010012,absorbing,left,3.0,2.0,1161.0,1170.0,66.0,52.0,118.0,13.0,0.0,0.0,64,4,89896,2098,222,56,,,,,
1282.8013777688611,absorbing,left,4.0,2.0,1161.0,1170.0,66.0,52.0,118.0,15.0,0.0,0.0,128,4,159312,2726,222,56,,,,,
1283.41416091891,absorbing,left,4.0,3.0,1161.0,1170.0,66.0,52.0,118.0,14.0,0.0,0.0,128,4,293676,3588,222,56,,,,,
1284.076094616903,absorbing,left,5.0,3.0,1161.0,1170.0,67.0,52.0,119.0,14.0,1.0,1.0,128,4,499264,4310,222,56,,,,,
1292.579011559952,unswapping,,,,,,,,,,,,510,4,925800,5306,222,56,0.0,both,0.0,4.0,4.0
1297.1754967239685,unswapping,,,,,,,,,,,,128,4,277288,3172,222,56,0.0,both,1.0,15.0,19.0
1298.06402390101,unswapping,,,,,,,,,,,,128,4,185368,2532,222,56,0.0,left,0.0,14.0,33.0
1298.9616483298596,unswapping,,,,,,,,,,,,128,4,117568,2168,222,56,0.0,left,1.0,10.0,43.0
1299.6852760808542,unswapping,,,,,,,,,,,,64,4,73272,1784,222,56,0.0,right,0.0,9.0,52.0
1300.3375682588667,unswapping,,,,,,,,,,,,64,4,60824,1648,222,56,0.0,right,1.0,6.0,58.0
1301.5412747259252,unswapping,,,,,,,,,,,,64,4,52456,1524,222,56,1.0,both,0.0,7.0,7.0
1302.7075260200072,unswapping,,,,,,,,,,,,64,4,44500,1386,222,56,1.0,both,1.0,7.0,14.0
1303.2679252000526,unswapping,,,,,,,,,,,,64,4,41628,1310,222,56,1.0,left,0.0,5.0,19.0
1303.8002323328983,unswapping,,,,,,,,,,,,64,4,41388,1298,222,56,1.0,left,1.0,1.0,20.0
1304.3358400498983,unswapping,,,,,,,,,,,,64,4,41100,1290,222,56,1.0,right,0.0,1.0,21.0
1304.8618712530006,unswapping,,,,,,,,,,,,64,4,39372,1250,222,56,1.0,right,1.0,2.0,23.0
1305.8805382519495,unswapping,,,,,,,,,,,,64,4,38536,1228,222,56,2.0,both,0.0,3.0,3.0
1306.8899472339544,unswapping,,,,,,,,,,,,64,4,37436,1198,222,56,2.0,both,1.0,4.0,7.0
1307.3971332539804,unswapping,,,,,,,,,,,,64,4,36924,1182,222,56,2.0,left,0.0,1.0,8.0
1307.8965800299775,unswapping,,,,,,,,,,,,64,4,36540,1174,222,56,2.0,left,1.0,1.0,9.0
1308.4135541899595,unswapping,,,,,,,,,,,,64,4,35276,1132,222,56,2.0,right,0.0,3.0,12.0
1308.8871827090625,unswapping,,,,,,,,,,,,64,4,34332,1108,222,56,2.0,right,1.0,2.0,14.0
1309.5338775808923,unswapping,,,,,,,,,,,,64,4,34332,1108,222,56,3.0,both,0.0,0.0,0.0
1310.3634854180273,unswapping,,,,,,,,,,,,64,4,34332,1108,222,56,3.0,both,1.0,0.0,0.0
1310.8424092149362,unswapping,,,,,,,,,,,,64,4,34236,1102,222,56,3.0,left,0.0,1.0,1.0
1311.313195586903,unswapping,,,,,,,,,,,,64,4,34172,1098,222,56,3.0,left,1.0,1.0,2.0
1311.6553750839084,unswapping,,,,,,,,,,,,64,4,34172,1098,222,56,3.0,right,0.0,0.0,2.0
1311.9622902858537,unswapping,,,,,,,,,,,,64,4,34172,1098,222,56,3.0,right,1.0,0.0,2.0
1312.6052378229797,unswapping,,,,,,,,,,,,64,4,34172,1098,222,56,4.0,both,0.0,0.0,0.0
1313.2262307000346,unswapping,,,,,,,,,,,,64,4,34172,1098,222,56,4.0,both,1.0,0.0,0.0
1313.7072005448863,unswapping,,,,,,,,,,,,64,4,34124,1094,222,56,4.0,left,0.0,1.0,1.0
1314.028767633019,unswapping,,,,,,,,,,,,64,4,34124,1094,222,56,4.0,left,1.0,0.0,1.0
1314.3708785718773,unswapping,,,,,,,,,,,,64,4,34124,1094,222,56,4.0,right,0.0,0.0,1.0
1314.6788973428775,unswapping,,,,,,,,,,,,64,4,34124,1094,222,56,4.0,right,1.0,0.0,1.0
1315.3245392129757,unswapping,,,,,,,,,,,,64,4,34124,1094,222,56,5.0,both,0.0,0.0,0.0
1315.9490976668894,unswapping,,,,,,,,,,,,64,4,34124,1094,222,56,5.0,both,1.0,0.0,0.0
1316.2742898410652,unswapping,,,,,,,,,,,,64,4,34124,1094,222,56,5.0,left,0.0,0.0,0.0
1316.5965232788585,unswapping,,,,,,,,,,,,64,4,34124,1094,222,56,5.0,left,1.0,0.0,0.0
1316.9378493749537,unswapping,,,,,,,,,,,,64,4,34124,1094,222,56,5.0,right,0.0,0.0,0.0
1317.2455859559122,unswapping,,,,,,,,,,,,64,4,34124,1094,222,56,5.0,right,1.0,0.0,0.0
1327.1302677069325,absorbing,left,1.0,0.0,1154.0,1125.0,67.0,52.0,119.0,13.0,0.0,0.0,64,4,34124,1094,222,56,,,,,
1327.462719000876,absorbing,left,1.0,1.0,1154.0,1125.0,67.0,52.0,119.0,12.0,0.0,0.0,64,4,37632,1268,222,56,,,,,
1327.8131690099835,absorbing,left,2.0,1.0,1154.0,1125.0,68.0,52.0,120.0,14.0,1.0,1.0,64,4,40988,1346,222,56,,,,,
1328.1931462520733,absorbing,left,2.0,2.0,1154.0,1125.0,68.0,52.0,120.0,14.0,0.0,1.0,64,4,48848,1582,222,56,,,,,
1328.5978143920656,absorbing,left,3.0,2.0,1154.0,1125.0,69.0,52.0,121.0,10.0,1.0,2.0,64,4,66768,1830,222,56,,,,,
1329.2876747450791,absorbing,left,4.0,2.0,1154.0,1125.0,69.0,52.0,121.0,10.0,0.0,2.0,64,4,91792,2074,222,56,,,,,
1329.7203283340205,absorbing,left,5.0,2.0,1154.0,1125.0,69.0,52.0,121.0,10.0,0.0,2.0,128,4,155264,2476,222,56,,,,,
1330.233617736958,absorbing,left,6.0,2.0,1154.0,1125.0,69.0,52.0,121.0,10.0,0.0,2.0,128,4,214760,2758,222,56,,,,,
1330.8256756148767,absorbing,left,7.0,2.0,1154.0,1125.0,69.0,52.0,121.0,12.0,0.0,2.0,128,4,326440,3510,222,56,,,,,
1331.4746529930271,absorbing,left,7.0,3.0,1154.0,1125.0,69.0,52.0,121.0,13.0,0.0,2.0,128,4,573592,4324,222,56,,,,,
1357.5431952269282,unswapping,,,,,,,,,,,,510,4,1288756,5934,222,56,0.0,both,0.0,8.0,8.0
1362.8880233149976,unswapping,,,,,,,,,,,,128,4,325284,3364,222,56,0.0,both,1.0,15.0,23.0
1364.035068177851,unswapping,,,,,,,,,,,,128,4,203416,2360,222,56,0.0,left,0.0,16.0,39.0
1364.9201104610693,unswapping,,,,,,,,,,,,128,4,171080,2110,222,56,0.0,left,1.0,10.0,49.0
1365.5298007540405,unswapping,,,,,,,,,,,,128,4,159496,1974,222,56,0.0,right,0.0,5.0,54.0
1366.1787898598704,unswapping,,,,,,,,,,,,128,4,145416,1834,222,56,0.0,right,1.0,6.0,60.0
1367.388242162997,unswapping,,,,,,,,,,,,128,4,99464,1610,222,56,1.0,both,0.0,8.0,8.0
1371.7209213308524,unswapping,,,,,,,,,,,,64,4,60984,1342,222,56,1.0,both,1.0,10.0,18.0
1372.2817306320649,unswapping,,,,,,,,,,,,64,4,47048,1214,222,56,1.0,left,0.0,6.0,24.0
1372.7210352919064,unswapping,,,,,,,,,,,,64,4,46632,1192,222,56,1.0,left,1.0,3.0,27.0
1373.1967885890044,unswapping,,,,,,,,,,,,64,4,46520,1184,222,56,1.0,right,0.0,2.0,29.0
1373.736426335061,unswapping,,,,,,,,,,,,64,4,34184,1116,222,56,1.0,right,1.0,2.0,31.0
1374.6911642109044,unswapping,,,,,,,,,,,,64,4,34088,1108,222,56,2.0,both,0.0,2.0,2.0
1375.7928867209703,unswapping,,,,,,,,,,,,64,4,33800,1090,222,56,2.0,both,1.0,3.0,5.0
1376.2716899488587,unswapping,,,,,,,,,,,,64,4,33608,1082,222,56,2.0,left,0.0,1.0,6.0
1376.5691706780344,unswapping,,,,,,,,,,,,64,4,33608,1082,222,56,2.0,left,1.0,0.0,6.0
1376.9079292218667,unswapping,,,,,,,,,,,,64,4,33608,1082,222,56,2.0,right,0.0,0.0,6.0
1377.2332660879474,unswapping,,,,,,,,,,,,64,4,33608,1082,222,56,2.0,right,1.0,0.0,6.0
1378.1952441099565,unswapping,,,,,,,,,,,,64,4,33536,1074,222,56,3.0,both,0.0,3.0,3.0
1378.7600829580333,unswapping,,,,,,,,,,,,64,4,33536,1074,222,56,3.0,both,1.0,0.0,3.0
1379.0850434058812,unswapping,,,,,,,,,,,,64,4,33536,1074,222,56,3.0,left,0.0,0.0,3.0
1379.3798416629434,unswapping,,,,,,,,,,,,64,4,33536,1074,222,56,3.0,left,1.0,0.0,3.0
1379.7240907000378,unswapping,,,,,,,,,,,,64,4,33536,1074,222,56,3.0,right,0.0,0.0,3.0
1380.0411196479108,unswapping,,,,,,,,,,,,64,4,33536,1074,222,56,3.0,right,1.0,0.0,3.0
1380.6774378549308,unswapping,,,,,,,,,,,,64,4,33536,1074,222,56,4.0,both,0.0,0.0,0.0
1381.241615182953,unswapping,,,,,,,,,,,,64,4,33536,1074,222,56,4.0,both,1.0,0.0,0.0
1381.5649089710787,unswapping,,,,,,,,,,,,64,4,33536,1074,222,56,4.0,left,0.0,0.0,0.0
1381.8584899208508,unswapping,,,,,,,,,,,,64,4,33536,1074,222,56,4.0,left,1.0,0.0,0.0
1382.2009005590808,unswapping,,,,,,,,,,,,64,4,33536,1074,222,56,4.0,right,0.0,0.0,0.0
1382.5167361879721,unswapping,,,,,,,,,,,,64,4,33536,1074,222,56,4.0,right,1.0,0.0,0.0
1392.5176004320383,absorbing,left,1.0,0.0,1233.0,1107.0,70.0,52.0,122.0,14.0,1.0,1.0,64,4,33664,1082,222,56,,,,,
1392.9482206909452,absorbing,left,1.0,1.0,1233.0,1107.0,70.0,52.0,122.0,12.0,0.0,1.0,64,4,36416,1214,222,56,,,,,
1393.3418901360128,absorbing,left,1.0,2.0,1233.0,1107.0,70.0,53.0,123.0,11.0,1.0,2.0,64,4,44976,1422,222,56,,,,,
1393.7735542480368,absorbing,left,2.0,2.0,1233.0,1107.0,70.0,53.0,123.0,14.0,0.0,2.0,64,4,55184,1574,222,56,,,,,
1394.1694052170496,absorbing,left,2.0,3.0,1233.0,1107.0,70.0,53.0,123.0,15.0,0.0,2.0,64,4,80528,1978,222,56,,,,,
1394.9230189409573,absorbing,left,3.0,3.0,1233.0,1107.0,70.0,53.0,123.0,14.0,0.0,2.0,128,4,147008,2384,222,56,,,,,
1395.4101115339436,absorbing,left,3.0,4.0,1233.0,1107.0,70.0,54.0,124.0,12.0,1.0,3.0,128,4,209408,3012,222,56,,,,,
1396.2121892480645,absorbing,left,4.0,4.0,1233.0,1107.0,70.0,54.0,124.0,15.0,0.0,3.0,128,4,334176,3584,222,56,,,,,
1397.1050350419246,absorbing,left,5.0,4.0,1233.0,1107.0,71.0,54.0,125.0,11.0,1.0,4.0,256,4,571232,4512,222,56,,,,,
1398.4353777719662,absorbing,left,6.0,4.0,1233.0,1107.0,72.0,54.0,126.0,10.0,1.0,5.0,256,4,732064,4952,222,56,,,,,
1400.110586623894,absorbing,left,7.0,4.0,1233.0,1107.0,73.0,54.0,127.0,10.0,1.0,6.0,256,4,869024,5664,222,56,,,,,
1413.2911357439589,unswapping,,,,,,,,,,,,256,4,1526392,6446,222,56,0.0,both,0.0,9.0,9.0
1422.9048944970127,unswapping,,,,,,,,,,,,256,4,1392912,5620,222,56,0.0,both,1.0,17.0,26.0
1427.0730682108551,unswapping,,,,,,,,,,,,255,4,1267076,5056,222,56,0.0,left,0.0,15.0,41.0
1433.0110723020043,unswapping,,,,,,,,,,,,252,4,634504,3954,222,56,0.0,left,1.0,16.0,57.0
1434.5691506210715,unswapping,,,,,,,,,,,,128,4,441656,3438,222,56,0.0,right,0.0,5.0,62.0
1436.6730083338916,unswapping,,,,,,,,,,,,128,4,294872,2936,222,56,0.0,right,1.0,7.0,69.0
1438.8182205299381,unswapping,,,,,,,,,,,,128,4,183584,2256,222,56,1.0,both,0.0,13.0,13.0
1440.733489152044,unswapping,,,,,,,,,,,,128,4,125568,1976,222,56,1.0,both,1.0,6.0,19.0
1441.5728146000765,unswapping,,,,,,,,,,,,64,4,79828,1664,222,56,1.0,left,0.0,8.0,27.0
1442.2375563818496,unswapping,,,,,,,,,,,,64,4,52488,1434,222,56,1.0,left,1.0,7.0,34.0
1442.7175449249335,unswapping,,,,,,,,,,,,64,4,49736,1362,222,56,1.0,right,0.0,3.0,37.0
1443.2730984110385,unswapping,,,,,,,,,,,,64,4,48584,1338,222,56,1.0,right,1.0,1.0,38.0
1444.2882907618769,unswapping,,,,,,,,,,,,64,4,28800,1176,222,56,2.0,both,0.0,7.0,7.0
1445.4368266509846,unswapping,,,,,,,,,,,,32,4,19448,1022,222,56,2.0,both,1.0,7.0,14.0
1445.8823048688937,unswapping,,,,,,,,,,,,32,4,16876,976,222,56,2.0,left,0.0,5.0,19.0
1446.3321789959446,unswapping,,,,,,,,,,,,32,4,12968,916,222,56,2.0,left,1.0,4.0,23.0
1446.766791492002,unswapping,,,,,,,,,,,,32,4,12328,888,222,56,2.0,right,0.0,2.0,25.0
1447.160741173895,unswapping,,,,,,,,,,,,32,4,12280,884,222,56,2.0,right,1.0,1.0,26.0
1448.0092828019988,unswapping,,,,,,,,,,,,16,4,10040,844,222,56,3.0,both,0.0,2.0,2.0
1448.810752589954,unswapping,,,,,,,,,,,,16,4,9992,840,222,56,3.0,both,1.0,1.0,3.0
1449.0818193000741,unswapping,,,,,,,,,,,,16,4,9992,840,222,56,3.0,left,0.0,0.0,3.0
1449.4897570209578,unswapping,,,,,,,,,,,,16,4,9800,832,222,56,3.0,left,1.0,1.0,4.0
1449.7652669900563,unswapping,,,,,,,,,,,,16,4,9800,832,222,56,3.0,right,0.0,0.0,4.0
1450.0182340058964,unswapping,,,,,,,,,,,,16,4,9800,832,222,56,3.0,right,1.0,0.0,4.0
1450.8477968790103,unswapping,,,,,,,,,,,,16,4,9752,828,222,56,4.0,both,0.0,1.0,1.0
1451.348929858068,unswapping,,,,,,,,,,,,16,4,9752,828,222,56,4.0,both,1.0,0.0,1.0
1451.6171041659545,unswapping,,,,,,,,,,,,16,4,9752,828,222,56,4.0,left,0.0,0.0,1.0
1451.8739425200038,unswapping,,,,,,,,,,,,16,4,9752,828,222,56,4.0,left,1.0,0.0,1.0
1452.147963467054,unswapping,,,,,,,,,,,,16,4,9752,828,222,56,4.0,right,0.0,0.0,1.0
1452.4007365398575,unswapping,,,,,,,,,,,,16,4,9752,828,222,56,4.0,right,1.0,0.0,1.0
1452.9320943830535,unswapping,,,,,,,,,,,,16,4,9752,828,222,56,5.0,both,0.0,0.0,0.0
1453.4319078240078,unswapping,,,,,,,,,,,,16,4,9752,828,222,56,5.0,both,1.0,0.0,0.0
1453.7027958009858,unswapping,,,,,,,,,,,,16,4,9752,828,222,56,5.0,left,0.0,0.0,0.0
1453.9588480000384,unswapping,,,,,,,,,,,,16,4,9752,828,222,56,5.0,left,1.0,0.0,0.0
1454.2330839550123,unswapping,,,,,,,,,,,,16,4,9752,828,222,56,5.0,right,0.0,0.0,0.0
1454.485953012947,unswapping,,,,,,,,,,,,16,4,9752,828,222,56,5.0,right,1.0,0.0,0.0
1464.8287058910355,absorbing,left,1.0,0.0,1113.0,1244.0,74.0,54.0,128.0,13.0,1.0,1.0,16,4,9752,828,222,56,,,,,
1465.165601382032,absorbing,left,2.0,0.0,1113.0,1244.0,75.0,54.0,129.0,14.0,1.0,2.0,32,4,14576,976,222,56,,,,,
1465.4986604698934,absorbing,left,2.0,1.0,1113.0,1244.0,75.0,54.0,129.0,17.0,0.0,2.0,32,4,19416,1148,222,56,,,,,
1465.852940740995,absorbing,left,3.0,1.0,1113.0,1244.0,75.0,54.0,129.0,16.0,0.0,2.0,32,4,30296,1416,222,56,,,,,
1466.2381464079954,absorbing,left,3.0,2.0,1113.0,1244.0,75.0,55.0,130.0,13.0,1.0,3.0,64,4,50680,1714,222,56,,,,,
1466.6579183940776,absorbing,left,3.0,3.0,1113.0,1244.0,75.0,56.0,131.0,12.0,1.0,4.0,64,4,77176,2112,222,56,,,,,
1467.137601868948,absorbing,left,4.0,3.0,1113.0,1244.0,75.0,56.0,131.0,15.0,0.0,4.0,64,4,111712,2490,222,56,,,,,
1467.7219193740748,absorbing,left,5.0,3.0,1113.0,1244.0,76.0,56.0,132.0,16.0,1.0,5.0,64,4,158432,2912,222,56,,,,,
1468.4789279999677,absorbing,left,6.0,3.0,1113.0,1244.0,76.0,56.0,132.0,16.0,0.0,5.0,256,4,303648,3702,222,56,,,,,
1469.4561391628813,absorbing,left,6.0,4.0,1113.0,1244.0,76.0,57.0,133.0,12.0,1.0,6.0,256,4,390240,4216,222,56,,,,,
1470.449017276056,absorbing,left,6.0,5.0,1113.0,1244.0,76.0,57.0,133.0,11.0,0.0,6.0,256,4,478304,4760,222,56,,,,,
1471.4527244549245,absorbing,left,7.0,5.0,1113.0,1244.0,76.0,57.0,133.0,14.0,0.0,6.0,256,4,576032,5470,222,56,,,,,
1472.713775685057,absorbing,left,7.0,6.0,1113.0,1244.0,76.0,58.0,134.0,9.0,1.0,7.0,256,4,750368,6108,222,56,,,,,
1483.3380742340814,unswapping,,,,,,,,,,,,256,4,1115936,6942,222,56,0.0,both,0.0,6.0,6.0
1487.7640705830418,unswapping,,,,,,,,,,,,256,4,893088,5848,222,56,0.0,both,1.0,9.0,15.0
1490.4519904239569,unswapping,,,,,,,,,,,,256,4,419160,4394,222,56,0.0,left,0.0,17.0,32.0
1492.6514236219227,unswapping,,,,,,,,,,,,64,4,173976,2932,222,56,0.0,left,1.0,16.0,48.0
1493.3730262659956,unswapping,,,,,,,,,,,,64,4,167704,2804,222,56,0.0,right,0.0,4.0,52.0
1494.615467828,unswapping,,,,,,,,,,,,64,4,148008,2640,222,56,0.0,right,1.0,5.0,57.0
1496.6885911659338,unswapping,,,,,,,,,,,,64,4,93804,2094,222,56,1.0,both,0.0,14.0,14.0
1498.014019252034,unswapping,,,,,,,,,,,,64,4,69372,1834,222,56,1.0,both,1.0,6.0,20.0
1498.8462635478936,unswapping,,,,,,,,,,,,64,4,49052,1626,222,56,1.0,left,0.0,6.0,26.0
1499.3889510519803,unswapping,,,,,,,,,,,,64,4,38748,1442,222,56,1.0,left,1.0,8.0,34.0
1499.8892126190476,unswapping,,,,,,,,,,,,32,4,31956,1348,222,56,1.0,right,0.0,3.0,37.0
1500.4324884070083,unswapping,,,,,,,,,,,,32,4,29400,1298,222,56,1.0,right,1.0,4.0,41.0
1501.6890301608946,unswapping,,,,,,,,,,,,32,4,23016,1182,222,56,2.0,both,0.0,7.0,7.0
1502.573094889056,unswapping,,,,,,,,,,,,32,4,20264,1110,222,56,2.0,both,1.0,5.0,12.0
1503.047726636054,unswapping,,,,,,,,,,,,32,4,15904,1042,222,56,2.0,left,0.0,4.0,16.0
1503.478866559919,unswapping,,,,,,,,,,,,16,4,13632,978,222,56,2.0,left,1.0,4.0,20.0
1503.904037043918,unswapping,,,,,,,,,,,,16,4,12672,954,222,56,2.0,right,0.0,2.0,22.0
1504.3174628959969,unswapping,,,,,,,,,,,,16,4,12288,938,222,56,2.0,right,1.0,2.0,24.0
1505.1649729339406,unswapping,,,,,,,,,,,,16,4,11904,922,222,56,3.0,both,0.0,2.0,2.0
1505.9896154198796,unswapping,,,,,,,,,,,,16,4,10704,886,222,56,3.0,both,1.0,4.0,6.0
1506.2491797700059,unswapping,,,,,,,,,,,,16,4,10704,886,222,56,3.0,left,0.0,0.0,6.0
1506.6521108220331,unswapping,,,,,,,,,,,,16,4,10576,878,222,56,3.0,left,1.0,1.0,7.0
1507.0529173130635,unswapping,,,,,,,,,,,,16,4,10516,872,222,56,3.0,right,0.0,1.0,8.0
1507.455630355049,unswapping,,,,,,,,,,,,16,4,10444,868,222,56,3.0,right,1.0,1.0,9.0
1508.2685117849614,unswapping,,,,,,,,,,,,16,4,9964,852,222,56,4.0,both,0.0,2.0,2.0
1509.2769056949764,unswapping,,,,,,,,,,,,16,4,9132,828,222,56,4.0,both,1.0,2.0,4.0
1509.6820181598887,unswapping,,,,,,,,,,,,16,4,8812,820,222,56,4.0,left,0.0,1.0,5.0
1510.0801610089839,unswapping,,,,,,,,,,,,16,4,8172,804,222,56,4.0,left,1.0,1.0,6.0
1510.4709269830491,unswapping,,,,,,,,,,,,16,4,7404,780,222,56,4.0,right,0.0,1.0,7.0
1510.8658957248554,unswapping,,,,,,,,,,,,16,4,7276,772,222,56,4.0,right,1.0,1.0,8.0
1511.3479160768911,unswapping,,,,,,,,,,,,16,4,7276,772,222,56,5.0,both,0.0,0.0,0.0
1511.8334589640144,unswapping,,,,,,,,,,,,16,4,7276,772,222,56,5.0,both,1.0,0.0,0.0
1512.0751507559326,unswapping,,,,,,,,,,,,16,4,7276,772,222,56,5.0,left,0.0,0.0,0.0
1512.316016960889,unswapping,,,,,,,,,,,,16,4,7276,772,222,56,5.0,left,1.0,0.0,0.0
1512.5612468919717,unswapping,,,,,,,,,,,,16,4,7276,772,222,56,5.0,right,0.0,0.0,0.0
1512.8115089370403,unswapping,,,,,,,,,,,,16,4,7276,772,222,56,5.0,right,1.0,0.0,0.0
1522.8765475880355,absorbing,left,1.0,0.0,1139.0,1203.0,77.0,58.0,135.0,13.0,1.0,1.0,16,4,7148,764,222,56,,,,,
1523.1970772000495,absorbing,left,1.0,1.0,1139.0,1203.0,77.0,59.0,136.0,8.0,1.0,2.0,32,4,10168,886,222,56,,,,,
1523.5216755380388,absorbing,left,2.0,1.0,1139.0,1203.0,78.0,59.0,137.0,15.0,1.0,3.0,32,4,10528,938,222,56,,,,,
1523.8482245230116,absorbing,left,2.0,2.0,1139.0,1203.0,78.0,60.0,138.0,8.0,1.0,4.0,32,4,12064,1012,222,56,,,,,
1524.1754080629908,absorbing,left,2.0,3.0,1139.0,1203.0,78.0,61.0,139.0,10.0,1.0,5.0,32,4,19216,1232,222,56,,,,,
1524.5249852428678,absorbing,left,2.0,4.0,1139.0,1203.0,78.0,61.0,139.0,11.0,0.0,5.0,32,4,38016,1540,222,56,,,,,
1524.8959940969944,absorbing,left,3.0,4.0,1139.0,1203.0,78.0,61.0,139.0,16.0,0.0,5.0,32,4,56832,1860,222,56,,,,,
1525.348618461052,absorbing,left,3.0,5.0,1139.0,1203.0,78.0,61.0,139.0,11.0,0.0,5.0,128,4,103008,2312,222,56,,,,,
1525.8821357260458,absorbing,left,4.0,5.0,1139.0,1203.0,78.0,61.0,139.0,16.0,0.0,5.0,128,4,144928,2824,222,56,,,,,
1526.4796893028542,absorbing,left,4.0,6.0,1139.0,1203.0,78.0,61.0,139.0,12.0,0.0,5.0,128,4,261024,3424,222,56,,,,,
1527.0844674198888,absorbing,left,5.0,6.0,1139.0,1203.0,78.0,61.0,139.0,14.0,0.0,5.0,128,4,350752,4104,222,56,,,,,
1528.4756398538593,absorbing,left,5.0,7.0,1139.0,1203.0,78.0,61.0,139.0,12.0,0.0,5.0,128,4,537120,4864,222,56,,,,,
1530.0115254689008,absorbing,left,6.0,7.0,1139.0,1203.0,80.0,61.0,141.0,9.0,2.0,7.0,256,4,719392,5648,222,56,,,,,
1532.1584774178918,absorbing,left,7.0,7.0,1139.0,1203.0,81.0,61.0,142.0,7.0,1.0,8.0,256,4,950816,6384,222,56,,,,,
1539.4499453878962,unswapping,,,,,,,,,,,,256,4,684576,5692,222,56,0.0,both,0.0,8.0,8.0
1544.9354283239227,unswapping,,,,,,,,,,,,128,4,384864,4240,222,56,0.0,both,1.0,11.0,19.0
1546.5970882398542,unswapping,,,,,,,,,,,,64,4,223704,3376,222,56,0.0,left,0.0,11.0,30.0
1548.113423052011,unswapping,,,,,,,,,,,,64,4,117496,2606,222,56,0.0,left,1.0,15.0,45.0
1548.84550668695,unswapping,,,,,,,,,,,,64,4,84152,2060,222,56,0.0,right,0.0,14.0,59.0
1550.1670434030239,unswapping,,,,,,,,,,,,64,4,74168,1896,222,56,0.0,right,1.0,8.0,67.0
1551.4821899300441,unswapping,,,,,,,,,,,,64,4,48720,1604,222,56,1.0,both,0.0,9.0,9.0
1552.5943253368605,unswapping,,,,,,,,,,,,64,4,37024,1440,222,56,1.0,both,1.0,6.0,15.0
1553.1283176159486,unswapping,,,,,,,,,,,,64,4,32272,1324,222,56,1.0,left,0.0,7.0,22.0
1553.6337713350076,unswapping,,,,,,,,,,,,32,4,23248,1188,222,56,1.0,left,1.0,4.0,26.0
1554.0751964119263,unswapping,,,,,,,,,,,,32,4,20768,1112,222,56,1.0,right,0.0,5.0,31.0
1554.5267852570396,unswapping,,,,,,,,,,,,32,4,19872,1084,222,56,1.0,right,1.0,2.0,33.0
1555.4436480829027,unswapping,,,,,,,,,,,,32,4,15556,1006,222,56,2.0,both,0.0,6.0,6.0
1556.3046753108501,unswapping,,,,,,,,,,,,32,4,12948,938,222,56,2.0,both,1.0,5.0,11.0
1556.7073464409914,unswapping,,,,,,,,,,,,32,4,12564,922,222,56,2.0,left,0.0,1.0,12.0
1557.317424583016,unswapping,,,,,,,,,,,,32,4,12468,914,222,56,2.0,left,1.0,1.0,13.0
1557.5688826220576,unswapping,,,,,,,,,,,,32,4,12468,914,222,56,2.0,right,0.0,0.0,13.0
1557.841339222854,unswapping,,,,,,,,,,,,32,4,12468,914,222,56,2.0,right,1.0,0.0,13.0
1558.6606875599828,unswapping,,,,,,,,,,,,32,4,12072,892,222,56,3.0,both,0.0,3.0,3.0
1559.4691454588901,unswapping,,,,,,,,,,,,32,4,12024,888,222,56,3.0,both,1.0,1.0,4.0
1559.7276802100241,unswapping,,,,,,,,,,,,32,4,12024,888,222,56,3.0,left,0.0,0.0,4.0
1559.9819903760217,unswapping,,,,,,,,,,,,32,4,12024,888,222,56,3.0,left,1.0,0.0,4.0
1560.2317998830695,unswapping,,,,,,,,,,,,32,4,12024,888,222,56,3.0,right,0.0,0.0,4.0
1560.4972824559081,unswapping,,,,,,,,,,,,32,4,12024,888,222,56,3.0,right,1.0,0.0,4.0
1561.299793500919,unswapping,,,,,,,,,,,,32,4,11976,884,222,56,4.0,both,0.0,1.0,1.0
1562.1124243459199,unswapping,,,,,,,,,,,,32,4,11928,878,222,56,4.0,both,1.0,1.0,2.0
1562.367656309856,unswapping,,,,,,,,,,,,32,4,11928,878,222,56,4.0,left,0.0,0.0,2.0
1562.6199138050433,unswapping,,,,,,,,,,,,32,4,11928,878,222,56,4.0,left,1.0,0.0,2.0
1562.8677762229927,unswapping,,,,,,,,,,,,32,4,11928,878,222,56,4.0,right,0.0,0.0,2.0
1563.1326423338614,unswapping,,,,,,,,,,,,32,4,11928,878,222,56,4.0,right,1.0,0.0,2.0
1563.6386993129272,unswapping,,,,,,,,,,,,32,4,11928,878,222,56,5.0,both,0.0,0.0,0.0
1564.15542468708,unswapping,,,,,,,,,,,,32,4,11928,878,222,56,5.0,both,1.0,0.0,0.0
1564.4101073329803,unswapping,,,,,,,,,,,,32,4,11928,878,222,56,5.0,left,0.0,0.0,0.0
1564.6656361799687,unswapping,,,,,,,,,,,,32,4,11928,878,222,56,5.0,left,1.0,0.0,0.0
1564.9143800730817,unswapping,,,,,,,,,,,,32,4,11928,878,222,56,5.0,right,0.0,0.0,0.0
1565.1807915100362,unswapping,,,,,,,,,,,,32,4,11928,878,222,56,5.0,right,1.0,0.0,0.0
1575.2610458089039,absorbing,left,1.0,0.0,1085.0,1274.0,81.0,61.0,142.0,15.0,0.0,0.0,32,4,11928,878,222,56,,,,,
1575.581400247058,absorbing,left,1.0,1.0,1085.0,1274.0,81.0,62.0,143.0,13.0,1.0,1.0,16,4,13056,988,222,56,,,,,
1575.909733257955,absorbing,left,2.0,1.0,1085.0,1274.0,81.0,62.0,143.0,16.0,0.0,1.0,16,4,15808,1076,222,56,,,,,
1576.2571465140209,absorbing,left,3.0,1.0,1085.0,1274.0,81.0,62.0,143.0,13.0,0.0,1.0,32,4,24704,1320,222,56,,,,,
1576.6627592078876,absorbing,left,3.0,2.0,1085.0,1274.0,81.0,63.0,144.0,13.0,1.0,2.0,64,4,44000,1672,222,56,,,,,
1577.0890541409608,absorbing,left,4.0,2.0,1085.0,1274.0,83.0,63.0,146.0,14.0,2.0,4.0,64,4,85216,2164,222,56,,,,,
1577.523661356885,absorbing,left,4.0,3.0,1085.0,1274.0,83.0,64.0,147.0,16.0,1.0,5.0,64,4,150176,2624,222,56,,,,,
1578.1399625448976,absorbing,left,4.0,4.0,1085.0,1274.0,83.0,66.0,149.0,13.0,2.0,7.0,256,4,270112,3272,222,56,,,,,
1578.8749266800005,absorbing,left,4.0,5.0,1085.0,1274.0,83.0,66.0,149.0,12.0,0.0,7.0,256,4,376096,3752,222,56,,,,,
1579.6230571449269,absorbing,left,4.0,6.0,1085.0,1274.0,83.0,66.0,149.0,12.0,0.0,7.0,256,4,413984,4128,222,56,,,,,
1580.4047586738598,absorbing,left,4.0,7.0,1085.0,1274.0,83.0,66.0,149.0,10.0,0.0,7.0,256,4,612128,4976,222,56,,,,,
1582.125798491994,absorbing,left,5.0,7.0,1085.0,1274.0,84.0,66.0,150.0,12.0,1.0,8.0,256,4,897824,6352,222,56,,,,,
1593.117583157029,unswapping,,,,,,,,,,,,256,4,1172256,6736,222,56,0.0,both,0.0,5.0,5.0
1597.1161018440034,unswapping,,,,,,,,,,,,256,4,532000,4844,222,56,0.0,both,1.0,12.0,17.0
1599.2030131209176,unswapping,,,,,,,,,,,,64,4,272216,3732,222,56,0.0,left,0.0,11.0,28.0
1601.4746265918948,unswapping,,,,,,,,,,,,64,4,147000,2952,222,56,0.0,left,1.0,13.0,41.0
1602.3152786709834,unswapping,,,,,,,,,,,,64,4,102416,2330,222,56,0.0,right,0.0,14.0,55.0
1603.2332768139895,unswapping,,,,,,,,,,,,64,4,80432,2080,222,56,0.0,right,1.0,10.0,65.0
1604.7291358390357,unswapping,,,,,,,,,,,,64,4,46240,1668,222,56,1.0,both,0.0,13.0,13.0
1605.905529538868,unswapping,,,,,,,,,,,,32,4,31376,1408,222,56,1.0,both,1.0,10.0,23.0
1606.4261524749454,unswapping,,,,,,,,,,,,32,4,23120,1252,222,56,1.0,left,0.0,7.0,30.0
1607.170348183019,unswapping,,,,,,,,,,,,16,4,20240,1184,222,56,1.0,left,1.0,3.0,33.0
1607.6485967768822,unswapping,,,,,,,,,,,,16,4,19424,1144,222,56,1.0,right,0.0,4.0,37.0
1608.111539500067,unswapping,,,,,,,,,,,,16,4,19200,1128,222,56,1.0,right,1.0,2.0,39.0
1609.099025093019,unswapping,,,,,,,,,,,,16,4,16452,1058,222,56,2.0,both,0.0,7.0,7.0
1610.0020422688685,unswapping,,,,,,,,,,,,16,4,14180,994,222,56,2.0,both,1.0,6.0,13.0
1610.4370227728505,unswapping,,,,,,,,,,,,16,4,12868,954,222,56,2.0,left,0.0,3.0,16.0
1610.8855161168613,unswapping,,,,,,,,,,,,16,4,11076,910,222,56,2.0,left,1.0,4.0,20.0
1611.3085678839125,unswapping,,,,,,,,,,,,16,4,10308,886,222,56,2.0,right,0.0,1.0,21.0
1611.562780011911,unswapping,,,,,,,,,,,,16,4,10308,886,222,56,2.0,right,1.0,0.0,21.0
1612.3862642399035,unswapping,,,,,,,,,,,,16,4,9348,862,222,56,3.0,both,0.0,2.0,2.0
1613.2105027330108,unswapping,,,,,,,,,,,,16,4,8196,830,222,56,3.0,both,1.0,3.0,5.0
1613.6137265008874,unswapping,,,,,,,,,,,,16,4,7956,818,222,56,3.0,left,0.0,2.0,7.0
1613.8661286658607,unswapping,,,,,,,,,,,,16,4,7956,818,222,56,3.0,left,1.0,0.0,7.0
1614.1166748020332,unswapping,,,,,,,,,,,,16,4,7956,818,222,56,3.0,right,0.0,0.0,7.0
1614.3635732599068,unswapping,,,,,,,,,,,,16,4,7956,818,222,56,3.0,right,1.0,0.0,7.0
1615.151746259071,unswapping,,,,,,,,,,,,16,4,7908,814,222,56,4.0,both,0.0,1.0,1.0
1615.9377579130232,unswapping,,,,,,,,,,,,16,4,7860,810,222,56,4.0,both,1.0,1.0,2.0
1616.1897421600297,unswapping,,,,,,,,,,,,16,4,7860,810,222,56,4.0,left,0.0,0.0,2.0
1616.441813512938,unswapping,,,,,,,,,,,,16,4,7860,810,222,56,4.0,left,1.0,0.0,2.0
1616.6941075730138,unswapping,,,,,,,,,,,,16,4,7860,810,222,56,4.0,right,0.0,0.0,2.0
1616.9398738779128,unswapping,,,,,,,,,,,,16,4,7860,810,222,56,4.0,right,1.0,0.0,2.0
1617.9418632879388,unswapping,,,,,,,,,,,,16,4,7812,806,222,56,5.0,both,0.0,1.0,1.0
1618.7273100409657,unswapping,,,,,,,,,,,,16,4,7764,802,222,56,5.0,both,1.0,1.0,2.0
1618.9786709130276,unswapping,,,,,,,,,,,,16,4,7764,802,222,56,5.0,left,0.0,0.0,2.0
1619.229262944078,unswapping,,,,,,,,,,,,16,4,7764,802,222,56,5.0,left,1.0,0.0,2.0
1619.480004106881,unswapping,,,,,,,,,,,,16,4,7764,802,222,56,5.0,right,0.0,0.0,2.0
1619.7247160079423,unswapping,,,,,,,,,,,,16,4,7764,802,222,56,5.0,right,1.0,0.0,2.0
1620.2176779890433,unswapping,,,,,,,,,,,,16,4,7764,802,222,56,6.0,both,0.0,0.0,0.0
1620.7083858358674,unswapping,,,,,,,,,,,,16,4,7764,802,222,56,6.0,both,1.0,0.0,0.0
1620.958685006015,unswapping,,,,,,,,,,,,16,4,7764,802,222,56,6.0,left,0.0,0.0,0.0
1621.206063434016,unswapping,,,,,,,,,,,,16,4,7764,802,222,56,6.0,left,1.0,0.0,0.0
1621.456824268913,unswapping,,,,,,,,,,,,16,4,7764,802,222,56,6.0,right,0.0,0.0,0.0
1621.7011597089004,unswapping,,,,,,,,,,,,16,4,7764,802,222,56,6.0,right,1.0,0.0,0.0
1631.4971778800245,absorbing,left,1.0,0.0,1172.0,1196.0,85.0,66.0,151.0,12.0,1.0,1.0,16,4,7764,802,222,56,,,,,
1631.8156162470113,absorbing,left,2.0,0.0,1172.0,1196.0,87.0,66.0,153.0,11.0,2.0,3.0,32,4,11140,966,222,56,,,,,
1632.1438185819425,absorbing,left,2.0,1.0,1172.0,1196.0,87.0,66.0,153.0,12.0,0.0,3.0,32,4,16248,1116,222,56,,,,,
1632.4779730800074,absorbing,left,3.0,1.0,1172.0,1196.0,88.0,66.0,154.0,11.0,1.0,4.0,32,4,26136,1312,222,56,,,,,
1632.862439400982,absorbing,left,4.0,1.0,1172.0,1196.0,90.0,66.0,156.0,10.0,2.0,6.0,32,4,32664,1484,222,56,,,,,
1633.271509167971,absorbing,left,5.0,1.0,1172.0,1196.0,91.0,66.0,157.0,12.0,1.0,7.0,64,4,44440,1656,222,56,,,,,
1633.7101566970814,absorbing,left,6.0,1.0,1172.0,1196.0,91.0,66.0,157.0,11.0,0.0,7.0,64,4,50600,1764,222,56,,,,,
1634.141807822045,absorbing,left,6.0,2.0,1172.0,1196.0,91.0,66.0,157.0,16.0,0.0,7.0,64,4,77144,2180,222,56,,,,,
1634.647482239874,absorbing,left,7.0,2.0,1172.0,1196.0,91.0,66.0,157.0,7.0,0.0,7.0,64,4,119744,2504,222,56,,,,,
1635.4566193670034,absorbing,left,8.0,2.0,1172.0,1196.0,91.0,66.0,157.0,7.0,0.0,7.0,64,4,134368,2580,222,56,,,,,
1635.953930791933,absorbing,left,9.0,2.0,1172.0,1196.0,91.0,66.0,157.0,9.0,0.0,7.0,64,4,165792,2748,222,56,,,,,
1636.5169115830213,absorbing,left,9.0,3.0,1172.0,1196.0,91.0,66.0,157.0,15.0,0.0,7.0,64,4,201504,3128,222,56,,,,,
1637.285066457931,absorbing,left,9.0,4.0,1172.0,1196.0,91.0,66.0,157.0,15.0,0.0,7.0,64,4,276736,3612,222,56,,,,,
1638.1402358480264,absorbing,left,10.0,4.0,1172.0,1196.0,91.0,66.0,157.0,9.0,0.0,7.0,256,4,423544,4226,222,56,,,,,
1639.124410619028,absorbing,left,10.0,5.0,1172.0,1196.0,91.0,66.0,157.0,12.0,0.0,7.0,256,4,710048,5464,222,56,,,,,
1648.031289238017,unswapping,,,,,,,,,,,,510,4,1047200,5860,222,56,0.0,both,0.0,5.0,5.0
1653.0377120829653,unswapping,,,,,,,,,,,,128,4,275360,3568,222,56,0.0,both,1.0,14.0,19.0
1654.2201960070524,unswapping,,,,,,,,,,,,64,4,169304,2860,222,56,0.0,left,0.0,9.0,28.0
1655.6054958489258,unswapping,,,,,,,,,,,,64,4,102584,2308,222,56,0.0,left,1.0,14.0,42.0
1656.2556262379512,unswapping,,,,,,,,,,,,64,4,82168,2044,222,56,0.0,right,0.0,7.0,49.0
1656.9852132420056,unswapping,,,,,,,,,,,,64,4,62008,1892,222,56,0.0,right,1.0,3.0,52.0
1658.2574196069036,unswapping,,,,,,,,,,,,32,4,38192,1504,222,56,1.0,both,0.0,13.0,13.0
1659.3981608429458,unswapping,,,,,,,,,,,,32,4,25824,1300,222,56,1.0,both,1.0,10.0,23.0
1659.856048366055,unswapping,,,,,,,,,,,,32,4,25568,1292,222,56,1.0,left,0.0,1.0,24.0
1660.3416688020807,unswapping,,,,,,,,,,,,32,4,24416,1260,222,56,1.0,left,1.0,2.0,26.0
1660.8117017620243,unswapping,,,,,,,,,,,,32,4,19232,1156,222,56,1.0,right,0.0,4.0,30.0
1661.3006805879995,unswapping,,,,,,,,,,,,16,4,15328,1076,222,56,1.0,right,1.0,4.0,34.0
1662.195512929,unswapping,,,,,,,,,,,,16,4,12244,986,222,56,2.0,both,0.0,7.0,7.0
1663.258914094884,unswapping,,,,,,,,,,,,16,4,11044,932,222,56,2.0,both,1.0,4.0,11.0
1663.6718190240208,unswapping,,,,,,,,,,,,16,4,10756,918,222,56,2.0,left,0.0,3.0,14.0
1664.1078036290128,unswapping,,,,,,,,,,,,16,4,9788,880,222,56,2.0,left,1.0,4.0,18.0
1664.3624721649103,unswapping,,,,,,,,,,,,16,4,9788,880,222,56,2.0,right,0.0,0.0,18.0
1664.7688095769845,unswapping,,,,,,,,,,,,16,4,9500,868,222,56,2.0,right,1.0,1.0,19.0
1665.6014648049604,unswapping,,,,,,,,,,,,16,4,8176,802,222,56,3.0,both,0.0,9.0,9.0
1666.4341063578613,unswapping,,,,,,,,,,,,16,4,7092,748,222,56,3.0,both,1.0,5.0,14.0
1666.826455382863,unswapping,,,,,,,,,,,,16,4,6900,732,222,56,3.0,left,0.0,2.0,16.0
1667.2306814319454,unswapping,,,,,,,,,,,,16,4,6612,720,222,56,3.0,left,1.0,1.0,17.0
1667.6291651839856,unswapping,,,,,,,,,,,,16,4,6428,704,222,56,3.0,right,0.0,2.0,19.0
1667.8746954698581,unswapping,,,,,,,,,,,,16,4,6428,704,222,56,3.0,right,1.0,0.0,19.0
1668.35833752295,unswapping,,,,,,,,,,,,16,4,6428,704,222,56,4.0,both,0.0,0.0,0.0
1669.1540655209683,unswapping,,,,,,,,,,,,16,4,6380,700,222,56,4.0,both,1.0,1.0,1.0
1669.547271257965,unswapping,,,,,,,,,,,,16,4,6332,696,222,56,4.0,left,0.0,1.0,2.0
1669.8115837150253,unswapping,,,,,,,,,,,,16,4,6332,696,222,56,4.0,left,1.0,0.0,2.0
1670.051009614952,unswapping,,,,,,,,,,,,16,4,6332,696,222,56,4.0,right,0.0,0.0,2.0
1670.2955598749686,unswapping,,,,,,,,,,,,16,4,6332,696,222,56,4.0,right,1.0,0.0,2.0
1670.776674429886,unswapping,,,,,,,,,,,,16,4,6332,696,222,56,5.0,both,0.0,0.0,0.0
1671.5766232039314,unswapping,,,,,,,,,,,,16,4,6284,692,222,56,5.0,both,1.0,1.0,1.0
1671.819054651074,unswapping,,,,,,,,,,,,16,4,6284,692,222,56,5.0,left,0.0,0.0,1.0
1672.0810480220243,unswapping,,,,,,,,,,,,16,4,6284,692,222,56,5.0,left,1.0,0.0,1.0
1672.3198136070278,unswapping,,,,,,,,,,,,16,4,6284,692,222,56,5.0,right,0.0,0.0,1.0
1672.7730533520225,unswapping,,,,,,,,,,,,16,4,6284,692,222,56,5.0,right,1.0,0.0,1.0
1673.2479123829398,unswapping,,,,,,,,,,,,16,4,6284,692,222,56,6.0,both,0.0,0.0,0.0
1673.75957870204,unswapping,,,,,,,,,,,,16,4,6284,692,222,56,6.0,both,1.0,0.0,0.0
1674.0009347139858,unswapping,,,,,,,,,,,,16,4,6284,692,222,56,6.0,left,0.0,0.0,0.0
1674.2635649589356,unswapping,,,,,,,,,,,,16,4,6284,692,222,56,6.0,left,1.0,0.0,0.0
1674.501441276865,unswapping,,,,,,,,,,,,16,4,6284,692,222,56,6.0,right,0.0,0.0,0.0
1674.748413932044,unswapping,,,,,,,,,,,,16,4,6284,692,222,56,6.0,right,1.0,0.0,0.0
1684.5975912099238,absorbing,left,1.0,0.0,1091.0,1181.0,92.0,66.0,158.0,13.0,1.0,1.0,16,4,6264,690,222,56,,,,,
1684.8997382968664,absorbing,left,1.0,1.0,1091.0,1181.0,92.0,66.0,158.0,11.0,0.0,1.0,16,4,8384,810,222,56,,,,,
1685.2095579740126,absorbing,left,2.0,1.0,1091.0,1181.0,92.0,66.0,158.0,12.0,0.0,1.0,32,4,12736,954,222,56,,,,,
1685.5310380999,absorbing,left,3.0,1.0,1091.0,1181.0,92.0,66.0,158.0,12.0,0.0,1.0,32,4,16232,1056,222,56,,,,,
1685.8548477808945,absorbing,left,4.0,1.0,1091.0,1181.0,92.0,66.0,158.0,11.0,0.0,1.0,32,4,24240,1226,222,56,,,,,
1686.2074769008905,absorbing,left,5.0,1.0,1091.0,1181.0,93.0,66.0,159.0,9.0,1.0,2.0,32,4,31392,1392,222,56,,,,,
1686.552651291946,absorbing,left,6.0,1.0,1091.0,1181.0,95.0,66.0,161.0,7.0,2.0,4.0,32,4,41376,1572,222,56,,,,,
1686.9423497950193,absorbing,left,7.0,1.0,1091.0,1181.0,95.0,66.0,161.0,7.0,0.0,4.0,128,4,75168,1932,222,56,,,,,
1687.34448913089,absorbing,left,8.0,1.0,1091.0,1181.0,95.0,66.0,161.0,9.0,0.0,4.0,128,4,83744,2036,222,56,,,,,
1687.7764550358988,absorbing,left,9.0,1.0,1091.0,1181.0,96.0,66.0,162.0,8.0,1.0,5.0,128,4,97824,2244,222,56,,,,,
1688.2475504348986,absorbing,left,10.0,1.0,1091.0,1181.0,96.0,66.0,162.0,9.0,0.0,5.0,128,4,107040,2412,222,56,,,,,
1688.7356286828872,absorbing,left,10.0,2.0,1091.0,1181.0,96.0,66.0,162.0,9.0,0.0,5.0,128,4,199392,2936,222,56,,,,,
1689.236260759877,absorbing,left,10.0,3.0,1091.0,1181.0,96.0,66.0,162.0,10.0,0.0,5.0,128,4,231712,3152,222,56,,,,,
1689.876471803058,absorbing,left,10.0,4.0,1091.0,1181.0,96.0,66.0,162.0,10.0,0.0,5.0,128,4,257952,3288,222,56,,,,,
1690.4451990439557,absorbing,left,10.0,5.0,1091.0,1181.0,96.0,66.0,162.0,10.0,0.0,5.0,128,4,328096,3728,222,56,,,,,
1691.1917279330082,absorbing,left,11.0,5.0,1091.0,1181.0,98.0,66.0,164.0,5.0,2.0,7.0,128,4,414112,4380,222,56,,,,,
1692.1639940468594,absorbing,left,12.0,5.0,1091.0,1181.0,98.0,66.0,164.0,5.0,0.0,7.0,128,4,445080,4610,222,56,,,,,
1692.9540059489664,absorbing,left,13.0,5.0,1091.0,1181.0,98.0,66.0,164.0,8.0,0.0,7.0,256,4,563632,5192,222,56,,,,,
1694.079499267973,absorbing,left,13.0,6.0,1091.0,1181.0,98.0,66.0,164.0,9.0,0.0,7.0,256,4,902956,6056,222,56,,,,,
1704.8130568179768,unswapping,,,,,,,,,,,,256,4,648352,5496,222,56,0.0,both,0.0,9.0,9.0
1708.7449166120496,unswapping,,,,,,,,,,,,128,4,240160,3544,222,56,0.0,both,1.0,14.0,23.0
1709.8320342500228,unswapping,,,,,,,,,,,,64,4,142224,2728,222,56,0.0,left,0.0,13.0,36.0
1710.7830365418922,unswapping,,,,,,,,,,,,64,4,82448,2192,222,56,0.0,left,1.0,17.0,53.0
1711.5030480888672,unswapping,,,,,,,,,,,,32,4,54384,1748,222,56,0.0,right,0.0,12.0,65.0
1712.262195691932,unswapping,,,,,,,,,,,,32,4,41456,1552,222,56,0.0,right,1.0,7.0,72.0
1713.4517118409276,unswapping,,,,,,,,,,,,32,4,33320,1322,222,56,1.0,both,0.0,13.0,13.0
1714.449643396074,unswapping,,,,,,,,,,,,32,4,26704,1172,222,56,1.0,both,1.0,9.0,22.0
1714.9693709858693,unswapping,,,,,,,,,,,,32,4,24592,1108,222,56,1.0,left,0.0,7.0,29.0
1715.4316995050758,unswapping,,,,,,,,,,,,32,4,24072,1092,222,56,1.0,left,1.0,4.0,33.0
1715.8961720240768,unswapping,,,,,,,,,,,,32,4,24012,1086,222,56,1.0,right,0.0,1.0,34.0
1716.3857968130615,unswapping,,,,,,,,,,,,32,4,23820,1078,222,56,1.0,right,1.0,2.0,36.0
1717.3479945480358,unswapping,,,,,,,,,,,,32,4,20060,1010,222,56,2.0,both,0.0,4.0,4.0
1718.2282779868692,unswapping,,,,,,,,,,,,32,4,16736,964,222,56,2.0,both,1.0,4.0,8.0
1718.7391494240146,unswapping,,,,,,,,,,,,32,4,16736,964,222,56,2.0,left,0.0,0.0,8.0
1719.174657609081,unswapping,,,,,,,,,,,,32,4,16352,940,222,56,2.0,left,1.0,2.0,10.0
1719.6364181728568,unswapping,,,,,,,,,,,,32,4,12452,886,222,56,2.0,right,0.0,3.0,13.0
1720.095990360016,unswapping,,,,,,,,,,,,16,4,9576,832,222,56,2.0,right,1.0,4.0,17.0
1720.962243654998,unswapping,,,,,,,,,,,,16,4,8556,802,222,56,3.0,both,0.0,3.0,3.0
1721.7640961729921,unswapping,,,,,,,,,,,,16,4,8496,796,222,56,3.0,both,1.0,2.0,5.0
1722.0377342910506,unswapping,,,,,,,,,,,,16,4,8496,796,222,56,3.0,left,0.0,0.0,5.0
1722.4419824939687,unswapping,,,,,,,,,,,,16,4,7728,780,222,56,3.0,left,1.0,2.0,7.0
1722.6966887349263,unswapping,,,,,,,,,,,,16,4,7728,780,222,56,3.0,right,0.0,0.0,7.0
1723.098871233873,unswapping,,,,,,,,,,,,16,4,7536,772,222,56,3.0,right,1.0,2.0,9.0
1723.913218599977,unswapping,,,,,,,,,,,,16,4,7284,758,222,56,4.0,both,0.0,2.0,2.0
1724.710180772934,unswapping,,,,,,,,,,,,16,4,7092,750,222,56,4.0,both,1.0,2.0,4.0
1725.1188185699284,unswapping,,,,,,,,,,,,16,4,6900,742,222,56,4.0,left,0.0,1.0,5.0
1725.5119900859427,unswapping,,,,,,,,,,,,16,4,6828,738,222,56,4.0,left,1.0,2.0,7.0
1725.7664440609515,unswapping,,,,,,,,,,,,16,4,6828,738,222,56,4.0,right,0.0,0.0,7.0
1726.0149968608748,unswapping,,,,,,,,,,,,16,4,6828,738,222,56,4.0,right,1.0,1.0,8.0
1726.5242672648747,unswapping,,,,,,,,,,,,16,4,6828,738,222,56,5.0,both,0.0,0.0,0.0
1727.0199518918525,unswapping,,,,,,,,,,,,16,4,6828,738,222,56,5.0,both,1.0,1.0,1.0
1727.2772427168675,unswapping,,,,,,,,,,,,16,4,6828,738,222,56,5.0,left,0.0,0.0,1.0
1727.5243750668596,unswapping,,,,,,,,,,,,16,4,6828,738,222,56,5.0,left,1.0,1.0,2.0
1727.779925232986,unswapping,,,,,,,,,,,,16,4,6828,738,222,56,5.0,right,0.0,0.0,2.0
1728.0294879809953,unswapping,,,,,,,,,,,,16,4,6828,738,222,56,5.0,right,1.0,1.0,3.0
1738.0284089150373,absorbing,left,1.0,0.0,996.0,1221.0,98.0,66.0,164.0,14.0,0.0,0.0,16,4,6828,738,222,56,,,,,
1738.3417726960033,absorbing,left,2.0,0.0,996.0,1221.0,98.0,66.0,164.0,15.0,0.0,0.0,32,4,11048,936,222,56,,,,,
1738.6815567188896,absorbing,left,2.0,1.0,996.0,1221.0,98.0,67.0,165.0,12.0,1.0,1.0,32,4,20580,1142,222,56,,,,,
1739.024978165049,absorbing,left,3.0,1.0,996.0,1221.0,98.0,67.0,165.0,12.0,0.0,1.0,32,4,36796,1386,222,56,,,,,
1739.4724229848944,absorbing,left,3.0,2.0,996.0,1221.0,98.0,67.0,165.0,12.0,0.0,1.0,128,4,84832,1918,222,56,,,,,
1739.901511515025,absorbing,left,3.0,3.0,996.0,1221.0,98.0,67.0,165.0,13.0,0.0,1.0,128,4,220960,2636,222,56,,,,,
1740.4767840008717,absorbing,left,4.0,3.0,996.0,1221.0,98.0,67.0,165.0,13.0,0.0,1.0,256,4,409892,3448,222,56,,,,,
1741.4314131930005,absorbing,left,5.0,3.0,996.0,1221.0,98.0,67.0,165.0,12.0,0.0,1.0,511,4,937668,4762,222,56,,,,,
1746.8099446829874,unswapping,,,,,,,,,,,,509,4,1624888,5434,222,56,0.0,both,0.0,8.0,8.0
1750.102100515971,unswapping,,,,,,,,,,,,256,4,894152,4242,222,56,0.0,both,1.0,7.0,15.0
1755.1900892509148,unswapping,,,,,,,,,,,,256,4,354648,3112,222,56,0.0,left,0.0,11.0,26.0
1756.313716484001,unswapping,,,,,,,,,,,,64,4,144696,2122,222,56,0.0,left,1.0,11.0,37.0
1756.961734869983,unswapping,,,,,,,,,,,,64,4,140536,2018,222,56,0.0,right,0.0,5.0,42.0
1757.7716983170249,unswapping,,,,,,,,,,,,64,4,139256,1978,222,56,0.0,right,1.0,3.0,45.0
1759.2037679739296,unswapping,,,,,,,,,,,,64,4,91708,1652,222,56,1.0,both,0.0,6.0,6.0
1760.2372253648937,unswapping,,,,,,,,,,,,64,4,28188,1200,222,56,1.0,both,1.0,7.0,13.0
1760.9960718830116,unswapping,,,,,,,,,,,,16,4,15512,982,222,56,1.0,left,0.0,6.0,19.0
1761.4483098189812,unswapping,,,,,,,,,,,,16,4,14492,952,222,56,1.0,left,1.0,2.0,21.0
1761.717928621918,unswapping,,,,,,,,,,,,16,4,14492,952,222,56,1.0,right,0.0,0.0,21.0
1762.155289460905,unswapping,,,,,,,,,,,,16,4,14112,938,222,56,1.0,right,1.0,2.0,23.0
1763.0291730940808,unswapping,,,,,,,,,,,,16,4,11352,862,222,56,2.0,both,0.0,5.0,5.0
1763.893321044976,unswapping,,,,,,,,,,,,16,4,8376,790,222,56,2.0,both,1.0,4.0,9.0
1764.305538746994,unswapping,,,,,,,,,,,,16,4,7292,744,222,56,2.0,left,0.0,3.0,12.0
1764.7111735290382,unswapping,,,,,,,,,,,,16,4,7244,740,222,56,2.0,left,1.0,1.0,13.0
1765.1159705838654,unswapping,,,,,,,,,,,,16,4,6156,716,222,56,2.0,right,0.0,2.0,15.0
1765.3599699209444,unswapping,,,,,,,,,,,,16,4,6156,716,222,56,2.0,right,1.0,0.0,15.0
1766.1773331160657,unswapping,,,,,,,,,,,,16,4,5952,706,222,56,3.0,both,0.0,2.0,2.0
1766.9519343799911,unswapping,,,,,,,,,,,,16,4,5252,684,222,56,3.0,both,1.0,2.0,4.0
1767.1978412170429,unswapping,,,,,,,,,,,,16,4,5252,684,222,56,3.0,left,0.0,0.0,4.0
1767.4389664870687,unswapping,,,,,,,,,,,,16,4,5252,684,222,56,3.0,left,1.0,0.0,4.0
1767.684315790888,unswapping,,,,,,,,,,,,16,4,5252,684,222,56,3.0,right,0.0,0.0,4.0
1768.069539771881,unswapping,,,,,,,,,,,,16,4,5060,676,222,56,3.0,right,1.0,1.0,5.0
1768.8362855529413,unswapping,,,,,,,,,,,,16,4,4292,660,222,56,4.0,both,0.0,1.0,1.0
1769.603758882964,unswapping,,,,,,,,,,,,8,4,3588,636,222,56,4.0,both,1.0,2.0,3.0
1769.9895093089435,unswapping,,,,,,,,,,,,8,4,3204,620,222,56,4.0,left,0.0,2.0,5.0
1770.2282236160245,unswapping,,,,,,,,,,,,8,4,3204,620,222,56,4.0,left,1.0,0.0,5.0
1770.607850140892,unswapping,,,,,,,,,,,,8,4,3164,616,222,56,4.0,right,0.0,1.0,6.0
1770.992075446993,unswapping,,,,,,,,,,,,8,4,2988,604,222,56,4.0,right,1.0,2.0,8.0
1771.6626455159858,unswapping,,,,,,,,,,,,8,4,2988,604,222,56,5.0,both,0.0,0.0,0.0
1772.12538722693,unswapping,,,,,,,,,,,,8,4,2988,604,222,56,5.0,both,1.0,0.0,0.0
1772.359247481916,unswapping,,,,,,,,,,,,8,4,2988,604,222,56,5.0,left,0.0,0.0,0.0
1772.5880141479429,unswapping,,,,,,,,,,,,8,4,2988,604,222,56,5.0,left,1.0,0.0,0.0
1772.9671392000746,unswapping,,,,,,,,,,,,8,4,2940,600,222,56,5.0,right,0.0,1.0,1.0
1773.2020164730493,unswapping,,,,,,,,,,,,8,4,2940,600,222,56,5.0,right,1.0,0.0,1.0
1773.6662057919893,unswapping,,,,,,,,,,,,8,4,2940,600,222,56,6.0,both,0.0,0.0,0.0
1774.1257980610244,unswapping,,,,,,,,,,,,8,4,2940,600,222,56,6.0,both,1.0,0.0,0.0
1774.3600448770449,unswapping,,,,,,,,,,,,8,4,2940,600,222,56,6.0,left,0.0,0.0,0.0
1774.5911275958642,unswapping,,,,,,,,,,,,8,4,2940,600,222,56,6.0,left,1.0,0.0,0.0
1774.8260320520494,unswapping,,,,,,,,,,,,8,4,2940,600,222,56,6.0,right,0.0,0.0,0.0
1775.0607953059953,unswapping,,,,,,,,,,,,8,4,2940,600,222,56,6.0,right,1.0,0.0,0.0
1784.715760099003,absorbing,left,1.0,0.0,1094.0,1252.0,98.0,67.0,165.0,12.0,0.0,0.0,8,4,2940,600,222,56,,,,,
1785.0235667030793,absorbing,left,2.0,0.0,1094.0,1252.0,99.0,67.0,166.0,11.0,1.0,1.0,16,4,5284,756,222,56,,,,,
1785.3309234250337,absorbing,left,2.0,1.0,1094.0,1252.0,99.0,67.0,166.0,14.0,0.0,1.0,16,4,9452,880,222,56,,,,,
1785.6485673119314,absorbing,left,3.0,1.0,1094.0,1252.0,99.0,67.0,166.0,12.0,0.0,1.0,32,4,16540,1088,222,56,,,,,
1785.998900193954,absorbing,left,3.0,2.0,1094.0,1252.0,99.0,67.0,166.0,13.0,0.0,1.0,64,4,35064,1450,222,56,,,,,
1786.3777414239012,absorbing,left,3.0,3.0,1094.0,1252.0,99.0,68.0,167.0,11.0,1.0,2.0,64,4,57272,1638,222,56,,,,,
1786.797970921034,absorbing,left,3.0,4.0,1094.0,1252.0,99.0,70.0,169.0,12.0,2.0,4.0,64,4,75972,1812,222,56,,,,,
1787.1979516348802,absorbing,left,3.0,5.0,1094.0,1252.0,99.0,70.0,169.0,8.0,0.0,4.0,64,4,99904,2194,222,56,,,,,
1787.6069516399875,absorbing,left,3.0,6.0,1094.0,1252.0,99.0,71.0,170.0,7.0,1.0,5.0,64,4,148704,2532,222,56,,,,,
1788.0951410559937,absorbing,left,3.0,7.0,1094.0,1252.0,99.0,73.0,172.0,7.0,2.0,7.0,64,4,204288,2908,222,56,,,,,
1788.7822719740216,absorbing,left,3.0,8.0,1094.0,1252.0,99.0,73.0,172.0,8.0,0.0,7.0,256,4,430368,3816,222,56,,,,,
1789.92695529107,absorbing,left,3.0,9.0,1094.0,1252.0,99.0,73.0,172.0,9.0,0.0,7.0,256,4,708384,4424,222,56,,,,,
1790.7388784298673,absorbing,left,3.0,10.0,1094.0,1252.0,99.0,73.0,172.0,7.0,0.0,7.0,256,4,773904,4676,222,56,,,,,
1791.7502504189033,absorbing,left,3.0,11.0,1094.0,1252.0,99.0,74.0,173.0,5.0,1.0,8.0,256,4,777104,4708,222,56,,,,,
1792.7138862130232,absorbing,left,3.0,12.0,1094.0,1252.0,99.0,74.0,173.0,5.0,0.0,8.0,256,4,826256,4996,222,56,,,,,
1798.9280747820158,unswapping,,,,,,,,,,,,256,4,1145456,5428,222,56,0.0,both,0.0,5.0,5.0
1802.1455747580621,unswapping,,,,,,,,,,,,255,4,860788,4790,222,56,0.0,both,1.0,11.0,16.0
1803.8318405279424,unswapping,,,,,,,,,,,,254,4,728640,4304,222,56,0.0,left,0.0,7.0,23.0
1805.7148851498496,unswapping,,,,,,,,,,,,254,4,615936,3718,222,56,0.0,left,1.0,8.0,31.0
1806.551982695004,unswapping,,,,,,,,,,,,254,4,480656,3146,222,56,0.0,right,0.0,11.0,42.0
1807.265951959882,unswapping,,,,,,,,,,,,254,4,472704,3064,222,56,0.0,right,1.0,4.0,46.0
1809.4005479309708,unswapping,,,,,,,,,,,,254,4,287712,2580,222,56,1.0,both,0.0,8.0,8.0
1811.1071659189183,unswapping,,,,,,,,,,,,128,4,79968,1826,222,56,1.0,both,1.0,8.0,16.0
1811.7325837400276,unswapping,,,,,,,,,,,,33,4,44960,1498,222,56,1.0,left,0.0,6.0,22.0
1812.3363737270702,unswapping,,,,,,,,,,,,32,4,35552,1376,222,56,1.0,left,1.0,6.0,28.0
1812.850497791078,unswapping,,,,,,,,,,,,32,4,27680,1256,222,56,1.0,right,0.0,3.0,31.0
1813.305209474871,unswapping,,,,,,,,,,,,32,4,26528,1232,222,56,1.0,right,1.0,1.0,32.0
1814.2541105570272,unswapping,,,,,,,,,,,,32,4,20160,1100,222,56,2.0,both,0.0,7.0,7.0
1815.1472514618654,unswapping,,,,,,,,,,,,32,4,18064,1040,222,56,2.0,both,1.0,5.0,12.0
1815.5707516819239,unswapping,,,,,,,,,,,,32,4,17680,1024,222,56,2.0,left,0.0,1.0,13.0
1816.2220276249573,unswapping,,,,,,,,,,,,32,4,15600,948,222,56,2.0,left,1.0,3.0,16.0
1816.505745545961,unswapping,,,,,,,,,,,,32,4,15600,948,222,56,2.0,right,0.0,0.0,16.0
1816.7824413180351,unswapping,,,,,,,,,,,,32,4,15600,948,222,56,2.0,right,1.0,0.0,16.0
1817.6558850049041,unswapping,,,,,,,,,,,,32,4,14976,920,222,56,3.0,both,0.0,4.0,4.0
1818.5126639769878,unswapping,,,,,,,,,,,,32,4,14352,892,222,56,3.0,both,1.0,4.0,8.0
1818.9275686258916,unswapping,,,,,,,,,,,,32,4,14112,880,222,56,3.0,left,0.0,2.0,10.0
1819.2049207119271,unswapping,,,,,,,,,,,,32,4,14112,880,222,56,3.0,left,1.0,0.0,10.0
1819.4836297258735,unswapping,,,,,,,,,,,,32,4,14112,880,222,56,3.0,right,0.0,0.0,10.0
1819.755460030865,unswapping,,,,,,,,,,,,32,4,14112,880,222,56,3.0,right,1.0,0.0,10.0
1820.6065025019925,unswapping,,,,,,,,,,,,32,4,13872,868,222,56,4.0,both,0.0,2.0,2.0
1821.43567661196,unswapping,,,,,,,,,,,,32,4,13824,864,222,56,4.0,both,1.0,1.0,3.0
1821.7008354740683,unswapping,,,,,,,,,,,,32,4,13824,864,222,56,4.0,left,0.0,0.0,3.0
1821.977042577928,unswapping,,,,,,,,,,,,32,4,13824,864,222,56,4.0,left,1.0,0.0,3.0
1822.255164430011,unswapping,,,,,,,,,,,,32,4,13824,864,222,56,4.0,right,0.0,0.0,3.0
1822.5236446289346,unswapping,,,,,,,,,,,,32,4,13824,864,222,56,4.0,right,1.0,0.0,3.0
1823.0684130080044,unswapping,,,,,,,,,,,,32,4,13824,864,222,56,5.0,both,0.0,0.0,0.0
1823.6047690759879,unswapping,,,,,,,,,,,,32,4,13824,864,222,56,5.0,both,1.0,0.0,0.0
1823.8680569250137,unswapping,,,,,,,,,,,,32,4,13824,864,222,56,5.0,left,0.0,0.0,0.0
1824.1444772840478,unswapping,,,,,,,,,,,,32,4,13824,864,222,56,5.0,left,1.0,0.0,0.0
1824.4198818029836,unswapping,,,,,,,,,,,,32,4,13824,864,222,56,5.0,right,0.0,0.0,0.0
1824.6852153730579,unswapping,,,,,,,,,,,,32,4,13824,864,222,56,5.0,right,1.0,0.0,0.0
1834.6513951420784,absorbing,left,1.0,0.0,977.0,1231.0,99.0,74.0,173.0,11.0,0.0,0.0,32,4,13824,864,222,56,,,,,
1835.006337695988,absorbing,left,2.0,0.0,977.0,1231.0,99.0,74.0,173.0,14.0,0.0,0.0,32,4,18448,1052,222,56,,,,,
1835.3559809969738,absorbing,left,2.0,1.0,977.0,1231.0,99.0,74.0,173.0,13.0,0.0,0.0,32,4,24304,1228,222,56,,,,,
1835.730721408967,absorbing,left,3.0,1.0,977.0,1231.0,99.0,74.0,173.0,14.0,0.0,0.0,64,4,41376,1556,222,56,,,,,
1836.1367768470664,absorbing,left,3.0,2.0,977.0,1231.0,99.0,74.0,173.0,16.0,0.0,0.0,64,4,73136,1904,222,56,,,,,
1836.5749406788964,absorbing,left,4.0,2.0,977.0,1231.0,99.0,74.0,173.0,13.0,0.0,0.0,64,4,103312,2240,222,56,,,,,
1837.062487208983,absorbing,left,4.0,3.0,977.0,1231.0,99.0,74.0,173.0,16.0,0.0,0.0,64,4,146032,2608,222,56,,,,,
1837.7161938769277,absorbing,left,4.0,4.0,977.0,1231.0,99.0,74.0,173.0,14.0,0.0,0.0,256,4,307680,3498,222,56,,,,,
1838.503069147002,absorbing,left,5.0,4.0,977.0,1231.0,99.0,74.0,173.0,14.0,0.0,0.0,256,4,726880,4520,222,56,,,,,
1851.890292508062,unswapping,,,,,,,,,,,,256,4,675424,4200,222,56,0.0,both,0.0,9.0,9.0
1855.4660714580677,unswapping,,,,,,,,,,,,256,4,510304,3534,222,56,0.0,both,1.0,6.0,15.0
1856.5719921148848,unswapping,,,,,,,,,,,,256,4,239904,2884,222,56,0.0,left,0.0,10.0,25.0
1857.7764368918724,unswapping,,,,,,,,,,,,64,4,86272,2004,222,56,0.0,left,1.0,15.0,40.0
1858.3629942289554,unswapping,,,,,,,,,,,,64,4,70528,1716,222,56,0.0,right,0.0,7.0,47.0
1859.062740569003,unswapping,,,,,,,,,,,,64,4,67728,1652,222,56,0.0,right,1.0,5.0,52.0
1860.1089079119265,unswapping,,,,,,,,,,,,64,4,46000,1390,222,56,1.0,both,0.0,11.0,11.0
1861.0507598819677,unswapping,,,,,,,,,,,,64,4,29312,1252,222,56,1.0,both,1.0,5.0,16.0
1861.8002767609432,unswapping,,,,,,,,,,,,32,4,23168,1156,222,56,1.0,left,0.0,1.0,17.0
1862.271018212894,unswapping,,,,,,,,,,,,32,4,19600,1056,222,56,1.0,left,1.0,6.0,23.0
1862.721686760895,unswapping,,,,,,,,,,,,32,4,17760,980,222,56,1.0,right,0.0,5.0,28.0
1863.166126199998,unswapping,,,,,,,,,,,,32,4,17520,968,222,56,1.0,right,1.0,1.0,29.0
1864.0261564059183,unswapping,,,,,,,,,,,,32,4,17412,958,222,56,2.0,both,0.0,3.0,3.0
1864.8632741139736,unswapping,,,,,,,,,,,,32,4,16724,938,222,56,2.0,both,1.0,2.0,5.0
1865.2940429160371,unswapping,,,,,,,,,,,,32,4,15572,922,222,56,2.0,left,0.0,1.0,6.0
1865.6993655280676,unswapping,,,,,,,,,,,,32,4,14036,890,222,56,2.0,left,1.0,1.0,7.0
1866.114602923859,unswapping,,,,,,,,,,,,32,4,13876,882,222,56,2.0,right,0.0,1.0,8.0
1866.3881723750383,unswapping,,,,,,,,,,,,32,4,13876,882,222,56,2.0,right,1.0,0.0,8.0
1867.2210764789488,unswapping,,,,,,,,,,,,32,4,13060,862,222,56,3.0,both,0.0,2.0,2.0
1868.0079081619624,unswapping,,,,,,,,,,,,32,4,12820,850,222,56,3.0,both,1.0,2.0,4.0
1868.4372331439517,unswapping,,,,,,,,,,,,32,4,12052,834,222,56,3.0,left,0.0,1.0,5.0
1868.6809665448964,unswapping,,,,,,,,,,,,32,4,12052,834,222,56,3.0,left,1.0,0.0,5.0
1868.9350605579093,unswapping,,,,,,,,,,,,32,4,12052,834,222,56,3.0,right,0.0,0.0,5.0
1869.3295884369873,unswapping,,,,,,,,,,,,32,4,10772,818,222,56,3.0,right,1.0,1.0,6.0
1869.8250883498695,unswapping,,,,,,,,,,,,32,4,10772,818,222,56,4.0,both,0.0,0.0,0.0
1870.3074645679444,unswapping,,,,,,,,,,,,32,4,10772,818,222,56,4.0,both,1.0,0.0,0.0
1870.5542846329045,unswapping,,,,,,,,,,,,32,4,10772,818,222,56,4.0,left,0.0,0.0,0.0
1870.7996889650822,unswapping,,,,,,,,,,,,32,4,10772,818,222,56,4.0,left,1.0,0.0,0.0
1871.1987382979132,unswapping,,,,,,,,,,,,32,4,8212,786,222,56,4.0,right,0.0,1.0,1.0
1871.5966345148627,unswapping,,,,,,,,,,,,16,4,5908,738,222,56,4.0,right,1.0,1.0,2.0
1872.2988485910464,unswapping,,,,,,,,,,,,16,4,5908,738,222,56,5.0,both,0.0,0.0,0.0
1872.7863126809243,unswapping,,,,,,,,,,,,16,4,5908,738,222,56,5.0,both,1.0,0.0,0.0
1873.0295390039682,unswapping,,,,,,,,,,,,16,4,5908,738,222,56,5.0,left,0.0,0.0,0.0
1873.2733037620783,unswapping,,,,,,,,,,,,16,4,5908,738,222,56,5.0,left,1.0,0.0,0.0
1873.5183506649919,unswapping,,,,,,,,,,,,16,4,5908,738,222,56,5.0,right,0.0,0.0,0.0
1873.7659921909217,unswapping,,,,,,,,,,,,16,4,5908,738,222,56,5.0,right,1.0,0.0,0.0
1883.3729354080278,absorbing,left,1.0,0.0,1080.0,1216.0,99.0,74.0,173.0,12.0,0.0,0.0,16,4,5908,738,222,56,,,,,
1883.683323974954,absorbing,left,2.0,0.0,1080.0,1216.0,99.0,74.0,173.0,14.0,0.0,0.0,16,4,9032,904,222,56,,,,,
1884.0036439618561,absorbing,left,2.0,1.0,1080.0,1216.0,99.0,74.0,173.0,14.0,0.0,0.0,32,4,15600,1088,222,56,,,,,
1884.3388952738605,absorbing,left,2.0,2.0,1080.0,1216.0,99.0,74.0,173.0,16.0,0.0,0.0,32,4,25240,1316,222,56,,,,,
1884.7077631279826,absorbing,left,3.0,2.0,1080.0,1216.0,99.0,74.0,173.0,15.0,0.0,0.0,64,4,51864,1764,222,56,,,,,
1885.1311433210503,absorbing,left,3.0,3.0,1080.0,1216.0,99.0,75.0,174.0,14.0,1.0,1.0,64,4,113240,2312,222,56,,,,,
1885.6464422028512,absorbing,left,4.0,3.0,1080.0,1216.0,99.0,75.0,174.0,11.0,0.0,1.0,64,4,207456,2880,222,56,,,,,
1886.4567408980802,absorbing,left,5.0,3.0,1080.0,1216.0,99.0,75.0,174.0,11.0,0.0,1.0,256,4,400160,3784,222,56,,,,,
1887.1930628640112,absorbing,left,6.0,3.0,1080.0,1216.0,100.0,75.0,175.0,10.0,1.0,2.0,256,4,844256,4608,222,56,,,,,
1888.5814565469045,absorbing,left,7.0,3.0,1080.0,1216.0,100.0,75.0,175.0,8.0,0.0,2.0,256,4,980384,5304,222,56,,,,,
1895.699584547896,unswapping,,,,,,,,,,,,256,4,707928,5068,222,56,0.0,both,0.0,6.0,6.0
1898.9732105219737,unswapping,,,,,,,,,,,,128,4,408152,4028,222,56,0.0,both,1.0,6.0,12.0
1900.3709054500796,unswapping,,,,,,,,,,,,128,4,196848,3152,222,56,0.0,left,0.0,11.0,23.0
1901.7882165978663,unswapping,,,,,,,,,,,,64,4,92544,2284,222,56,0.0,left,1.0,13.0,36.0
1902.4317764339503,unswapping,,,,,,,,,,,,64,4,74880,2012,222,56,0.0,right,0.0,6.0,42.0
1903.250092329923,unswapping,,,,,,,,,,,,32,4,54848,1820,222,56,0.0,right,1.0,5.0,47.0
1904.4405703239609,unswapping,,,,,,,,,,,,32,4,37108,1522,222,56,1.0,both,0.0,13.0,13.0
1905.4720595090184,unswapping,,,,,,,,,,,,32,4,33524,1426,222,56,1.0,both,1.0,6.0,19.0
1905.9634600959253,unswapping,,,,,,,,,,,,32,4,29172,1314,222,56,1.0,left,0.0,6.0,25.0
1906.4668622429017,unswapping,,,,,,,,,,,,32,4,23252,1198,222,56,1.0,left,1.0,6.0,31.0
1906.8903970469255,unswapping,,,,,,,,,,,,32,4,19924,1134,222,56,1.0,right,0.0,3.0,34.0
1907.3171748169698,unswapping,,,,,,,,,,,,32,4,17428,1078,222,56,1.0,right,1.0,2.0,36.0
1908.1935615460388,unswapping,,,,,,,,,,,,32,4,13684,990,222,56,2.0,both,0.0,5.0,5.0
1909.0301175350323,unswapping,,,,,,,,,,,,32,4,12980,958,222,56,2.0,both,1.0,3.0,8.0
1909.4425829490647,unswapping,,,,,,,,,,,,32,4,12932,954,222,56,2.0,left,0.0,1.0,9.0
1909.8589968499728,unswapping,,,,,,,,,,,,32,4,11588,906,222,56,2.0,left,1.0,2.0,11.0
1910.265981642995,unswapping,,,,,,,,,,,,32,4,11204,890,222,56,2.0,right,0.0,2.0,13.0
1910.673962722998,unswapping,,,,,,,,,,,,32,4,11076,882,222,56,2.0,right,1.0,1.0,14.0
1911.4801434818655,unswapping,,,,,,,,,,,,32,4,10692,866,222,56,3.0,both,0.0,1.0,1.0
1912.3020632930566,unswapping,,,,,,,,,,,,32,4,10452,854,222,56,3.0,both,1.0,2.0,3.0
1912.718018824933,unswapping,,,,,,,,,,,,32,4,10404,850,222,56,3.0,left,0.0,1.0,4.0
1912.9751262490172,unswapping,,,,,,,,,,,,32,4,10404,850,222,56,3.0,left,1.0,0.0,4.0
1913.4449421109166,unswapping,,,,,,,,,,,,32,4,10404,850,222,56,3.0,right,0.0,0.0,4.0
1913.7034573978744,unswapping,,,,,,,,,,,,32,4,10404,850,222,56,3.0,right,1.0,0.0,4.0
1914.517831476871,unswapping,,,,,,,,,,,,32,4,10276,842,222,56,4.0,both,0.0,1.0,1.0
1915.03411387885,unswapping,,,,,,,,,,,,32,4,10276,842,222,56,4.0,both,1.0,0.0,1.0
1915.3013451029547,unswapping,,,,,,,,,,,,32,4,10276,842,222,56,4.0,left,0.0,0.0,1.0
1915.5567401498556,unswapping,,,,,,,,,,,,32,4,10276,842,222,56,4.0,left,1.0,0.0,1.0
1915.8053694060072,unswapping,,,,,,,,,,,,32,4,10276,842,222,56,4.0,right,0.0,0.0,1.0
1916.0634765119758,unswapping,,,,,,,,,,,,32,4,10276,842,222,56,4.0,right,1.0,0.0,1.0
1916.5740538819227,unswapping,,,,,,,,,,,,32,4,10276,842,222,56,5.0,both,0.0,0.0,0.0
1917.0867569418624,unswapping,,,,,,,,,,,,32,4,10276,842,222,56,5.0,both,1.0,0.0,0.0
1917.3532151859254,unswapping,,,,,,,,,,,,32,4,10276,842,222,56,5.0,left,0.0,0.0,0.0
1917.6071515360381,unswapping,,,,,,,,,,,,32,4,10276,842,222,56,5.0,left,1.0,0.0,0.0
1917.8578955589328,unswapping,,,,,,,,,,,,32,4,10276,842,222,56,5.0,right,0.0,0.0,0.0
1918.1171471390408,unswapping,,,,,,,,,,,,32,4,10276,842,222,56,5.0,right,1.0,0.0,0.0
1927.8328467828687,absorbing,left,1.0,0.0,1146.0,1272.0,100.0,75.0,175.0,11.0,0.0,0.0,32,4,10276,842,222,56,,,,,
1928.1523281629197,absorbing,left,2.0,0.0,1146.0,1272.0,100.0,75.0,175.0,9.0,0.0,0.0,32,4,15104,1032,222,56,,,,,
1928.4915131828748,absorbing,left,3.0,0.0,1146.0,1272.0,100.0,75.0,175.0,13.0,0.0,0.0,32,4,23776,1260,222,56,,,,,
1928.8418580789585,absorbing,left,3.0,1.0,1146.0,1272.0,100.0,77.0,177.0,12.0,2.0,2.0,64,4,40864,1492,222,56,,,,,
1929.233774709981,absorbing,left,3.0,2.0,1146.0,1272.0,100.0,77.0,177.0,12.0,0.0,2.0,64,4,71072,1860,222,56,,,,,
1929.717659727903,absorbing,left,3.0,3.0,1146.0,1272.0,100.0,78.0,178.0,13.0,1.0,3.0,128,4,144128,2400,222,56,,,,,
1930.2053463400807,absorbing,left,4.0,3.0,1146.0,1272.0,100.0,78.0,178.0,14.0,0.0,3.0,128,4,252176,2820,222,56,,,,,
1930.8921876240056,absorbing,left,4.0,4.0,1146.0,1272.0,100.0,78.0,178.0,13.0,0.0,3.0,256,4,381440,3344,222,56,,,,,
1931.6155397549737,absorbing,left,4.0,5.0,1146.0,1272.0,100.0,79.0,179.0,13.0,1.0,4.0,256,4,444208,3724,222,56,,,,,
1932.7737176779192,absorbing,left,4.0,6.0,1146.0,1272.0,100.0,79.0,179.0,13.0,0.0,4.0,256,4,480256,4108,222,56,,,,,
1933.857795163989,absorbing,left,5.0,6.0,1146.0,1272.0,100.0,79.0,179.0,15.0,0.0,4.0,256,4,647744,4964,222,56,,,,,
1942.6032157810405,unswapping,,,,,,,,,,,,256,4,1148832,5600,222,56,0.0,both,0.0,5.0,5.0
1949.9047477240674,unswapping,,,,,,,,,,,,256,4,590080,4324,222,56,0.0,both,1.0,9.0,14.0
1951.9425945379771,unswapping,,,,,,,,,,,,128,4,423744,3588,222,56,0.0,left,0.0,10.0,24.0
1953.6158148469403,unswapping,,,,,,,,,,,,128,4,345632,3080,222,56,0.0,left,1.0,11.0,35.0
1954.5750629929826,unswapping,,,,,,,,,,,,128,4,345632,3080,222,56,0.0,right,0.0,0.0,35.0
1955.9091645800509,unswapping,,,,,,,,,,,,128,4,255136,2760,222,56,0.0,right,1.0,4.0,39.0
1957.489977676887,unswapping,,,,,,,,,,,,128,4,98440,2032,222,56,1.0,both,0.0,12.0,12.0
1958.8903439559508,unswapping,,,,,,,,,,,,128,4,86024,1888,222,56,1.0,both,1.0,6.0,18.0
1959.4977256678976,unswapping,,,,,,,,,,,,128,4,81756,1806,222,56,1.0,left,0.0,5.0,23.0
1960.1870271570515,unswapping,,,,,,,,,,,,32,4,50260,1474,222,56,1.0,left,1.0,7.0,30.0
1960.7680673559662,unswapping,,,,,,,,,,,,32,4,43348,1354,222,56,1.0,right,0.0,5.0,35.0
1961.3151380289346,unswapping,,,,,,,,,,,,32,4,35924,1274,222,56,1.0,right,1.0,3.0,38.0
1962.3080862360075,unswapping,,,,,,,,,,,,32,4,30756,1182,222,56,2.0,both,0.0,5.0,5.0
1963.3144862649497,unswapping,,,,,,,,,,,,32,4,26544,1114,222,56,2.0,both,1.0,5.0,10.0
1963.759097747039,unswapping,,,,,,,,,,,,32,4,26236,1100,222,56,2.0,left,0.0,2.0,12.0
1964.2706053690054,unswapping,,,,,,,,,,,,32,4,25268,1070,222,56,2.0,left,1.0,2.0,14.0
1964.9398013588507,unswapping,,,,,,,,,,,,32,4,23300,1014,222,56,2.0,right,0.0,3.0,17.0
1965.2134955080692,unswapping,,,,,,,,,,,,32,4,23300,1014,222,56,2.0,right,1.0,0.0,17.0
1966.1009107029531,unswapping,,,,,,,,,,,,32,4,18644,946,222,56,3.0,both,0.0,3.0,3.0
1966.979128290899,unswapping,,,,,,,,,,,,32,4,15028,880,222,56,3.0,both,1.0,5.0,8.0
1967.3986859819852,unswapping,,,,,,,,,,,,32,4,14516,864,222,56,3.0,left,0.0,1.0,9.0
1967.8198788419832,unswapping,,,,,,,,,,,,32,4,14324,856,222,56,3.0,left,1.0,1.0,10.0
1968.223749574041,unswapping,,,,,,,,,,,,32,4,14132,848,222,56,3.0,right,0.0,1.0,11.0
1968.6206836570054,unswapping,,,,,,,,,,,,32,4,12852,832,222,56,3.0,right,1.0,1.0,12.0
1969.4249407309107,unswapping,,,,,,,,,,,,32,4,10196,792,222,56,4.0,both,0.0,3.0,3.0
1970.2719649139326,unswapping,,,,,,,,,,,,16,4,8136,758,222,56,4.0,both,1.0,2.0,5.0
1970.682175999973,unswapping,,,,,,,,,,,,16,4,6984,734,222,56,4.0,left,0.0,1.0,6.0
1971.075685710879,unswapping,,,,,,,,,,,,16,4,6888,726,222,56,4.0,left,1.0,1.0,7.0
1971.3189007348847,unswapping,,,,,,,,,,,,16,4,6888,726,222,56,4.0,right,0.0,0.0,7.0
1971.7052415269427,unswapping,,,,,,,,,,,,16,4,6248,710,222,56,4.0,right,1.0,1.0,8.0
1972.1868380298838,unswapping,,,,,,,,,,,,16,4,6248,710,222,56,5.0,both,0.0,0.0,0.0
1972.6777830410283,unswapping,,,,,,,,,,,,16,4,6248,710,222,56,5.0,both,1.0,0.0,0.0
1972.9201315389946,unswapping,,,,,,,,,,,,16,4,6248,710,222,56,5.0,left,0.0,0.0,0.0
1973.1678333340678,unswapping,,,,,,,,,,,,16,4,6248,710,222,56,5.0,left,1.0,0.0,0.0
1973.4060512438882,unswapping,,,,,,,,,,,,16,4,6248,710,222,56,5.0,right,0.0,0.0,0.0
1973.6463338879403,unswapping,,,,,,,,,,,,16,4,6248,710,222,56,5.0,right,1.0,0.0,0.0
1984.269673547009,absorbing,left,1.0,0.0,1021.0,1178.0,101.0,79.0,180.0,11.0,1.0,1.0,16,4,6280,714,222,56,,,,,
1984.590586335864,absorbing,left,2.0,0.0,1021.0,1178.0,101.0,79.0,180.0,14.0,0.0,1.0,32,4,9468,872,222,56,,,,,
1984.9349992370699,absorbing,left,2.0,1.0,1021.0,1178.0,101.0,80.0,181.0,11.0,1.0,2.0,32,4,17396,1030,222,56,,,,,
1985.2879101959988,absorbing,left,3.0,1.0,1021.0,1178.0,101.0,80.0,181.0,15.0,0.0,2.0,64,4,29680,1300,222,56,,,,,
1985.6660444198642,absorbing,left,4.0,1.0,1021.0,1178.0,101.0,80.0,181.0,14.0,0.0,2.0,64,4,53488,1680,222,56,,,,,
1986.0708480968606,absorbing,left,4.0,2.0,1021.0,1178.0,101.0,80.0,181.0,14.0,0.0,2.0,64,4,77440,1924,222,56,,,,,
1986.4971217920538,absorbing,left,4.0,3.0,1021.0,1178.0,101.0,80.0,181.0,15.0,0.0,2.0,128,4,130048,2276,222,56,,,,,
1987.024404750904,absorbing,left,5.0,3.0,1021.0,1178.0,102.0,80.0,182.0,14.0,1.0,3.0,128,4,209920,2824,222,56,,,,,
1987.6144069819711,absorbing,left,6.0,3.0,1021.0,1178.0,102.0,80.0,182.0,12.0,0.0,3.0,128,4,320880,3542,222,56,,,,,
1988.3313180319965,absorbing,left,7.0,3.0,1021.0,1178.0,103.0,80.0,183.0,13.0,1.0,4.0,128,4,466720,4438,222,56,,,,,
1989.5042215059511,absorbing,left,7.0,4.0,1021.0,1178.0,103.0,80.0,183.0,13.0,0.0,4.0,256,4,777268,5262,222,56,,,,,
2004.2456045849249,unswapping,,,,,,,,,,,,510,4,1359568,6796,222,56,0.0,both,0.0,7.0,7.0
2014.02413979196,unswapping,,,,,,,,,,,,128,4,556116,4634,222,56,0.0,both,1.0,14.0,21.0
2020.4612607420422,unswapping,,,,,,,,,,,,128,4,351500,3630,222,56,0.0,left,0.0,13.0,34.0
2022.0983417159878,unswapping,,,,,,,,,,,,127,4,166264,2528,222,56,0.0,left,1.0,19.0,53.0
2022.9086415250786,unswapping,,,,,,,,,,,,64,4,125584,2256,222,56,0.0,right,0.0,6.0,59.0
2023.8848551360425,unswapping,,,,,,,,,,,,64,4,114728,2132,222,56,0.0,right,1.0,7.0,66.0
2025.4884417550638,unswapping,,,,,,,,,,,,64,4,73000,1694,222,56,1.0,both,0.0,11.0,11.0
2027.0930769669358,unswapping,,,,,,,,,,,,64,4,49440,1456,222,56,1.0,both,1.0,7.0,18.0
2027.6075933189131,unswapping,,,,,,,,,,,,64,4,44864,1316,222,56,1.0,left,0.0,9.0,27.0
2028.110140498029,unswapping,,,,,,,,,,,,64,4,41888,1252,222,56,1.0,left,1.0,4.0,31.0
2028.5963043780066,unswapping,,,,,,,,,,,,64,4,30496,1156,222,56,1.0,right,0.0,3.0,34.0
2029.1304472528864,unswapping,,,,,,,,,,,,32,4,22304,1092,222,56,1.0,right,1.0,1.0,35.0
2030.0659637269564,unswapping,,,,,,,,,,,,32,4,21232,1062,222,56,2.0,both,0.0,3.0,3.0
2031.0395876169205,unswapping,,,,,,,,,,,,32,4,19600,1006,222,56,2.0,both,1.0,5.0,8.0
2031.4965384069365,unswapping,,,,,,,,,,,,32,4,15888,958,222,56,2.0,left,0.0,2.0,10.0
2031.958643306978,unswapping,,,,,,,,,,,,32,4,11280,910,222,56,2.0,left,1.0,1.0,11.0
2032.395928263897,unswapping,,,,,,,,,,,,16,4,9232,846,222,56,2.0,right,0.0,3.0,14.0
2032.8297594399191,unswapping,,,,,,,,,,,,16,4,8272,822,222,56,2.0,right,1.0,1.0,15.0
2033.6846178770065,unswapping,,,,,,,,,,,,16,4,7396,780,222,56,3.0,both,0.0,4.0,4.0
2034.515610253904,unswapping,,,,,,,,,,,,16,4,7224,770,222,56,3.0,both,1.0,2.0,6.0
2034.9365980830044,unswapping,,,,,,,,,,,,16,4,7032,762,222,56,3.0,left,0.0,1.0,7.0
2035.197155307047,unswapping,,,,,,,,,,,,16,4,7032,762,222,56,3.0,left,1.0,0.0,7.0
2035.4555404740386,unswapping,,,,,,,,,,,,16,4,7032,762,222,56,3.0,right,0.0,0.0,7.0
2035.865845657885,unswapping,,,,,,,,,,,,16,4,6840,750,222,56,3.0,right,1.0,1.0,8.0
2036.6977488389239,unswapping,,,,,,,,,,,,16,4,6792,746,222,56,4.0,both,0.0,1.0,1.0
2037.214901723899,unswapping,,,,,,,,,,,,16,4,6792,746,222,56,4.0,both,1.0,0.0,1.0
2037.4752845319454,unswapping,,,,,,,,,,,,16,4,6792,746,222,56,4.0,left,0.0,0.0,1.0
2037.7324895670172,unswapping,,,,,,,,,,,,16,4,6792,746,222,56,4.0,left,1.0,0.0,1.0
2037.9903300879523,unswapping,,,,,,,,,,,,16,4,6792,746,222,56,4.0,right,0.0,0.0,1.0
2038.247086765943,unswapping,,,,,,,,,,,,16,4,6792,746,222,56,4.0,right,1.0,0.0,1.0
2039.091010638047,unswapping,,,,,,,,,,,,16,4,6792,746,222,56,5.0,both,0.0,0.0,0.0
2039.6105520129204,unswapping,,,,,,,,,,,,16,4,6792,746,222,56,5.0,both,1.0,0.0,0.0
2039.870042549912,unswapping,,,,,,,,,,,,16,4,6792,746,222,56,5.0,left,0.0,0.0,0.0
2040.1286666919477,unswapping,,,,,,,,,,,,16,4,6792,746,222,56,5.0,left,1.0,0.0,0.0
2040.3882102258503,unswapping,,,,,,,,,,,,16,4,6792,746,222,56,5.0,right,0.0,0.0,0.0
2040.6462780300062,unswapping,,,,,,,,,,,,16,4,6792,746,222,56,5.0,right,1.0,0.0,0.0
2050.6718257719185,absorbing,left,1.0,0.0,1185.0,1241.0,103.0,80.0,183.0,10.0,0.0,0.0,16,4,6792,746,222,56,,,,,
2050.998291635886,absorbing,left,1.0,1.0,1185.0,1241.0,103.0,81.0,184.0,11.0,1.0,1.0,32,4,10236,924,222,56,,,,,
2051.3470703640487,absorbing,left,2.0,1.0,1185.0,1241.0,103.0,81.0,184.0,14.0,0.0,1.0,32,4,19396,1092,222,56,,,,,
2051.7259344160557,absorbing,left,3.0,1.0,1185.0,1241.0,103.0,81.0,184.0,14.0,0.0,1.0,32,4,27848,1298,222,56,,,,,
2052.1810475699604,absorbing,left,3.0,2.0,1185.0,1241.0,103.0,82.0,185.0,14.0,1.0,2.0,64,4,49528,1550,222,56,,,,,
2052.689338469878,absorbing,left,4.0,2.0,1185.0,1241.0,104.0,82.0,186.0,11.0,1.0,3.0,128,4,76040,1874,222,56,,,,,
2053.21034309105,absorbing,left,4.0,3.0,1185.0,1241.0,104.0,83.0,187.0,12.0,1.0,4.0,128,4,113640,2138,222,56,,,,,
2053.817173629999,absorbing,left,4.0,4.0,1185.0,1241.0,104.0,83.0,187.0,14.0,0.0,4.0,64,4,138920,2426,222,56,,,,,
2054.5886196668725,absorbing,left,5.0,4.0,1185.0,1241.0,104.0,83.0,187.0,13.0,0.0,4.0,128,4,195832,2816,222,56,,,,,
2055.335639676079,absorbing,left,5.0,5.0,1185.0,1241.0,104.0,83.0,187.0,13.0,0.0,4.0,128,4,246392,3300,222,56,,,,,
2055.9465922708623,absorbing,left,5.0,6.0,1185.0,1241.0,104.0,84.0,188.0,12.0,1.0,5.0,128,4,380520,4086,222,56,,,,,
2056.880817990983,absorbing,left,6.0,6.0,1185.0,1241.0,104.0,84.0,188.0,10.0,0.0,5.0,128,4,478200,4584,222,56,,,,,
2057.682207926875,absorbing,left,6.0,7.0,1185.0,1241.0,104.0,84.0,188.0,16.0,0.0,5.0,128,4,710120,5800,222,56,,,,,
2065.9861757359467,unswapping,,,,,,,,,,,,128,4,513800,4608,222,56,0.0,both,0.0,17.0,17.0
2068.9711265959777,unswapping,,,,,,,,,,,,128,4,355160,3630,222,56,0.0,both,1.0,15.0,32.0
2070.330462097889,unswapping,,,,,,,,,,,,128,4,187552,2832,222,56,0.0,left,0.0,9.0,41.0
2071.525125827873,unswapping,,,,,,,,,,,,64,4,99088,2148,222,56,0.0,left,1.0,12.0,53.0
2072.199738444062,unswapping,,,,,,,,,,,,60,4,81824,1966,222,56,0.0,right,0.0,7.0,60.0
2073.1788196060807,unswapping,,,,,,,,,,,,54,4,70128,1830,222,56,0.0,right,1.0,4.0,64.0
2074.4727764669806,unswapping,,,,,,,,,,,,54,4,53256,1626,222,56,1.0,both,0.0,9.0,9.0
2075.6917483289726,unswapping,,,,,,,,,,,,32,4,33584,1392,222,56,1.0,both,1.0,8.0,17.0
2076.241463902872,unswapping,,,,,,,,,,,,32,4,25488,1248,222,56,1.0,left,0.0,7.0,24.0
2076.746854729019,unswapping,,,,,,,,,,,,32,4,23520,1196,222,56,1.0,left,1.0,4.0,28.0
2077.219256327022,unswapping,,,,,,,,,,,,32,4,23392,1188,222,56,1.0,right,0.0,1.0,29.0
2077.5545919630677,unswapping,,,,,,,,,,,,32,4,23392,1188,222,56,1.0,right,1.0,0.0,29.0
2078.5800804819446,unswapping,,,,,,,,,,,,32,4,17632,1096,222,56,2.0,both,0.0,4.0,4.0
2079.5383763678838,unswapping,,,,,,,,,,,,32,4,15808,1040,222,56,2.0,both,1.0,5.0,9.0
2080.016833479982,unswapping,,,,,,,,,,,,32,4,15440,1020,222,56,2.0,left,0.0,2.0,11.0
2080.4902544638608,unswapping,,,,,,,,,,,,16,4,13664,960,222,56,2.0,left,1.0,2.0,13.0
2080.9495433070697,unswapping,,,,,,,,,,,,16,4,13408,948,222,56,2.0,right,0.0,2.0,15.0
2081.240129645914,unswapping,,,,,,,,,,,,16,4,13408,948,222,56,2.0,right,1.0,0.0,15.0
2082.181238991907,unswapping,,,,,,,,,,,,16,4,13060,926,222,56,3.0,both,0.0,4.0,4.0
2083.4364181070123,unswapping,,,,,,,,,,,,16,4,12760,906,222,56,3.0,both,1.0,4.0,8.0
2083.735524826916,unswapping,,,,,,,,,,,,16,4,12760,906,222,56,3.0,left,0.0,0.0,8.0
2084.0315717200283,unswapping,,,,,,,,,,,,16,4,12760,906,222,56,3.0,left,1.0,0.0,8.0
2084.324856010033,unswapping,,,,,,,,,,,,16,4,12760,906,222,56,3.0,right,0.0,0.0,8.0
2084.615484718932,unswapping,,,,,,,,,,,,16,4,12760,906,222,56,3.0,right,1.0,0.0,8.0
2085.527100249892,unswapping,,,,,,,,,,,,16,4,12520,894,222,56,4.0,both,0.0,2.0,2.0
2086.4320548039395,unswapping,,,,,,,,,,,,16,4,12280,882,222,56,4.0,both,1.0,2.0,4.0
2086.7341205049306,unswapping,,,,,,,,,,,,16,4,12280,882,222,56,4.0,left,0.0,0.0,4.0
2087.034319896018,unswapping,,,,,,,,,,,,16,4,12280,882,222,56,4.0,left,1.0,0.0,4.0
2087.3276856760494,unswapping,,,,,,,,,,,,16,4,12280,882,222,56,4.0,right,0.0,0.0,4.0
2087.618227433879,unswapping,,,,,,,,,,,,16,4,12280,882,222,56,4.0,right,1.0,0.0,4.0
2088.5379100120626,unswapping,,,,,,,,,,,,16,4,12040,870,222,56,5.0,both,0.0,2.0,2.0
2089.1343735379633,unswapping,,,,,,,,,,,,16,4,12040,870,222,56,5.0,both,1.0,0.0,2.0
2089.436099115992,unswapping,,,,,,,,,,,,16,4,12040,870,222,56,5.0,left,0.0,0.0,2.0
2089.734550297959,unswapping,,,,,,,,,,,,16,4,12040,870,222,56,5.0,left,1.0,0.0,2.0
2090.0301985279657,unswapping,,,,,,,,,,,,16,4,12040,870,222,56,5.0,right,0.0,0.0,2.0
2090.31800817186,unswapping,,,,,,,,,,,,16,4,12040,870,222,56,5.0,right,1.0,0.0,2.0
2090.90781026287,unswapping,,,,,,,,,,,,16,4,12040,870,222,56,6.0,both,0.0,0.0,0.0
2091.4876680360176,unswapping,,,,,,,,,,,,16,4,12040,870,222,56,6.0,both,1.0,0.0,0.0
2091.788766395999,unswapping,,,,,,,,,,,,16,4,12040,870,222,56,6.0,left,0.0,0.0,0.0
2092.085888074944,unswapping,,,,,,,,,,,,16,4,12040,870,222,56,6.0,left,1.0,0.0,0.0
2092.382553356001,unswapping,,,,,,,,,,,,16,4,12040,870,222,56,6.0,right,0.0,0.0,0.0
2092.672835188918,unswapping,,,,,,,,,,,,16,4,12040,870,222,56,6.0,right,1.0,0.0,0.0
2102.891292928951,absorbing,left,1.0,0.0,1125.0,1205.0,104.0,84.0,188.0,13.0,0.0,0.0,16,4,12040,870,222,56,,,,,
2103.2685048130807,absorbing,left,1.0,1.0,1125.0,1205.0,104.0,86.0,190.0,10.0,2.0,2.0,64,4,20684,1090,222,56,,,,,
2103.6511432968546,absorbing,left,2.0,1.0,1125.0,1205.0,104.0,86.0,190.0,15.0,0.0,2.0,64,4,30236,1254,222,56,,,,,
2104.038013007026,absorbing,left,2.0,2.0,1125.0,1205.0,104.0,86.0,190.0,15.0,0.0,2.0,64,4,47808,1428,222,56,,,,,
2104.4722410328686,absorbing,left,3.0,2.0,1125.0,1205.0,104.0,86.0,190.0,13.0,0.0,2.0,64,4,58472,1618,222,56,,,,,
2104.9350432530046,absorbing,left,3.0,3.0,1125.0,1205.0,104.0,86.0,190.0,12.0,0.0,2.0,64,4,77744,1838,222,56,,,,,
2105.537556051044,absorbing,left,4.0,3.0,1125.0,1205.0,104.0,86.0,190.0,12.0,0.0,2.0,64,4,105664,2132,222,56,,,,,
2106.3703203760087,absorbing,left,4.0,4.0,1125.0,1205.0,104.0,86.0,190.0,12.0,0.0,2.0,64,4,117760,2252,222,56,,,,,
2107.116477024043,absorbing,left,5.0,4.0,1125.0,1205.0,104.0,86.0,190.0,10.0,0.0,2.0,64,4,162032,2644,222,56,,,,,
2108.0100790299475,absorbing,left,5.0,5.0,1125.0,1205.0,104.0,86.0,190.0,13.0,0.0,2.0,127,4,193504,2890,222,56,,,,,
2108.8030766220763,absorbing,left,5.0,6.0,1125.0,1205.0,104.0,87.0,191.0,12.0,1.0,3.0,125,4,259396,3330,222,56,,,,,
2109.6205482708756,absorbing,left,5.0,7.0,1125.0,1205.0,104.0,87.0,191.0,11.0,0.0,3.0,123,4,293832,3578,222,56,,,,,
2110.585909784073,absorbing,left,6.0,7.0,1125.0,1205.0,106.0,87.0,193.0,7.0,2.0,5.0,128,4,369720,4024,222,56,,,,,
2111.389128729934,absorbing,left,7.0,7.0,1125.0,1205.0,107.0,87.0,194.0,8.0,1.0,6.0,128,4,394916,4156,222,56,,,,,
2112.1199366920628,absorbing,left,7.0,8.0,1125.0,1205.0,107.0,88.0,195.0,8.0,1.0,7.0,128,4,507084,4868,222,56,,,,,
2113.020080650924,absorbing,left,7.0,9.0,1125.0,1205.0,107.0,88.0,195.0,6.0,0.0,7.0,128,4,639496,5328,222,56,,,,,
2114.0036875440273,absorbing,left,7.0,10.0,1125.0,1205.0,107.0,88.0,195.0,6.0,0.0,7.0,128,4,781168,5728,222,56,,,,,
2115.2219448660035,absorbing,left,7.0,11.0,1125.0,1205.0,107.0,88.0,195.0,4.0,0.0,7.0,128,4,824076,5850,222,56,,,,,
2116.312815232901,absorbing,left,7.0,12.0,1125.0,1205.0,107.0,88.0,195.0,3.0,0.0,7.0,228,4,893884,6046,222,56,,,,,
2124.1189312110655,unswapping,,,,,,,,,,,,214,4,718784,5454,222,56,0.0,both,0.0,13.0,13.0
2131.0981165028643,unswapping,,,,,,,,,,,,128,4,367112,3940,222,56,0.0,both,1.0,17.0,30.0
2132.3401827099733,unswapping,,,,,,,,,,,,128,4,240468,3236,222,56,0.0,left,0.0,12.0,42.0
2135.341649868991,unswapping,,,,,,,,,,,,64,4,150400,2650,222,56,0.0,left,1.0,12.0,54.0
2136.783949829871,unswapping,,,,,,,,,,,,50,4,106936,2262,222,56,0.0,right,0.0,9.0,63.0
2137.589566733921,unswapping,,,,,,,,,,,,50,4,98312,2142,222,56,0.0,right,1.0,8.0,71.0
2139.691051288042,unswapping,,,,,,,,,,,,49,4,73136,1866,222,56,1.0,both,0.0,15.0,15.0
2141.3158222630154,unswapping,,,,,,,,,,,,34,4,50488,1596,222,56,1.0,both,1.0,11.0,26.0
2141.959894682048,unswapping,,,,,,,,,,,,32,4,43072,1478,222,56,1.0,left,0.0,9.0,35.0
2142.6030850710813,unswapping,,,,,,,,,,,,32,4,37840,1386,222,56,1.0,left,1.0,7.0,42.0
2143.154511759989,unswapping,,,,,,,,,,,,32,4,32848,1314,222,56,1.0,right,0.0,2.0,44.0
2143.7257665218785,unswapping,,,,,,,,,,,,32,4,28868,1250,222,56,1.0,right,1.0,4.0,48.0
2144.8890488119796,unswapping,,,,,,,,,,,,24,4,20444,1108,222,56,2.0,both,0.0,11.0,11.0
2145.969239607919,unswapping,,,,,,,,,,,,19,4,15996,1008,222,56,2.0,both,1.0,7.0,18.0
2146.442119509913,unswapping,,,,,,,,,,,,18,4,15036,982,222,56,2.0,left,0.0,3.0,21.0
2146.9437076600734,unswapping,,,,,,,,,,,,16,4,13980,950,222,56,2.0,left,1.0,2.0,23.0
2147.231833546888,unswapping,,,,,,,,,,,,16,4,13980,950,222,56,2.0,right,0.0,0.0,23.0
2147.7051355938893,unswapping,,,,,,,,,,,,16,4,13724,942,222,56,2.0,right,1.0,1.0,24.0
2148.6516116529237,unswapping,,,,,,,,,,,,16,4,11580,878,222,56,3.0,both,0.0,6.0,6.0
2149.603994052857,unswapping,,,,,,,,,,,,16,4,10956,850,222,56,3.0,both,1.0,4.0,10.0
2150.0469955508597,unswapping,,,,,,,,,,,,16,4,10444,834,222,56,3.0,left,0.0,1.0,11.0
2150.481118706055,unswapping,,,,,,,,,,,,16,4,9932,818,222,56,3.0,left,1.0,1.0,12.0
2150.7565461338963,unswapping,,,,,,,,,,,,16,4,9932,818,222,56,3.0,right,0.0,0.0,12.0
2151.5207438620273,unswapping,,,,,,,,,,,,16,4,9756,814,222,56,3.0,right,1.0,1.0,13.0
2152.40921746986,unswapping,,,,,,,,,,,,16,4,9428,800,222,56,4.0,both,0.0,3.0,3.0
2153.280053830007,unswapping,,,,,,,,,,,,16,4,9380,796,222,56,4.0,both,1.0,1.0,4.0
2153.71915316605,unswapping,,,,,,,,,,,,16,4,9280,794,222,56,4.0,left,0.0,1.0,5.0
2154.000325866975,unswapping,,,,,,,,,,,,16,4,9280,794,222,56,4.0,left,1.0,0.0,5.0
2154.2762571780477,unswapping,,,,,,,,,,,,16,4,9280,794,222,56,4.0,right,0.0,1.0,6.0
2154.549544578884,unswapping,,,,,,,,,,,,16,4,9280,794,222,56,4.0,right,1.0,0.0,6.0
2155.1003019630443,unswapping,,,,,,,,,,,,16,4,9280,794,222,56,5.0,both,0.0,0.0,0.0
2155.653003938962,unswapping,,,,,,,,,,,,16,4,9280,794,222,56,5.0,both,1.0,0.0,0.0
2155.922121943906,unswapping,,,,,,,,,,,,16,4,9280,794,222,56,5.0,left,0.0,0.0,0.0
2156.1954757729545,unswapping,,,,,,,,,,,,16,4,9280,794,222,56,5.0,left,1.0,0.0,0.0
2156.471492788056,unswapping,,,,,,,,,,,,16,4,9280,794,222,56,5.0,right,0.0,1.0,1.0
2156.7432324879337,unswapping,,,,,,,,,,,,16,4,9280,794,222,56,5.0,right,1.0,0.0,1.0
2166.6966902979184,absorbing,left,1.0,0.0,1126.0,1146.0,108.0,88.0,196.0,13.0,1.0,1.0,16,4,9280,794,222,56,,,,,
2167.0453118779697,absorbing,left,2.0,0.0,1126.0,1146.0,108.0,88.0,196.0,12.0,0.0,1.0,16,4,11364,924,222,56,,,,,
2167.4104444510303,absorbing,left,2.0,1.0,1126.0,1146.0,108.0,88.0,196.0,14.0,0.0,1.0,32,4,16708,1060,222,56,,,,,
2167.7757483560126,absorbing,left,2.0,2.0,1126.0,1146.0,108.0,88.0,196.0,13.0,0.0,1.0,32,4,22128,1198,222,56,,,,,
2168.179293537978,absorbing,left,3.0,2.0,1126.0,1146.0,109.0,88.0,197.0,12.0,1.0,2.0,32,4,27676,1292,222,56,,,,,
2168.594307031948,absorbing,left,3.0,3.0,1126.0,1146.0,109.0,89.0,198.0,10.0,1.0,3.0,32,4,32972,1412,222,56,,,,,
2169.0202084549237,absorbing,left,3.0,4.0,1126.0,1146.0,109.0,89.0,198.0,9.0,0.0,3.0,64,4,47544,1626,222,56,,,,,
2169.430688078981,absorbing,left,3.0,5.0,1126.0,1146.0,109.0,90.0,199.0,6.0,1.0,4.0,64,4,78576,1992,222,56,,,,,
2169.8861319799908,absorbing,left,4.0,5.0,1126.0,1146.0,109.0,90.0,199.0,10.0,0.0,4.0,64,4,123248,2368,222,56,,,,,
2170.9633791749366,absorbing,left,4.0,6.0,1126.0,1146.0,109.0,90.0,199.0,9.0,0.0,4.0,64,4,163344,2652,222,56,,,,,
2171.757549426984,absorbing,left,5.0,6.0,1126.0,1146.0,110.0,90.0,200.0,8.0,1.0,5.0,64,4,202496,2916,222,56,,,,,
2172.6170496649574,absorbing,left,6.0,6.0,1126.0,1146.0,111.0,90.0,201.0,5.0,1.0,6.0,128,4,254848,3224,222,56,,,,,
2173.3657340349164,absorbing,left,7.0,6.0,1126.0,1146.0,111.0,90.0,201.0,6.0,0.0,6.0,128,4,280000,3422,222,56,,,,,
2174.2357266750187,absorbing,left,8.0,6.0,1126.0,1146.0,111.0,90.0,201.0,5.0,0.0,6.0,128,4,307456,3592,222,56,,,,,
2174.9679549899884,absorbing,left,9.0,6.0,1126.0,1146.0,111.0,90.0,201.0,7.0,0.0,6.0,128,4,363072,3798,222,56,,,,,
2175.7452480150387,absorbing,left,9.0,7.0,1126.0,1146.0,111.0,91.0,202.0,7.0,1.0,7.0,128,4,589440,4644,222,56,,,,,
2176.646634859033,absorbing,left,9.0,8.0,1126.0,1146.0,111.0,91.0,202.0,6.0,0.0,7.0,128,4,781184,5172,222,56,,,,,
2178.3578189250547,absorbing,left,9.0,9.0,1126.0,1146.0,111.0,92.0,203.0,4.0,1.0,8.0,128,4,872928,5570,222,56,,,,,
2180.291256273864,absorbing,left,9.0,10.0,1126.0,1146.0,111.0,92.0,203.0,5.0,0.0,8.0,256,4,946048,5680,222,56,,,,,
2181.60204862291,absorbing,left,9.0,11.0,1126.0,1146.0,111.0,93.0,204.0,5.0,1.0,9.0,256,4,989952,5912,222,56,,,,,
2211.1037711258978,unswapping,,,,,,,,,,,,256,4,1326592,6530,222,56,0.0,both,0.0,4.0,4.0
2231.1327275398653,unswapping,,,,,,,,,,,,252,4,818092,4620,222,56,0.0,both,1.0,15.0,19.0
2233.604870389914,unswapping,,,,,,,,,,,,251,4,575240,3774,222,56,0.0,left,0.0,16.0,35.0
2235.2639985769056,unswapping,,,,,,,,,,,,250,4,501296,3348,222,56,0.0,left,1.0,12.0,47.0
2236.3406313168816,unswapping,,,,,,,,,,,,250,4,490928,3190,222,56,0.0,right,0.0,6.0,53.0
2237.3176951960195,unswapping,,,,,,,,,,,,250,4,445376,3006,222,56,0.0,right,1.0,6.0,59.0
2240.3940059570596,unswapping,,,,,,,,,,,,249,4,380472,2686,222,56,1.0,both,0.0,13.0,13.0
2242.036557562882,unswapping,,,,,,,,,,,,249,4,368652,2550,222,56,1.0,both,1.0,12.0,25.0
2243.1295103419106,unswapping,,,,,,,,,,,,249,4,366536,2524,222,56,1.0,left,0.0,5.0,30.0
2244.0866331700236,unswapping,,,,,,,,,,,,248,4,288696,2386,222,56,1.0,left,1.0,5.0,35.0
2244.88543947204,unswapping,,,,,,,,,,,,124,4,174424,2038,222,56,1.0,right,0.0,4.0,39.0
2246.012048755074,unswapping,,,,,,,,,,,,124,4,122456,1786,222,56,1.0,right,1.0,4.0,43.0
2247.604044419015,unswapping,,,,,,,,,,,,70,4,91532,1608,222,56,2.0,both,0.0,7.0,7.0
2249.034193334868,unswapping,,,,,,,,,,,,66,4,75108,1470,222,56,2.0,both,1.0,8.0,15.0
2249.721026141895,unswapping,,,,,,,,,,,,64,4,69320,1402,222,56,2.0,left,0.0,5.0,20.0
2250.3536247739103,unswapping,,,,,,,,,,,,64,4,66564,1358,222,56,2.0,left,1.0,4.0,24.0
2250.67067872989,unswapping,,,,,,,,,,,,64,4,66564,1358,222,56,2.0,right,0.0,0.0,24.0
2251.4974535529036,unswapping,,,,,,,,,,,,64,4,49156,1278,222,56,2.0,right,1.0,3.0,27.0
2252.660013685003,unswapping,,,,,,,,,,,,64,4,36580,1166,222,56,3.0,both,0.0,4.0,4.0
2253.307897304883,unswapping,,,,,,,,,,,,64,4,36580,1166,222,56,3.0,both,1.0,1.0,5.0
2253.8720603229012,unswapping,,,,,,,,,,,,64,4,36132,1152,222,56,3.0,left,0.0,1.0,6.0
2254.3697483779397,unswapping,,,,,,,,,,,,64,4,33700,1110,222,56,3.0,left,1.0,4.0,10.0
2254.6962774049025,unswapping,,,,,,,,,,,,64,4,33700,1110,222,56,3.0,right,0.0,0.0,10.0
2255.014490663074,unswapping,,,,,,,,,,,,64,4,33700,1110,222,56,3.0,right,1.0,1.0,11.0
2255.6842643709388,unswapping,,,,,,,,,,,,64,4,33700,1110,222,56,4.0,both,0.0,0.0,0.0
2256.2801795848645,unswapping,,,,,,,,,,,,64,4,33700,1110,222,56,4.0,both,1.0,1.0,1.0
2256.620970824035,unswapping,,,,,,,,,,,,64,4,33700,1110,222,56,4.0,left,0.0,0.0,1.0
2256.913380488055,unswapping,,,,,,,,,,,,64,4,33700,1110,222,56,4.0,left,1.0,1.0,2.0
2257.2335841818713,unswapping,,,,,,,,,,,,64,4,33700,1110,222,56,4.0,right,0.0,0.0,2.0
2257.548857318936,unswapping,,,,,,,,,,,,64,4,33700,1110,222,56,4.0,right,1.0,1.0,3.0
2268.034669671906,absorbing,left,1.0,0.0,1071.0,1142.0,112.0,93.0,205.0,10.0,1.0,1.0,64,4,33652,1106,222,56,,,,,
2268.4064147409517,absorbing,left,1.0,1.0,1071.0,1142.0,112.0,93.0,205.0,9.0,0.0,1.0,64,4,45780,1318,222,56,,,,,
2268.819369934965,absorbing,left,1.0,2.0,1071.0,1142.0,112.0,93.0,205.0,9.0,0.0,1.0,64,4,58932,1476,222,56,,,,,
2269.253299735952,absorbing,left,1.0,3.0,1071.0,1142.0,112.0,93.0,205.0,8.0,0.0,1.0,64,4,84872,1716,222,56,,,,,
2269.789068032056,absorbing,left,1.0,4.0,1071.0,1142.0,112.0,93.0,205.0,8.0,0.0,1.0,64,4,105016,1924,222,56,,,,,
2270.4088017879985,absorbing,left,1.0,5.0,1071.0,1142.0,112.0,93.0,205.0,9.0,0.0,1.0,75,4,136512,2154,222,56,,,,,
2271.015851902077,absorbing,left,2.0,5.0,1071.0,1142.0,113.0,93.0,206.0,10.0,1.0,2.0,74,4,187008,2438,222,56,,,,,
2271.6125692529604,absorbing,left,2.0,6.0,1071.0,1142.0,113.0,93.0,206.0,9.0,0.0,2.0,128,4,245512,2784,222,56,,,,,
2272.376747186063,absorbing,left,2.0,7.0,1071.0,1142.0,113.0,93.0,206.0,10.0,0.0,2.0,143,4,336936,3214,222,56,,,,,
2273.1246826450806,absorbing,left,3.0,7.0,1071.0,1142.0,114.0,93.0,207.0,9.0,1.0,3.0,256,4,509528,3810,222,56,,,,,
2274.1465025439393,absorbing,left,3.0,8.0,1071.0,1142.0,114.0,93.0,207.0,9.0,0.0,3.0,256,4,788108,4998,222,56,,,,,
2284.2882468749303,unswapping,,,,,,,,,,,,253,4,1162076,5468,222,56,0.0,both,0.0,10.0,10.0
2287.770756243961,unswapping,,,,,,,,,,,,251,4,957368,4600,222,56,0.0,both,1.0,11.0,21.0
2289.5586241309065,unswapping,,,,,,,,,,,,248,4,678492,3858,222,56,0.0,left,0.0,15.0,36.0
2290.6484391160775,unswapping,,,,,,,,,,,,246,4,501280,3132,222,56,0.0,left,1.0,13.0,49.0
2291.4811170529574,unswapping,,,,,,,,,,,,244,4,493908,3074,222,56,0.0,right,0.0,3.0,52.0
2292.526950025931,unswapping,,,,,,,,,,,,243,4,461520,2936,222,56,0.0,right,1.0,7.0,59.0
2294.147963192081,unswapping,,,,,,,,,,,,239,4,434244,2728,222,56,1.0,both,0.0,11.0,11.0
2295.6666183329653,unswapping,,,,,,,,,,,,236,4,218036,2330,222,56,1.0,both,1.0,6.0,17.0
2296.538746214006,unswapping,,,,,,,,,,,,62,4,110432,1836,222,56,1.0,left,0.0,4.0,21.0
2297.2737809990067,unswapping,,,,,,,,,,,,62,4,96480,1736,222,56,1.0,left,1.0,3.0,24.0
2297.9596499230247,unswapping,,,,,,,,,,,,62,4,79904,1624,222,56,1.0,right,0.0,3.0,27.0
2298.526016691001,unswapping,,,,,,,,,,,,62,4,79664,1612,222,56,1.0,right,1.0,1.0,28.0
2300.6305959010497,unswapping,,,,,,,,,,,,62,4,70520,1532,222,56,2.0,both,0.0,5.0,5.0
2301.775412810035,unswapping,,,,,,,,,,,,62,4,58716,1398,222,56,2.0,both,1.0,5.0,10.0
2302.349876496941,unswapping,,,,,,,,,,,,62,4,58108,1382,222,56,2.0,left,0.0,2.0,12.0
2302.8818545690738,unswapping,,,,,,,,,,,,62,4,58012,1370,222,56,2.0,left,1.0,1.0,13.0
2303.4327323739417,unswapping,,,,,,,,,,,,62,4,57708,1362,222,56,2.0,right,0.0,1.0,14.0
2303.970223780023,unswapping,,,,,,,,,,,,62,4,56908,1342,222,56,2.0,right,1.0,1.0,15.0
2305.0834158959333,unswapping,,,,,,,,,,,,62,4,53176,1290,222,56,3.0,both,0.0,5.0,5.0
2306.1076174678747,unswapping,,,,,,,,,,,,62,4,49980,1252,222,56,3.0,both,1.0,3.0,8.0
2306.4541938079055,unswapping,,,,,,,,,,,,62,4,49980,1252,222,56,3.0,left,0.0,1.0,9.0
2306.768500749953,unswapping,,,,,,,,,,,,62,4,49980,1252,222,56,3.0,left,1.0,0.0,9.0
2307.118168561952,unswapping,,,,,,,,,,,,62,4,49980,1252,222,56,3.0,right,0.0,0.0,9.0
2307.4452451490797,unswapping,,,,,,,,,,,,62,4,49980,1252,222,56,3.0,right,1.0,0.0,9.0
2308.4769148640335,unswapping,,,,,,,,,,,,62,4,49932,1248,222,56,4.0,both,0.0,3.0,3.0
2309.482984192902,unswapping,,,,,,,,,,,,62,4,38652,1188,222,56,4.0,both,1.0,1.0,4.0
2309.852505331859,unswapping,,,,,,,,,,,,62,4,38652,1188,222,56,4.0,left,0.0,0.0,4.0
2310.176446310943,unswapping,,,,,,,,,,,,62,4,38652,1188,222,56,4.0,left,1.0,2.0,6.0
2310.542534147855,unswapping,,,,,,,,,,,,62,4,38652,1188,222,56,4.0,right,0.0,0.0,6.0
2310.8747564018704,unswapping,,,,,,,,,,,,62,4,38652,1188,222,56,4.0,right,1.0,2.0,8.0
2312.0130436869804,unswapping,,,,,,,,,,,,32,4,27060,1096,222,56,5.0,both,0.0,1.0,1.0
2313.001565093873,unswapping,,,,,,,,,,,,32,4,24052,1050,222,56,5.0,both,1.0,2.0,3.0
2313.305842654081,unswapping,,,,,,,,,,,,32,4,24052,1050,222,56,5.0,left,0.0,1.0,4.0
2313.9520508630667,unswapping,,,,,,,,,,,,32,4,24052,1050,222,56,5.0,left,1.0,0.0,4.0
2314.257577331038,unswapping,,,,,,,,,,,,32,4,24052,1050,222,56,5.0,right,0.0,1.0,5.0
2314.573964443058,unswapping,,,,,,,,,,,,32,4,24052,1050,222,56,5.0,right,1.0,0.0,5.0
2315.177243781043,unswapping,,,,,,,,,,,,32,4,24052,1050,222,56,6.0,both,0.0,1.0,1.0
2315.804244535975,unswapping,,,,,,,,,,,,32,4,24052,1050,222,56,6.0,both,1.0,1.0,2.0
2316.1060935289133,unswapping,,,,,,,,,,,,32,4,24052,1050,222,56,6.0,left,0.0,1.0,3.0
2316.4177843809593,unswapping,,,,,,,,,,,,32,4,24052,1050,222,56,6.0,left,1.0,0.0,3.0
2316.7236482370645,unswapping,,,,,,,,,,,,32,4,24052,1050,222,56,6.0,right,0.0,1.0,4.0
2317.0446314830333,unswapping,,,,,,,,,,,,32,4,24052,1050,222,56,6.0,right,1.0,0.0,4.0
2327.0383095738944,absorbing,left,1.0,0.0,1057.0,1214.0,114.0,93.0,207.0,10.0,0.0,0.0,32,4,23864,1048,222,56,,,,,
2327.396443526959,absorbing,left,1.0,1.0,1057.0,1214.0,114.0,93.0,207.0,8.0,0.0,0.0,32,4,28580,1182,222,56,,,,,
2327.806078355992,absorbing,left,2.0,1.0,1057.0,1214.0,114.0,93.0,207.0,9.0,0.0,0.0,59,4,43760,1360,222,56,,,,,
2328.2324905579444,absorbing,left,2.0,2.0,1057.0,1214.0,114.0,93.0,207.0,10.0,0.0,0.0,62,4,66524,1618,222,56,,,,,
2328.691867382033,absorbing,left,3.0,2.0,1057.0,1214.0,114.0,93.0,207.0,8.0,0.0,0.0,62,4,102884,1904,222,56,,,,,
2329.192529201042,absorbing,left,4.0,2.0,1057.0,1214.0,115.0,93.0,208.0,9.0,1.0,1.0,119,4,140204,2196,222,56,,,,,
2329.8269723800477,absorbing,left,5.0,2.0,1057.0,1214.0,115.0,93.0,208.0,10.0,0.0,1.0,123,4,194676,2550,222,56,,,,,
2330.5194171620533,absorbing,left,5.0,3.0,1057.0,1214.0,115.0,93.0,208.0,8.0,0.0,1.0,127,4,280832,2970,222,56,,,,,
2331.2741188870277,absorbing,left,6.0,3.0,1057.0,1214.0,116.0,93.0,209.0,8.0,1.0,2.0,126,4,432616,3400,222,56,,,,,
2331.8459973828867,absorbing,left,7.0,3.0,1057.0,1214.0,116.0,93.0,209.0,7.0,0.0,2.0,123,4,455004,3688,222,56,,,,,
2332.4301170879044,absorbing,left,8.0,3.0,1057.0,1214.0,116.0,93.0,209.0,6.0,0.0,2.0,120,4,476952,3964,222,56,,,,,
2333.0318575389683,absorbing,left,9.0,3.0,1057.0,1214.0,116.0,93.0,209.0,6.0,0.0,2.0,120,4,499252,4200,222,56,,,,,
2333.7360448779073,absorbing,left,10.0,3.0,1057.0,1214.0,116.0,93.0,209.0,5.0,0.0,2.0,128,4,555088,4602,222,56,,,,,
2334.751939648064,absorbing,left,11.0,3.0,1057.0,1214.0,116.0,93.0,209.0,4.0,0.0,2.0,128,4,654848,4928,222,56,,,,,
2341.451823612908,unswapping,,,,,,,,,,,,402,4,842600,5222,222,56,0.0,both,0.0,15.0,15.0
2346.734963441966,unswapping,,,,,,,,,,,,128,4,314684,3562,222,56,0.0,both,1.0,22.0,37.0
2348.3944644290023,unswapping,,,,,,,,,,,,96,4,219260,2994,222,56,0.0,left,0.0,7.0,44.0
2349.84802325489,unswapping,,,,,,,,,,,,96,4,140452,2518,222,56,0.0,left,1.0,10.0,54.0
2350.7147022439167,unswapping,,,,,,,,,,,,48,4,95524,2074,222,56,0.0,right,0.0,9.0,63.0
2351.5656566289254,unswapping,,,,,,,,,,,,48,4,72052,1846,222,56,0.0,right,1.0,5.0,68.0
2353.3825837010518,unswapping,,,,,,,,,,,,48,4,54676,1602,222,56,1.0,both,0.0,7.0,7.0
2354.6831151510123,unswapping,,,,,,,,,,,,48,4,43716,1466,222,56,1.0,both,1.0,6.0,13.0
2355.691621039994,unswapping,,,,,,,,,,,,24,4,34116,1302,222,56,1.0,left,0.0,6.0,19.0
2356.314408655977,unswapping,,,,,,,,,,,,24,4,31076,1238,222,56,1.0,left,1.0,5.0,24.0
2356.892167467857,unswapping,,,,,,,,,,,,24,4,30772,1222,222,56,1.0,right,0.0,2.0,26.0
2357.5200349409133,unswapping,,,,,,,,,,,,24,4,26500,1162,222,56,1.0,right,1.0,3.0,29.0
2358.961148896953,unswapping,,,,,,,,,,,,24,4,21812,1062,222,56,2.0,both,0.0,6.0,6.0
2359.9361397339962,unswapping,,,,,,,,,,,,24,4,21672,1052,222,56,2.0,both,1.0,2.0,8.0
2360.816214981023,unswapping,,,,,,,,,,,,24,4,21576,1040,222,56,2.0,left,0.0,1.0,9.0
2361.3148541238625,unswapping,,,,,,,,,,,,24,4,19416,1004,222,56,2.0,left,1.0,1.0,10.0
2361.826104094973,unswapping,,,,,,,,,,,,24,4,17688,980,222,56,2.0,right,0.0,1.0,11.0
2362.1322042329703,unswapping,,,,,,,,,,,,24,4,17688,980,222,56,2.0,right,1.0,0.0,11.0
2363.7823335579596,unswapping,,,,,,,,,,,,24,4,17560,972,222,56,3.0,both,0.0,1.0,1.0
2364.384729227051,unswapping,,,,,,,,,,,,24,4,17560,972,222,56,3.0,both,1.0,0.0,1.0
2365.2309015970677,unswapping,,,,,,,,,,,,24,4,16120,948,222,56,3.0,left,0.0,1.0,2.0
2365.7254018420354,unswapping,,,,,,,,,,,,24,4,14968,924,222,56,3.0,left,1.0,1.0,3.0
2366.044027221855,unswapping,,,,,,,,,,,,24,4,14968,924,222,56,3.0,right,0.0,0.0,3.0
2366.3378793869633,unswapping,,,,,,,,,,,,24,4,14968,924,222,56,3.0,right,1.0,0.0,3.0
2366.9534958589356,unswapping,,,,,,,,,,,,24,4,14968,924,222,56,4.0,both,0.0,0.0,0.0
2367.892034166958,unswapping,,,,,,,,,,,,24,4,14856,920,222,56,4.0,both,1.0,1.0,1.0
2368.3668384358753,unswapping,,,,,,,,,,,,24,4,14472,908,222,56,4.0,left,0.0,1.0,2.0
2368.676338006044,unswapping,,,,,,,,,,,,24,4,14472,908,222,56,4.0,left,1.0,0.0,2.0
2369.158602177864,unswapping,,,,,,,,,,,,24,4,14344,904,222,56,4.0,right,0.0,1.0,3.0
2369.619012071984,unswapping,,,,,,,,,,,,24,4,13832,888,222,56,4.0,right,1.0,1.0,4.0
2370.5427697529085,unswapping,,,,,,,,,,,,24,4,13384,880,222,56,5.0,both,0.0,1.0,1.0
2371.464886534959,unswapping,,,,,,,,,,,,24,4,11784,840,222,56,5.0,both,1.0,1.0,2.0
2371.758857844863,unswapping,,,,,,,,,,,,24,4,11784,840,222,56,5.0,left,0.0,0.0,2.0
2372.0608576058876,unswapping,,,,,,,,,,,,24,4,11784,840,222,56,5.0,left,1.0,0.0,2.0
2372.5250350590795,unswapping,,,,,,,,,,,,24,4,11272,824,222,56,5.0,right,0.0,1.0,3.0
2372.8044298898894,unswapping,,,,,,,,,,,,24,4,11272,824,222,56,5.0,right,1.0,0.0,3.0
2373.37708511902,unswapping,,,,,,,,,,,,24,4,11272,824,222,56,6.0,both,0.0,0.0,0.0
2374.267537422944,unswapping,,,,,,,,,,,,24,4,11016,816,222,56,6.0,both,1.0,1.0,1.0
2374.555058887927,unswapping,,,,,,,,,,,,24,4,11016,816,222,56,6.0,left,0.0,0.0,1.0
2374.8460069340654,unswapping,,,,,,,,,,,,24,4,11016,816,222,56,6.0,left,1.0,0.0,1.0
2375.146044310881,unswapping,,,,,,,,,,,,24,4,11016,816,222,56,6.0,right,0.0,0.0,1.0
2375.4295860079583,unswapping,,,,,,,,,,,,24,4,11016,816,222,56,6.0,right,1.0,0.0,1.0
2376.3419591749553,unswapping,,,,,,,,,,,,24,4,11016,816,222,56,7.0,both,0.0,0.0,0.0
2376.9110543138813,unswapping,,,,,,,,,,,,24,4,11016,816,222,56,7.0,both,1.0,0.0,0.0
2377.2006054890808,unswapping,,,,,,,,,,,,24,4,11016,816,222,56,7.0,left,0.0,0.0,0.0
2377.492137726862,unswapping,,,,,,,,,,,,24,4,11016,816,222,56,7.0,left,1.0,0.0,0.0
2377.794039085973,unswapping,,,,,,,,,,,,24,4,11016,816,222,56,7.0,right,0.0,0.0,0.0
2378.0787519509904,unswapping,,,,,,,,,,,,24,4,11016,816,222,56,7.0,right,1.0,0.0,0.0
2388.1940743760206,absorbing,left,1.0,0.0,1007.0,1102.0,116.0,93.0,209.0,11.0,0.0,0.0,24,4,11016,816,222,56,,,,,
2388.5442291318905,absorbing,left,2.0,0.0,1007.0,1102.0,116.0,93.0,209.0,9.0,0.0,0.0,24,4,13068,918,222,56,,,,,
2388.889851029031,absorbing,left,2.0,1.0,1007.0,1102.0,116.0,93.0,209.0,8.0,0.0,0.0,48,4,18104,1056,222,56,,,,,
2389.244412134867,absorbing,left,2.0,2.0,1007.0,1102.0,116.0,93.0,209.0,9.0,0.0,0.0,48,4,28936,1192,222,56,,,,,
2389.6107758749276,absorbing,left,2.0,3.0,1007.0,1102.0,116.0,93.0,209.0,8.0,0.0,0.0,96,4,51880,1504,222,56,,,,,
2390.041871068999,absorbing,left,3.0,3.0,1007.0,1102.0,116.0,93.0,209.0,8.0,0.0,0.0,96,4,97304,1744,222,56,,,,,
2390.5207548309118,absorbing,left,4.0,3.0,1007.0,1102.0,116.0,93.0,209.0,7.0,0.0,0.0,96,4,108392,1900,222,56,,,,,
2390.962158228038,absorbing,left,5.0,3.0,1007.0,1102.0,116.0,93.0,209.0,6.0,0.0,0.0,96,4,123416,2084,222,56,,,,,
2391.4135690049734,absorbing,left,6.0,3.0,1007.0,1102.0,116.0,93.0,209.0,8.0,0.0,0.0,96,4,149576,2344,222,56,,,,,
2391.875121877063,absorbing,left,7.0,3.0,1007.0,1102.0,116.0,93.0,209.0,6.0,0.0,0.0,96,4,165752,2492,222,56,,,,,
2392.33743846789,absorbing,left,8.0,3.0,1007.0,1102.0,117.0,93.0,210.0,5.0,1.0,1.0,96,4,187256,2696,222,56,,,,,
2392.9984447970055,absorbing,left,9.0,3.0,1007.0,1102.0,118.0,93.0,211.0,5.0,1.0,2.0,96,4,264440,3082,222,56,,,,,
2393.6945577440783,absorbing,left,10.0,3.0,1007.0,1102.0,118.0,93.0,211.0,4.0,0.0,2.0,96,4,265240,3126,222,56,,,,,
2394.268525446998,absorbing,left,11.0,3.0,1007.0,1102.0,119.0,93.0,212.0,5.0,1.0,3.0,140,4,336632,3438,222,56,,,,,
2395.453201274853,absorbing,left,12.0,3.0,1007.0,1102.0,119.0,93.0,212.0,5.0,0.0,3.0,134,4,342856,3528,222,56,,,,,
2396.322065870976,absorbing,left,13.0,3.0,1007.0,1102.0,119.0,93.0,212.0,6.0,0.0,3.0,96,4,300056,3452,222,56,,,,,
2396.89607025194,absorbing,left,14.0,3.0,1007.0,1102.0,119.0,93.0,212.0,5.0,0.0,3.0,96,4,333912,3628,222,56,,,,,
2397.436280001886,absorbing,left,15.0,3.0,1007.0,1102.0,120.0,93.0,213.0,5.0,1.0,4.0,256,4,534104,4322,222,56,,,,,
2398.0555251080077,absorbing,left,16.0,3.0,1007.0,1102.0,122.0,93.0,215.0,5.0,2.0,6.0,256,4,601816,4712,222,56,,,,,
2398.6222784440033,absorbing,left,17.0,3.0,1007.0,1102.0,122.0,93.0,215.0,7.0,0.0,6.0,256,4,652888,4990,222,56,,,,,
2399.476176545024,absorbing,left,18.0,3.0,1007.0,1102.0,124.0,93.0,217.0,6.0,2.0,8.0,256,4,847576,5540,222,56,,,,,
2408.471797131002,unswapping,,,,,,,,,,,,128,4,564848,4838,222,56,0.0,both,0.0,10.0,10.0
2411.539954218082,unswapping,,,,,,,,,,,,128,4,442888,4200,222,56,0.0,both,1.0,13.0,23.0
2414.6499106220435,unswapping,,,,,,,,,,,,128,4,353368,3820,222,56,0.0,left,0.0,7.0,30.0
2416.5488057120237,unswapping,,,,,,,,,,,,96,4,246456,3238,222,56,0.0,left,1.0,12.0,42.0
2418.1028364249505,unswapping,,,,,,,,,,,,64,4,194992,2874,222,56,0.0,right,0.0,9.0,51.0
2419.212276208913,unswapping,,,,,,,,,,,,64,4,180168,2720,222,56,0.0,right,1.0,5.0,56.0
2422.4202102478594,unswapping,,,,,,,,,,,,64,4,154188,2426,222,56,1.0,both,0.0,10.0,10.0
2424.3111658149865,unswapping,,,,,,,,,,,,64,4,127952,2180,222,56,1.0,both,1.0,8.0,18.0
2425.135121237021,unswapping,,,,,,,,,,,,64,4,126832,2152,222,56,1.0,left,0.0,4.0,22.0
2426.037314770976,unswapping,,,,,,,,,,,,64,4,121776,2080,222,56,1.0,left,1.0,3.0,25.0
2426.891054729931,unswapping,,,,,,,,,,,,64,4,114128,2016,222,56,1.0,right,0.0,2.0,27.0
2427.381488247076,unswapping,,,,,,,,,,,,64,4,114128,2016,222,56,1.0,right,1.0,0.0,27.0
2428.851518925978,unswapping,,,,,,,,,,,,64,4,95856,1856,222,56,2.0,both,0.0,5.0,5.0
2430.0208214800805,unswapping,,,,,,,,,,,,64,4,75728,1666,222,56,2.0,both,1.0,7.0,12.0
2430.638776537031,unswapping,,,,,,,,,,,,64,4,62800,1538,222,56,2.0,left,0.0,4.0,16.0
2431.2373436898924,unswapping,,,,,,,,,,,,48,4,53648,1442,222,56,2.0,left,1.0,3.0,19.0
2432.187674385961,unswapping,,,,,,,,,,,,48,4,49808,1394,222,56,2.0,right,0.0,2.0,21.0
2432.72387143597,unswapping,,,,,,,,,,,,48,4,45008,1338,222,56,2.0,right,1.0,2.0,23.0
2433.8175808598753,unswapping,,,,,,,,,,,,48,4,41936,1266,222,56,3.0,both,0.0,3.0,3.0
2434.7778484760784,unswapping,,,,,,,,,,,,48,4,41888,1262,222,56,3.0,both,1.0,1.0,4.0
2435.168275275035,unswapping,,,,,,,,,,,,48,4,41888,1262,222,56,3.0,left,0.0,0.0,4.0
2435.6623801959213,unswapping,,,,,,,,,,,,48,4,41504,1246,222,56,3.0,left,1.0,1.0,5.0
2436.0625309238676,unswapping,,,,,,,,,,,,48,4,41504,1246,222,56,3.0,right,0.0,0.0,5.0
2436.3756618648767,unswapping,,,,,,,,,,,,48,4,41504,1246,222,56,3.0,right,1.0,0.0,5.0
2437.4365640140604,unswapping,,,,,,,,,,,,48,4,41492,1244,222,56,4.0,both,0.0,1.0,1.0
2438.4017674960196,unswapping,,,,,,,,,,,,48,4,41300,1236,222,56,4.0,both,1.0,1.0,2.0
2438.775185995968,unswapping,,,,,,,,,,,,48,4,41300,1236,222,56,4.0,left,0.0,0.0,2.0
2439.101023363881,unswapping,,,,,,,,,,,,48,4,41300,1236,222,56,4.0,left,1.0,0.0,2.0
2439.4898231229745,unswapping,,,,,,,,,,,,48,4,41300,1236,222,56,4.0,right,0.0,0.0,2.0
2439.803236102918,unswapping,,,,,,,,,,,,48,4,41300,1236,222,56,4.0,right,1.0,0.0,2.0
2440.8559971749783,unswapping,,,,,,,,,,,,48,4,41108,1228,222,56,5.0,both,0.0,1.0,1.0
2441.474233473884,unswapping,,,,,,,,,,,,48,4,41108,1228,222,56,5.0,both,1.0,0.0,1.0
2441.8442445660476,unswapping,,,,,,,,,,,,48,4,41108,1228,222,56,5.0,left,0.0,0.0,1.0
2442.1599329118617,unswapping,,,,,,,,,,,,48,4,41108,1228,222,56,5.0,left,1.0,0.0,1.0
2442.5577331369277,unswapping,,,,,,,,,,,,48,4,41108,1228,222,56,5.0,right,0.0,0.0,1.0
2442.870218771044,unswapping,,,,,,,,,,,,48,4,41108,1228,222,56,5.0,right,1.0,0.0,1.0
2443.590418095002,unswapping,,,,,,,,,,,,48,4,41108,1228,222,56,6.0,both,0.0,0.0,0.0
2444.534453121014,unswapping,,,,,,,,,,,,48,4,41108,1228,222,56,6.0,both,1.0,0.0,0.0
2444.9086923939176,unswapping,,,,,,,,,,,,48,4,41108,1228,222,56,6.0,left,0.0,0.0,0.0
2445.226974028861,unswapping,,,,,,,,,,,,48,4,41108,1228,222,56,6.0,left,1.0,0.0,0.0
2445.6257480799686,unswapping,,,,,,,,,,,,48,4,41108,1228,222,56,6.0,right,0.0,0.0,0.0
2445.9348628360312,unswapping,,,,,,,,,,,,48,4,41108,1228,222,56,6.0,right,1.0,0.0,0.0
2455.9007315658964,absorbing,left,1.0,0.0,1046.0,1227.0,124.0,93.0,217.0,12.0,0.0,0.0,48,4,41108,1228,222,56,,,,,
2456.3132814778946,absorbing,left,1.0,1.0,1046.0,1227.0,124.0,93.0,217.0,7.0,0.0,0.0,96,4,58660,1476,222,56,,,,,
2456.7280983610544,absorbing,left,2.0,1.0,1046.0,1227.0,124.0,93.0,217.0,9.0,0.0,0.0,96,4,104296,1776,222,56,,,,,
2457.1481316259596,absorbing,left,3.0,1.0,1046.0,1227.0,125.0,93.0,218.0,9.0,1.0,1.0,96,4,118632,2032,222,56,,,,,
2457.623115479946,absorbing,left,4.0,1.0,1046.0,1227.0,126.0,93.0,219.0,10.0,1.0,2.0,127,4,150376,2346,222,56,,,,,
2458.0865081788506,absorbing,left,5.0,1.0,1046.0,1227.0,126.0,93.0,219.0,9.0,0.0,2.0,126,4,175912,2634,222,56,,,,,
2458.581007048022,absorbing,left,5.0,2.0,1046.0,1227.0,126.0,93.0,219.0,8.0,0.0,2.0,192,4,246792,2946,222,56,,,,,
2459.1270487830043,absorbing,left,6.0,2.0,1046.0,1227.0,126.0,93.0,219.0,9.0,0.0,2.0,192,4,328776,3420,222,56,,,,,
2459.7078714610543,absorbing,left,7.0,2.0,1046.0,1227.0,126.0,93.0,219.0,10.0,0.0,2.0,192,4,368480,3750,222,56,,,,,
2460.663249987876,absorbing,left,8.0,2.0,1046.0,1227.0,126.0,93.0,219.0,6.0,0.0,2.0,256,4,506664,4448,222,56,,,,,
2461.5923506468534,absorbing,left,8.0,3.0,1046.0,1227.0,126.0,93.0,219.0,10.0,0.0,2.0,192,4,658708,4802,222,56,,,,,
2462.9859986049123,absorbing,left,9.0,3.0,1046.0,1227.0,126.0,93.0,219.0,6.0,0.0,2.0,256,4,844864,5568,222,56,,,,,
2476.8712519819383,unswapping,,,,,,,,,,,,256,4,776368,5280,222,56,0.0,both,0.0,8.0,8.0
2480.641791176982,unswapping,,,,,,,,,,,,192,4,345200,3708,222,56,0.0,both,1.0,16.0,24.0
2482.3165215959307,unswapping,,,,,,,,,,,,96,4,203704,2892,222,56,0.0,left,0.0,11.0,35.0
2483.7698814240284,unswapping,,,,,,,,,,,,96,4,176624,2564,222,56,0.0,left,1.0,12.0,47.0
2484.6830896169413,unswapping,,,,,,,,,,,,96,4,157656,2376,222,56,0.0,right,0.0,10.0,57.0
2485.4431594018824,unswapping,,,,,,,,,,,,96,4,127692,2168,222,56,0.0,right,1.0,9.0,66.0
2486.8836477629375,unswapping,,,,,,,,,,,,96,4,96660,1986,222,56,1.0,both,0.0,8.0,8.0
2488.2256170830224,unswapping,,,,,,,,,,,,96,4,85516,1858,222,56,1.0,both,1.0,5.0,13.0
2488.894716521958,unswapping,,,,,,,,,,,,96,4,83468,1802,222,56,1.0,left,0.0,6.0,19.0
2489.6579382019117,unswapping,,,,,,,,,,,,48,4,61604,1648,222,56,1.0,left,1.0,5.0,24.0
2490.0703240078874,unswapping,,,,,,,,,,,,48,4,61604,1648,222,56,1.0,right,0.0,0.0,24.0
2490.64532766887,unswapping,,,,,,,,,,,,48,4,60572,1622,222,56,1.0,right,1.0,2.0,26.0
2491.8986379450653,unswapping,,,,,,,,,,,,48,4,48972,1472,222,56,2.0,both,0.0,7.0,7.0
2492.9886984329205,unswapping,,,,,,,,,,,,48,4,48136,1438,222,56,2.0,both,1.0,6.0,13.0
2493.567330624908,unswapping,,,,,,,,,,,,48,4,47912,1428,222,56,2.0,left,0.0,1.0,14.0
2494.108717531897,unswapping,,,,,,,,,,,,48,4,46952,1404,222,56,2.0,left,1.0,1.0,15.0
2494.672194503015,unswapping,,,,,,,,,,,,48,4,46184,1388,222,56,2.0,right,0.0,1.0,16.0
2495.176161037991,unswapping,,,,,,,,,,,,48,4,45992,1380,222,56,2.0,right,1.0,1.0,17.0
2496.2699007659685,unswapping,,,,,,,,,,,,48,4,45800,1372,222,56,3.0,both,0.0,1.0,1.0
2497.2685690259095,unswapping,,,,,,,,,,,,48,4,45560,1360,222,56,3.0,both,1.0,2.0,3.0
2497.828883070033,unswapping,,,,,,,,,,,,48,4,44600,1336,222,56,3.0,left,0.0,1.0,4.0
2498.496981500881,unswapping,,,,,,,,,,,,48,4,44600,1336,222,56,3.0,left,1.0,0.0,4.0
2498.871244220063,unswapping,,,,,,,,,,,,48,4,44600,1336,222,56,3.0,right,0.0,0.0,4.0
2499.18865968287,unswapping,,,,,,,,,,,,48,4,44600,1336,222,56,3.0,right,1.0,0.0,4.0
2500.2840431078803,unswapping,,,,,,,,,,,,48,4,44396,1326,222,56,4.0,both,0.0,2.0,2.0
2501.2611849538516,unswapping,,,,,,,,,,,,48,4,43564,1302,222,56,4.0,both,1.0,2.0,4.0
2501.806601834018,unswapping,,,,,,,,,,,,48,4,43372,1298,222,56,4.0,left,0.0,1.0,5.0
2502.328787487,unswapping,,,,,,,,,,,,48,4,42268,1272,222,56,4.0,left,1.0,2.0,7.0
2502.693019887898,unswapping,,,,,,,,,,,,48,4,42268,1272,222,56,4.0,right,0.0,0.0,7.0
2503.0038382590283,unswapping,,,,,,,,,,,,48,4,42268,1272,222,56,4.0,right,1.0,1.0,8.0
2504.0740207938943,unswapping,,,,,,,,,,,,48,4,42076,1264,222,56,5.0,both,0.0,1.0,1.0
2504.71627168986,unswapping,,,,,,,,,,,,48,4,42076,1264,222,56,5.0,both,1.0,1.0,2.0
2505.099856012035,unswapping,,,,,,,,,,,,48,4,42076,1264,222,56,5.0,left,0.0,0.0,2.0
2505.433788581984,unswapping,,,,,,,,,,,,48,4,42076,1264,222,56,5.0,left,1.0,1.0,3.0
2505.9853398499545,unswapping,,,,,,,,,,,,48,4,42028,1262,222,56,5.0,right,0.0,1.0,4.0
2506.293410844868,unswapping,,,,,,,,,,,,48,4,42028,1262,222,56,5.0,right,1.0,0.0,4.0
2507.01115085301,unswapping,,,,,,,,,,,,48,4,42028,1262,222,56,6.0,both,0.0,0.0,0.0
2507.6445923000574,unswapping,,,,,,,,,,,,48,4,42028,1262,222,56,6.0,both,1.0,0.0,0.0
2508.015752788866,unswapping,,,,,,,,,,,,48,4,42028,1262,222,56,6.0,left,0.0,0.0,0.0
2508.347610343015,unswapping,,,,,,,,,,,,48,4,42028,1262,222,56,6.0,left,1.0,0.0,0.0
2508.719144511968,unswapping,,,,,,,,,,,,48,4,42028,1262,222,56,6.0,right,0.0,0.0,0.0
2509.029069419019,unswapping,,,,,,,,,,,,48,4,42028,1262,222,56,6.0,right,1.0,0.0,0.0
2519.5197742378805,absorbing,left,1.0,0.0,1068.0,1187.0,126.0,93.0,219.0,11.0,0.0,0.0,48,4,42028,1262,222,56,,,,,
2519.8976227669045,absorbing,left,1.0,1.0,1068.0,1187.0,126.0,93.0,219.0,7.0,0.0,0.0,48,4,46628,1380,222,56,,,,,
2520.2925281140488,absorbing,left,2.0,1.0,1068.0,1187.0,126.0,93.0,219.0,9.0,0.0,0.0,96,4,68088,1600,222,56,,,,,
2520.692730684066,absorbing,left,3.0,1.0,1068.0,1187.0,126.0,93.0,219.0,9.0,0.0,0.0,96,4,77832,1776,222,56,,,,,
2521.1201613340527,absorbing,left,4.0,1.0,1068.0,1187.0,126.0,93.0,219.0,10.0,0.0,0.0,96,4,91212,1948,222,56,,,,,
2521.5708169699647,absorbing,left,4.0,2.0,1068.0,1187.0,126.0,93.0,219.0,8.0,0.0,0.0,96,4,130248,2222,222,56,,,,,
2522.0561507029925,absorbing,left,5.0,2.0,1068.0,1187.0,127.0,93.0,220.0,7.0,1.0,1.0,96,4,171008,2632,222,56,,,,,
2522.5538840510417,absorbing,left,6.0,2.0,1068.0,1187.0,127.0,93.0,220.0,11.0,0.0,1.0,96,4,223328,3048,222,56,,,,,
2523.2528937470634,absorbing,left,7.0,2.0,1068.0,1187.0,127.0,93.0,220.0,12.0,0.0,1.0,128,4,296880,3406,222,56,,,,,
2524.1330543519,absorbing,left,8.0,2.0,1068.0,1187.0,127.0,93.0,220.0,8.0,0.0,1.0,128,4,394144,3904,222,56,,,,,
2524.8602945199236,absorbing,left,8.0,3.0,1068.0,1187.0,127.0,93.0,220.0,9.0,0.0,1.0,192,4,487456,4378,222,56,,,,,
2525.600089130923,absorbing,left,8.0,4.0,1068.0,1187.0,127.0,93.0,220.0,9.0,0.0,1.0,192,4,755832,5194,222,56,,,,,
2539.9798812489025,unswapping,,,,,,,,,,,,317,4,1032352,5978,222,56,0.0,both,0.0,6.0,6.0
2544.257304932922,unswapping,,,,,,,,,,,,192,4,554344,4636,222,56,0.0,both,1.0,12.0,18.0
2546.3686479518656,unswapping,,,,,,,,,,,,128,4,391400,3988,222,56,0.0,left,0.0,12.0,30.0
2548.4452336260583,unswapping,,,,,,,,,,,,96,4,274216,3376,222,56,0.0,left,1.0,14.0,44.0
2549.5513369929977,unswapping,,,,,,,,,,,,96,4,211572,2826,222,56,0.0,right,0.0,10.0,54.0
2550.5117907240056,unswapping,,,,,,,,,,,,96,4,174464,2574,222,56,0.0,right,1.0,10.0,64.0
2552.4519578909967,unswapping,,,,,,,,,,,,96,4,121428,2258,222,56,1.0,both,0.0,9.0,9.0
2554.123258430045,unswapping,,,,,,,,,,,,96,4,102624,2060,222,56,1.0,both,1.0,6.0,15.0
2554.925152513897,unswapping,,,,,,,,,,,,96,4,92348,1964,222,56,1.0,left,0.0,7.0,22.0
2555.822831627913,unswapping,,,,,,,,,,,,48,4,64744,1724,222,56,1.0,left,1.0,9.0,31.0
2556.8688795419876,unswapping,,,,,,,,,,,,48,4,63336,1668,222,56,1.0,right,0.0,5.0,36.0
2557.3170662259217,unswapping,,,,,,,,,,,,48,4,63336,1668,222,56,1.0,right,1.0,0.0,36.0
2558.544778663898,unswapping,,,,,,,,,,,,48,4,58700,1582,222,56,2.0,both,0.0,8.0,8.0
2559.717742417939,unswapping,,,,,,,,,,,,48,4,57000,1532,222,56,2.0,both,1.0,5.0,13.0
2560.361414165003,unswapping,,,,,,,,,,,,48,4,52600,1488,222,56,2.0,left,0.0,4.0,17.0
2561.0482966168784,unswapping,,,,,,,,,,,,37,4,38060,1350,222,56,2.0,left,1.0,6.0,23.0
2561.615024044877,unswapping,,,,,,,,,,,,36,4,36272,1312,222,56,2.0,right,0.0,5.0,28.0
2562.175052857958,unswapping,,,,,,,,,,,,36,4,35824,1304,222,56,2.0,right,1.0,3.0,31.0
2563.217350347899,unswapping,,,,,,,,,,,,36,4,32496,1232,222,56,3.0,both,0.0,6.0,6.0
2564.280774099054,unswapping,,,,,,,,,,,,36,4,32304,1224,222,56,3.0,both,1.0,4.0,10.0
2564.7983118249103,unswapping,,,,,,,,,,,,36,4,32016,1218,222,56,3.0,left,0.0,3.0,13.0
2565.3182291178964,unswapping,,,,,,,,,,,,36,4,30960,1192,222,56,3.0,left,1.0,4.0,17.0
2565.6274044259917,unswapping,,,,,,,,,,,,36,4,30960,1192,222,56,3.0,right,0.0,1.0,18.0
2566.170870874077,unswapping,,,,,,,,,,,,36,4,30960,1192,222,56,3.0,right,1.0,3.0,21.0
2567.1340594489593,unswapping,,,,,,,,,,,,36,4,30576,1176,222,56,4.0,both,0.0,5.0,5.0
2567.8007805079687,unswapping,,,,,,,,,,,,36,4,30576,1176,222,56,4.0,both,1.0,2.0,7.0
2568.313310442958,unswapping,,,,,,,,,,,,36,4,30576,1176,222,56,4.0,left,0.0,2.0,9.0
2569.003677862929,unswapping,,,,,,,,,,,,36,4,30576,1176,222,56,4.0,left,1.0,1.0,10.0
2569.372132624034,unswapping,,,,,,,,,,,,36,4,30576,1176,222,56,4.0,right,0.0,1.0,11.0
2569.9114696660545,unswapping,,,,,,,,,,,,36,4,30576,1176,222,56,4.0,right,1.0,3.0,14.0
2570.5605647440534,unswapping,,,,,,,,,,,,36,4,30576,1176,222,56,5.0,both,0.0,3.0,3.0
2571.579534645891,unswapping,,,,,,,,,,,,33,4,26384,1140,222,56,5.0,both,1.0,4.0,7.0
2572.0796003090218,unswapping,,,,,,,,,,,,32,4,25928,1134,222,56,5.0,left,0.0,4.0,11.0
2572.4089116770774,unswapping,,,,,,,,,,,,32,4,25928,1134,222,56,5.0,left,1.0,1.0,12.0
2572.7208592270035,unswapping,,,,,,,,,,,,32,4,25928,1134,222,56,5.0,right,0.0,1.0,13.0
2573.0492149898782,unswapping,,,,,,,,,,,,32,4,25928,1134,222,56,5.0,right,1.0,2.0,15.0
2573.667106464971,unswapping,,,,,,,,,,,,32,4,25928,1134,222,56,6.0,both,0.0,3.0,3.0
2574.659918067977,unswapping,,,,,,,,,,,,32,4,25928,1134,222,56,6.0,both,1.0,3.0,6.0
2575.1542779929005,unswapping,,,,,,,,,,,,32,4,25928,1134,222,56,6.0,left,0.0,2.0,8.0
2575.4788433900103,unswapping,,,,,,,,,,,,32,4,25928,1134,222,56,6.0,left,1.0,2.0,10.0
2575.779639817076,unswapping,,,,,,,,,,,,32,4,25928,1134,222,56,6.0,right,0.0,1.0,11.0
2576.1182761699893,unswapping,,,,,,,,,,,,32,4,25928,1134,222,56,6.0,right,1.0,1.0,12.0
2586.083024197025,absorbing,left,1.0,0.0,1067.0,1122.0,127.0,93.0,220.0,11.0,0.0,0.0,32,4,25928,1134,222,56,,,,,
2586.442174142925,absorbing,left,2.0,0.0,1067.0,1122.0,127.0,93.0,220.0,11.0,0.0,0.0,32,4,33228,1340,222,56,,,,,
2586.8104244968854,absorbing,left,3.0,0.0,1067.0,1122.0,127.0,93.0,220.0,8.0,0.0,0.0,32,4,48240,1608,222,56,,,,,
2587.642423775047,absorbing,left,4.0,0.0,1067.0,1122.0,127.0,93.0,220.0,8.0,0.0,0.0,32,4,63088,1872,222,56,,,,,
2588.113551886985,absorbing,left,5.0,0.0,1067.0,1122.0,127.0,93.0,220.0,7.0,0.0,0.0,64,4,78992,2050,222,56,,,,,
2588.5762334279716,absorbing,left,5.0,1.0,1067.0,1122.0,127.0,93.0,220.0,8.0,0.0,0.0,125,4,106032,2342,222,56,,,,,
2589.09030569694,absorbing,left,5.0,2.0,1067.0,1122.0,127.0,93.0,220.0,8.0,0.0,0.0,116,4,131036,2550,222,56,,,,,
2589.639886726858,absorbing,left,5.0,3.0,1067.0,1122.0,127.0,93.0,220.0,9.0,0.0,0.0,105,4,168892,2846,222,56,,,,,
2590.235640387982,absorbing,left,5.0,4.0,1067.0,1122.0,127.0,93.0,220.0,10.0,0.0,0.0,96,4,214288,3130,222,56,,,,,
2590.883158441866,absorbing,left,5.0,5.0,1067.0,1122.0,127.0,93.0,220.0,10.0,0.0,0.0,128,4,284704,3496,222,56,,,,,
2591.517099088058,absorbing,left,5.0,6.0,1067.0,1122.0,127.0,93.0,220.0,8.0,0.0,0.0,128,4,366048,3944,222,56,,,,,
2592.3079850438517,absorbing,left,5.0,7.0,1067.0,1122.0,127.0,93.0,220.0,7.0,0.0,0.0,128,4,444640,4344,222,56,,,,,
2593.0717883978505,absorbing,left,6.0,7.0,1067.0,1122.0,127.0,93.0,220.0,8.0,0.0,0.0,256,4,606048,5172,222,56,,,,,
2593.887979659019,absorbing,left,6.0,8.0,1067.0,1122.0,127.0,93.0,220.0,7.0,0.0,0.0,256,4,786016,5876,222,56,,,,,
2601.8812692409847,unswapping,,,,,,,,,,,,192,4,946800,6032,222,56,0.0,both,0.0,5.0,5.0
2606.707458822988,unswapping,,,,,,,,,,,,128,4,785992,5328,222,56,0.0,both,1.0,8.0,13.0
2611.2689341078512,unswapping,,,,,,,,,,,,128,4,386080,4080,222,56,0.0,left,0.0,19.0,32.0
2612.505453402875,unswapping,,,,,,,,,,,,117,4,302412,3420,222,56,0.0,left,1.0,11.0,43.0
2613.6830390018877,unswapping,,,,,,,,,,,,116,4,297512,3340,222,56,0.0,right,0.0,7.0,50.0
2615.340796174016,unswapping,,,,,,,,,,,,96,4,169552,2706,222,56,0.0,right,1.0,12.0,62.0
2617.586436884012,unswapping,,,,,,,,,,,,48,4,129120,2390,222,56,1.0,both,0.0,7.0,7.0
2619.5613933249842,unswapping,,,,,,,,,,,,48,4,119344,2274,222,56,1.0,both,1.0,5.0,12.0
2620.4839124418795,unswapping,,,,,,,,,,,,48,4,115072,2182,222,56,1.0,left,0.0,7.0,19.0
2621.50757580786,unswapping,,,,,,,,,,,,48,4,106800,2072,222,56,1.0,left,1.0,6.0,25.0
2622.3188978768885,unswapping,,,,,,,,,,,,48,4,90128,1890,222,56,1.0,right,0.0,7.0,32.0
2623.139058799017,unswapping,,,,,,,,,,,,48,4,77360,1792,222,56,1.0,right,1.0,3.0,35.0
2624.7819454609416,unswapping,,,,,,,,,,,,48,4,65060,1658,222,56,2.0,both,0.0,6.0,6.0
2626.102051377995,unswapping,,,,,,,,,,,,48,4,59288,1560,222,56,2.0,both,1.0,6.0,12.0
2626.526609929977,unswapping,,,,,,,,,,,,48,4,59288,1560,222,56,2.0,left,0.0,0.0,12.0
2626.9602656960487,unswapping,,,,,,,,,,,,48,4,59288,1560,222,56,2.0,left,1.0,0.0,12.0
2627.56579669402,unswapping,,,,,,,,,,,,48,4,56024,1504,222,56,2.0,right,0.0,3.0,15.0
2628.257235140074,unswapping,,,,,,,,,,,,48,4,44376,1400,222,56,2.0,right,1.0,2.0,17.0
2629.2975994930603,unswapping,,,,,,,,,,,,48,4,37080,1312,222,56,3.0,both,0.0,5.0,5.0
2629.9847777008545,unswapping,,,,,,,,,,,,48,4,37080,1312,222,56,3.0,both,1.0,0.0,5.0
2630.491692253854,unswapping,,,,,,,,,,,,48,4,36056,1296,222,56,3.0,left,0.0,1.0,6.0
2630.8209155788645,unswapping,,,,,,,,,,,,48,4,36056,1296,222,56,3.0,left,1.0,0.0,6.0
2631.3405247619376,unswapping,,,,,,,,,,,,48,4,35416,1280,222,56,3.0,right,0.0,1.0,7.0
2631.8723484619986,unswapping,,,,,,,,,,,,48,4,28312,1224,222,56,3.0,right,1.0,2.0,9.0
2632.8899892999325,unswapping,,,,,,,,,,,,24,4,23704,1176,222,56,4.0,both,0.0,2.0,2.0
2633.8670445180032,unswapping,,,,,,,,,,,,24,4,22424,1144,222,56,4.0,both,1.0,2.0,4.0
2634.1710208528675,unswapping,,,,,,,,,,,,24,4,22424,1144,222,56,4.0,left,0.0,0.0,4.0
2634.483673377894,unswapping,,,,,,,,,,,,24,4,22424,1144,222,56,4.0,left,1.0,0.0,4.0
2634.9496366009116,unswapping,,,,,,,,,,,,24,4,21656,1128,222,56,4.0,right,0.0,1.0,5.0
2635.456088433042,unswapping,,,,,,,,,,,,24,4,20888,1104,222,56,4.0,right,1.0,1.0,6.0
2636.3927832909394,unswapping,,,,,,,,,,,,24,4,20376,1088,222,56,5.0,both,0.0,2.0,2.0
2637.6691665609833,unswapping,,,,,,,,,,,,24,4,20120,1080,222,56,5.0,both,1.0,1.0,3.0
2637.9650770910084,unswapping,,,,,,,,,,,,24,4,20120,1080,222,56,5.0,left,0.0,0.0,3.0
2638.26810387196,unswapping,,,,,,,,,,,,24,4,20120,1080,222,56,5.0,left,1.0,0.0,3.0
2638.561213915935,unswapping,,,,,,,,,,,,24,4,20120,1080,222,56,5.0,right,0.0,0.0,3.0
2638.898299505003,unswapping,,,,,,,,,,,,24,4,20120,1080,222,56,5.0,right,1.0,0.0,3.0
2639.4872363070026,unswapping,,,,,,,,,,,,24,4,20120,1080,222,56,6.0,both,0.0,1.0,1.0
2640.09744897997,unswapping,,,,,,,,,,,,24,4,20120,1080,222,56,6.0,both,1.0,0.0,1.0
2640.3905360179488,unswapping,,,,,,,,,,,,24,4,20120,1080,222,56,6.0,left,0.0,0.0,1.0
2640.6949636929203,unswapping,,,,,,,,,,,,24,4,20120,1080,222,56,6.0,left,1.0,0.0,1.0
2640.9889556700364,unswapping,,,,,,,,,,,,24,4,20120,1080,222,56,6.0,right,0.0,0.0,1.0
2641.32180018886,unswapping,,,,,,,,,,,,24,4,20120,1080,222,56,6.0,right,1.0,0.0,1.0
2651.1467813330237,absorbing,left,1.0,0.0,1078.0,1012.0,127.0,93.0,220.0,12.0,0.0,0.0,24,4,20120,1080,222,56,,,,,
2651.501497223042,absorbing,left,2.0,0.0,1078.0,1012.0,127.0,93.0,220.0,10.0,0.0,0.0,48,4,30132,1310,222,56,,,,,
2651.887659850996,absorbing,left,2.0,1.0,1078.0,1012.0,127.0,93.0,220.0,8.0,0.0,0.0,96,4,45168,1504,222,56,,,,,
2652.320221795002,absorbing,left,3.0,1.0,1078.0,1012.0,127.0,93.0,220.0,10.0,0.0,0.0,96,4,61248,1724,222,56,,,,,
2652.770333938068,absorbing,left,4.0,1.0,1078.0,1012.0,127.0,93.0,220.0,11.0,0.0,0.0,96,4,76192,1990,222,56,,,,,
2653.2689610619564,absorbing,left,4.0,2.0,1078.0,1012.0,127.0,93.0,220.0,9.0,0.0,0.0,96,4,107168,2174,222,56,,,,,
2653.777246390935,absorbing,left,4.0,3.0,1078.0,1012.0,127.0,93.0,220.0,7.0,0.0,0.0,96,4,135840,2374,222,56,,,,,
2654.2398168169893,absorbing,left,4.0,4.0,1078.0,1012.0,127.0,93.0,220.0,5.0,0.0,0.0,96,4,142752,2454,222,56,,,,,
2654.7600008868612,absorbing,left,4.0,5.0,1078.0,1012.0,127.0,93.0,220.0,6.0,0.0,0.0,107,4,168628,2780,222,56,,,,,
2655.3848781238776,absorbing,left,4.0,6.0,1078.0,1012.0,127.0,93.0,220.0,7.0,0.0,0.0,103,4,215456,3086,222,56,,,,,
2656.1202858609613,absorbing,left,5.0,6.0,1078.0,1012.0,128.0,93.0,221.0,7.0,1.0,1.0,128,4,306912,3782,222,56,,,,,
2656.8168046600185,absorbing,left,5.0,7.0,1078.0,1012.0,128.0,93.0,221.0,7.0,0.0,1.0,192,4,478432,4448,222,56,,,,,
2657.664635574911,absorbing,left,6.0,7.0,1078.0,1012.0,128.0,93.0,221.0,7.0,0.0,1.0,192,4,653472,5268,222,56,,,,,
2658.9609460888896,absorbing,left,7.0,7.0,1078.0,1012.0,128.0,93.0,221.0,9.0,0.0,1.0,192,4,749736,5592,222,56,,,,,
2660.336261379998,absorbing,left,8.0,7.0,1078.0,1012.0,128.0,93.0,221.0,9.0,0.0,1.0,192,4,832744,5878,222,56,,,,,
2673.000138323987,unswapping,,,,,,,,,,,,475,4,1102056,6298,222,56,0.0,both,0.0,10.0,10.0
2682.384282954037,unswapping,,,,,,,,,,,,128,4,669664,5196,222,56,0.0,both,1.0,6.0,16.0
2684.7119047529995,unswapping,,,,,,,,,,,,128,4,590768,4696,222,56,0.0,left,0.0,11.0,27.0
2688.0237647069152,unswapping,,,,,,,,,,,,128,4,530288,4250,222,56,0.0,left,1.0,8.0,35.0
2689.3862594240345,unswapping,,,,,,,,,,,,128,4,487824,4052,222,56,0.0,right,0.0,4.0,39.0
2691.1085307500325,unswapping,,,,,,,,,,,,128,4,465008,3894,222,56,0.0,right,1.0,5.0,44.0
2694.3448779489845,unswapping,,,,,,,,,,,,128,4,365656,3536,222,56,1.0,both,0.0,7.0,7.0
2697.110012153862,unswapping,,,,,,,,,,,,128,4,280052,3102,222,56,1.0,both,1.0,8.0,15.0
2698.4248780200724,unswapping,,,,,,,,,,,,128,4,251916,2888,222,56,1.0,left,0.0,10.0,25.0
2700.0200595220085,unswapping,,,,,,,,,,,,128,4,190416,2616,222,56,1.0,left,1.0,7.0,32.0
2701.0262921149842,unswapping,,,,,,,,,,,,128,4,173776,2476,222,56,1.0,right,0.0,5.0,37.0
2702.015625597909,unswapping,,,,,,,,,,,,128,4,146384,2364,222,56,1.0,right,1.0,2.0,39.0
2703.544187393971,unswapping,,,,,,,,,,,,64,4,97988,2040,222,56,2.0,both,0.0,7.0,7.0
2705.109996590996,unswapping,,,,,,,,,,,,64,4,78880,1890,222,56,2.0,both,1.0,7.0,14.0
2705.9846315430477,unswapping,,,,,,,,,,,,48,4,65288,1760,222,56,2.0,left,0.0,5.0,19.0
2706.653987248894,unswapping,,,,,,,,,,,,48,4,61736,1678,222,56,2.0,left,1.0,5.0,24.0
2707.6786884160247,unswapping,,,,,,,,,,,,48,4,59184,1656,222,56,2.0,right,0.0,3.0,27.0
2708.3776954240166,unswapping,,,,,,,,,,,,48,4,48776,1570,222,56,2.0,right,1.0,4.0,31.0
2709.6027319680434,unswapping,,,,,,,,,,,,32,4,40716,1458,222,56,3.0,both,0.0,7.0,7.0
2710.834775730036,unswapping,,,,,,,,,,,,32,4,38820,1424,222,56,3.0,both,1.0,5.0,12.0
2711.400731150061,unswapping,,,,,,,,,,,,32,4,37980,1412,222,56,3.0,left,0.0,1.0,13.0
2711.8175268289633,unswapping,,,,,,,,,,,,32,4,37980,1412,222,56,3.0,left,1.0,0.0,13.0
2712.414273988921,unswapping,,,,,,,,,,,,32,4,32540,1344,222,56,3.0,right,0.0,3.0,16.0
2712.9700154839084,unswapping,,,,,,,,,,,,32,4,29980,1312,222,56,3.0,right,1.0,1.0,17.0
2714.093859649962,unswapping,,,,,,,,,,,,32,4,29596,1296,222,56,4.0,both,0.0,2.0,2.0
2715.174139627954,unswapping,,,,,,,,,,,,32,4,28192,1258,222,56,4.0,both,1.0,4.0,6.0
2715.5097667570226,unswapping,,,,,,,,,,,,32,4,28192,1258,222,56,4.0,left,0.0,1.0,7.0
2716.026241414016,unswapping,,,,,,,,,,,,32,4,26736,1238,222,56,4.0,left,1.0,2.0,9.0
2716.5447416510433,unswapping,,,,,,,,,,,,24,4,24360,1188,222,56,4.0,right,0.0,2.0,11.0
2716.9097146149725,unswapping,,,,,,,,,,,,24,4,24360,1188,222,56,4.0,right,1.0,0.0,11.0
2717.9139360368717,unswapping,,,,,,,,,,,,24,4,23848,1172,222,56,5.0,both,0.0,1.0,1.0
2718.915841066977,unswapping,,,,,,,,,,,,24,4,23592,1164,222,56,5.0,both,1.0,2.0,3.0
2719.240281536011,unswapping,,,,,,,,,,,,24,4,23592,1164,222,56,5.0,left,0.0,0.0,3.0
2719.5665901489556,unswapping,,,,,,,,,,,,24,4,23592,1164,222,56,5.0,left,1.0,1.0,4.0
2719.893638703972,unswapping,,,,,,,,,,,,24,4,23592,1164,222,56,5.0,right,0.0,0.0,4.0
2720.24539322895,unswapping,,,,,,,,,,,,24,4,23592,1164,222,56,5.0,right,1.0,0.0,4.0
2720.890769809019,unswapping,,,,,,,,,,,,24,4,23592,1164,222,56,6.0,both,0.0,0.0,0.0
2721.8794146799482,unswapping,,,,,,,,,,,,24,4,23592,1164,222,56,6.0,both,1.0,1.0,1.0
2722.202041045064,unswapping,,,,,,,,,,,,24,4,23592,1164,222,56,6.0,left,0.0,0.0,1.0
2722.5273861300666,unswapping,,,,,,,,,,,,24,4,23592,1164,222,56,6.0,left,1.0,1.0,2.0
2722.855391498888,unswapping,,,,,,,,,,,,24,4,23592,1164,222,56,6.0,right,0.0,0.0,2.0
2723.2107380488887,unswapping,,,,,,,,,,,,24,4,23592,1164,222,56,6.0,right,1.0,0.0,2.0
2733.125582338078,absorbing,left,1.0,0.0,1085.0,1159.0,128.0,93.0,221.0,13.0,0.0,0.0,24,4,23592,1164,222,56,,,,,
2733.4894728930667,absorbing,left,2.0,0.0,1085.0,1159.0,128.0,93.0,221.0,12.0,0.0,0.0,32,4,29060,1354,222,56,,,,,
2733.8795735619497,absorbing,left,2.0,1.0,1085.0,1159.0,128.0,93.0,221.0,8.0,0.0,0.0,96,4,49344,1604,222,56,,,,,
2734.2917320108972,absorbing,left,2.0,2.0,1085.0,1159.0,128.0,93.0,221.0,9.0,0.0,0.0,96,4,65376,1740,222,56,,,,,
2734.7507554369513,absorbing,left,2.0,3.0,1085.0,1159.0,128.0,93.0,221.0,6.0,0.0,0.0,96,4,79840,1896,222,56,,,,,
2735.237913345918,absorbing,left,2.0,4.0,1085.0,1159.0,128.0,93.0,221.0,5.0,0.0,0.0,96,4,90248,2010,222,56,,,,,
2735.880985914031,absorbing,left,2.0,5.0,1085.0,1159.0,128.0,93.0,221.0,7.0,0.0,0.0,96,4,119584,2208,222,56,,,,,
2736.561970125884,absorbing,left,3.0,5.0,1085.0,1159.0,128.0,93.0,221.0,12.0,0.0,0.0,96,4,164640,2710,222,56,,,,,
2737.233867550036,absorbing,left,3.0,6.0,1085.0,1159.0,128.0,93.0,221.0,6.0,0.0,0.0,96,4,224544,2980,222,56,,,,,
2738.0828943019733,absorbing,left,3.0,7.0,1085.0,1159.0,128.0,94.0,222.0,5.0,1.0,1.0,128,4,282208,3260,222,56,,,,,
2738.9154051700607,absorbing,left,4.0,7.0,1085.0,1159.0,129.0,94.0,223.0,10.0,1.0,2.0,192,4,534972,4138,222,56,,,,,
2739.7582284728996,absorbing,left,5.0,7.0,1085.0,1159.0,129.0,94.0,223.0,7.0,0.0,2.0,239,4,750404,5082,222,56,,,,,
2746.784668423934,unswapping,,,,,,,,,,,,256,4,799668,5146,222,56,0.0,both,0.0,8.0,8.0
2757.5058079580776,unswapping,,,,,,,,,,,,128,4,559452,4456,222,56,0.0,both,1.0,7.0,15.0
2760.5620561530814,unswapping,,,,,,,,,,,,128,4,328544,3546,222,56,0.0,left,0.0,13.0,28.0
2761.9803342099767,unswapping,,,,,,,,,,,,96,4,235260,2940,222,56,0.0,left,1.0,11.0,39.0
2763.018725642003,unswapping,,,,,,,,,,,,96,4,204864,2806,222,56,0.0,right,0.0,3.0,42.0
2764.889207045082,unswapping,,,,,,,,,,,,64,4,172664,2620,222,56,0.0,right,1.0,6.0,48.0
2767.088867102051,unswapping,,,,,,,,,,,,64,4,135720,2298,222,56,1.0,both,0.0,11.0,11.0
2768.9736237670295,unswapping,,,,,,,,,,,,63,4,110728,2098,222,56,1.0,both,1.0,9.0,20.0
2769.742624667939,unswapping,,,,,,,,,,,,62,4,106404,2038,222,56,1.0,left,0.0,5.0,25.0
2770.568249583943,unswapping,,,,,,,,,,,,62,4,104292,1982,222,56,1.0,left,1.0,5.0,30.0
2771.2639990129974,unswapping,,,,,,,,,,,,52,4,86276,1838,222,56,1.0,right,0.0,5.0,35.0
2771.8949323240668,unswapping,,,,,,,,,,,,52,4,82484,1796,222,56,1.0,right,1.0,3.0,38.0
2773.230788741028,unswapping,,,,,,,,,,,,52,4,72564,1708,222,56,2.0,both,0.0,3.0,3.0
2774.5737150150817,unswapping,,,,,,,,,,,,48,4,65496,1610,222,56,2.0,both,1.0,7.0,10.0
2775.214897831902,unswapping,,,,,,,,,,,,48,4,64284,1592,222,56,2.0,left,0.0,3.0,13.0
2775.8891258309595,unswapping,,,,,,,,,,,,48,4,63428,1576,222,56,2.0,left,1.0,3.0,16.0
2776.3168043710757,unswapping,,,,,,,,,,,,48,4,63428,1576,222,56,2.0,right,0.0,1.0,17.0
2776.9004791448824,unswapping,,,,,,,,,,,,48,4,62176,1558,222,56,2.0,right,1.0,2.0,19.0
2778.0949573998805,unswapping,,,,,,,,,,,,48,4,61248,1542,222,56,3.0,both,0.0,1.0,1.0
2778.9791228559334,unswapping,,,,,,,,,,,,48,4,61248,1542,222,56,3.0,both,1.0,1.0,2.0
2779.413735131966,unswapping,,,,,,,,,,,,48,4,61248,1542,222,56,3.0,left,0.0,0.0,2.0
2779.89121283195,unswapping,,,,,,,,,,,,48,4,61248,1542,222,56,3.0,left,1.0,1.0,3.0
2780.4861744139344,unswapping,,,,,,,,,,,,48,4,59200,1526,222,56,3.0,right,0.0,1.0,4.0
2781.045195963932,unswapping,,,,,,,,,,,,48,4,55104,1494,222,56,3.0,right,1.0,1.0,5.0
2781.767390941037,unswapping,,,,,,,,,,,,48,4,55104,1494,222,56,4.0,both,0.0,0.0,0.0
2782.912953726016,unswapping,,,,,,,,,,,,48,4,55104,1494,222,56,4.0,both,1.0,1.0,1.0
2783.2909035868943,unswapping,,,,,,,,,,,,48,4,55104,1494,222,56,4.0,left,0.0,0.0,1.0
2783.72139002895,unswapping,,,,,,,,,,,,48,4,55104,1494,222,56,4.0,left,1.0,1.0,2.0
2784.080411562929,unswapping,,,,,,,,,,,,48,4,55104,1494,222,56,4.0,right,0.0,0.0,2.0
2784.4590835550334,unswapping,,,,,,,,,,,,48,4,55104,1494,222,56,4.0,right,1.0,0.0,2.0
2794.4170166840777,absorbing,left,1.0,0.0,1012.0,1115.0,129.0,94.0,223.0,9.0,0.0,0.0,48,4,55104,1494,222,56,,,,,
2794.8306561768986,absorbing,left,2.0,0.0,1012.0,1115.0,129.0,94.0,223.0,9.0,0.0,0.0,48,4,62524,1668,222,56,,,,,
2795.295766657917,absorbing,left,2.0,1.0,1012.0,1115.0,129.0,94.0,223.0,9.0,0.0,0.0,48,4,73644,1794,222,56,,,,,
2795.7909271339886,absorbing,left,2.0,2.0,1012.0,1115.0,129.0,94.0,223.0,8.0,0.0,0.0,48,4,95628,2008,222,56,,,,,
2796.3358244830742,absorbing,left,3.0,2.0,1012.0,1115.0,129.0,94.0,223.0,7.0,0.0,0.0,95,4,137188,2382,222,56,,,,,
2796.8714505368844,absorbing,left,4.0,2.0,1012.0,1115.0,129.0,94.0,223.0,8.0,0.0,0.0,92,4,152228,2570,222,56,,,,,
2797.4361816388555,absorbing,left,5.0,2.0,1012.0,1115.0,129.0,94.0,223.0,8.0,0.0,0.0,88,4,191608,2820,222,56,,,,,
2798.041851547081,absorbing,left,5.0,3.0,1012.0,1115.0,129.0,94.0,223.0,9.0,0.0,0.0,168,4,267624,3218,222,56,,,,,
2798.785086812917,absorbing,left,6.0,3.0,1012.0,1115.0,129.0,94.0,223.0,9.0,0.0,0.0,162,4,381712,3538,222,56,,,,,
2799.470683052903,absorbing,left,7.0,3.0,1012.0,1115.0,129.0,94.0,223.0,8.0,0.0,0.0,158,4,405352,3874,222,56,,,,,
2800.191865849076,absorbing,left,8.0,3.0,1012.0,1115.0,129.0,94.0,223.0,10.0,0.0,0.0,235,4,559936,4560,222,56,,,,,
2801.203550874954,absorbing,left,8.0,4.0,1012.0,1115.0,129.0,95.0,224.0,8.0,1.0,1.0,299,4,871924,5564,222,56,,,,,
2808.9336311230436,unswapping,,,,,,,,,,,,285,4,1746132,6714,222,56,0.0,both,0.0,8.0,8.0
2818.562402992975,unswapping,,,,,,,,,,,,269,4,1151504,5670,222,56,0.0,both,1.0,11.0,19.0
2822.4184607109055,unswapping,,,,,,,,,,,,203,4,537816,4410,222,56,0.0,left,0.0,10.0,29.0
2824.3364513309207,unswapping,,,,,,,,,,,,134,4,322528,3556,222,56,0.0,left,1.0,14.0,43.0
2826.0253363528755,unswapping,,,,,,,,,,,,96,4,285544,3322,222,56,0.0,right,0.0,8.0,51.0
2827.6273083940614,unswapping,,,,,,,,,,,,96,4,222012,3014,222,56,0.0,right,1.0,10.0,61.0
2829.674444997916,unswapping,,,,,,,,,,,,96,4,190844,2748,222,56,1.0,both,0.0,8.0,8.0
2832.214469155995,unswapping,,,,,,,,,,,,96,4,179596,2652,222,56,1.0,both,1.0,5.0,13.0
2833.150403365027,unswapping,,,,,,,,,,,,96,4,177892,2614,222,56,1.0,left,0.0,3.0,16.0
2834.8506460350472,unswapping,,,,,,,,,,,,96,4,166544,2512,222,56,1.0,left,1.0,5.0,21.0
2835.8039537798613,unswapping,,,,,,,,,,,,96,4,117588,2160,222,56,1.0,right,0.0,10.0,31.0
2836.7256359038875,unswapping,,,,,,,,,,,,48,4,91220,2000,222,56,1.0,right,1.0,3.0,34.0
2838.1319247090723,unswapping,,,,,,,,,,,,48,4,89300,1970,222,56,2.0,both,0.0,1.0,1.0
2839.704666038975,unswapping,,,,,,,,,,,,48,4,78868,1848,222,56,2.0,both,1.0,6.0,7.0
2840.3331398488954,unswapping,,,,,,,,,,,,48,4,78292,1824,222,56,2.0,left,0.0,1.0,8.0
2840.8849303938914,unswapping,,,,,,,,,,,,48,4,78292,1824,222,56,2.0,left,1.0,0.0,8.0
2841.4888595850207,unswapping,,,,,,,,,,,,48,4,68948,1736,222,56,2.0,right,0.0,2.0,10.0
2842.120433196891,unswapping,,,,,,,,,,,,48,4,64852,1704,222,56,2.0,right,1.0,1.0,11.0
2843.2586717749946,unswapping,,,,,,,,,,,,48,4,64468,1688,222,56,3.0,both,0.0,2.0,2.0
2844.527930555865,unswapping,,,,,,,,,,,,48,4,63316,1656,222,56,3.0,both,1.0,2.0,4.0
2845.088483951986,unswapping,,,,,,,,,,,,48,4,62356,1632,222,56,3.0,left,0.0,1.0,5.0
2845.8790936549194,unswapping,,,,,,,,,,,,48,4,62356,1632,222,56,3.0,left,1.0,0.0,5.0
2846.2322579240426,unswapping,,,,,,,,,,,,48,4,62356,1632,222,56,3.0,right,0.0,0.0,5.0
2846.6505827798974,unswapping,,,,,,,,,,,,48,4,62356,1632,222,56,3.0,right,1.0,0.0,5.0
2847.736255906988,unswapping,,,,,,,,,,,,48,4,62164,1624,222,56,4.0,both,0.0,1.0,1.0
2848.939466055017,unswapping,,,,,,,,,,,,48,4,61044,1608,222,56,4.0,both,1.0,1.0,2.0
2849.484869769076,unswapping,,,,,,,,,,,,48,4,58836,1562,222,56,4.0,left,0.0,1.0,3.0
2849.9206516430713,unswapping,,,,,,,,,,,,48,4,58836,1562,222,56,4.0,left,1.0,0.0,3.0
2850.27765389299,unswapping,,,,,,,,,,,,48,4,58836,1562,222,56,4.0,right,0.0,0.0,3.0
2850.6812775528524,unswapping,,,,,,,,,,,,48,4,58836,1562,222,56,4.0,right,1.0,0.0,3.0
2851.392411269946,unswapping,,,,,,,,,,,,48,4,58836,1562,222,56,5.0,both,0.0,0.0,0.0
2852.227170432918,unswapping,,,,,,,,,,,,48,4,58836,1562,222,56,5.0,both,1.0,0.0,0.0
2852.580264221877,unswapping,,,,,,,,,,,,48,4,58836,1562,222,56,5.0,left,0.0,0.0,0.0
2853.013698325958,unswapping,,,,,,,,,,,,48,4,58836,1562,222,56,5.0,left,1.0,0.0,0.0
2853.366115092067,unswapping,,,,,,,,,,,,48,4,58836,1562,222,56,5.0,right,0.0,0.0,0.0
2853.768267957028,unswapping,,,,,,,,,,,,48,4,58836,1562,222,56,5.0,right,1.0,0.0,0.0
2863.616333110025,absorbing,left,1.0,0.0,1032.0,1138.0,129.0,95.0,224.0,14.0,0.0,0.0,48,4,58836,1562,222,56,,,,,
2864.0564735920634,absorbing,left,1.0,1.0,1032.0,1138.0,129.0,95.0,224.0,6.0,0.0,0.0,48,4,73428,1714,222,56,,,,,
2864.551496454049,absorbing,left,1.0,2.0,1032.0,1138.0,129.0,95.0,224.0,5.0,0.0,0.0,48,4,94100,1928,222,56,,,,,
2865.141466602916,absorbing,left,1.0,3.0,1032.0,1138.0,129.0,95.0,224.0,7.0,0.0,0.0,96,4,124820,2146,222,56,,,,,
2865.734954699874,absorbing,left,2.0,3.0,1032.0,1138.0,129.0,95.0,224.0,11.0,0.0,0.0,96,4,154336,2462,222,56,,,,,
2866.2890846820083,absorbing,left,3.0,3.0,1032.0,1138.0,129.0,95.0,224.0,9.0,0.0,0.0,96,4,207724,2942,222,56,,,,,
2866.892482423922,absorbing,left,3.0,4.0,1032.0,1138.0,129.0,95.0,224.0,8.0,0.0,0.0,192,4,335584,3496,222,56,,,,,
2867.636277301004,absorbing,left,4.0,4.0,1032.0,1138.0,129.0,95.0,224.0,9.0,0.0,0.0,212,4,487892,4306,222,56,,,,,
2868.876868301071,absorbing,left,5.0,4.0,1032.0,1138.0,129.0,95.0,224.0,10.0,0.0,0.0,245,4,871512,5300,222,56,,,,,
2882.3630642208736,unswapping,,,,,,,,,,,,479,4,1658152,6650,222,56,0.0,both,0.0,6.0,6.0
2892.64063662407,unswapping,,,,,,,,,,,,229,4,823012,5210,222,56,0.0,both,1.0,11.0,17.0
2895.459670362994,unswapping,,,,,,,,,,,,147,4,364184,3808,222,56,0.0,left,0.0,15.0,32.0
2898.7108410079964,unswapping,,,,,,,,,,,,96,4,225600,3060,222,56,0.0,left,1.0,16.0,48.0
2899.754798470065,unswapping,,,,,,,,,,,,96,4,186316,2810,222,56,0.0,right,0.0,11.0,59.0
2901.2454043999314,unswapping,,,,,,,,,,,,63,4,146856,2558,222,56,0.0,right,1.0,9.0,68.0
2903.1703391429037,unswapping,,,,,,,,,,,,48,4,110480,2184,222,56,1.0,both,0.0,13.0,13.0
2904.991193261929,unswapping,,,,,,,,,,,,48,4,108028,2142,222,56,1.0,both,1.0,9.0,22.0
2906.3830973270815,unswapping,,,,,,,,,,,,48,4,100492,2036,222,56,1.0,left,0.0,6.0,28.0
2907.292875950923,unswapping,,,,,,,,,,,,48,4,94784,1932,222,56,1.0,left,1.0,5.0,33.0
2908.071011534892,unswapping,,,,,,,,,,,,48,4,86084,1832,222,56,1.0,right,0.0,6.0,39.0
2908.8057330590673,unswapping,,,,,,,,,,,,48,4,78540,1766,222,56,1.0,right,1.0,2.0,41.0
2910.0947828500066,unswapping,,,,,,,,,,,,48,4,77524,1732,222,56,2.0,both,0.0,4.0,4.0
2911.538308368996,unswapping,,,,,,,,,,,,48,4,76692,1708,222,56,2.0,both,1.0,3.0,7.0
2911.973867323948,unswapping,,,,,,,,,,,,48,4,76692,1708,222,56,2.0,left,0.0,0.0,7.0
2912.6909735139925,unswapping,,,,,,,,,,,,48,4,76564,1700,222,56,2.0,left,1.0,1.0,8.0
2913.653922694968,unswapping,,,,,,,,,,,,48,4,74772,1684,222,56,2.0,right,0.0,1.0,9.0
2914.1596520820167,unswapping,,,,,,,,,,,,48,4,74772,1684,222,56,2.0,right,1.0,0.0,9.0
2915.3997921969276,unswapping,,,,,,,,,,,,48,4,74340,1664,222,56,3.0,both,0.0,3.0,3.0
2916.8111928349826,unswapping,,,,,,,,,,,,48,4,66136,1598,222,56,3.0,both,1.0,2.0,5.0
2917.221268581925,unswapping,,,,,,,,,,,,48,4,66136,1598,222,56,3.0,left,0.0,0.0,5.0
2917.745776916854,unswapping,,,,,,,,,,,,48,4,66136,1598,222,56,3.0,left,1.0,0.0,5.0
2918.3021265519783,unswapping,,,,,,,,,,,,48,4,57944,1534,222,56,3.0,right,0.0,1.0,6.0
2918.8962918769103,unswapping,,,,,,,,,,,,48,4,53848,1502,222,56,3.0,right,1.0,1.0,7.0
2919.5857215488795,unswapping,,,,,,,,,,,,48,4,53848,1502,222,56,4.0,both,0.0,0.0,0.0
2920.4496954069473,unswapping,,,,,,,,,,,,48,4,53848,1502,222,56,4.0,both,1.0,0.0,0.0
2920.789811806055,unswapping,,,,,,,,,,,,48,4,53848,1502,222,56,4.0,left,0.0,0.0,0.0
2921.237705465872,unswapping,,,,,,,,,,,,48,4,53848,1502,222,56,4.0,left,1.0,0.0,0.0
2921.572396225063,unswapping,,,,,,,,,,,,48,4,53848,1502,222,56,4.0,right,0.0,0.0,0.0
2921.989173118025,unswapping,,,,,,,,,,,,48,4,53848,1502,222,56,4.0,right,1.0,0.0,0.0
2931.8408781189937,absorbing,left,1.0,0.0,1052.0,1155.0,129.0,95.0,224.0,11.0,0.0,0.0,48,4,53848,1502,222,56,,,,,
2932.2602166209836,absorbing,left,1.0,1.0,1052.0,1155.0,129.0,95.0,224.0,7.0,0.0,0.0,48,4,68596,1662,222,56,,,,,
2932.7759951499756,absorbing,left,2.0,1.0,1052.0,1155.0,129.0,95.0,224.0,11.0,0.0,0.0,96,4,99624,2006,222,56,,,,,
2933.2422187828925,absorbing,left,3.0,1.0,1052.0,1155.0,129.0,95.0,224.0,9.0,0.0,0.0,96,4,133888,2372,222,56,,,,,
2933.7947522080503,absorbing,left,4.0,1.0,1052.0,1155.0,129.0,95.0,224.0,11.0,0.0,0.0,96,4,176336,2774,222,56,,,,,
2934.813858619891,absorbing,left,4.0,2.0,1052.0,1155.0,129.0,95.0,224.0,8.0,0.0,0.0,119,4,230984,3066,222,56,,,,,
2935.5414071788546,absorbing,left,4.0,3.0,1052.0,1155.0,129.0,95.0,224.0,8.0,0.0,0.0,192,4,321476,3420,222,56,,,,,
2936.14790936606,absorbing,left,5.0,3.0,1052.0,1155.0,129.0,95.0,224.0,11.0,0.0,0.0,192,4,439180,4032,222,56,,,,,
2937.1235605739057,absorbing,left,5.0,4.0,1052.0,1155.0,129.0,95.0,224.0,9.0,0.0,0.0,192,4,722296,4734,222,56,,,,,
2943.196028742008,unswapping,,,,,,,,,,,,215,4,801440,5134,222,56,0.0,both,0.0,12.0,12.0
2946.6763377380557,unswapping,,,,,,,,,,,,203,4,508880,4182,222,56,0.0,both,1.0,21.0,33.0
2949.2642995559145,unswapping,,,,,,,,,,,,106,4,222224,3014,222,56,0.0,left,0.0,15.0,48.0
2950.535236706026,unswapping,,,,,,,,,,,,57,4,160212,2556,222,56,0.0,left,1.0,12.0,60.0
2951.496512970887,unswapping,,,,,,,,,,,,56,4,157544,2522,222,56,0.0,right,0.0,4.0,64.0
2952.871422938071,unswapping,,,,,,,,,,,,55,4,138444,2382,222,56,0.0,right,1.0,8.0,72.0
2954.7238696140703,unswapping,,,,,,,,,,,,53,4,126800,2252,222,56,1.0,both,0.0,8.0,8.0
2956.596964552067,unswapping,,,,,,,,,,,,53,4,124176,2222,222,56,1.0,both,1.0,6.0,14.0
2957.4765321549494,unswapping,,,,,,,,,,,,52,4,111780,2094,222,56,1.0,left,0.0,4.0,18.0
2958.4002839690074,unswapping,,,,,,,,,,,,52,4,107156,2046,222,56,1.0,left,1.0,4.0,22.0
2959.2147750370204,unswapping,,,,,,,,,,,,52,4,100596,1974,222,56,1.0,right,0.0,5.0,27.0
2960.064663992962,unswapping,,,,,,,,,,,,52,4,92424,1892,222,56,1.0,right,1.0,7.0,34.0
2961.446483433945,unswapping,,,,,,,,,,,,51,4,83316,1790,222,56,2.0,both,0.0,7.0,7.0
2962.8316782799084,unswapping,,,,,,,,,,,,48,4,76372,1702,222,56,2.0,both,1.0,6.0,13.0
2963.82083399198,unswapping,,,,,,,,,,,,48,4,75900,1690,222,56,2.0,left,0.0,4.0,17.0
2964.5201655270066,unswapping,,,,,,,,,,,,48,4,74392,1652,222,56,2.0,left,1.0,4.0,21.0
2965.212773486972,unswapping,,,,,,,,,,,,48,4,72200,1630,222,56,2.0,right,0.0,2.0,23.0
2965.7707619639114,unswapping,,,,,,,,,,,,48,4,72200,1630,222,56,2.0,right,1.0,0.0,23.0
2967.0476453918964,unswapping,,,,,,,,,,,,48,4,72044,1620,222,56,3.0,both,0.0,2.0,2.0
2968.362537794048,unswapping,,,,,,,,,,,,48,4,67936,1586,222,56,3.0,both,1.0,2.0,4.0
2968.8044574628584,unswapping,,,,,,,,,,,,48,4,67936,1586,222,56,3.0,left,0.0,0.0,4.0
2969.2820233530365,unswapping,,,,,,,,,,,,48,4,67936,1586,222,56,3.0,left,1.0,0.0,4.0
2969.933123836061,unswapping,,,,,,,,,,,,48,4,60256,1538,222,56,3.0,right,0.0,1.0,5.0
2970.622210267931,unswapping,,,,,,,,,,,,48,4,53344,1490,222,56,3.0,right,1.0,1.0,6.0
2971.3254149439745,unswapping,,,,,,,,,,,,48,4,53344,1490,222,56,4.0,both,0.0,0.0,0.0
2972.52187442407,unswapping,,,,,,,,,,,,48,4,50784,1458,222,56,4.0,both,1.0,1.0,1.0
2972.8614397440106,unswapping,,,,,,,,,,,,48,4,50784,1458,222,56,4.0,left,0.0,0.0,1.0
2973.2992196648847,unswapping,,,,,,,,,,,,48,4,50784,1458,222,56,4.0,left,1.0,0.0,1.0
2973.637980557978,unswapping,,,,,,,,,,,,48,4,50784,1458,222,56,4.0,right,0.0,0.0,1.0
2974.112323968904,unswapping,,,,,,,,,,,,48,4,50784,1458,222,56,4.0,right,1.0,0.0,1.0
2975.151377527043,unswapping,,,,,,,,,,,,48,4,49504,1442,222,56,5.0,both,0.0,1.0,1.0
2975.996774004074,unswapping,,,,,,,,,,,,48,4,49504,1442,222,56,5.0,both,1.0,0.0,1.0
2976.329624471022,unswapping,,,,,,,,,,,,48,4,49504,1442,222,56,5.0,left,0.0,0.0,1.0
2976.761322564911,unswapping,,,,,,,,,,,,48,4,49504,1442,222,56,5.0,left,1.0,0.0,1.0
2977.09962016996,unswapping,,,,,,,,,,,,48,4,49504,1442,222,56,5.0,right,0.0,0.0,1.0
2977.5517461139243,unswapping,,,,,,,,,,,,48,4,49504,1442,222,56,5.0,right,1.0,0.0,1.0
2978.5685830859,unswapping,,,,,,,,,,,,48,4,49504,1442,222,56,6.0,both,0.0,0.0,0.0
2979.4155354939867,unswapping,,,,,,,,,,,,48,4,49504,1442,222,56,6.0,both,1.0,0.0,0.0
2979.7507900248747,unswapping,,,,,,,,,,,,48,4,49504,1442,222,56,6.0,left,0.0,0.0,0.0
2980.190043414943,unswapping,,,,,,,,,,,,48,4,49504,1442,222,56,6.0,left,1.0,0.0,0.0
2980.532674113987,unswapping,,,,,,,,,,,,48,4,49504,1442,222,56,6.0,right,0.0,0.0,0.0
2980.9865179539192,unswapping,,,,,,,,,,,,48,4,49504,1442,222,56,6.0,right,1.0,0.0,0.0
2990.9060022069607,absorbing,left,1.0,0.0,1080.0,1066.0,129.0,95.0,224.0,11.0,0.0,0.0,48,4,49504,1442,222,56,,,,,
2991.337868279079,absorbing,left,2.0,0.0,1080.0,1066.0,129.0,95.0,224.0,9.0,0.0,0.0,48,4,55332,1592,222,56,,,,,
2991.783172118012,absorbing,left,3.0,0.0,1080.0,1066.0,129.0,95.0,224.0,8.0,0.0,0.0,48,4,65088,1776,222,56,,,,,
2992.2965605298523,absorbing,left,4.0,0.0,1080.0,1066.0,129.0,95.0,224.0,10.0,0.0,0.0,49,4,82624,2030,222,56,,,,,
2992.8476532239,absorbing,left,4.0,1.0,1080.0,1066.0,129.0,95.0,224.0,7.0,0.0,0.0,52,4,110720,2228,222,56,,,,,
2993.3738902509212,absorbing,left,5.0,1.0,1080.0,1066.0,129.0,95.0,224.0,12.0,0.0,0.0,92,4,157336,2696,222,56,,,,,
2993.930385320913,absorbing,left,5.0,2.0,1080.0,1066.0,129.0,95.0,224.0,6.0,0.0,0.0,127,4,216812,2986,222,56,,,,,
2994.5634427389596,absorbing,left,5.0,3.0,1080.0,1066.0,129.0,95.0,224.0,6.0,0.0,0.0,122,4,240536,3142,222,56,,,,,
2995.2873967189807,absorbing,left,5.0,4.0,1080.0,1066.0,129.0,95.0,224.0,7.0,0.0,0.0,192,4,358804,3830,222,56,,,,,
2996.0860402300023,absorbing,left,6.0,4.0,1080.0,1066.0,129.0,95.0,224.0,11.0,0.0,0.0,192,4,609984,4618,222,56,,,,,
2997.271138156997,absorbing,left,7.0,4.0,1080.0,1066.0,130.0,95.0,225.0,11.0,1.0,1.0,188,4,898700,5466,222,56,,,,,
3005.0311180599965,unswapping,,,,,,,,,,,,181,4,653696,4998,222,56,0.0,both,0.0,14.0,14.0
3012.1166245169006,unswapping,,,,,,,,,,,,108,4,362352,3980,222,56,0.0,both,1.0,13.0,27.0
3013.564795322949,unswapping,,,,,,,,,,,,96,4,284016,3502,222,56,0.0,left,0.0,12.0,39.0
3016.0598032949492,unswapping,,,,,,,,,,,,96,4,197088,2952,222,56,0.0,left,1.0,15.0,54.0
3017.3822548680473,unswapping,,,,,,,,,,,,48,4,138372,2592,222,56,0.0,right,0.0,8.0,62.0
3018.472869741963,unswapping,,,,,,,,,,,,48,4,124052,2438,222,56,0.0,right,1.0,9.0,71.0
3020.3255962259136,unswapping,,,,,,,,,,,,48,4,113080,2262,222,56,1.0,both,0.0,9.0,9.0
3022.2446771650575,unswapping,,,,,,,,,,,,48,4,104972,2126,222,56,1.0,both,1.0,11.0,20.0
3023.159559455933,unswapping,,,,,,,,,,,,48,4,98644,2014,222,56,1.0,left,0.0,6.0,26.0
3024.1266683610156,unswapping,,,,,,,,,,,,48,4,93832,1928,222,56,1.0,left,1.0,6.0,32.0
3024.979513584869,unswapping,,,,,,,,,,,,48,4,84088,1808,222,56,1.0,right,0.0,8.0,40.0
3025.753754458856,unswapping,,,,,,,,,,,,48,4,76556,1746,222,56,1.0,right,1.0,4.0,44.0
3027.119068294065,unswapping,,,,,,,,,,,,48,4,72368,1678,222,56,2.0,both,0.0,8.0,8.0
3028.5990023820195,unswapping,,,,,,,,,,,,48,4,67028,1626,222,56,2.0,both,1.0,6.0,14.0
3029.209079809021,unswapping,,,,,,,,,,,,48,4,66592,1606,222,56,2.0,left,0.0,2.0,16.0
3029.740471161902,unswapping,,,,,,,,,,,,48,4,66592,1606,222,56,2.0,left,1.0,0.0,16.0
3030.3832661318593,unswapping,,,,,,,,,,,,48,4,66112,1598,222,56,2.0,right,0.0,1.0,17.0
3030.9076322729234,unswapping,,,,,,,,,,,,48,4,66112,1598,222,56,2.0,right,1.0,0.0,17.0
3032.085160729941,unswapping,,,,,,,,,,,,48,4,65992,1590,222,56,3.0,both,0.0,3.0,3.0
3033.463312435895,unswapping,,,,,,,,,,,,48,4,65776,1578,222,56,3.0,both,1.0,2.0,5.0
3033.8782988719177,unswapping,,,,,,,,,,,,48,4,65776,1578,222,56,3.0,left,0.0,1.0,6.0
3034.3964430028573,unswapping,,,,,,,,,,,,48,4,65776,1578,222,56,3.0,left,1.0,0.0,6.0
3034.845510062063,unswapping,,,,,,,,,,,,48,4,65776,1578,222,56,3.0,right,0.0,0.0,6.0
3035.3580647339113,unswapping,,,,,,,,,,,,48,4,65776,1578,222,56,3.0,right,1.0,0.0,6.0
3036.8762886240147,unswapping,,,,,,,,,,,,48,4,65560,1566,222,56,4.0,both,0.0,3.0,3.0
3038.2470144289546,unswapping,,,,,,,,,,,,48,4,65452,1560,222,56,4.0,both,1.0,1.0,4.0
3038.6548184130806,unswapping,,,,,,,,,,,,48,4,65452,1560,222,56,4.0,left,0.0,1.0,5.0
3039.170926305931,unswapping,,,,,,,,,,,,48,4,65452,1560,222,56,4.0,left,1.0,0.0,5.0
3039.6197577719577,unswapping,,,,,,,,,,,,48,4,65452,1560,222,56,4.0,right,0.0,0.0,5.0
3040.122279644944,unswapping,,,,,,,,,,,,48,4,65452,1560,222,56,4.0,right,1.0,0.0,5.0
3041.2860963039566,unswapping,,,,,,,,,,,,48,4,65344,1554,222,56,5.0,both,0.0,2.0,2.0
3042.6767332500312,unswapping,,,,,,,,,,,,48,4,65236,1548,222,56,5.0,both,1.0,1.0,3.0
3043.084328156896,unswapping,,,,,,,,,,,,48,4,65236,1548,222,56,5.0,left,0.0,1.0,4.0
3043.605555230053,unswapping,,,,,,,,,,,,48,4,65236,1548,222,56,5.0,left,1.0,0.0,4.0
3044.0587906229775,unswapping,,,,,,,,,,,,48,4,65236,1548,222,56,5.0,right,0.0,0.0,4.0
3044.5635027599055,unswapping,,,,,,,,,,,,48,4,65236,1548,222,56,5.0,right,1.0,0.0,4.0
3045.3672818120103,unswapping,,,,,,,,,,,,48,4,65236,1548,222,56,6.0,both,0.0,1.0,1.0
3046.381827858044,unswapping,,,,,,,,,,,,48,4,65236,1548,222,56,6.0,both,1.0,0.0,1.0
3046.790968307061,unswapping,,,,,,,,,,,,48,4,65236,1548,222,56,6.0,left,0.0,1.0,2.0
3047.3108117140364,unswapping,,,,,,,,,,,,48,4,65236,1548,222,56,6.0,left,1.0,0.0,2.0
3047.7666054030415,unswapping,,,,,,,,,,,,48,4,65236,1548,222,56,6.0,right,0.0,0.0,2.0
3048.272443247959,unswapping,,,,,,,,,,,,48,4,65236,1548,222,56,6.0,right,1.0,0.0,2.0
3058.3930401508696,absorbing,left,1.0,0.0,1083.0,1095.0,130.0,95.0,225.0,12.0,0.0,0.0,48,4,65236,1548,222,56,,,,,
3058.946535733994,absorbing,left,2.0,0.0,1083.0,1095.0,131.0,95.0,226.0,9.0,1.0,1.0,96,4,92596,1874,222,56,,,,,
3059.8686974779703,absorbing,left,3.0,0.0,1083.0,1095.0,132.0,95.0,227.0,11.0,1.0,2.0,96,4,109616,2108,222,56,,,,,
3060.441270489944,absorbing,left,4.0,0.0,1083.0,1095.0,133.0,95.0,228.0,11.0,1.0,3.0,103,4,120008,2276,222,56,,,,,
3061.009537548991,absorbing,left,4.0,1.0,1083.0,1095.0,133.0,95.0,228.0,9.0,0.0,3.0,101,4,157416,2552,222,56,,,,,
3061.75225021597,absorbing,left,4.0,2.0,1083.0,1095.0,133.0,95.0,228.0,8.0,0.0,3.0,99,4,205784,2844,222,56,,,,,
3062.600241089938,absorbing,left,4.0,3.0,1083.0,1095.0,133.0,95.0,228.0,10.0,0.0,3.0,96,4,245744,3062,222,56,,,,,
3063.406472367933,absorbing,left,5.0,3.0,1083.0,1095.0,134.0,95.0,229.0,11.0,1.0,4.0,96,4,290188,3468,222,56,,,,,
3064.428578421008,absorbing,left,6.0,3.0,1083.0,1095.0,134.0,95.0,229.0,12.0,0.0,4.0,96,4,324180,3676,222,56,,,,,
3065.365572534967,absorbing,left,7.0,3.0,1083.0,1095.0,135.0,95.0,230.0,12.0,1.0,5.0,128,4,312688,3782,222,56,,,,,
3066.415212844964,absorbing,left,8.0,3.0,1083.0,1095.0,135.0,95.0,230.0,14.0,0.0,5.0,128,4,440032,4328,222,56,,,,,
3067.7063464738894,absorbing,left,9.0,3.0,1083.0,1095.0,136.0,95.0,231.0,11.0,1.0,6.0,255,4,704532,5274,222,56,,,,,
3078.441365652019,unswapping,,,,,,,,,,,,254,4,1182400,5880,222,56,0.0,both,0.0,11.0,11.0
3088.6151727780234,unswapping,,,,,,,,,,,,247,4,666768,4580,222,56,0.0,both,1.0,17.0,28.0
3091.497873828048,unswapping,,,,,,,,,,,,132,4,382056,3572,222,56,0.0,left,0.0,13.0,41.0
3092.9016274348833,unswapping,,,,,,,,,,,,128,4,220024,2946,222,56,0.0,left,1.0,11.0,52.0
3093.8030184360687,unswapping,,,,,,,,,,,,64,4,149880,2510,222,56,0.0,right,0.0,8.0,60.0
3094.686041662935,unswapping,,,,,,,,,,,,64,4,125388,2294,222,56,0.0,right,1.0,7.0,67.0
3096.174513045,unswapping,,,,,,,,,,,,64,4,95392,1980,222,56,1.0,both,0.0,10.0,10.0
3097.521803869866,unswapping,,,,,,,,,,,,64,4,77444,1836,222,56,1.0,both,1.0,5.0,15.0
3098.1762693270575,unswapping,,,,,,,,,,,,48,4,67548,1732,222,56,1.0,left,0.0,4.0,19.0
3099.0286025758833,unswapping,,,,,,,,,,,,48,4,52180,1576,222,56,1.0,left,1.0,7.0,26.0
3099.571435004007,unswapping,,,,,,,,,,,,48,4,50644,1544,222,56,1.0,right,0.0,2.0,28.0
3100.1285992229823,unswapping,,,,,,,,,,,,48,4,50376,1530,222,56,1.0,right,1.0,3.0,31.0
3101.2272259448655,unswapping,,,,,,,,,,,,48,4,41988,1392,222,56,2.0,both,0.0,5.0,5.0
3102.580201512901,unswapping,,,,,,,,,,,,48,4,39620,1340,222,56,2.0,both,1.0,2.0,7.0
3103.1122545220423,unswapping,,,,,,,,,,,,48,4,37616,1286,222,56,2.0,left,0.0,5.0,12.0
3103.624229153851,unswapping,,,,,,,,,,,,48,4,36496,1242,222,56,2.0,left,1.0,3.0,15.0
3104.145573539892,unswapping,,,,,,,,,,,,48,4,36400,1234,222,56,2.0,right,0.0,1.0,16.0
3104.6229905819055,unswapping,,,,,,,,,,,,48,4,36360,1230,222,56,2.0,right,1.0,1.0,17.0
3105.627927450929,unswapping,,,,,,,,,,,,48,4,36256,1222,222,56,3.0,both,0.0,2.0,2.0
3106.5893859709613,unswapping,,,,,,,,,,,,48,4,36208,1218,222,56,3.0,both,1.0,1.0,3.0
3106.9245467009023,unswapping,,,,,,,,,,,,48,4,36208,1218,222,56,3.0,left,0.0,0.0,3.0
3107.2414304988924,unswapping,,,,,,,,,,,,48,4,36208,1218,222,56,3.0,left,1.0,0.0,3.0
3107.582715946948,unswapping,,,,,,,,,,,,48,4,36208,1218,222,56,3.0,right,0.0,0.0,3.0
3107.886465275893,unswapping,,,,,,,,,,,,48,4,36208,1218,222,56,3.0,right,1.0,0.0,3.0
3108.8752797499765,unswapping,,,,,,,,,,,,48,4,36160,1214,222,56,4.0,both,0.0,1.0,1.0
3109.849106685957,unswapping,,,,,,,,,,,,48,4,36112,1210,222,56,4.0,both,1.0,1.0,2.0
3110.1884016490076,unswapping,,,,,,,,,,,,48,4,36112,1210,222,56,4.0,left,0.0,0.0,2.0
3110.507703394862,unswapping,,,,,,,,,,,,48,4,36112,1210,222,56,4.0,left,1.0,0.0,2.0
3110.851480436977,unswapping,,,,,,,,,,,,48,4,36112,1210,222,56,4.0,right,0.0,0.0,2.0
3111.155717727961,unswapping,,,,,,,,,,,,48,4,36112,1210,222,56,4.0,right,1.0,0.0,2.0
3111.804992547957,unswapping,,,,,,,,,,,,48,4,36112,1210,222,56,5.0,both,0.0,0.0,0.0
3112.4226084649563,unswapping,,,,,,,,,,,,48,4,36112,1210,222,56,5.0,both,1.0,0.0,0.0
3112.755264498992,unswapping,,,,,,,,,,,,48,4,36112,1210,222,56,5.0,left,0.0,0.0,0.0
3113.0721422799397,unswapping,,,,,,,,,,,,48,4,36112,1210,222,56,5.0,left,1.0,0.0,0.0
3113.4119316530414,unswapping,,,,,,,,,,,,48,4,36112,1210,222,56,5.0,right,0.0,0.0,0.0
3114.057099757949,unswapping,,,,,,,,,,,,48,4,36112,1210,222,56,5.0,right,1.0,0.0,0.0
3123.958293156,absorbing,left,1.0,0.0,1070.0,1216.0,137.0,95.0,232.0,15.0,1.0,1.0,48,4,36112,1210,222,56,,,,,
3124.3645446810406,absorbing,left,1.0,1.0,1070.0,1216.0,137.0,95.0,232.0,7.0,0.0,1.0,48,4,42872,1314,222,56,,,,,
3124.783133808989,absorbing,left,2.0,1.0,1070.0,1216.0,138.0,95.0,233.0,15.0,1.0,2.0,48,4,54792,1466,222,56,,,,,
3125.204268531874,absorbing,left,3.0,1.0,1070.0,1216.0,138.0,95.0,233.0,15.0,0.0,2.0,48,4,64372,1684,222,56,,,,,
3125.6610557038803,absorbing,left,3.0,2.0,1070.0,1216.0,138.0,95.0,233.0,10.0,0.0,2.0,96,4,95668,1968,222,56,,,,,
3126.0973330989946,absorbing,left,3.0,3.0,1070.0,1216.0,138.0,95.0,233.0,9.0,0.0,2.0,96,4,106964,2128,222,56,,,,,
3126.5678572889883,absorbing,left,3.0,4.0,1070.0,1216.0,138.0,95.0,233.0,9.0,0.0,2.0,96,4,141584,2476,222,56,,,,,
3127.087873901939,absorbing,left,4.0,4.0,1070.0,1216.0,138.0,95.0,233.0,16.0,0.0,2.0,96,4,215216,3082,222,56,,,,,
3127.7194259129465,absorbing,left,4.0,5.0,1070.0,1216.0,138.0,95.0,233.0,7.0,0.0,2.0,126,4,334896,3728,222,56,,,,,
3128.6710961558856,absorbing,left,5.0,5.0,1070.0,1216.0,138.0,95.0,233.0,15.0,0.0,2.0,191,4,539428,4772,222,56,,,,,
3129.9070716630667,absorbing,left,5.0,6.0,1070.0,1216.0,138.0,95.0,233.0,9.0,0.0,2.0,236,4,737612,5352,222,56,,,,,
3138.3178846610244,unswapping,,,,,,,,,,,,187,4,617292,5006,222,56,0.0,both,0.0,14.0,14.0
3141.8731709208805,unswapping,,,,,,,,,,,,120,4,294032,3722,222,56,0.0,both,1.0,17.0,31.0
3143.774007553002,unswapping,,,,,,,,,,,,64,4,207256,3100,222,56,0.0,left,0.0,13.0,44.0
3146.1310334028676,unswapping,,,,,,,,,,,,62,4,173072,2704,222,56,0.0,left,1.0,17.0,61.0
3147.289032876026,unswapping,,,,,,,,,,,,62,4,141944,2424,222,56,0.0,right,0.0,11.0,72.0
3148.281434750883,unswapping,,,,,,,,,,,,62,4,117060,2232,222,56,0.0,right,1.0,12.0,84.0
3149.870539912954,unswapping,,,,,,,,,,,,60,4,77924,1828,222,56,1.0,both,0.0,18.0,18.0
3151.6878170410637,unswapping,,,,,,,,,,,,48,4,59808,1626,222,56,1.0,both,1.0,11.0,29.0
3152.3468425918836,unswapping,,,,,,,,,,,,38,4,52080,1530,222,56,1.0,left,0.0,7.0,36.0
3152.9632718360517,unswapping,,,,,,,,,,,,38,4,49972,1482,222,56,1.0,left,1.0,7.0,43.0
3153.5890119408723,unswapping,,,,,,,,,,,,38,4,46896,1454,222,56,1.0,right,0.0,5.0,48.0
3154.183048438048,unswapping,,,,,,,,,,,,38,4,44880,1406,222,56,1.0,right,1.0,3.0,51.0
3155.4001701539382,unswapping,,,,,,,,,,,,38,4,38652,1314,222,56,2.0,both,0.0,9.0,9.0
3156.5987227458972,unswapping,,,,,,,,,,,,35,4,34876,1250,222,56,2.0,both,1.0,11.0,20.0
3157.1191454099026,unswapping,,,,,,,,,,,,32,4,34128,1236,222,56,2.0,left,0.0,4.0,24.0
3157.650656295009,unswapping,,,,,,,,,,,,32,4,33512,1224,222,56,2.0,left,1.0,2.0,26.0
3158.187272361014,unswapping,,,,,,,,,,,,32,4,32780,1214,222,56,2.0,right,0.0,2.0,28.0
3158.5232682009228,unswapping,,,,,,,,,,,,32,4,32780,1214,222,56,2.0,right,1.0,0.0,28.0
3159.600945062004,unswapping,,,,,,,,,,,,32,4,27912,1160,222,56,3.0,both,0.0,4.0,4.0
3160.602672216948,unswapping,,,,,,,,,,,,32,4,27096,1140,222,56,3.0,both,1.0,2.0,6.0
3160.921515848022,unswapping,,,,,,,,,,,,32,4,27096,1140,222,56,3.0,left,0.0,1.0,7.0
3161.4349215589464,unswapping,,,,,,,,,,,,32,4,26000,1122,222,56,3.0,left,1.0,2.0,9.0
3161.762569895014,unswapping,,,,,,,,,,,,32,4,26000,1122,222,56,3.0,right,0.0,1.0,10.0
3162.0814036128577,unswapping,,,,,,,,,,,,32,4,26000,1122,222,56,3.0,right,1.0,1.0,11.0
3163.097533965949,unswapping,,,,,,,,,,,,32,4,25484,1114,222,56,4.0,both,0.0,4.0,4.0
3164.1167444319,unswapping,,,,,,,,,,,,32,4,24744,1104,222,56,4.0,both,1.0,1.0,5.0
3164.4284381510224,unswapping,,,,,,,,,,,,32,4,24744,1104,222,56,4.0,left,0.0,1.0,6.0
3165.0958343420643,unswapping,,,,,,,,,,,,32,4,24744,1104,222,56,4.0,left,1.0,0.0,6.0
3165.41082501295,unswapping,,,,,,,,,,,,32,4,24744,1104,222,56,4.0,right,0.0,0.0,6.0
3165.7331143198535,unswapping,,,,,,,,,,,,32,4,24744,1104,222,56,4.0,right,1.0,1.0,7.0
3166.7102629479486,unswapping,,,,,,,,,,,,32,4,23236,1078,222,56,5.0,both,0.0,3.0,3.0
3167.664433230879,unswapping,,,,,,,,,,,,32,4,22756,1068,222,56,5.0,both,1.0,1.0,4.0
3167.970323354006,unswapping,,,,,,,,,,,,32,4,22756,1068,222,56,5.0,left,0.0,1.0,5.0
3168.2863431379665,unswapping,,,,,,,,,,,,32,4,22756,1068,222,56,5.0,left,1.0,0.0,5.0
3168.591624004068,unswapping,,,,,,,,,,,,32,4,22756,1068,222,56,5.0,right,0.0,0.0,5.0
3169.0682851239108,unswapping,,,,,,,,,,,,32,4,22116,1060,222,56,5.0,right,1.0,1.0,6.0
3170.003092357889,unswapping,,,,,,,,,,,,32,4,21668,1052,222,56,6.0,both,0.0,2.0,2.0
3170.607873738976,unswapping,,,,,,,,,,,,32,4,21668,1052,222,56,6.0,both,1.0,0.0,2.0
3170.914258336881,unswapping,,,,,,,,,,,,32,4,21668,1052,222,56,6.0,left,0.0,2.0,4.0
3171.2250291518867,unswapping,,,,,,,,,,,,32,4,21668,1052,222,56,6.0,left,1.0,0.0,4.0
3171.531853422988,unswapping,,,,,,,,,,,,32,4,21668,1052,222,56,6.0,right,0.0,0.0,4.0
3171.834139643004,unswapping,,,,,,,,,,,,32,4,21668,1052,222,56,6.0,right,1.0,0.0,4.0
3172.4344020918943,unswapping,,,,,,,,,,,,32,4,21668,1052,222,56,7.0,both,0.0,2.0,2.0
3173.045639401069,unswapping,,,,,,,,,,,,32,4,21668,1052,222,56,7.0,both,1.0,0.0,2.0
3173.3552963018883,unswapping,,,,,,,,,,,,32,4,21668,1052,222,56,7.0,left,0.0,2.0,4.0
3173.66752470308,unswapping,,,,,,,,,,,,32,4,21668,1052,222,56,7.0,left,1.0,0.0,4.0
3173.9670862620696,unswapping,,,,,,,,,,,,32,4,21668,1052,222,56,7.0,right,0.0,0.0,4.0
3174.2728423099034,unswapping,,,,,,,,,,,,32,4,21668,1052,222,56,7.0,right,1.0,0.0,4.0
3184.5178028668743,absorbing,left,1.0,0.0,1046.0,1171.0,138.0,95.0,233.0,13.0,0.0,0.0,32,4,21668,1052,222,56,,,,,
3184.8843716359697,absorbing,left,2.0,0.0,1046.0,1171.0,138.0,95.0,233.0,12.0,0.0,0.0,48,4,29360,1244,222,56,,,,,
3185.27376191807,absorbing,left,2.0,1.0,1046.0,1171.0,138.0,95.0,233.0,7.0,0.0,0.0,64,4,32956,1336,222,56,,,,,
3185.670118232025,absorbing,left,3.0,1.0,1046.0,1171.0,139.0,95.0,234.0,15.0,1.0,1.0,64,4,43600,1524,222,56,,,,,
3186.0959868889768,absorbing,left,3.0,2.0,1046.0,1171.0,139.0,95.0,234.0,9.0,0.0,1.0,64,4,73600,1790,222,56,,,,,
3186.557227859972,absorbing,left,4.0,2.0,1046.0,1171.0,140.0,95.0,235.0,18.0,1.0,2.0,115,4,120240,2320,222,56,,,,,
3187.158881200012,absorbing,left,4.0,3.0,1046.0,1171.0,140.0,95.0,235.0,9.0,0.0,2.0,127,4,198364,2754,222,56,,,,,
3187.7418167078868,absorbing,left,4.0,4.0,1046.0,1171.0,140.0,95.0,235.0,7.0,0.0,2.0,214,4,270956,3144,222,56,,,,,
3188.6752789688762,absorbing,left,4.0,5.0,1046.0,1171.0,140.0,95.0,235.0,9.0,0.0,2.0,209,4,289184,3226,222,56,,,,,
3189.3776602179278,absorbing,left,4.0,6.0,1046.0,1171.0,140.0,95.0,235.0,9.0,0.0,2.0,200,4,279892,3246,222,56,,,,,
3190.0513340649195,absorbing,left,4.0,7.0,1046.0,1171.0,140.0,95.0,235.0,6.0,0.0,2.0,192,4,372104,3764,222,56,,,,,
3190.793570499867,absorbing,left,5.0,7.0,1046.0,1171.0,140.0,95.0,235.0,18.0,0.0,2.0,253,4,618776,4614,222,56,,,,,
3199.0734643528704,unswapping,,,,,,,,,,,,246,4,1252424,5774,222,56,0.0,both,0.0,12.0,12.0
3207.6593908430077,unswapping,,,,,,,,,,,,236,4,1031004,4902,222,56,0.0,both,1.0,17.0,29.0
3210.014861108968,unswapping,,,,,,,,,,,,222,4,838456,4294,222,56,0.0,left,0.0,18.0,47.0
3211.246769778896,unswapping,,,,,,,,,,,,215,4,674108,3758,222,56,0.0,left,1.0,15.0,62.0
3212.3851422008593,unswapping,,,,,,,,,,,,209,4,591124,3356,222,56,0.0,right,0.0,7.0,69.0
3213.628734794911,unswapping,,,,,,,,,,,,204,4,543336,3114,222,56,0.0,right,1.0,8.0,77.0
3216.542326844996,unswapping,,,,,,,,,,,,196,4,248980,2412,222,56,1.0,both,0.0,14.0,14.0
3218.4822328439914,unswapping,,,,,,,,,,,,97,4,131024,1934,222,56,1.0,both,1.0,17.0,31.0
3219.476099738851,unswapping,,,,,,,,,,,,64,4,85840,1692,222,56,1.0,left,0.0,12.0,43.0
3220.491633516969,unswapping,,,,,,,,,,,,61,4,72988,1582,222,56,1.0,left,1.0,5.0,48.0
3221.0450582529884,unswapping,,,,,,,,,,,,61,4,70516,1536,222,56,1.0,right,0.0,4.0,52.0
3221.4780289530754,unswapping,,,,,,,,,,,,61,4,70516,1536,222,56,1.0,right,1.0,2.0,54.0
3222.7558458668645,unswapping,,,,,,,,,,,,61,4,54968,1424,222,56,2.0,both,0.0,9.0,9.0
3224.028290163027,unswapping,,,,,,,,,,,,55,4,37824,1210,222,56,2.0,both,1.0,12.0,21.0
3224.547244217014,unswapping,,,,,,,,,,,,54,4,30772,1144,222,56,2.0,left,0.0,4.0,25.0
3224.8538413729984,unswapping,,,,,,,,,,,,54,4,30772,1144,222,56,2.0,left,1.0,2.0,27.0
3225.1712649469264,unswapping,,,,,,,,,,,,54,4,30772,1144,222,56,2.0,right,0.0,1.0,28.0
3225.496719192015,unswapping,,,,,,,,,,,,54,4,30772,1144,222,56,2.0,right,1.0,2.0,30.0
3226.55876566004,unswapping,,,,,,,,,,,,33,4,22096,1062,222,56,3.0,both,0.0,6.0,6.0
3227.546070649987,unswapping,,,,,,,,,,,,30,4,13816,938,222,56,3.0,both,1.0,9.0,15.0
3227.9929776380304,unswapping,,,,,,,,,,,,27,4,13528,932,222,56,3.0,left,0.0,1.0,16.0
3228.288149822969,unswapping,,,,,,,,,,,,27,4,13528,932,222,56,3.0,left,1.0,1.0,17.0
3228.56945644808,unswapping,,,,,,,,,,,,27,4,13528,932,222,56,3.0,right,0.0,0.0,17.0
3229.0567938769236,unswapping,,,,,,,,,,,,25,4,13288,924,222,56,3.0,right,1.0,2.0,19.0
3229.965440132888,unswapping,,,,,,,,,,,,22,4,12852,912,222,56,4.0,both,0.0,2.0,2.0
3230.561815229943,unswapping,,,,,,,,,,,,22,4,12852,912,222,56,4.0,both,1.0,5.0,7.0
3230.8394358279184,unswapping,,,,,,,,,,,,22,4,12852,912,222,56,4.0,left,0.0,1.0,8.0
3231.133911041077,unswapping,,,,,,,,,,,,22,4,12852,912,222,56,4.0,left,1.0,2.0,10.0
3231.416686757002,unswapping,,,,,,,,,,,,22,4,12852,912,222,56,4.0,right,0.0,1.0,11.0
3231.723960655974,unswapping,,,,,,,,,,,,22,4,12852,912,222,56,4.0,right,1.0,2.0,13.0
3232.2890628459863,unswapping,,,,,,,,,,,,22,4,12852,912,222,56,5.0,both,0.0,1.0,1.0
3233.2179104629904,unswapping,,,,,,,,,,,,22,4,12852,912,222,56,5.0,both,1.0,5.0,6.0
3233.5014771970455,unswapping,,,,,,,,,,,,22,4,12852,912,222,56,5.0,left,0.0,1.0,7.0
3233.7981888740323,unswapping,,,,,,,,,,,,22,4,12852,912,222,56,5.0,left,1.0,2.0,9.0
3234.079227699898,unswapping,,,,,,,,,,,,22,4,12852,912,222,56,5.0,right,0.0,1.0,10.0
3234.3894340619445,unswapping,,,,,,,,,,,,22,4,12852,912,222,56,5.0,right,1.0,2.0,12.0
3244.0600787638687,absorbing,left,1.0,0.0,1055.0,1112.0,140.0,95.0,235.0,14.0,0.0,0.0,21,4,12664,906,222,56,,,,,
3244.4072166988626,absorbing,left,1.0,1.0,1055.0,1112.0,140.0,95.0,235.0,9.0,0.0,0.0,30,4,17380,1040,222,56,,,,,
3244.772810109891,absorbing,left,2.0,1.0,1055.0,1112.0,141.0,95.0,236.0,17.0,1.0,1.0,32,4,25300,1224,222,56,,,,,
3245.211823272053,absorbing,left,2.0,2.0,1055.0,1112.0,141.0,95.0,236.0,12.0,0.0,1.0,48,4,42784,1494,222,56,,,,,
3245.6610220209695,absorbing,left,3.0,2.0,1055.0,1112.0,141.0,95.0,236.0,18.0,0.0,1.0,87,4,80800,1938,222,56,,,,,
3246.2106776819564,absorbing,left,4.0,2.0,1055.0,1112.0,141.0,95.0,236.0,16.0,0.0,1.0,86,4,118576,2336,222,56,,,,,
3246.7590343859047,absorbing,left,5.0,2.0,1055.0,1112.0,141.0,95.0,236.0,15.0,0.0,1.0,64,4,161384,2782,222,56,,,,,
3247.345233472064,absorbing,left,5.0,3.0,1055.0,1112.0,141.0,95.0,236.0,13.0,0.0,1.0,96,4,226884,3288,222,56,,,,,
3248.0599827950355,absorbing,left,5.0,4.0,1055.0,1112.0,141.0,95.0,236.0,11.0,0.0,1.0,96,4,340656,3892,222,56,,,,,
3248.8454142310657,absorbing,left,6.0,4.0,1055.0,1112.0,141.0,95.0,236.0,13.0,0.0,1.0,255,4,541104,4944,222,56,,,,,
3254.2502814200707,unswapping,,,,,,,,,,,,254,4,1013540,5914,222,56,0.0,both,0.0,7.0,7.0
3258.5751080480404,unswapping,,,,,,,,,,,,251,4,654476,4656,222,56,0.0,both,1.0,17.0,24.0
3260.4706217648927,unswapping,,,,,,,,,,,,199,4,480840,3762,222,56,0.0,left,0.0,16.0,40.0
3262.277020383859,unswapping,,,,,,,,,,,,191,4,257768,3140,222,56,0.0,left,1.0,12.0,52.0
3263.5697762458585,unswapping,,,,,,,,,,,,96,4,188512,2698,222,56,0.0,right,0.0,11.0,63.0
3264.5002801730298,unswapping,,,,,,,,,,,,96,4,162608,2510,222,56,0.0,right,1.0,9.0,72.0
3266.1333871840034,unswapping,,,,,,,,,,,,64,4,106328,2058,222,56,1.0,both,0.0,14.0,14.0
3267.38872288703,unswapping,,,,,,,,,,,,64,4,85376,1768,222,56,1.0,both,1.0,12.0,26.0
3268.077114949934,unswapping,,,,,,,,,,,,64,4,68680,1534,222,56,1.0,left,0.0,11.0,37.0
3268.601906446973,unswapping,,,,,,,,,,,,64,4,50420,1312,222,56,1.0,left,1.0,11.0,48.0
3269.099248792976,unswapping,,,,,,,,,,,,64,4,49772,1290,222,56,1.0,right,0.0,4.0,52.0
3269.42692102585,unswapping,,,,,,,,,,,,64,4,49772,1290,222,56,1.0,right,1.0,1.0,53.0
3270.478372850921,unswapping,,,,,,,,,,,,64,4,33668,1170,222,56,2.0,both,0.0,6.0,6.0
3271.4923023469746,unswapping,,,,,,,,,,,,64,4,29816,1110,222,56,2.0,both,1.0,8.0,14.0
3271.924109607935,unswapping,,,,,,,,,,,,64,4,29048,1094,222,56,2.0,left,0.0,1.0,15.0
3272.4292145099025,unswapping,,,,,,,,,,,,32,4,18784,986,222,56,2.0,left,1.0,3.0,18.0
3272.695536358049,unswapping,,,,,,,,,,,,32,4,18784,986,222,56,2.0,right,0.0,1.0,19.0
3272.992742510047,unswapping,,,,,,,,,,,,32,4,18784,986,222,56,2.0,right,1.0,1.0,20.0
3273.887047013035,unswapping,,,,,,,,,,,,32,4,16076,932,222,56,3.0,both,0.0,6.0,6.0
3274.752219103975,unswapping,,,,,,,,,,,,32,4,14608,910,222,56,3.0,both,1.0,3.0,9.0
3275.17482068995,unswapping,,,,,,,,,,,,32,4,14512,908,222,56,3.0,left,0.0,1.0,10.0
3275.44646480307,unswapping,,,,,,,,,,,,32,4,14512,908,222,56,3.0,left,1.0,1.0,11.0
3275.7162305060774,unswapping,,,,,,,,,,,,32,4,14512,908,222,56,3.0,right,0.0,0.0,11.0
3275.9929621329065,unswapping,,,,,,,,,,,,32,4,14512,908,222,56,3.0,right,1.0,1.0,12.0
3276.8847339239437,unswapping,,,,,,,,,,,,21,4,10996,846,222,56,4.0,both,0.0,6.0,6.0
3277.9559533989523,unswapping,,,,,,,,,,,,20,4,10120,818,222,56,4.0,both,1.0,7.0,13.0
3278.2150718229823,unswapping,,,,,,,,,,,,20,4,10120,818,222,56,4.0,left,0.0,2.0,15.0
3278.474154063966,unswapping,,,,,,,,,,,,20,4,10120,818,222,56,4.0,left,1.0,1.0,16.0
3278.7299915680196,unswapping,,,,,,,,,,,,20,4,10120,818,222,56,4.0,right,0.0,2.0,18.0
3279.0083064050414,unswapping,,,,,,,,,,,,20,4,10120,818,222,56,4.0,right,1.0,2.0,20.0
3279.8341090988833,unswapping,,,,,,,,,,,,20,4,9816,802,222,56,5.0,both,0.0,3.0,3.0
3280.351719619008,unswapping,,,,,,,,,,,,20,4,9816,802,222,56,5.0,both,1.0,1.0,4.0
3280.609249901958,unswapping,,,,,,,,,,,,20,4,9816,802,222,56,5.0,left,0.0,0.0,4.0
3280.8672846949194,unswapping,,,,,,,,,,,,20,4,9816,802,222,56,5.0,left,1.0,0.0,4.0
3281.125038871076,unswapping,,,,,,,,,,,,20,4,9816,802,222,56,5.0,right,0.0,0.0,4.0
3281.3926845008973,unswapping,,,,,,,,,,,,20,4,9816,802,222,56,5.0,right,1.0,0.0,4.0
3281.9089436698705,unswapping,,,,,,,,,,,,20,4,9816,802,222,56,6.0,both,0.0,0.0,0.0
3282.427957854932,unswapping,,,,,,,,,,,,20,4,9816,802,222,56,6.0,both,1.0,1.0,1.0
3282.6866175138857,unswapping,,,,,,,,,,,,20,4,9816,802,222,56,6.0,left,0.0,0.0,1.0
3282.946047916077,unswapping,,,,,,,,,,,,20,4,9816,802,222,56,6.0,left,1.0,0.0,1.0
3283.201969380956,unswapping,,,,,,,,,,,,20,4,9816,802,222,56,6.0,right,0.0,0.0,1.0
3283.46662748605,unswapping,,,,,,,,,,,,20,4,9816,802,222,56,6.0,right,1.0,0.0,1.0
3292.8496859548613,absorbing,left,1.0,0.0,1108.0,1110.0,141.0,95.0,236.0,14.0,0.0,0.0,20,4,9816,802,222,56,,,,,
3293.19740714808,absorbing,left,2.0,0.0,1108.0,1110.0,141.0,95.0,236.0,18.0,0.0,0.0,32,4,15952,998,222,56,,,,,
3293.5698232890572,absorbing,left,2.0,1.0,1108.0,1110.0,141.0,95.0,236.0,11.0,0.0,0.0,48,4,26000,1174,222,56,,,,,
3294.2599834098946,absorbing,left,3.0,1.0,1108.0,1110.0,141.0,95.0,236.0,17.0,0.0,0.0,48,4,43904,1514,222,56,,,,,
3294.6675863189157,absorbing,left,4.0,1.0,1108.0,1110.0,141.0,95.0,236.0,15.0,0.0,0.0,58,4,71336,1994,222,56,,,,,
3295.1136405130383,absorbing,left,4.0,2.0,1108.0,1110.0,141.0,95.0,236.0,13.0,0.0,0.0,80,4,110212,2268,222,56,,,,,
3295.581780243898,absorbing,left,4.0,3.0,1108.0,1110.0,141.0,95.0,236.0,13.0,0.0,0.0,82,4,178960,2690,222,56,,,,,
3296.2114124749787,absorbing,left,4.0,4.0,1108.0,1110.0,141.0,95.0,236.0,11.0,0.0,0.0,96,4,246876,3182,222,56,,,,,
3296.9399671470746,absorbing,left,4.0,5.0,1108.0,1110.0,141.0,95.0,236.0,12.0,0.0,0.0,96,4,298152,3458,222,56,,,,,
3297.60388871585,absorbing,left,4.0,6.0,1108.0,1110.0,141.0,95.0,236.0,9.0,0.0,0.0,209,4,396668,4062,222,56,,,,,
3298.523025050061,absorbing,left,4.0,7.0,1108.0,1110.0,141.0,95.0,236.0,8.0,0.0,0.0,249,4,699992,4866,222,56,,,,,
3306.2644949560054,unswapping,,,,,,,,,,,,243,4,789584,5254,222,56,0.0,both,0.0,10.0,10.0
3311.520241359016,unswapping,,,,,,,,,,,,178,4,227160,3054,222,56,0.0,both,1.0,19.0,29.0
3312.5066983220167,unswapping,,,,,,,,,,,,123,4,158776,2462,222,56,0.0,left,0.0,15.0,44.0
3313.625833505066,unswapping,,,,,,,,,,,,121,4,101728,2106,222,56,0.0,left,1.0,16.0,60.0
3314.383208944928,unswapping,,,,,,,,,,,,38,4,48536,1560,222,56,0.0,right,0.0,15.0,75.0
3315.049138699891,unswapping,,,,,,,,,,,,34,4,33120,1356,222,56,0.0,right,1.0,10.0,85.0
3316.0801579218823,unswapping,,,,,,,,,,,,32,4,24936,1196,222,56,1.0,both,0.0,8.0,8.0
3317.104471405968,unswapping,,,,,,,,,,,,32,4,23740,1164,222,56,1.0,both,1.0,5.0,13.0
3317.5792408590205,unswapping,,,,,,,,,,,,32,4,21468,1102,222,56,1.0,left,0.0,7.0,20.0
3318.0727059550118,unswapping,,,,,,,,,,,,32,4,20172,1046,222,56,1.0,left,1.0,7.0,27.0
3318.5552907050587,unswapping,,,,,,,,,,,,32,4,17088,980,222,56,1.0,right,0.0,6.0,33.0
3318.9953034140635,unswapping,,,,,,,,,,,,19,4,14596,942,222,56,1.0,right,1.0,2.0,35.0
3320.143933180021,unswapping,,,,,,,,,,,,19,4,14516,938,222,56,2.0,both,0.0,2.0,2.0
3321.061462894082,unswapping,,,,,,,,,,,,19,4,11156,854,222,56,2.0,both,1.0,8.0,10.0
3321.3201809409074,unswapping,,,,,,,,,,,,19,4,11156,854,222,56,2.0,left,0.0,0.0,10.0
3321.588089285884,unswapping,,,,,,,,,,,,19,4,11156,854,222,56,2.0,left,1.0,0.0,10.0
3322.007727222983,unswapping,,,,,,,,,,,,19,4,10296,828,222,56,2.0,right,0.0,3.0,13.0
3322.268308261875,unswapping,,,,,,,,,,,,19,4,10296,828,222,56,2.0,right,1.0,0.0,13.0
3323.0762468709145,unswapping,,,,,,,,,,,,19,4,9528,804,222,56,3.0,both,0.0,2.0,2.0
3323.896791510051,unswapping,,,,,,,,,,,,19,4,9276,790,222,56,3.0,both,1.0,2.0,4.0
3324.3113292150665,unswapping,,,,,,,,,,,,19,4,9220,784,222,56,3.0,left,0.0,2.0,6.0
3324.568644064013,unswapping,,,,,,,,,,,,19,4,9220,784,222,56,3.0,left,1.0,0.0,6.0
3324.8221692920197,unswapping,,,,,,,,,,,,19,4,9220,784,222,56,3.0,right,0.0,0.0,6.0
3325.077115427004,unswapping,,,,,,,,,,,,19,4,9220,784,222,56,3.0,right,1.0,0.0,6.0
3325.5810025930405,unswapping,,,,,,,,,,,,19,4,9220,784,222,56,4.0,both,0.0,1.0,1.0
3326.413883267902,unswapping,,,,,,,,,,,,19,4,9148,776,222,56,4.0,both,1.0,3.0,4.0
3326.662831015885,unswapping,,,,,,,,,,,,19,4,9148,776,222,56,4.0,left,0.0,0.0,4.0
3326.913906934904,unswapping,,,,,,,,,,,,19,4,9148,776,222,56,4.0,left,1.0,0.0,4.0
3327.170189497061,unswapping,,,,,,,,,,,,19,4,9148,776,222,56,4.0,right,0.0,0.0,4.0
3327.4272753419355,unswapping,,,,,,,,,,,,19,4,9148,776,222,56,4.0,right,1.0,0.0,4.0
3328.2331975749694,unswapping,,,,,,,,,,,,19,4,9112,770,222,56,5.0,both,0.0,4.0,4.0
3329.0371099079493,unswapping,,,,,,,,,,,,19,4,9100,768,222,56,5.0,both,1.0,1.0,5.0
3329.2896473258734,unswapping,,,,,,,,,,,,19,4,9100,768,222,56,5.0,left,0.0,0.0,5.0
3329.7642382469494,unswapping,,,,,,,,,,,,19,4,9100,768,222,56,5.0,left,1.0,0.0,5.0
3330.0161968139,unswapping,,,,,,,,,,,,19,4,9100,768,222,56,5.0,right,0.0,0.0,5.0
3330.2684922858607,unswapping,,,,,,,,,,,,19,4,9100,768,222,56,5.0,right,1.0,0.0,5.0
3331.059332344914,unswapping,,,,,,,,,,,,19,4,9088,766,222,56,6.0,both,0.0,2.0,2.0
3331.85788822989,unswapping,,,,,,,,,,,,19,4,9076,764,222,56,6.0,both,1.0,1.0,3.0
3332.110542020062,unswapping,,,,,,,,,,,,19,4,9076,764,222,56,6.0,left,0.0,0.0,3.0
3332.3641277300194,unswapping,,,,,,,,,,,,19,4,9076,764,222,56,6.0,left,1.0,0.0,3.0
3332.6140379500575,unswapping,,,,,,,,,,,,19,4,9076,764,222,56,6.0,right,0.0,0.0,3.0
3332.867995146895,unswapping,,,,,,,,,,,,19,4,9076,764,222,56,6.0,right,1.0,0.0,3.0
3333.6632716818713,unswapping,,,,,,,,,,,,19,4,9064,762,222,56,7.0,both,0.0,2.0,2.0
3334.463048833888,unswapping,,,,,,,,,,,,19,4,9052,760,222,56,7.0,both,1.0,1.0,3.0
3334.7151360958815,unswapping,,,,,,,,,,,,19,4,9052,760,222,56,7.0,left,0.0,0.0,3.0
3334.9661526980344,unswapping,,,,,,,,,,,,19,4,9052,760,222,56,7.0,left,1.0,0.0,3.0
3335.217632598942,unswapping,,,,,,,,,,,,19,4,9052,760,222,56,7.0,right,0.0,0.0,3.0
3335.4705546048936,unswapping,,,,,,,,,,,,19,4,9052,760,222,56,7.0,right,1.0,0.0,3.0
3336.258910587989,unswapping,,,,,,,,,,,,19,4,9040,758,222,56,8.0,both,0.0,2.0,2.0
3336.7584628418554,unswapping,,,,,,,,,,,,19,4,9040,758,222,56,8.0,both,1.0,0.0,2.0
3337.0079729049467,unswapping,,,,,,,,,,,,19,4,9040,758,222,56,8.0,left,0.0,0.0,2.0
3337.262027990073,unswapping,,,,,,,,,,,,19,4,9040,758,222,56,8.0,left,1.0,0.0,2.0
3337.5101124139037,unswapping,,,,,,,,,,,,19,4,9040,758,222,56,8.0,right,0.0,0.0,2.0
3337.762866039062,unswapping,,,,,,,,,,,,19,4,9040,758,222,56,8.0,right,1.0,0.0,2.0
3338.2621528690215,unswapping,,,,,,,,,,,,19,4,9040,758,222,56,9.0,both,0.0,1.0,1.0
3338.7679805879015,unswapping,,,,,,,,,,,,19,4,9040,758,222,56,9.0,both,1.0,0.0,1.0
3339.021094292868,unswapping,,,,,,,,,,,,19,4,9040,758,222,56,9.0,left,0.0,0.0,1.0
3339.4916076438967,unswapping,,,,,,,,,,,,19,4,9040,758,222,56,9.0,left,1.0,0.0,1.0
3339.743060155073,unswapping,,,,,,,,,,,,19,4,9040,758,222,56,9.0,right,0.0,0.0,1.0
3339.996368014021,unswapping,,,,,,,,,,,,19,4,9040,758,222,56,9.0,right,1.0,0.0,1.0
3349.765383122023,absorbing,left,1.0,0.0,1022.0,1157.0,142.0,95.0,237.0,12.0,1.0,1.0,23,4,9824,772,222,56,,,,,
3350.093472210923,absorbing,left,2.0,0.0,1022.0,1157.0,143.0,95.0,238.0,12.0,1.0,2.0,32,4,13244,916,222,56,,,,,
3350.4368379008956,absorbing,left,2.0,1.0,1022.0,1157.0,143.0,95.0,238.0,9.0,0.0,2.0,32,4,15556,970,222,56,,,,,
3350.803185130935,absorbing,left,3.0,1.0,1022.0,1157.0,143.0,95.0,238.0,12.0,0.0,2.0,48,4,23976,1152,222,56,,,,,
3351.1845610789023,absorbing,left,3.0,2.0,1022.0,1157.0,143.0,95.0,238.0,12.0,0.0,2.0,48,4,42508,1458,222,56,,,,,
3351.563505402999,absorbing,left,4.0,2.0,1022.0,1157.0,143.0,95.0,238.0,12.0,0.0,2.0,64,4,74664,1824,222,56,,,,,
3352.003789475886,absorbing,left,4.0,3.0,1022.0,1157.0,143.0,95.0,238.0,11.0,0.0,2.0,96,4,142324,2336,222,56,,,,,
3352.5801600730047,absorbing,left,4.0,4.0,1022.0,1157.0,143.0,95.0,238.0,9.0,0.0,2.0,190,4,226416,2794,222,56,,,,,
3353.145077992929,absorbing,left,4.0,5.0,1022.0,1157.0,143.0,95.0,238.0,7.0,0.0,2.0,189,4,284204,3086,222,56,,,,,
3353.8168821160216,absorbing,left,4.0,6.0,1022.0,1157.0,143.0,95.0,238.0,9.0,0.0,2.0,192,4,334776,3404,222,56,,,,,
3354.5031241779216,absorbing,left,4.0,7.0,1022.0,1157.0,143.0,95.0,238.0,6.0,0.0,2.0,192,4,519684,3944,222,56,,,,,
3355.2759383008815,absorbing,left,4.0,8.0,1022.0,1157.0,143.0,95.0,238.0,6.0,0.0,2.0,233,4,718988,4508,222,56,,,,,
3356.0922159950715,absorbing,left,4.0,9.0,1022.0,1157.0,143.0,95.0,238.0,6.0,0.0,2.0,250,4,997352,5066,222,56,,,,,
3367.536277268082,unswapping,,,,,,,,,,,,343,4,1088928,5412,222,56,0.0,both,0.0,7.0,7.0
3371.3385583399795,unswapping,,,,,,,,,,,,201,4,395580,3662,222,56,0.0,both,1.0,18.0,25.0
3372.797121467069,unswapping,,,,,,,,,,,,118,4,208776,2680,222,56,0.0,left,0.0,20.0,45.0
3373.9269662639126,unswapping,,,,,,,,,,,,113,4,133072,2132,222,56,0.0,left,1.0,17.0,62.0
3374.9539346748497,unswapping,,,,,,,,,,,,81,4,66100,1672,222,56,0.0,right,0.0,11.0,73.0
3375.6734399760608,unswapping,,,,,,,,,,,,44,4,35160,1368,222,56,0.0,right,1.0,10.0,83.0
3376.708887510933,unswapping,,,,,,,,,,,,32,4,22364,1166,222,56,1.0,both,0.0,13.0,13.0
3377.685794134857,unswapping,,,,,,,,,,,,32,4,18052,1060,222,56,1.0,both,1.0,9.0,22.0
3378.1323702780064,unswapping,,,,,,,,,,,,30,4,14120,934,222,56,1.0,left,0.0,8.0,30.0
3378.608669705922,unswapping,,,,,,,,,,,,30,4,14032,924,222,56,1.0,left,1.0,3.0,33.0
3379.047369868029,unswapping,,,,,,,,,,,,30,4,12836,890,222,56,1.0,right,0.0,4.0,37.0
3379.4737670030445,unswapping,,,,,,,,,,,,30,4,11944,864,222,56,1.0,right,1.0,5.0,42.0
3380.2995173279196,unswapping,,,,,,,,,,,,28,4,9672,828,222,56,2.0,both,0.0,3.0,3.0
3381.156215122901,unswapping,,,,,,,,,,,,20,4,8296,784,222,56,2.0,both,1.0,7.0,10.0
3381.5592549240682,unswapping,,,,,,,,,,,,19,4,8168,780,222,56,2.0,left,0.0,2.0,12.0
3381.9936635699123,unswapping,,,,,,,,,,,,19,4,8000,768,222,56,2.0,left,1.0,1.0,13.0
3382.40504963696,unswapping,,,,,,,,,,,,19,4,7076,738,222,56,2.0,right,0.0,4.0,17.0
3382.8000370259397,unswapping,,,,,,,,,,,,19,4,7016,732,222,56,2.0,right,1.0,1.0,18.0
3383.2959730459843,unswapping,,,,,,,,,,,,19,4,7016,732,222,56,3.0,both,0.0,1.0,1.0
3383.7796056510415,unswapping,,,,,,,,,,,,19,4,7016,732,222,56,3.0,both,1.0,0.0,1.0
3384.028309362009,unswapping,,,,,,,,,,,,19,4,7016,732,222,56,3.0,left,0.0,0.0,1.0
3384.2699295249768,unswapping,,,,,,,,,,,,19,4,7016,732,222,56,3.0,left,1.0,0.0,1.0
3384.6683881920762,unswapping,,,,,,,,,,,,19,4,6956,726,222,56,3.0,right,0.0,1.0,2.0
3385.058713478036,unswapping,,,,,,,,,,,,19,4,6896,720,222,56,3.0,right,1.0,1.0,3.0
3385.844942431897,unswapping,,,,,,,,,,,,19,4,6836,714,222,56,4.0,both,0.0,2.0,2.0
3386.834788416978,unswapping,,,,,,,,,,,,19,4,6796,710,222,56,4.0,both,1.0,1.0,3.0
3387.0847677958664,unswapping,,,,,,,,,,,,19,4,6796,710,222,56,4.0,left,0.0,0.0,3.0
3387.329005877953,unswapping,,,,,,,,,,,,19,4,6796,710,222,56,4.0,left,1.0,0.0,3.0
3387.5770630140323,unswapping,,,,,,,,,,,,19,4,6796,710,222,56,4.0,right,0.0,0.0,3.0
3387.8301206140313,unswapping,,,,,,,,,,,,19,4,6796,710,222,56,4.0,right,1.0,0.0,3.0
3388.6179087080527,unswapping,,,,,,,,,,,,19,4,6748,706,222,56,5.0,both,0.0,2.0,2.0
3389.390719397925,unswapping,,,,,,,,,,,,19,4,6736,704,222,56,5.0,both,1.0,1.0,3.0
3389.643952498911,unswapping,,,,,,,,,,,,19,4,6736,704,222,56,5.0,left,0.0,0.0,3.0
3389.8873305809684,unswapping,,,,,,,,,,,,19,4,6736,704,222,56,5.0,left,1.0,0.0,3.0
3390.136441187933,unswapping,,,,,,,,,,,,19,4,6736,704,222,56,5.0,right,0.0,0.0,3.0
3390.380222918,unswapping,,,,,,,,,,,,19,4,6736,704,222,56,5.0,right,1.0,0.0,3.0
3390.8749723730143,unswapping,,,,,,,,,,,,19,4,6736,704,222,56,6.0,both,0.0,1.0,1.0
3391.3561283440795,unswapping,,,,,,,,,,,,19,4,6736,704,222,56,6.0,both,1.0,0.0,1.0
3391.609133146936,unswapping,,,,,,,,,,,,19,4,6736,704,222,56,6.0,left,0.0,0.0,1.0
3391.853853631066,unswapping,,,,,,,,,,,,19,4,6736,704,222,56,6.0,left,1.0,0.0,1.0
3392.101036775857,unswapping,,,,,,,,,,,,19,4,6736,704,222,56,6.0,right,0.0,0.0,1.0
3392.3418646159116,unswapping,,,,,,,,,,,,19,4,6736,704,222,56,6.0,right,1.0,0.0,1.0
3401.6513629830442,absorbing,left,1.0,0.0,1044.0,1098.0,144.0,95.0,239.0,9.0,1.0,1.0,19,4,6748,706,222,56,,,,,
3401.9676614359487,absorbing,left,1.0,1.0,1044.0,1098.0,144.0,95.0,239.0,10.0,0.0,1.0,27,4,9668,810,222,56,,,,,
3402.29445897392,absorbing,left,2.0,1.0,1044.0,1098.0,144.0,95.0,239.0,12.0,0.0,1.0,32,4,13448,902,222,56,,,,,
3402.93030062085,absorbing,left,2.0,2.0,1044.0,1098.0,144.0,95.0,239.0,11.0,0.0,1.0,32,4,19916,1040,222,56,,,,,
3403.280275191879,absorbing,left,2.0,3.0,1044.0,1098.0,144.0,95.0,239.0,11.0,0.0,1.0,64,4,34932,1280,222,56,,,,,
3403.676049714908,absorbing,left,2.0,4.0,1044.0,1098.0,144.0,95.0,239.0,9.0,0.0,1.0,64,4,57872,1508,222,56,,,,,
3404.102240975946,absorbing,left,2.0,5.0,1044.0,1098.0,144.0,95.0,239.0,9.0,0.0,1.0,64,4,73680,1692,222,56,,,,,
3404.628286893945,absorbing,left,2.0,6.0,1044.0,1098.0,144.0,95.0,239.0,6.0,0.0,1.0,84,4,105516,2050,222,56,,,,,
3405.1980245630257,absorbing,left,3.0,6.0,1044.0,1098.0,144.0,95.0,239.0,12.0,0.0,1.0,96,4,152548,2354,222,56,,,,,
3405.702894531889,absorbing,left,3.0,7.0,1044.0,1098.0,144.0,95.0,239.0,4.0,0.0,1.0,199,4,230880,2632,222,56,,,,,
3406.31619625492,absorbing,left,3.0,8.0,1044.0,1098.0,144.0,95.0,239.0,5.0,0.0,1.0,236,4,421560,2980,222,56,,,,,
3406.9197215649765,absorbing,left,4.0,8.0,1044.0,1098.0,144.0,95.0,239.0,12.0,0.0,1.0,286,4,565604,3574,222,56,,,,,
3408.211782078957,absorbing,left,4.0,9.0,1044.0,1098.0,144.0,95.0,239.0,4.0,0.0,1.0,307,4,890380,4006,222,56,,,,,
3409.0345902468543,absorbing,left,5.0,9.0,1044.0,1098.0,144.0,95.0,239.0,11.0,0.0,1.0,303,4,978880,4500,222,56,,,,,
3418.581976516871,unswapping,,,,,,,,,,,,458,4,1470468,5000,222,56,0.0,both,0.0,6.0,6.0
3427.7107330339495,unswapping,,,,,,,,,,,,221,4,703772,3596,222,56,0.0,both,1.0,17.0,23.0
3429.53424253501,unswapping,,,,,,,,,,,,217,4,495768,3008,222,56,0.0,left,0.0,16.0,39.0
3430.562749272911,unswapping,,,,,,,,,,,,208,4,345260,2516,222,56,0.0,left,1.0,14.0,53.0
3431.2817994810175,unswapping,,,,,,,,,,,,205,4,294308,2292,222,56,0.0,right,0.0,7.0,60.0
3432.0535402488895,unswapping,,,,,,,,,,,,201,4,273188,2156,222,56,0.0,right,1.0,8.0,68.0
3434.1812807130627,unswapping,,,,,,,,,,,,132,4,153392,1758,222,56,1.0,both,0.0,13.0,13.0
3435.418178147869,unswapping,,,,,,,,,,,,115,4,94352,1454,222,56,1.0,both,1.0,11.0,24.0
3435.957931293873,unswapping,,,,,,,,,,,,106,4,58628,1266,222,56,1.0,left,0.0,8.0,32.0
3436.434577306034,unswapping,,,,,,,,,,,,104,4,57216,1240,222,56,1.0,left,1.0,5.0,37.0
3436.909749015933,unswapping,,,,,,,,,,,,97,4,51468,1194,222,56,1.0,right,0.0,5.0,42.0
3437.419063889887,unswapping,,,,,,,,,,,,50,4,32184,1050,222,56,1.0,right,1.0,7.0,49.0
3438.575704443967,unswapping,,,,,,,,,,,,48,4,28712,986,222,56,2.0,both,0.0,10.0,10.0
3439.4675301760435,unswapping,,,,,,,,,,,,44,4,25620,944,222,56,2.0,both,1.0,6.0,16.0
3439.9270718609914,unswapping,,,,,,,,,,,,38,4,20420,902,222,56,2.0,left,0.0,3.0,19.0
3440.3599756329786,unswapping,,,,,,,,,,,,37,4,19724,892,222,56,2.0,left,1.0,3.0,22.0
3440.794981474057,unswapping,,,,,,,,,,,,36,4,18868,884,222,56,2.0,right,0.0,2.0,24.0
3441.243659846019,unswapping,,,,,,,,,,,,35,4,16308,858,222,56,2.0,right,1.0,3.0,27.0
3442.0681511829607,unswapping,,,,,,,,,,,,35,4,16296,856,222,56,3.0,both,0.0,2.0,2.0
3442.599453110015,unswapping,,,,,,,,,,,,35,4,16296,856,222,56,3.0,both,1.0,1.0,3.0
3442.867975923,unswapping,,,,,,,,,,,,35,4,16296,856,222,56,3.0,left,0.0,0.0,3.0
3443.137878915062,unswapping,,,,,,,,,,,,35,4,16296,856,222,56,3.0,left,1.0,1.0,4.0
3443.404143437976,unswapping,,,,,,,,,,,,35,4,16296,856,222,56,3.0,right,0.0,0.0,4.0
3443.6834796040785,unswapping,,,,,,,,,,,,35,4,16296,856,222,56,3.0,right,1.0,0.0,4.0
3444.2103215348907,unswapping,,,,,,,,,,,,35,4,16296,856,222,56,4.0,both,0.0,1.0,1.0
3444.7377532599494,unswapping,,,,,,,,,,,,35,4,16296,856,222,56,4.0,both,1.0,1.0,2.0
3445.0035141019616,unswapping,,,,,,,,,,,,35,4,16296,856,222,56,4.0,left,0.0,0.0,2.0
3445.2736202068627,unswapping,,,,,,,,,,,,35,4,16296,856,222,56,4.0,left,1.0,1.0,3.0
3445.538673939882,unswapping,,,,,,,,,,,,35,4,16296,856,222,56,4.0,right,0.0,0.0,3.0
3445.814998854883,unswapping,,,,,,,,,,,,35,4,16296,856,222,56,4.0,right,1.0,0.0,3.0
3455.4322318190243,absorbing,left,1.0,0.0,999.0,1073.0,144.0,95.0,239.0,12.0,0.0,0.0,35,4,16296,856,222,56,,,,,
3455.7702867209446,absorbing,left,1.0,1.0,999.0,1073.0,144.0,95.0,239.0,10.0,0.0,0.0,35,4,19392,970,222,56,,,,,
3456.1368577880785,absorbing,left,2.0,1.0,999.0,1073.0,144.0,95.0,239.0,15.0,0.0,0.0,51,4,25908,1116,222,56,,,,,
3456.5032250839286,absorbing,left,2.0,2.0,999.0,1073.0,144.0,95.0,239.0,9.0,0.0,0.0,85,4,38720,1306,222,56,,,,,
3456.9067635270767,absorbing,left,2.0,3.0,999.0,1073.0,144.0,95.0,239.0,10.0,0.0,0.0,82,4,66808,1510,222,56,,,,,
3457.304311864078,absorbing,left,3.0,3.0,999.0,1073.0,144.0,95.0,239.0,12.0,0.0,0.0,92,4,89400,1782,222,56,,,,,
3457.7657212519553,absorbing,left,3.0,4.0,999.0,1073.0,144.0,95.0,239.0,9.0,0.0,0.0,107,4,118004,2032,222,56,,,,,
3458.206601317972,absorbing,left,3.0,5.0,999.0,1073.0,144.0,95.0,239.0,6.0,0.0,0.0,104,4,154284,2302,222,56,,,,,
3458.8791423859075,absorbing,left,3.0,6.0,999.0,1073.0,144.0,95.0,239.0,3.0,0.0,0.0,102,4,152040,2314,222,56,,,,,
3459.558977090055,absorbing,left,3.0,7.0,999.0,1073.0,144.0,95.0,239.0,2.0,0.0,0.0,100,4,151160,2342,222,56,,,,,
3460.197013179073,absorbing,left,3.0,8.0,999.0,1073.0,144.0,95.0,239.0,1.0,0.0,0.0,98,4,149064,2358,222,56,,,,,
3460.818025172921,absorbing,left,3.0,9.0,999.0,1073.0,144.0,95.0,239.0,1.0,0.0,0.0,97,4,148216,2362,222,56,,,,,
3461.5952072979417,absorbing,left,3.0,10.0,999.0,1073.0,144.0,96.0,240.0,0.0,1.0,1.0,96,4,147504,2374,222,56,,,,,
3462.208307286026,absorbing,left,3.0,11.0,999.0,1073.0,144.0,97.0,241.0,1.0,1.0,2.0,95,4,146168,2368,222,56,,,,,
3462.8403041940182,absorbing,left,3.0,12.0,999.0,1073.0,144.0,98.0,242.0,0.0,1.0,3.0,94,4,142960,2350,222,56,,,,,
3463.5800904908683,absorbing,left,3.0,13.0,999.0,1073.0,144.0,98.0,242.0,2.0,0.0,3.0,92,4,139736,2338,222,56,,,,,
3464.2072912219446,absorbing,left,3.0,14.0,999.0,1073.0,144.0,99.0,243.0,1.0,1.0,4.0,91,4,138056,2318,222,56,,,,,
3464.832782580983,absorbing,left,3.0,15.0,999.0,1073.0,144.0,100.0,244.0,2.0,1.0,5.0,91,4,136964,2308,222,56,,,,,
3465.441183385905,absorbing,left,3.0,16.0,999.0,1073.0,144.0,100.0,244.0,3.0,0.0,5.0,91,4,136580,2284,222,56,,,,,
3466.0922726918943,absorbing,left,3.0,17.0,999.0,1073.0,144.0,100.0,244.0,3.0,0.0,5.0,91,4,139140,2316,222,56,,,,,
3466.7141784189735,absorbing,left,3.0,18.0,999.0,1073.0,144.0,100.0,244.0,4.0,0.0,5.0,91,4,136452,2308,222,56,,,,,
3467.335466499906,absorbing,left,3.0,19.0,999.0,1073.0,144.0,101.0,245.0,2.0,1.0,6.0,91,4,140196,2364,222,56,,,,,
3467.944749052869,absorbing,left,3.0,20.0,999.0,1073.0,144.0,102.0,246.0,3.0,1.0,7.0,91,4,152340,2456,222,56,,,,,
3468.5914286349434,absorbing,left,3.0,21.0,999.0,1073.0,144.0,103.0,247.0,4.0,1.0,8.0,91,4,165588,2556,222,56,,,,,
3469.2195598608814,absorbing,left,3.0,22.0,999.0,1073.0,144.0,104.0,248.0,3.0,1.0,9.0,91,4,156564,2580,222,56,,,,,
3469.8701617990155,absorbing,left,3.0,23.0,999.0,1073.0,144.0,105.0,249.0,3.0,1.0,10.0,91,4,170388,2660,222,56,,,,,
3470.512256646063,absorbing,left,3.0,24.0,999.0,1073.0,144.0,107.0,251.0,4.0,2.0,12.0,91,4,171732,2684,222,56,,,,,
3471.1265194909647,absorbing,left,3.0,25.0,999.0,1073.0,144.0,108.0,252.0,4.0,1.0,13.0,91,4,173524,2700,222,56,,,,,
3471.785824053921,absorbing,left,3.0,26.0,999.0,1073.0,144.0,109.0,253.0,5.0,1.0,14.0,91,4,222996,3020,222,56,,,,,
3472.436463618884,absorbing,left,3.0,27.0,999.0,1073.0,144.0,110.0,254.0,2.0,1.0,15.0,91,4,227860,3084,222,56,,,,,
3473.1007258018944,absorbing,left,3.0,28.0,999.0,1073.0,144.0,111.0,255.0,3.0,1.0,16.0,91,4,239656,3176,222,56,,,,,
3473.900332320947,absorbing,left,3.0,29.0,999.0,1073.0,144.0,111.0,255.0,4.0,0.0,16.0,91,4,247580,3278,222,56,,,,,
3474.671942675952,absorbing,left,3.0,30.0,999.0,1073.0,144.0,111.0,255.0,4.0,0.0,16.0,91,4,257796,3358,222,56,,,,,
3475.483340027975,absorbing,left,3.0,31.0,999.0,1073.0,144.0,111.0,255.0,5.0,0.0,16.0,128,4,293772,3558,222,56,,,,,
3476.462413491914,absorbing,left,3.0,32.0,999.0,1073.0,144.0,111.0,255.0,5.0,0.0,16.0,128,4,334076,3602,222,56,,,,,
3477.2928415010683,absorbing,left,3.0,33.0,999.0,1073.0,144.0,111.0,255.0,4.0,0.0,16.0,128,4,342600,3682,222,56,,,,,
3478.0970662608743,absorbing,left,3.0,34.0,999.0,1073.0,144.0,111.0,255.0,4.0,0.0,16.0,134,4,379152,3920,222,56,,,,,
3479.0442921440117,absorbing,left,4.0,34.0,999.0,1073.0,144.0,111.0,255.0,12.0,0.0,16.0,161,4,539848,4534,222,56,,,,,
3480.5002392169554,absorbing,left,4.0,35.0,999.0,1073.0,144.0,112.0,256.0,4.0,1.0,17.0,255,4,759056,5072,222,56,,,,,
3482.259169600904,absorbing,left,4.0,36.0,999.0,1073.0,144.0,112.0,256.0,4.0,0.0,17.0,253,4,968988,5460,222,56,,,,,
3483.9032158518676,absorbing,left,4.0,37.0,999.0,1073.0,144.0,112.0,256.0,3.0,0.0,17.0,251,4,956032,5436,222,56,,,,,
3504.908433045028,unswapping,,,,,,,,,,,,256,4,1297220,6050,222,56,0.0,both,0.0,12.0,12.0
3511.7016791170463,unswapping,,,,,,,,,,,,244,4,594464,4302,222,56,0.0,both,1.0,20.0,32.0
3513.4197814678773,unswapping,,,,,,,,,,,,128,4,328752,3210,222,56,0.0,left,0.0,22.0,54.0
3514.405381464865,unswapping,,,,,,,,,,,,128,4,253696,2812,222,56,0.0,left,1.0,12.0,66.0
3515.2709822738543,unswapping,,,,,,,,,,,,100,4,167628,2404,222,56,0.0,right,0.0,13.0,79.0
3516.1365508229937,unswapping,,,,,,,,,,,,99,4,132088,2142,222,56,0.0,right,1.0,10.0,89.0
3517.593699618941,unswapping,,,,,,,,,,,,97,4,111492,1900,222,56,1.0,both,0.0,15.0,15.0
3518.8791922249366,unswapping,,,,,,,,,,,,95,4,90800,1656,222,56,1.0,both,1.0,13.0,28.0
3519.497078299988,unswapping,,,,,,,,,,,,94,4,86388,1572,222,56,1.0,left,0.0,8.0,36.0
3520.037223089952,unswapping,,,,,,,,,,,,93,4,84008,1514,222,56,1.0,left,1.0,5.0,41.0
3520.596336245071,unswapping,,,,,,,,,,,,92,4,80800,1468,222,56,1.0,right,0.0,8.0,49.0
3521.11102918908,unswapping,,,,,,,,,,,,91,4,78724,1442,222,56,1.0,right,1.0,5.0,54.0
3522.310567992041,unswapping,,,,,,,,,,,,89,4,70520,1304,222,56,2.0,both,0.0,17.0,17.0
3523.3025409348775,unswapping,,,,,,,,,,,,87,4,64396,1198,222,56,2.0,both,1.0,12.0,29.0
3524.082912703976,unswapping,,,,,,,,,,,,86,4,63364,1174,222,56,2.0,left,0.0,3.0,32.0
3524.548371945042,unswapping,,,,,,,,,,,,85,4,62204,1162,222,56,2.0,left,1.0,2.0,34.0
3525.01589991292,unswapping,,,,,,,,,,,,85,4,61964,1146,222,56,2.0,right,0.0,2.0,36.0
3525.3148311150726,unswapping,,,,,,,,,,,,85,4,61964,1146,222,56,2.0,right,1.0,0.0,36.0
3526.3582969780546,unswapping,,,,,,,,,,,,85,4,61440,1120,222,56,3.0,both,0.0,7.0,7.0
3527.277573975036,unswapping,,,,,,,,,,,,85,4,61080,1092,222,56,3.0,both,1.0,6.0,13.0
3527.6659318809398,unswapping,,,,,,,,,,,,85,4,61080,1092,222,56,3.0,left,0.0,0.0,13.0
3527.9540331629105,unswapping,,,,,,,,,,,,85,4,61080,1092,222,56,3.0,left,1.0,0.0,13.0
3528.405032784911,unswapping,,,,,,,,,,,,85,4,61000,1088,222,56,3.0,right,0.0,1.0,14.0
3528.701197559014,unswapping,,,,,,,,,,,,85,4,61000,1088,222,56,3.0,right,1.0,0.0,14.0
3529.7079524900764,unswapping,,,,,,,,,,,,85,4,60880,1076,222,56,4.0,both,0.0,5.0,5.0
3530.5850934728514,unswapping,,,,,,,,,,,,85,4,60868,1074,222,56,4.0,both,1.0,1.0,6.0
3530.976288086036,unswapping,,,,,,,,,,,,85,4,60868,1074,222,56,4.0,left,0.0,0.0,6.0
3531.4180062110536,unswapping,,,,,,,,,,,,85,4,60820,1070,222,56,4.0,left,1.0,1.0,7.0
3531.70986643387,unswapping,,,,,,,,,,,,85,4,60820,1070,222,56,4.0,right,0.0,0.0,7.0
3532.160054882057,unswapping,,,,,,,,,,,,85,4,60780,1066,222,56,4.0,right,1.0,1.0,8.0
3533.1735519098584,unswapping,,,,,,,,,,,,85,4,60720,1060,222,56,5.0,both,0.0,4.0,4.0
3534.050469567068,unswapping,,,,,,,,,,,,85,4,60708,1058,222,56,5.0,both,1.0,1.0,5.0
3534.443867561873,unswapping,,,,,,,,,,,,85,4,60708,1058,222,56,5.0,left,0.0,0.0,5.0
3534.728460134007,unswapping,,,,,,,,,,,,85,4,60708,1058,222,56,5.0,left,1.0,0.0,5.0
3535.17614061106,unswapping,,,,,,,,,,,,85,4,60636,1052,222,56,5.0,right,0.0,1.0,6.0
3535.46700818697,unswapping,,,,,,,,,,,,85,4,60636,1052,222,56,5.0,right,1.0,0.0,6.0
3536.669095991878,unswapping,,,,,,,,,,,,85,4,60624,1050,222,56,6.0,both,0.0,3.0,3.0
3537.54233835591,unswapping,,,,,,,,,,,,85,4,60572,1044,222,56,6.0,both,1.0,2.0,5.0
3537.9307535940316,unswapping,,,,,,,,,,,,85,4,60572,1044,222,56,6.0,left,0.0,0.0,5.0
3538.21441820194,unswapping,,,,,,,,,,,,85,4,60572,1044,222,56,6.0,left,1.0,0.0,5.0
3538.5038205829915,unswapping,,,,,,,,,,,,85,4,60572,1044,222,56,6.0,right,0.0,0.0,5.0
3538.7920889959205,unswapping,,,,,,,,,,,,85,4,60572,1044,222,56,6.0,right,1.0,0.0,5.0
3539.7825303990394,unswapping,,,,,,,,,,,,85,4,60560,1042,222,56,7.0,both,0.0,3.0,3.0
3540.6551032408606,unswapping,,,,,,,,,,,,85,4,60548,1040,222,56,7.0,both,1.0,1.0,4.0
3541.044310814934,unswapping,,,,,,,,,,,,85,4,60548,1040,222,56,7.0,left,0.0,0.0,4.0
3541.3288424909115,unswapping,,,,,,,,,,,,85,4,60548,1040,222,56,7.0,left,1.0,0.0,4.0
3541.6164738258813,unswapping,,,,,,,,,,,,85,4,60548,1040,222,56,7.0,right,0.0,0.0,4.0
3541.9022097878624,unswapping,,,,,,,,,,,,85,4,60548,1040,222,56,7.0,right,1.0,0.0,4.0
3542.5867983959615,unswapping,,,,,,,,,,,,85,4,60548,1040,222,56,8.0,both,0.0,2.0,2.0
3543.14218215202,unswapping,,,,,,,,,,,,85,4,60548,1040,222,56,8.0,both,1.0,0.0,2.0
3543.5312259360217,unswapping,,,,,,,,,,,,85,4,60548,1040,222,56,8.0,left,0.0,0.0,2.0
3543.8139953729697,unswapping,,,,,,,,,,,,85,4,60548,1040,222,56,8.0,left,1.0,0.0,2.0
3544.1021094939206,unswapping,,,,,,,,,,,,85,4,60548,1040,222,56,8.0,right,0.0,0.0,2.0
3544.389699588064,unswapping,,,,,,,,,,,,85,4,60548,1040,222,56,8.0,right,1.0,0.0,2.0
3553.678919923026,absorbing,left,1.0,0.0,1025.0,1054.0,145.0,112.0,257.0,11.0,1.0,1.0,85,4,60540,1038,222,56,,,,,
3554.0110781709664,absorbing,left,2.0,0.0,1025.0,1054.0,145.0,112.0,257.0,13.0,0.0,1.0,85,4,68500,1164,222,56,,,,,
3554.6398449968547,absorbing,left,3.0,0.0,1025.0,1054.0,145.0,112.0,257.0,11.0,0.0,1.0,85,4,70224,1264,222,56,,,,,
3555.002747314982,absorbing,left,4.0,0.0,1025.0,1054.0,145.0,112.0,257.0,12.0,0.0,1.0,85,4,74176,1402,222,56,,,,,
3555.3853825258557,absorbing,left,4.0,1.0,1025.0,1054.0,145.0,112.0,257.0,14.0,0.0,1.0,89,4,90124,1550,222,56,,,,,
3555.8185167228803,absorbing,left,5.0,1.0,1025.0,1054.0,145.0,112.0,257.0,14.0,0.0,1.0,88,4,105468,1802,222,56,,,,,
3556.443980135955,absorbing,left,5.0,2.0,1025.0,1054.0,145.0,112.0,257.0,12.0,0.0,1.0,159,4,166568,2238,222,56,,,,,
3557.0686587279197,absorbing,left,5.0,3.0,1025.0,1054.0,145.0,112.0,257.0,12.0,0.0,1.0,143,4,179044,2314,222,56,,,,,
3557.6764666698873,absorbing,left,5.0,4.0,1025.0,1054.0,145.0,112.0,257.0,8.0,0.0,1.0,134,4,179848,2434,222,56,,,,,
3558.295827266993,absorbing,left,5.0,5.0,1025.0,1054.0,145.0,112.0,257.0,8.0,0.0,1.0,128,4,190548,2632,222,56,,,,,
3558.997779018013,absorbing,left,5.0,6.0,1025.0,1054.0,145.0,112.0,257.0,6.0,0.0,1.0,123,4,192324,2698,222,56,,,,,
3559.667593047954,absorbing,left,5.0,7.0,1025.0,1054.0,145.0,112.0,257.0,6.0,0.0,1.0,119,4,187012,2698,222,56,,,,,
3560.362428928027,absorbing,left,5.0,8.0,1025.0,1054.0,145.0,113.0,258.0,5.0,1.0,2.0,116,4,190788,2802,222,56,,,,,
3561.051893232856,absorbing,left,5.0,9.0,1025.0,1054.0,145.0,113.0,258.0,4.0,0.0,2.0,113,4,193572,2854,222,56,,,,,
3561.712767380988,absorbing,left,5.0,10.0,1025.0,1054.0,145.0,113.0,258.0,4.0,0.0,2.0,110,4,201156,2960,222,56,,,,,
3562.395148450043,absorbing,left,5.0,11.0,1025.0,1054.0,145.0,115.0,260.0,3.0,2.0,4.0,108,4,217604,3080,222,56,,,,,
3563.1253783120774,absorbing,left,5.0,12.0,1025.0,1054.0,145.0,115.0,260.0,3.0,0.0,4.0,106,4,231428,3168,222,56,,,,,
3563.835247292882,absorbing,left,5.0,13.0,1025.0,1054.0,145.0,115.0,260.0,4.0,0.0,4.0,104,4,229892,3176,222,56,,,,,
3564.5894715520553,absorbing,left,5.0,14.0,1025.0,1054.0,145.0,116.0,261.0,3.0,1.0,5.0,103,4,234308,3218,222,56,,,,,
3565.4106517808978,absorbing,left,5.0,15.0,1025.0,1054.0,145.0,116.0,261.0,4.0,0.0,5.0,102,4,241220,3218,222,56,,,,,
3566.182247777935,absorbing,left,5.0,16.0,1025.0,1054.0,145.0,116.0,261.0,4.0,0.0,5.0,101,4,240068,3218,222,56,,,,,
3566.933015800081,absorbing,left,5.0,17.0,1025.0,1054.0,145.0,116.0,261.0,4.0,0.0,5.0,100,4,250756,3314,222,56,,,,,
3567.6978134140372,absorbing,left,5.0,18.0,1025.0,1054.0,145.0,116.0,261.0,4.0,0.0,5.0,99,4,278408,3452,222,56,,,,,
3568.6067880010232,absorbing,left,5.0,19.0,1025.0,1054.0,145.0,116.0,261.0,4.0,0.0,5.0,195,4,371752,3860,222,56,,,,,
3569.5035508559085,absorbing,left,6.0,19.0,1025.0,1054.0,146.0,116.0,262.0,14.0,1.0,6.0,186,4,468204,4472,222,56,,,,,
3570.7545300938655,absorbing,left,6.0,20.0,1025.0,1054.0,146.0,116.0,262.0,4.0,0.0,6.0,216,4,649088,4954,222,56,,,,,
3571.8998896658886,absorbing,left,6.0,21.0,1025.0,1054.0,146.0,116.0,262.0,3.0,0.0,6.0,198,4,793672,5154,222,56,,,,,
3573.658118522959,absorbing,left,6.0,22.0,1025.0,1054.0,146.0,117.0,263.0,2.0,1.0,7.0,256,4,850876,5296,222,56,,,,,
3575.44456543494,absorbing,left,6.0,23.0,1025.0,1054.0,146.0,118.0,264.0,2.0,1.0,8.0,256,4,780952,5184,222,56,,,,,
3577.068196533015,absorbing,left,6.0,24.0,1025.0,1054.0,146.0,119.0,265.0,1.0,1.0,9.0,256,4,739104,5116,222,56,,,,,
3578.707333009923,absorbing,left,6.0,25.0,1025.0,1054.0,146.0,120.0,266.0,0.0,1.0,10.0,256,4,653448,4906,222,56,,,,,
3580.1526373650413,absorbing,left,6.0,26.0,1025.0,1054.0,146.0,121.0,267.0,1.0,1.0,11.0,256,4,632472,4846,222,56,,,,,
3581.5890166000463,absorbing,left,6.0,27.0,1025.0,1054.0,146.0,123.0,269.0,0.0,2.0,13.0,256,4,633288,4838,222,56,,,,,
3582.9543806239963,absorbing,left,6.0,28.0,1025.0,1054.0,146.0,124.0,270.0,1.0,1.0,14.0,256,4,613972,4694,222,56,,,,,
3584.3791731358506,absorbing,left,6.0,29.0,1025.0,1054.0,146.0,124.0,270.0,2.0,0.0,14.0,256,4,607928,4656,222,56,,,,,
3585.6624379470013,absorbing,left,6.0,30.0,1025.0,1054.0,146.0,124.0,270.0,2.0,0.0,14.0,256,4,589984,4570,222,56,,,,,
3587.0293128560297,absorbing,left,6.0,31.0,1025.0,1054.0,146.0,124.0,270.0,3.0,0.0,14.0,256,4,572524,4518,222,56,,,,,
3588.4108113199472,absorbing,left,6.0,32.0,1025.0,1054.0,146.0,124.0,270.0,4.0,0.0,14.0,256,4,575000,4522,222,56,,,,,
3589.74100502301,absorbing,left,6.0,33.0,1025.0,1054.0,146.0,125.0,271.0,3.0,1.0,15.0,256,4,582112,4580,222,56,,,,,
3591.0560530018993,absorbing,left,6.0,34.0,1025.0,1054.0,146.0,127.0,273.0,2.0,2.0,17.0,256,4,570320,4504,222,56,,,,,
3592.3650370030664,absorbing,left,6.0,35.0,1025.0,1054.0,146.0,127.0,273.0,4.0,0.0,17.0,256,4,575916,4544,222,56,,,,,
3593.8544717079494,absorbing,left,6.0,36.0,1025.0,1054.0,146.0,127.0,273.0,5.0,0.0,17.0,256,4,590316,4596,222,56,,,,,
3595.08240550803,absorbing,left,7.0,36.0,1025.0,1054.0,146.0,127.0,273.0,11.0,0.0,17.0,256,4,591324,5000,222,56,,,,,
3595.924183552852,absorbing,left,7.0,37.0,1025.0,1054.0,146.0,127.0,273.0,5.0,0.0,17.0,256,4,608908,5050,222,56,,,,,
3596.8421299068723,absorbing,left,7.0,38.0,1025.0,1054.0,146.0,127.0,273.0,5.0,0.0,17.0,256,4,627620,5166,222,56,,,,,
3597.7529754249845,absorbing,left,7.0,39.0,1025.0,1054.0,146.0,127.0,273.0,5.0,0.0,17.0,256,4,684660,5280,222,56,,,,,
3598.6103967828676,absorbing,left,7.0,40.0,1025.0,1054.0,146.0,128.0,274.0,4.0,1.0,18.0,256,4,741588,5446,222,56,,,,,
3599.575626895996,absorbing,left,7.0,41.0,1025.0,1054.0,146.0,129.0,275.0,4.0,1.0,19.0,256,4,845216,5752,222,56,,,,,
3600.5607080229092,absorbing,left,8.0,41.0,1025.0,1054.0,147.0,129.0,276.0,8.0,1.0,20.0,256,4,989872,6318,222,56,,,,,
3607.4764278449584,unswapping,,,,,,,,,,,,256,4,915292,5836,222,56,0.0,both,0.0,11.0,11.0
3612.2575187699404,unswapping,,,,,,,,,,,,128,4,432392,4174,222,56,0.0,both,1.0,14.0,25.0
3613.6269249520265,unswapping,,,,,,,,,,,,128,4,313520,3570,222,56,0.0,left,0.0,10.0,35.0
3615.0703118569218,unswapping,,,,,,,,,,,,128,4,174584,2908,222,56,0.0,left,1.0,12.0,47.0
3616.014805532992,unswapping,,,,,,,,,,,,64,4,116672,2354,222,56,0.0,right,0.0,11.0,58.0
3616.9354269888718,unswapping,,,,,,,,,,,,64,4,76312,2008,222,56,0.0,right,1.0,11.0,69.0
3618.2249783179723,unswapping,,,,,,,,,,,,32,4,45692,1562,222,56,1.0,both,0.0,17.0,17.0
3619.372053564992,unswapping,,,,,,,,,,,,32,4,36876,1394,222,56,1.0,both,1.0,8.0,25.0
3619.8986393909436,unswapping,,,,,,,,,,,,32,4,30800,1288,222,56,1.0,left,0.0,6.0,31.0
3620.4525332548656,unswapping,,,,,,,,,,,,32,4,23528,1174,222,56,1.0,left,1.0,5.0,36.0
3620.9526801558677,unswapping,,,,,,,,,,,,32,4,18552,1068,222,56,1.0,right,0.0,5.0,41.0
3621.4086983359884,unswapping,,,,,,,,,,,,32,4,17240,1036,222,56,1.0,right,1.0,3.0,44.0
3622.286343713058,unswapping,,,,,,,,,,,,32,4,15656,984,222,56,2.0,both,0.0,6.0,6.0
3623.3672057138756,unswapping,,,,,,,,,,,,32,4,14852,950,222,56,2.0,both,1.0,4.0,10.0
3623.8080845519435,unswapping,,,,,,,,,,,,32,4,14292,926,222,56,2.0,left,0.0,4.0,14.0
3624.23939509294,unswapping,,,,,,,,,,,,32,4,14052,914,222,56,2.0,left,1.0,2.0,16.0
3624.660762653919,unswapping,,,,,,,,,,,,32,4,13828,906,222,56,2.0,right,0.0,2.0,18.0
3625.077979526948,unswapping,,,,,,,,,,,,32,4,13396,886,222,56,2.0,right,1.0,4.0,22.0
3625.910628055921,unswapping,,,,,,,,,,,,32,4,12904,860,222,56,3.0,both,0.0,5.0,5.0
3626.7429008730687,unswapping,,,,,,,,,,,,32,4,12260,828,222,56,3.0,both,1.0,5.0,10.0
3627.1555680639576,unswapping,,,,,,,,,,,,32,4,12028,818,222,56,3.0,left,0.0,2.0,12.0
3627.573028244078,unswapping,,,,,,,,,,,,32,4,11692,802,222,56,3.0,left,1.0,2.0,14.0
3627.9759945098776,unswapping,,,,,,,,,,,,32,4,11532,794,222,56,3.0,right,0.0,1.0,15.0
3628.22817705106,unswapping,,,,,,,,,,,,32,4,11532,794,222,56,3.0,right,1.0,0.0,15.0
3629.031961861998,unswapping,,,,,,,,,,,,32,4,11132,774,222,56,4.0,both,0.0,2.0,2.0
3629.833954446949,unswapping,,,,,,,,,,,,32,4,10940,766,222,56,4.0,both,1.0,1.0,3.0
3630.0856880808715,unswapping,,,,,,,,,,,,32,4,10940,766,222,56,4.0,left,0.0,0.0,3.0
3630.4955613960046,unswapping,,,,,,,,,,,,32,4,10796,754,222,56,4.0,left,1.0,1.0,4.0
3630.748137296876,unswapping,,,,,,,,,,,,32,4,10796,754,222,56,4.0,right,0.0,0.0,4.0
3630.996285745874,unswapping,,,,,,,,,,,,32,4,10796,754,222,56,4.0,right,1.0,0.0,4.0
3631.4931701340247,unswapping,,,,,,,,,,,,32,4,10796,754,222,56,5.0,both,0.0,0.0,0.0
3631.995766565902,unswapping,,,,,,,,,,,,32,4,10796,754,222,56,5.0,both,1.0,0.0,0.0
3632.247279901989,unswapping,,,,,,,,,,,,32,4,10796,754,222,56,5.0,left,0.0,0.0,0.0
3632.50625470886,unswapping,,,,,,,,,,,,32,4,10796,754,222,56,5.0,left,1.0,0.0,0.0
3632.9807028539944,unswapping,,,,,,,,,,,,32,4,10796,754,222,56,5.0,right,0.0,0.0,0.0
3633.228657467058,unswapping,,,,,,,,,,,,32,4,10796,754,222,56,5.0,right,1.0,0.0,0.0
3642.714135118993,absorbing,left,1.0,0.0,995.0,1036.0,149.0,129.0,278.0,13.0,2.0,2.0,32,4,10780,752,222,56,,,,,
3643.042842797935,absorbing,left,1.0,1.0,995.0,1036.0,149.0,130.0,279.0,9.0,1.0,3.0,32,4,12860,834,222,56,,,,,
3643.367935203016,absorbing,left,1.0,2.0,995.0,1036.0,149.0,130.0,279.0,8.0,0.0,3.0,32,4,13984,892,222,56,,,,,
3643.6958334199153,absorbing,left,1.0,3.0,995.0,1036.0,149.0,130.0,279.0,7.0,0.0,3.0,32,4,16616,1008,222,56,,,,,
3644.037093747873,absorbing,left,1.0,4.0,995.0,1036.0,149.0,130.0,279.0,5.0,0.0,3.0,32,4,17940,1050,222,56,,,,,
3644.374262027908,absorbing,left,1.0,5.0,995.0,1036.0,149.0,131.0,280.0,4.0,1.0,4.0,32,4,19200,1092,222,56,,,,,
3644.7242711510044,absorbing,left,1.0,6.0,995.0,1036.0,149.0,132.0,281.0,4.0,1.0,5.0,32,4,20752,1144,222,56,,,,,
3645.082345991861,absorbing,left,1.0,7.0,995.0,1036.0,149.0,133.0,282.0,4.0,1.0,6.0,32,4,23664,1238,222,56,,,,,
3645.4561184500344,absorbing,left,1.0,8.0,995.0,1036.0,149.0,133.0,282.0,5.0,0.0,6.0,32,4,28896,1318,222,56,,,,,
3645.8447074850556,absorbing,left,1.0,9.0,995.0,1036.0,149.0,134.0,283.0,5.0,1.0,7.0,46,4,37360,1440,222,56,,,,,
3646.270477920072,absorbing,left,1.0,10.0,995.0,1036.0,149.0,134.0,283.0,7.0,0.0,7.0,63,4,59116,1638,222,56,,,,,
3646.698142581852,absorbing,left,2.0,10.0,995.0,1036.0,150.0,134.0,284.0,13.0,1.0,8.0,62,4,80172,1812,222,56,,,,,
3647.265408013016,absorbing,left,3.0,10.0,995.0,1036.0,151.0,134.0,285.0,14.0,1.0,9.0,64,4,97664,2040,222,56,,,,,
3647.7965729648713,absorbing,left,3.0,11.0,995.0,1036.0,151.0,134.0,285.0,7.0,0.0,9.0,91,4,125480,2274,222,56,,,,,
3648.324059600942,absorbing,left,4.0,11.0,995.0,1036.0,151.0,134.0,285.0,15.0,0.0,9.0,143,4,160988,2634,222,56,,,,,
3648.8648021160625,absorbing,left,4.0,12.0,995.0,1036.0,151.0,134.0,285.0,7.0,0.0,9.0,95,4,169312,2742,222,56,,,,,
3649.4627740569413,absorbing,left,4.0,13.0,995.0,1036.0,151.0,134.0,285.0,7.0,0.0,9.0,93,4,198952,2968,222,56,,,,,
3650.0188638679683,absorbing,left,4.0,14.0,995.0,1036.0,151.0,134.0,285.0,4.0,0.0,9.0,114,4,235280,3220,222,56,,,,,
3650.739649211988,absorbing,left,4.0,15.0,995.0,1036.0,151.0,134.0,285.0,5.0,0.0,9.0,128,4,327364,3672,222,56,,,,,
3651.5146911679767,absorbing,left,5.0,15.0,995.0,1036.0,152.0,134.0,286.0,13.0,1.0,10.0,217,4,541988,4758,222,56,,,,,
3652.476027722005,absorbing,left,6.0,15.0,995.0,1036.0,152.0,134.0,286.0,12.0,0.0,10.0,212,4,804868,5258,222,56,,,,,
3653.753298792988,absorbing,left,7.0,15.0,995.0,1036.0,153.0,134.0,287.0,11.0,1.0,11.0,206,4,933520,5992,222,56,,,,,
3666.467235574033,unswapping,,,,,,,,,,,,200,4,610704,4858,222,56,0.0,both,0.0,19.0,19.0
3670.242445647018,unswapping,,,,,,,,,,,,196,4,424512,3810,222,56,0.0,both,1.0,19.0,38.0
3671.927322549047,unswapping,,,,,,,,,,,,195,4,308772,3248,222,56,0.0,left,0.0,18.0,56.0
3673.5342830868904,unswapping,,,,,,,,,,,,125,4,190264,2532,222,56,0.0,left,1.0,19.0,75.0
3674.201817805879,unswapping,,,,,,,,,,,,114,4,166580,2324,222,56,0.0,right,0.0,6.0,81.0
3675.307760399068,unswapping,,,,,,,,,,,,99,4,121296,2102,222,56,0.0,right,1.0,7.0,88.0
3676.664533851901,unswapping,,,,,,,,,,,,64,4,64984,1642,222,56,1.0,both,0.0,16.0,16.0
3677.80089366599,unswapping,,,,,,,,,,,,58,4,50488,1452,222,56,1.0,both,1.0,6.0,22.0
3678.3849695338868,unswapping,,,,,,,,,,,,56,4,38336,1362,222,56,1.0,left,0.0,4.0,26.0
3679.0071479829494,unswapping,,,,,,,,,,,,34,4,30472,1248,222,56,1.0,left,1.0,6.0,32.0
3679.553980068071,unswapping,,,,,,,,,,,,34,4,29296,1196,222,56,1.0,right,0.0,4.0,36.0
3680.03894131002,unswapping,,,,,,,,,,,,34,4,27808,1148,222,56,1.0,right,1.0,3.0,39.0
3681.039985854877,unswapping,,,,,,,,,,,,34,4,23760,1052,222,56,2.0,both,0.0,8.0,8.0
3682.0027893530205,unswapping,,,,,,,,,,,,34,4,19896,964,222,56,2.0,both,1.0,9.0,17.0
3682.4587712988723,unswapping,,,,,,,,,,,,34,4,17244,902,222,56,2.0,left,0.0,6.0,23.0
3682.894684009021,unswapping,,,,,,,,,,,,34,4,16192,868,222,56,2.0,left,1.0,5.0,28.0
3683.3172511099838,unswapping,,,,,,,,,,,,34,4,15552,852,222,56,2.0,right,0.0,1.0,29.0
3683.72931649792,unswapping,,,,,,,,,,,,34,4,14480,820,222,56,2.0,right,1.0,2.0,31.0
3684.8144304789603,unswapping,,,,,,,,,,,,34,4,13896,796,222,56,3.0,both,0.0,6.0,6.0
3685.65875139297,unswapping,,,,,,,,,,,,34,4,11424,758,222,56,3.0,both,1.0,3.0,9.0
3685.9084373319056,unswapping,,,,,,,,,,,,34,4,11424,758,222,56,3.0,left,0.0,0.0,9.0
3686.322021090891,unswapping,,,,,,,,,,,,34,4,11348,752,222,56,3.0,left,1.0,2.0,11.0
3686.573415106861,unswapping,,,,,,,,,,,,34,4,11348,752,222,56,3.0,right,0.0,0.0,11.0
3686.9794134490658,unswapping,,,,,,,,,,,,34,4,11272,750,222,56,3.0,right,1.0,1.0,12.0
3687.7990123399068,unswapping,,,,,,,,,,,,34,4,8908,714,222,56,4.0,both,0.0,3.0,3.0
3688.6222540109884,unswapping,,,,,,,,,,,,27,4,7812,692,222,56,4.0,both,1.0,3.0,6.0
3688.8730229418725,unswapping,,,,,,,,,,,,27,4,7812,692,222,56,4.0,left,0.0,0.0,6.0
3689.1231572539546,unswapping,,,,,,,,,,,,27,4,7812,692,222,56,4.0,left,1.0,0.0,6.0
3689.369599648053,unswapping,,,,,,,,,,,,27,4,7812,692,222,56,4.0,right,0.0,0.0,6.0
3689.618533527013,unswapping,,,,,,,,,,,,27,4,7812,692,222,56,4.0,right,1.0,0.0,6.0
3690.4200095450506,unswapping,,,,,,,,,,,,27,4,6880,674,222,56,5.0,both,0.0,2.0,2.0
3691.2191240140237,unswapping,,,,,,,,,,,,19,4,5996,656,222,56,5.0,both,1.0,2.0,4.0
3691.4682330728974,unswapping,,,,,,,,,,,,19,4,5996,656,222,56,5.0,left,0.0,1.0,5.0
3691.8698170930147,unswapping,,,,,,,,,,,,19,4,5848,652,222,56,5.0,left,1.0,1.0,6.0
3692.1182773949113,unswapping,,,,,,,,,,,,19,4,5848,652,222,56,5.0,right,0.0,1.0,7.0
3692.5160939588677,unswapping,,,,,,,,,,,,19,4,5740,650,222,56,5.0,right,1.0,1.0,8.0
3693.3157739220187,unswapping,,,,,,,,,,,,18,4,5512,646,222,56,6.0,both,0.0,2.0,2.0
3693.802715340862,unswapping,,,,,,,,,,,,18,4,5512,646,222,56,6.0,both,1.0,1.0,3.0
3694.048806163948,unswapping,,,,,,,,,,,,18,4,5512,646,222,56,6.0,left,0.0,0.0,3.0
3694.2972731408663,unswapping,,,,,,,,,,,,18,4,5512,646,222,56,6.0,left,1.0,1.0,4.0
3694.5447509458754,unswapping,,,,,,,,,,,,18,4,5512,646,222,56,6.0,right,0.0,0.0,4.0
3695.013137205038,unswapping,,,,,,,,,,,,18,4,5512,646,222,56,6.0,right,1.0,1.0,5.0
3695.5018933508545,unswapping,,,,,,,,,,,,18,4,5512,646,222,56,7.0,both,0.0,0.0,0.0
3695.9888664910104,unswapping,,,,,,,,,,,,18,4,5512,646,222,56,7.0,both,1.0,1.0,1.0
3696.2353156600147,unswapping,,,,,,,,,,,,18,4,5512,646,222,56,7.0,left,0.0,0.0,1.0
3696.4821412179153,unswapping,,,,,,,,,,,,18,4,5512,646,222,56,7.0,left,1.0,1.0,2.0
3696.729350229958,unswapping,,,,,,,,,,,,18,4,5512,646,222,56,7.0,right,0.0,0.0,2.0
3696.9736705359537,unswapping,,,,,,,,,,,,18,4,5512,646,222,56,7.0,right,1.0,1.0,3.0
3706.308928993065,absorbing,left,1.0,0.0,1001.0,1050.0,154.0,134.0,288.0,14.0,1.0,1.0,16,4,5144,634,222,56,,,,,
3706.620612733066,absorbing,left,1.0,1.0,1001.0,1050.0,154.0,134.0,288.0,12.0,0.0,1.0,16,4,7016,748,222,56,,,,,
3706.941135070985,absorbing,left,1.0,2.0,1001.0,1050.0,154.0,134.0,288.0,11.0,0.0,1.0,16,4,10136,878,222,56,,,,,
3707.270783778047,absorbing,left,1.0,3.0,1001.0,1050.0,154.0,134.0,288.0,11.0,0.0,1.0,16,4,14384,1032,222,56,,,,,
3707.6168304618914,absorbing,left,2.0,3.0,1001.0,1050.0,154.0,134.0,288.0,16.0,0.0,1.0,48,4,21496,1190,222,56,,,,,
3707.9879430509172,absorbing,left,3.0,3.0,1001.0,1050.0,154.0,134.0,288.0,17.0,0.0,1.0,45,4,30372,1398,222,56,,,,,
3708.369071285939,absorbing,left,3.0,4.0,1001.0,1050.0,154.0,134.0,288.0,11.0,0.0,1.0,44,4,39208,1574,222,56,,,,,
3708.766181048937,absorbing,left,3.0,5.0,1001.0,1050.0,154.0,134.0,288.0,12.0,0.0,1.0,53,4,65616,1896,222,56,,,,,
3709.274201828055,absorbing,left,4.0,5.0,1001.0,1050.0,154.0,134.0,288.0,19.0,0.0,1.0,121,4,114844,2318,222,56,,,,,
3709.8002413609065,absorbing,left,4.0,6.0,1001.0,1050.0,154.0,134.0,288.0,12.0,0.0,1.0,128,4,160600,2738,222,56,,,,,
3710.4298869229387,absorbing,left,4.0,7.0,1001.0,1050.0,154.0,134.0,288.0,8.0,0.0,1.0,128,4,207468,3122,222,56,,,,,
3711.177924714051,absorbing,left,4.0,8.0,1001.0,1050.0,154.0,135.0,289.0,6.0,1.0,2.0,128,4,285720,3496,222,56,,,,,
3712.084169793874,absorbing,left,4.0,9.0,1001.0,1050.0,154.0,135.0,289.0,7.0,0.0,2.0,128,4,327616,3826,222,56,,,,,
3712.9298724909313,absorbing,left,4.0,10.0,1001.0,1050.0,154.0,136.0,290.0,8.0,1.0,3.0,128,4,436896,4174,222,56,,,,,
3714.0920761509333,absorbing,left,4.0,11.0,1001.0,1050.0,154.0,137.0,291.0,7.0,1.0,4.0,255,4,612000,4798,222,56,,,,,
3715.755234313896,absorbing,left,4.0,12.0,1001.0,1050.0,154.0,137.0,291.0,8.0,0.0,4.0,254,4,674720,5032,222,56,,,,,
3717.0820694318973,absorbing,left,5.0,12.0,1001.0,1050.0,155.0,137.0,292.0,14.0,1.0,5.0,203,4,689392,5122,222,56,,,,,
3718.7767509119585,absorbing,left,5.0,13.0,1001.0,1050.0,155.0,137.0,292.0,8.0,0.0,5.0,256,4,926260,5844,222,56,,,,,
3749.182208657963,unswapping,,,,,,,,,,,,259,4,720844,5142,222,56,0.0,both,0.0,10.0,10.0
3754.0722598999273,unswapping,,,,,,,,,,,,169,4,279452,3388,222,56,0.0,both,1.0,19.0,29.0
3755.2387038578745,unswapping,,,,,,,,,,,,98,4,170940,2612,222,56,0.0,left,0.0,18.0,47.0
3756.277185092913,unswapping,,,,,,,,,,,,96,4,99364,2132,222,56,0.0,left,1.0,16.0,63.0
3756.9590324219316,unswapping,,,,,,,,,,,,64,4,71472,1826,222,56,0.0,right,0.0,12.0,75.0
3757.690083304886,unswapping,,,,,,,,,,,,42,4,48164,1638,222,56,0.0,right,1.0,8.0,83.0
3758.9889993509278,unswapping,,,,,,,,,,,,39,4,28704,1340,222,56,1.0,both,0.0,19.0,19.0
3760.0707671269774,unswapping,,,,,,,,,,,,37,4,23352,1210,222,56,1.0,both,1.0,16.0,35.0
3760.5907450900413,unswapping,,,,,,,,,,,,32,4,20532,1138,222,56,1.0,left,0.0,8.0,43.0
3761.086157348007,unswapping,,,,,,,,,,,,17,4,17568,1062,222,56,1.0,left,1.0,7.0,50.0
3761.5442226389423,unswapping,,,,,,,,,,,,17,4,16088,1032,222,56,1.0,right,0.0,3.0,53.0
3761.989432618022,unswapping,,,,,,,,,,,,17,4,15016,1004,222,56,1.0,right,1.0,2.0,55.0
3762.98009834392,unswapping,,,,,,,,,,,,16,4,12064,920,222,56,2.0,both,0.0,10.0,10.0
3763.86693350086,unswapping,,,,,,,,,,,,16,4,10568,868,222,56,2.0,both,1.0,7.0,17.0
3764.2901080709416,unswapping,,,,,,,,,,,,16,4,10448,860,222,56,2.0,left,0.0,2.0,19.0
3764.716199693037,unswapping,,,,,,,,,,,,16,4,10424,854,222,56,2.0,left,1.0,1.0,20.0
3765.134902236983,unswapping,,,,,,,,,,,,16,4,10136,842,222,56,2.0,right,0.0,1.0,21.0
3765.547057275893,unswapping,,,,,,,,,,,,16,4,9896,830,222,56,2.0,right,1.0,1.0,22.0
3766.6246208369266,unswapping,,,,,,,,,,,,16,4,9324,808,222,56,3.0,both,0.0,4.0,4.0
3767.474932475947,unswapping,,,,,,,,,,,,16,4,8668,780,222,56,3.0,both,1.0,6.0,10.0
3767.888340577949,unswapping,,,,,,,,,,,,16,4,8444,772,222,56,3.0,left,0.0,1.0,11.0
3768.2930331858806,unswapping,,,,,,,,,,,,16,4,8188,764,222,56,3.0,left,1.0,1.0,12.0
3768.704252898926,unswapping,,,,,,,,,,,,16,4,7788,744,222,56,3.0,right,0.0,2.0,14.0
3769.1008948360104,unswapping,,,,,,,,,,,,16,4,7628,736,222,56,3.0,right,1.0,1.0,15.0
3769.9341320940293,unswapping,,,,,,,,,,,,16,4,7148,712,222,56,4.0,both,0.0,5.0,5.0
3770.7411148729734,unswapping,,,,,,,,,,,,16,4,6960,698,222,56,4.0,both,1.0,4.0,9.0
3770.9982168539427,unswapping,,,,,,,,,,,,16,4,6960,698,222,56,4.0,left,0.0,0.0,9.0
3771.392590628937,unswapping,,,,,,,,,,,,16,4,6896,694,222,56,4.0,left,1.0,1.0,10.0
3771.6464977439027,unswapping,,,,,,,,,,,,16,4,6896,694,222,56,4.0,right,0.0,0.0,10.0
3772.040603057947,unswapping,,,,,,,,,,,,16,4,6872,692,222,56,4.0,right,1.0,1.0,11.0
3772.8546416729223,unswapping,,,,,,,,,,,,16,4,6804,686,222,56,5.0,both,0.0,2.0,2.0
3773.3361844050232,unswapping,,,,,,,,,,,,16,4,6804,686,222,56,5.0,both,1.0,0.0,2.0
3773.73937589,unswapping,,,,,,,,,,,,16,4,6764,682,222,56,5.0,left,0.0,1.0,3.0
3773.9834474548697,unswapping,,,,,,,,,,,,16,4,6764,682,222,56,5.0,left,1.0,0.0,3.0
3774.2361835548654,unswapping,,,,,,,,,,,,16,4,6764,682,222,56,5.0,right,0.0,0.0,3.0
3774.6307184509933,unswapping,,,,,,,,,,,,16,4,6692,676,222,56,5.0,right,1.0,1.0,4.0
3775.4399621540215,unswapping,,,,,,,,,,,,16,4,6652,672,222,56,6.0,both,0.0,2.0,2.0
3776.2242937209085,unswapping,,,,,,,,,,,,16,4,6532,664,222,56,6.0,both,1.0,2.0,4.0
3776.6972214949783,unswapping,,,,,,,,,,,,16,4,6532,664,222,56,6.0,left,0.0,0.0,4.0
3776.939871734008,unswapping,,,,,,,,,,,,16,4,6532,664,222,56,6.0,left,1.0,0.0,4.0
3777.336168301059,unswapping,,,,,,,,,,,,16,4,6476,660,222,56,6.0,right,0.0,1.0,5.0
3777.580877793953,unswapping,,,,,,,,,,,,16,4,6476,660,222,56,6.0,right,1.0,0.0,5.0
3778.3745552550536,unswapping,,,,,,,,,,,,16,4,6460,658,222,56,7.0,both,0.0,1.0,1.0
3778.8562542409636,unswapping,,,,,,,,,,,,16,4,6460,658,222,56,7.0,both,1.0,0.0,1.0
3779.1084802169353,unswapping,,,,,,,,,,,,16,4,6460,658,222,56,7.0,left,0.0,0.0,1.0
3779.3481180509552,unswapping,,,,,,,,,,,,16,4,6460,658,222,56,7.0,left,1.0,0.0,1.0
3779.5973507559393,unswapping,,,,,,,,,,,,16,4,6460,658,222,56,7.0,right,0.0,0.0,1.0
3779.841145400889,unswapping,,,,,,,,,,,,16,4,6460,658,222,56,7.0,right,1.0,0.0,1.0
3780.3459874980617,unswapping,,,,,,,,,,,,16,4,6460,658,222,56,8.0,both,0.0,0.0,0.0
3780.8276034148876,unswapping,,,,,,,,,,,,16,4,6460,658,222,56,8.0,both,1.0,0.0,0.0
3781.0806272418704,unswapping,,,,,,,,,,,,16,4,6460,658,222,56,8.0,left,0.0,0.0,0.0
3781.320415768074,unswapping,,,,,,,,,,,,16,4,6460,658,222,56,8.0,left,1.0,0.0,0.0
3781.5699896020815,unswapping,,,,,,,,,,,,16,4,6460,658,222,56,8.0,right,0.0,0.0,0.0
3781.8130731370766,unswapping,,,,,,,,,,,,16,4,6460,658,222,56,8.0,right,1.0,0.0,0.0
3790.833775112871,absorbing,left,1.0,0.0,872.0,992.0,157.0,137.0,294.0,11.0,2.0,2.0,16,4,5996,646,222,56,,,,,
3791.1535680959933,absorbing,left,1.0,1.0,872.0,992.0,157.0,138.0,295.0,7.0,1.0,3.0,16,4,7076,714,222,56,,,,,
3791.4732038499787,absorbing,left,2.0,1.0,872.0,992.0,157.0,138.0,295.0,14.0,0.0,3.0,20,4,9204,794,222,56,,,,,
3791.804027735954,absorbing,left,2.0,2.0,872.0,992.0,157.0,138.0,295.0,11.0,0.0,3.0,20,4,11796,886,222,56,,,,,
3792.157575346995,absorbing,left,3.0,2.0,872.0,992.0,157.0,138.0,295.0,14.0,0.0,3.0,35,4,19876,1092,222,56,,,,,
3792.562445356045,absorbing,left,3.0,3.0,872.0,992.0,157.0,139.0,296.0,11.0,1.0,4.0,64,4,32996,1344,222,56,,,,,
3792.9771894300357,absorbing,left,4.0,3.0,872.0,992.0,157.0,139.0,296.0,14.0,0.0,4.0,76,4,53352,1528,222,56,,,,,
3793.410166447051,absorbing,left,5.0,3.0,872.0,992.0,157.0,139.0,296.0,16.0,0.0,4.0,74,4,74312,1896,222,56,,,,,
3794.270729603013,absorbing,left,5.0,4.0,872.0,992.0,157.0,140.0,297.0,12.0,1.0,5.0,70,4,96752,2128,222,56,,,,,
3794.826748966938,absorbing,left,5.0,5.0,872.0,992.0,157.0,141.0,298.0,12.0,1.0,6.0,66,4,119400,2372,222,56,,,,,
3795.4181654679123,absorbing,left,6.0,5.0,872.0,992.0,157.0,141.0,298.0,15.0,0.0,6.0,132,4,168428,2716,222,56,,,,,
3796.016444146866,absorbing,left,6.0,6.0,872.0,992.0,157.0,142.0,299.0,11.0,1.0,7.0,128,4,208180,3002,222,56,,,,,
3796.7716874468606,absorbing,left,7.0,6.0,872.0,992.0,157.0,142.0,299.0,15.0,0.0,7.0,128,4,293440,3402,222,56,,,,,
3797.803833406884,absorbing,left,7.0,7.0,872.0,992.0,157.0,142.0,299.0,9.0,0.0,7.0,188,4,375752,3730,222,56,,,,,
3798.6443295089994,absorbing,left,8.0,7.0,872.0,992.0,159.0,142.0,301.0,11.0,2.0,9.0,183,4,473140,4212,222,56,,,,,
3799.4740467430092,absorbing,left,8.0,8.0,872.0,992.0,159.0,142.0,301.0,7.0,0.0,9.0,185,4,565024,4466,222,56,,,,,
3800.231821703026,absorbing,left,8.0,9.0,872.0,992.0,159.0,142.0,301.0,7.0,0.0,9.0,184,4,756792,4978,222,56,,,,,
3801.0232894900255,absorbing,left,8.0,10.0,872.0,992.0,159.0,142.0,301.0,6.0,0.0,9.0,176,4,951872,5606,222,56,,,,,
3810.1310380429495,unswapping,,,,,,,,,,,,253,4,1220908,6064,222,56,0.0,both,0.0,9.0,9.0
3818.2893499529455,unswapping,,,,,,,,,,,,247,4,1021744,5456,222,56,0.0,both,1.0,17.0,26.0
3822.76460315194,unswapping,,,,,,,,,,,,152,4,689484,4330,222,56,0.0,left,0.0,17.0,43.0
3825.38884163904,unswapping,,,,,,,,,,,,143,4,485840,3704,222,56,0.0,left,1.0,17.0,60.0
3826.6128099740017,unswapping,,,,,,,,,,,,141,4,441088,3522,222,56,0.0,right,0.0,12.0,72.0
3828.294849664904,unswapping,,,,,,,,,,,,132,4,234028,2926,222,56,0.0,right,1.0,14.0,86.0
3830.2892103588674,unswapping,,,,,,,,,,,,64,4,106716,2054,222,56,1.0,both,0.0,13.0,13.0
3832.0928159190807,unswapping,,,,,,,,,,,,60,4,67184,1658,222,56,1.0,both,1.0,11.0,24.0
3832.682841314003,unswapping,,,,,,,,,,,,54,4,51356,1472,222,56,1.0,left,0.0,7.0,31.0
3833.25019832002,unswapping,,,,,,,,,,,,54,4,46580,1394,222,56,1.0,left,1.0,6.0,37.0
3833.807857898064,unswapping,,,,,,,,,,,,54,4,45116,1370,222,56,1.0,right,0.0,4.0,41.0
3834.3503008410335,unswapping,,,,,,,,,,,,54,4,45116,1370,222,56,1.0,right,1.0,1.0,42.0
3835.438815728994,unswapping,,,,,,,,,,,,54,4,33508,1264,222,56,2.0,both,0.0,4.0,4.0
3836.439060545061,unswapping,,,,,,,,,,,,32,4,24892,1142,222,56,2.0,both,1.0,5.0,9.0
3836.9143887069076,unswapping,,,,,,,,,,,,32,4,23600,1116,222,56,2.0,left,0.0,2.0,11.0
3837.3716186799575,unswapping,,,,,,,,,,,,32,4,22544,1082,222,56,2.0,left,1.0,3.0,14.0
3837.83206206304,unswapping,,,,,,,,,,,,32,4,22112,1070,222,56,2.0,right,0.0,2.0,16.0
3838.274916033959,unswapping,,,,,,,,,,,,32,4,21920,1062,222,56,2.0,right,1.0,1.0,17.0
3839.1741058898624,unswapping,,,,,,,,,,,,32,4,18636,1012,222,56,3.0,both,0.0,3.0,3.0
3840.0764651459176,unswapping,,,,,,,,,,,,32,4,14252,940,222,56,3.0,both,1.0,4.0,7.0
3840.5428377010394,unswapping,,,,,,,,,,,,16,4,10956,884,222,56,3.0,left,0.0,2.0,9.0
3840.9809438379016,unswapping,,,,,,,,,,,,16,4,9220,840,222,56,3.0,left,1.0,4.0,13.0
3841.2469834589865,unswapping,,,,,,,,,,,,16,4,9220,840,222,56,3.0,right,0.0,1.0,14.0
3841.6607799010817,unswapping,,,,,,,,,,,,16,4,9092,834,222,56,3.0,right,1.0,2.0,16.0
3842.5099346488714,unswapping,,,,,,,,,,,,14,4,7844,794,222,56,4.0,both,0.0,4.0,4.0
3843.317850262858,unswapping,,,,,,,,,,,,14,4,6788,762,222,56,4.0,both,1.0,3.0,7.0
3843.7257685770746,unswapping,,,,,,,,,,,,14,4,6228,742,222,56,4.0,left,0.0,2.0,9.0
3844.1288671679795,unswapping,,,,,,,,,,,,11,4,6036,736,222,56,4.0,left,1.0,1.0,10.0
3844.5398321880493,unswapping,,,,,,,,,,,,11,4,5732,724,222,56,4.0,right,0.0,2.0,12.0
3845.158617577981,unswapping,,,,,,,,,,,,10,4,5364,710,222,56,4.0,right,1.0,2.0,14.0
3845.6469987488817,unswapping,,,,,,,,,,,,10,4,5364,710,222,56,5.0,both,0.0,0.0,0.0
3846.4237852978986,unswapping,,,,,,,,,,,,10,4,5316,706,222,56,5.0,both,1.0,1.0,1.0
3846.671756780008,unswapping,,,,,,,,,,,,10,4,5316,706,222,56,5.0,left,0.0,0.0,1.0
3846.9173502319027,unswapping,,,,,,,,,,,,10,4,5316,706,222,56,5.0,left,1.0,0.0,1.0
3847.1643324450124,unswapping,,,,,,,,,,,,10,4,5316,706,222,56,5.0,right,0.0,0.0,1.0
3847.411047057947,unswapping,,,,,,,,,,,,10,4,5316,706,222,56,5.0,right,1.0,0.0,1.0
3848.1910899810027,unswapping,,,,,,,,,,,,10,4,5268,702,222,56,6.0,both,0.0,1.0,1.0
3848.9713765960187,unswapping,,,,,,,,,,,,10,4,5220,698,222,56,6.0,both,1.0,1.0,2.0
3849.2208449549507,unswapping,,,,,,,,,,,,10,4,5220,698,222,56,6.0,left,0.0,0.0,2.0
3849.4658117690124,unswapping,,,,,,,,,,,,10,4,5220,698,222,56,6.0,left,1.0,0.0,2.0
3849.7113508249167,unswapping,,,,,,,,,,,,10,4,5220,698,222,56,6.0,right,0.0,0.0,2.0
3849.9574642509688,unswapping,,,,,,,,,,,,10,4,5220,698,222,56,6.0,right,1.0,0.0,2.0
3850.742025071988,unswapping,,,,,,,,,,,,10,4,5172,694,222,56,7.0,both,0.0,1.0,1.0
3851.224672730081,unswapping,,,,,,,,,,,,10,4,5172,694,222,56,7.0,both,1.0,0.0,1.0
3851.471230654046,unswapping,,,,,,,,,,,,10,4,5172,694,222,56,7.0,left,0.0,0.0,1.0
3851.860094813863,unswapping,,,,,,,,,,,,10,4,5124,690,222,56,7.0,left,1.0,1.0,2.0
3852.106446934864,unswapping,,,,,,,,,,,,10,4,5124,690,222,56,7.0,right,0.0,0.0,2.0
3852.348974073073,unswapping,,,,,,,,,,,,10,4,5124,690,222,56,7.0,right,1.0,0.0,2.0
3853.128885213053,unswapping,,,,,,,,,,,,10,4,5076,686,222,56,8.0,both,0.0,1.0,1.0
3853.610142508056,unswapping,,,,,,,,,,,,10,4,5076,686,222,56,8.0,both,1.0,0.0,1.0
3853.8573834539857,unswapping,,,,,,,,,,,,10,4,5076,686,222,56,8.0,left,0.0,0.0,1.0
3854.464502051007,unswapping,,,,,,,,,,,,10,4,5028,682,222,56,8.0,left,1.0,1.0,2.0
3854.7072460239287,unswapping,,,,,,,,,,,,10,4,5028,682,222,56,8.0,right,0.0,0.0,2.0
3854.950888674939,unswapping,,,,,,,,,,,,10,4,5028,682,222,56,8.0,right,1.0,0.0,2.0
3855.7343018420506,unswapping,,,,,,,,,,,,10,4,4980,678,222,56,9.0,both,0.0,1.0,1.0
3856.513761929935,unswapping,,,,,,,,,,,,10,4,4932,674,222,56,9.0,both,1.0,1.0,2.0
3856.760279034963,unswapping,,,,,,,,,,,,10,4,4932,674,222,56,9.0,left,0.0,0.0,2.0
3857.002225617878,unswapping,,,,,,,,,,,,10,4,4932,674,222,56,9.0,left,1.0,0.0,2.0
3857.392147650942,unswapping,,,,,,,,,,,,10,4,4884,670,222,56,9.0,right,0.0,1.0,3.0
3857.6337182559073,unswapping,,,,,,,,,,,,10,4,4884,670,222,56,9.0,right,1.0,0.0,3.0
3858.1181444199756,unswapping,,,,,,,,,,,,10,4,4884,670,222,56,10.0,both,0.0,0.0,0.0
3858.5947497640736,unswapping,,,,,,,,,,,,10,4,4884,670,222,56,10.0,both,1.0,0.0,0.0
3858.837051545037,unswapping,,,,,,,,,,,,10,4,4884,670,222,56,10.0,left,0.0,0.0,0.0
3859.076694678981,unswapping,,,,,,,,,,,,10,4,4884,670,222,56,10.0,left,1.0,0.0,0.0
3859.3190812868997,unswapping,,,,,,,,,,,,10,4,4884,670,222,56,10.0,right,0.0,0.0,0.0
3859.5610469949897,unswapping,,,,,,,,,,,,10,4,4884,670,222,56,10.0,right,1.0,0.0,0.0
3868.434561562026,absorbing,left,1.0,0.0,1014.0,976.0,159.0,142.0,301.0,14.0,0.0,0.0,10,4,4884,670,222,56,,,,,
3868.752325987909,absorbing,left,1.0,1.0,1014.0,976.0,159.0,143.0,302.0,9.0,1.0,1.0,16,4,5728,734,222,56,,,,,
3869.0789380159695,absorbing,left,2.0,1.0,1014.0,976.0,160.0,143.0,303.0,14.0,1.0,2.0,32,4,8320,814,222,56,,,,,
3869.3979581210297,absorbing,left,2.0,2.0,1014.0,976.0,160.0,143.0,303.0,11.0,0.0,2.0,32,4,10888,942,222,56,,,,,
3869.7340246420354,absorbing,left,2.0,3.0,1014.0,976.0,160.0,145.0,305.0,9.0,2.0,4.0,32,4,13608,1012,222,56,,,,,
3870.3542471688706,absorbing,left,3.0,3.0,1014.0,976.0,160.0,145.0,305.0,16.0,0.0,4.0,32,4,17440,1094,222,56,,,,,
3870.69991148985,absorbing,left,3.0,4.0,1014.0,976.0,160.0,145.0,305.0,10.0,0.0,4.0,32,4,22048,1162,222,56,,,,,
3871.0912511220668,absorbing,left,3.0,5.0,1014.0,976.0,160.0,145.0,305.0,10.0,0.0,4.0,32,4,25976,1284,222,56,,,,,
3871.4592838089447,absorbing,left,3.0,6.0,1014.0,976.0,160.0,145.0,305.0,13.0,0.0,4.0,32,4,35612,1448,222,56,,,,,
3871.9038761588745,absorbing,left,4.0,6.0,1014.0,976.0,160.0,145.0,305.0,13.0,0.0,4.0,32,4,49648,1676,222,56,,,,,
3872.3992484980263,absorbing,left,5.0,6.0,1014.0,976.0,160.0,145.0,305.0,11.0,0.0,4.0,32,4,65200,1880,222,56,,,,,
3872.912933198968,absorbing,left,5.0,7.0,1014.0,976.0,160.0,147.0,307.0,11.0,2.0,6.0,71,4,88972,2138,222,56,,,,,
3873.490301205078,absorbing,left,6.0,7.0,1014.0,976.0,160.0,147.0,307.0,11.0,0.0,6.0,65,4,104320,2200,222,56,,,,,
3874.023708653869,absorbing,left,7.0,7.0,1014.0,976.0,161.0,147.0,308.0,11.0,1.0,7.0,101,4,148428,2622,222,56,,,,,
3874.5661586609203,absorbing,left,7.0,8.0,1014.0,976.0,161.0,150.0,311.0,9.0,3.0,10.0,125,4,198760,2792,222,56,,,,,
3875.1358548449352,absorbing,left,8.0,8.0,1014.0,976.0,161.0,150.0,311.0,9.0,0.0,10.0,120,4,284248,3238,222,56,,,,,
3875.696580962045,absorbing,left,9.0,8.0,1014.0,976.0,161.0,150.0,311.0,9.0,0.0,10.0,114,4,302712,3276,222,56,,,,,
3876.2680859949905,absorbing,left,10.0,8.0,1014.0,976.0,162.0,150.0,312.0,8.0,1.0,11.0,109,4,286156,3304,222,56,,,,,
3876.833979150979,absorbing,left,11.0,8.0,1014.0,976.0,163.0,150.0,313.0,8.0,1.0,12.0,104,4,284600,3486,222,56,,,,,
3877.3898437819444,absorbing,left,12.0,8.0,1014.0,976.0,164.0,150.0,314.0,9.0,1.0,13.0,99,4,283964,3658,222,56,,,,,
3877.9651904748753,absorbing,left,13.0,8.0,1014.0,976.0,164.0,150.0,314.0,9.0,0.0,13.0,96,4,318524,3932,222,56,,,,,
3878.7120554719586,absorbing,left,13.0,9.0,1014.0,976.0,164.0,150.0,314.0,10.0,0.0,13.0,211,4,444448,4218,222,56,,,,,
3879.5219192928635,absorbing,left,13.0,10.0,1014.0,976.0,164.0,150.0,314.0,9.0,0.0,13.0,204,4,492760,4250,222,56,,,,,
3880.2267591368873,absorbing,left,13.0,11.0,1014.0,976.0,164.0,153.0,317.0,4.0,3.0,16.0,194,4,462504,4122,222,56,,,,,
3880.9886701079085,absorbing,left,13.0,12.0,1014.0,976.0,164.0,153.0,317.0,7.0,0.0,16.0,188,4,440484,3980,222,56,,,,,
3881.6393365049735,absorbing,left,14.0,12.0,1014.0,976.0,165.0,153.0,318.0,10.0,1.0,17.0,184,4,480336,4310,222,56,,,,,
3882.5036523200106,absorbing,left,14.0,13.0,1014.0,976.0,165.0,155.0,320.0,6.0,2.0,19.0,192,4,614328,4646,222,56,,,,,
3883.478770775022,absorbing,left,14.0,14.0,1014.0,976.0,165.0,155.0,320.0,6.0,0.0,19.0,192,4,578496,4616,222,56,,,,,
3884.312708348036,absorbing,left,14.0,15.0,1014.0,976.0,165.0,155.0,320.0,7.0,0.0,19.0,192,4,578276,4458,222,56,,,,,
3885.1171423608903,absorbing,left,15.0,15.0,1014.0,976.0,165.0,155.0,320.0,9.0,0.0,19.0,172,4,647740,5052,222,56,,,,,
3885.929889485007,absorbing,left,16.0,15.0,1014.0,976.0,166.0,155.0,321.0,8.0,1.0,20.0,180,4,779372,5474,222,56,,,,,
3887.229645310901,absorbing,left,16.0,16.0,1014.0,976.0,166.0,155.0,321.0,8.0,0.0,20.0,383,4,964328,5642,222,56,,,,,
3893.0472193190362,unswapping,,,,,,,,,,,,153,4,379788,4240,222,56,0.0,both,0.0,27.0,27.0
3895.7865816089325,unswapping,,,,,,,,,,,,77,4,194512,3096,222,56,0.0,both,1.0,26.0,53.0
3897.3111427470576,unswapping,,,,,,,,,,,,73,4,111808,2492,222,56,0.0,left,0.0,25.0,78.0
3898.389474496944,unswapping,,,,,,,,,,,,60,4,69380,1956,222,56,0.0,left,1.0,20.0,98.0
3899.0708159650676,unswapping,,,,,,,,,,,,56,4,65008,1900,222,56,0.0,right,0.0,6.0,104.0
3899.8946500278544,unswapping,,,,,,,,,,,,55,4,49996,1766,222,56,0.0,right,1.0,13.0,117.0
3901.2167281168513,unswapping,,,,,,,,,,,,53,4,38416,1578,222,56,1.0,both,0.0,18.0,18.0
3902.4274598879274,unswapping,,,,,,,,,,,,52,4,34080,1470,222,56,1.0,both,1.0,7.0,25.0
3903.08219773788,unswapping,,,,,,,,,,,,24,4,26036,1320,222,56,1.0,left,0.0,8.0,33.0
3903.6441480228677,unswapping,,,,,,,,,,,,24,4,21876,1232,222,56,1.0,left,1.0,7.0,40.0
3904.176213904051,unswapping,,,,,,,,,,,,16,4,19956,1192,222,56,1.0,right,0.0,4.0,44.0
3904.701735367067,unswapping,,,,,,,,,,,,16,4,19624,1182,222,56,1.0,right,1.0,3.0,47.0
3905.826828235062,unswapping,,,,,,,,,,,,16,4,17896,1132,222,56,2.0,both,0.0,8.0,8.0
3906.9274348579347,unswapping,,,,,,,,,,,,16,4,15484,1072,222,56,2.0,both,1.0,9.0,17.0
3907.399393796921,unswapping,,,,,,,,,,,,16,4,14908,1052,222,56,2.0,left,0.0,5.0,22.0
3907.871014313074,unswapping,,,,,,,,,,,,16,4,14528,1030,222,56,2.0,left,1.0,5.0,27.0
3908.3396359758917,unswapping,,,,,,,,,,,,14,4,13768,1006,222,56,2.0,right,0.0,7.0,34.0
3908.788317837054,unswapping,,,,,,,,,,,,14,4,13640,998,222,56,2.0,right,1.0,3.0,37.0
3909.8048309278674,unswapping,,,,,,,,,,,,14,4,12464,946,222,56,3.0,both,0.0,12.0,12.0
3910.792826463934,unswapping,,,,,,,,,,,,12,4,10920,892,222,56,3.0,both,1.0,10.0,22.0
3911.458859994076,unswapping,,,,,,,,,,,,12,4,10512,882,222,56,3.0,left,0.0,2.0,24.0
3911.7367575739045,unswapping,,,,,,,,,,,,12,4,10512,882,222,56,3.0,left,1.0,0.0,24.0
3912.1752965149935,unswapping,,,,,,,,,,,,12,4,10064,866,222,56,3.0,right,0.0,3.0,27.0
3912.6044492959045,unswapping,,,,,,,,,,,,12,4,9712,858,222,56,3.0,right,1.0,1.0,28.0
3913.49402851006,unswapping,,,,,,,,,,,,12,4,8836,824,222,56,4.0,both,0.0,6.0,6.0
3914.3567606369033,unswapping,,,,,,,,,,,,12,4,7672,792,222,56,4.0,both,1.0,7.0,13.0
3914.6136013348587,unswapping,,,,,,,,,,,,12,4,7672,792,222,56,4.0,left,0.0,2.0,15.0
3914.879947809968,unswapping,,,,,,,,,,,,12,4,7672,792,222,56,4.0,left,1.0,2.0,17.0
3915.300312431995,unswapping,,,,,,,,,,,,12,4,7172,774,222,56,4.0,right,0.0,3.0,20.0
3915.5549553819,unswapping,,,,,,,,,,,,12,4,7172,774,222,56,4.0,right,1.0,2.0,22.0
3916.3863719620276,unswapping,,,,,,,,,,,,12,4,6460,748,222,56,5.0,both,0.0,6.0,6.0
3917.1996560860425,unswapping,,,,,,,,,,,,12,4,6220,736,222,56,5.0,both,1.0,4.0,10.0
3917.4523022158537,unswapping,,,,,,,,,,,,12,4,6220,736,222,56,5.0,left,0.0,0.0,10.0
3917.8554377830587,unswapping,,,,,,,,,,,,12,4,5828,722,222,56,5.0,left,1.0,1.0,11.0
3918.258186327992,unswapping,,,,,,,,,,,,12,4,5588,712,222,56,5.0,right,0.0,1.0,12.0
3918.5053711070213,unswapping,,,,,,,,,,,,12,4,5588,712,222,56,5.0,right,1.0,0.0,12.0
3919.312409665901,unswapping,,,,,,,,,,,,12,4,5340,700,222,56,6.0,both,0.0,3.0,3.0
3920.1207356639206,unswapping,,,,,,,,,,,,12,4,4856,678,222,56,6.0,both,1.0,4.0,7.0
3920.367301810067,unswapping,,,,,,,,,,,,12,4,4856,678,222,56,6.0,left,0.0,0.0,7.0
3920.6128976410255,unswapping,,,,,,,,,,,,12,4,4856,678,222,56,6.0,left,1.0,0.0,7.0
3921.0076087738853,unswapping,,,,,,,,,,,,12,4,4768,674,222,56,6.0,right,0.0,1.0,8.0
3921.402280455921,unswapping,,,,,,,,,,,,12,4,4608,666,222,56,6.0,right,1.0,1.0,9.0
3922.212969184853,unswapping,,,,,,,,,,,,12,4,4252,648,222,56,7.0,both,0.0,4.0,4.0
3923.2249927308876,unswapping,,,,,,,,,,,,12,4,4004,636,222,56,7.0,both,1.0,3.0,7.0
3923.6239859759808,unswapping,,,,,,,,,,,,12,4,3844,628,222,56,7.0,left,0.0,2.0,9.0
3923.8685096830595,unswapping,,,,,,,,,,,,12,4,3844,628,222,56,7.0,left,1.0,0.0,9.0
3924.115840470884,unswapping,,,,,,,,,,,,12,4,3844,628,222,56,7.0,right,0.0,0.0,9.0
3924.3580859978683,unswapping,,,,,,,,,,,,12,4,3844,628,222,56,7.0,right,1.0,0.0,9.0
3925.154252205044,unswapping,,,,,,,,,,,,12,4,3752,622,222,56,8.0,both,0.0,2.0,2.0
3925.632547677029,unswapping,,,,,,,,,,,,12,4,3752,622,222,56,8.0,both,1.0,0.0,2.0
3925.8771194380242,unswapping,,,,,,,,,,,,12,4,3752,622,222,56,8.0,left,0.0,0.0,2.0
3926.117849252885,unswapping,,,,,,,,,,,,12,4,3752,622,222,56,8.0,left,1.0,0.0,2.0
3926.3624633010477,unswapping,,,,,,,,,,,,12,4,3752,622,222,56,8.0,right,0.0,0.0,2.0
3926.602467372082,unswapping,,,,,,,,,,,,12,4,3752,622,222,56,8.0,right,1.0,0.0,2.0
3927.0877021739725,unswapping,,,,,,,,,,,,12,4,3752,622,222,56,9.0,both,0.0,0.0,0.0
3927.562384793069,unswapping,,,,,,,,,,,,12,4,3752,622,222,56,9.0,both,1.0,0.0,0.0
3927.8080830080435,unswapping,,,,,,,,,,,,12,4,3752,622,222,56,9.0,left,0.0,0.0,0.0
3928.0478993649594,unswapping,,,,,,,,,,,,12,4,3752,622,222,56,9.0,left,1.0,0.0,0.0
3928.2954610588495,unswapping,,,,,,,,,,,,12,4,3752,622,222,56,9.0,right,0.0,0.0,0.0
3928.5356549900025,unswapping,,,,,,,,,,,,12,4,3752,622,222,56,9.0,right,1.0,0.0,0.0
3937.446641847957,absorbing,left,1.0,0.0,1022.0,1001.0,166.0,155.0,321.0,10.0,0.0,0.0,12,4,3752,622,222,56,,,,,
3937.7538227289915,absorbing,left,2.0,0.0,1022.0,1001.0,166.0,155.0,321.0,11.0,0.0,0.0,16,4,5684,760,222,56,,,,,
3938.073188510025,absorbing,left,2.0,1.0,1022.0,1001.0,166.0,155.0,321.0,12.0,0.0,0.0,16,4,6152,748,222,56,,,,,
3938.6785083550494,absorbing,left,2.0,2.0,1022.0,1001.0,166.0,156.0,322.0,12.0,1.0,1.0,16,4,9716,902,222,56,,,,,
3939.018035145011,absorbing,left,3.0,2.0,1022.0,1001.0,166.0,156.0,322.0,8.0,0.0,1.0,16,4,11124,920,222,56,,,,,
3939.3756223260425,absorbing,left,4.0,2.0,1022.0,1001.0,166.0,156.0,322.0,6.0,0.0,1.0,32,4,16648,1068,222,56,,,,,
3939.7492733970284,absorbing,left,4.0,3.0,1022.0,1001.0,166.0,156.0,322.0,14.0,0.0,1.0,32,4,16804,1072,222,56,,,,,
3940.116138485959,absorbing,left,5.0,3.0,1022.0,1001.0,167.0,156.0,323.0,7.0,1.0,2.0,32,4,19148,1138,222,56,,,,,
3940.50025779102,absorbing,left,6.0,3.0,1022.0,1001.0,168.0,156.0,324.0,8.0,1.0,3.0,32,4,20556,1166,222,56,,,,,
3940.9051523748785,absorbing,left,7.0,3.0,1022.0,1001.0,170.0,156.0,326.0,8.0,2.0,5.0,32,4,29164,1312,222,56,,,,,
3941.287401888054,absorbing,left,7.0,4.0,1022.0,1001.0,170.0,156.0,326.0,15.0,0.0,5.0,33,4,35060,1372,222,56,,,,,
3941.68280722294,absorbing,left,8.0,4.0,1022.0,1001.0,170.0,156.0,326.0,7.0,0.0,5.0,32,4,40492,1486,222,56,,,,,
3942.085469411919,absorbing,left,9.0,4.0,1022.0,1001.0,170.0,156.0,326.0,7.0,0.0,5.0,48,4,55264,1724,222,56,,,,,
3942.543484987924,absorbing,left,10.0,4.0,1022.0,1001.0,171.0,156.0,327.0,7.0,1.0,6.0,64,4,64676,1828,222,56,,,,,
3942.994203202892,absorbing,left,11.0,4.0,1022.0,1001.0,171.0,156.0,327.0,8.0,0.0,6.0,110,4,104500,2182,222,56,,,,,
3943.49977087602,absorbing,left,12.0,4.0,1022.0,1001.0,172.0,156.0,328.0,11.0,1.0,7.0,108,4,139404,2452,222,56,,,,,
3944.1468800948933,absorbing,left,13.0,4.0,1022.0,1001.0,172.0,156.0,328.0,10.0,0.0,7.0,64,4,137544,2444,222,56,,,,,
3944.7579546009656,absorbing,left,14.0,4.0,1022.0,1001.0,172.0,156.0,328.0,10.0,0.0,7.0,64,4,174660,2746,222,56,,,,,
3945.4263500110246,absorbing,left,15.0,4.0,1022.0,1001.0,174.0,156.0,330.0,9.0,2.0,9.0,111,4,232784,3270,222,56,,,,,
3946.292865440948,absorbing,left,15.0,5.0,1022.0,1001.0,174.0,158.0,332.0,14.0,2.0,11.0,121,4,333724,3660,222,56,,,,,
3947.131644967012,absorbing,left,16.0,5.0,1022.0,1001.0,175.0,158.0,333.0,10.0,1.0,12.0,213,4,548956,4108,222,56,,,,,
3948.11134690186,absorbing,left,17.0,5.0,1022.0,1001.0,176.0,158.0,334.0,11.0,1.0,13.0,205,4,542564,4252,222,56,,,,,
3949.1503163359594,absorbing,left,18.0,5.0,1022.0,1001.0,176.0,158.0,334.0,7.0,0.0,13.0,392,4,769204,4890,222,56,,,,,
3950.1303785608616,absorbing,left,19.0,5.0,1022.0,1001.0,177.0,158.0,335.0,7.0,1.0,14.0,380,4,851552,5430,222,56,,,,,
3951.4454731899314,absorbing,left,19.0,6.0,1022.0,1001.0,177.0,159.0,336.0,14.0,1.0,15.0,254,4,910920,5712,222,56,,,,,
3960.4795760069974,unswapping,,,,,,,,,,,,364,4,1150244,6080,222,56,0.0,both,0.0,13.0,13.0
3965.0059789679945,unswapping,,,,,,,,,,,,349,4,751632,4692,222,56,0.0,both,1.0,18.0,31.0
3967.1900165148545,unswapping,,,,,,,,,,,,170,4,412160,3772,222,56,0.0,left,0.0,16.0,47.0
3969.05894118594,unswapping,,,,,,,,,,,,168,4,225900,3030,222,56,0.0,left,1.0,18.0,65.0
3970.066701253876,unswapping,,,,,,,,,,,,86,4,145564,2400,222,56,0.0,right,0.0,13.0,78.0
3971.086599363014,unswapping,,,,,,,,,,,,86,4,121460,2174,222,56,0.0,right,1.0,8.0,86.0
3972.4870778808836,unswapping,,,,,,,,,,,,85,4,75840,1826,222,56,1.0,both,0.0,14.0,14.0
3974.1276634680107,unswapping,,,,,,,,,,,,46,4,48012,1520,222,56,1.0,both,1.0,10.0,24.0
3974.653026043903,unswapping,,,,,,,,,,,,46,4,44688,1450,222,56,1.0,left,0.0,5.0,29.0
3975.283650998026,unswapping,,,,,,,,,,,,46,4,44452,1436,222,56,1.0,left,1.0,2.0,31.0
3975.8715486570727,unswapping,,,,,,,,,,,,46,4,34164,1316,222,56,1.0,right,0.0,6.0,37.0
3976.3625783938915,unswapping,,,,,,,,,,,,46,4,32996,1292,222,56,1.0,right,1.0,2.0,39.0
3977.4252066828776,unswapping,,,,,,,,,,,,46,4,29008,1200,222,56,2.0,both,0.0,11.0,11.0
3978.412096818909,unswapping,,,,,,,,,,,,46,4,21464,1074,222,56,2.0,both,1.0,11.0,22.0
3978.929722291883,unswapping,,,,,,,,,,,,24,4,15016,1002,222,56,2.0,left,0.0,3.0,25.0
3979.3898205519654,unswapping,,,,,,,,,,,,23,4,13392,954,222,56,2.0,left,1.0,3.0,28.0
3979.8386785690673,unswapping,,,,,,,,,,,,23,4,13232,944,222,56,2.0,right,0.0,2.0,30.0
3980.1235731730703,unswapping,,,,,,,,,,,,23,4,13232,944,222,56,2.0,right,1.0,0.0,30.0
3981.030428211903,unswapping,,,,,,,,,,,,23,4,12372,910,222,56,3.0,both,0.0,6.0,6.0
3981.9062367049046,unswapping,,,,,,,,,,,,23,4,11768,888,222,56,3.0,both,1.0,3.0,9.0
3982.1861351309344,unswapping,,,,,,,,,,,,23,4,11768,888,222,56,3.0,left,0.0,0.0,9.0
3982.4576422309037,unswapping,,,,,,,,,,,,23,4,11768,888,222,56,3.0,left,1.0,0.0,9.0
3982.7319816630334,unswapping,,,,,,,,,,,,23,4,11768,888,222,56,3.0,right,0.0,0.0,9.0
3983.153795410879,unswapping,,,,,,,,,,,,23,4,11728,884,222,56,3.0,right,1.0,1.0,10.0
3984.0256855238695,unswapping,,,,,,,,,,,,23,4,11200,864,222,56,4.0,both,0.0,4.0,4.0
3985.1036483070347,unswapping,,,,,,,,,,,,23,4,10860,854,222,56,4.0,both,1.0,2.0,6.0
3985.3715910010505,unswapping,,,,,,,,,,,,23,4,10860,854,222,56,4.0,left,0.0,0.0,6.0
3985.631995388074,unswapping,,,,,,,,,,,,23,4,10860,854,222,56,4.0,left,1.0,0.0,6.0
3985.8992532789707,unswapping,,,,,,,,,,,,23,4,10860,854,222,56,4.0,right,0.0,0.0,6.0
3986.166149178054,unswapping,,,,,,,,,,,,23,4,10860,854,222,56,4.0,right,1.0,0.0,6.0
3987.017961470876,unswapping,,,,,,,,,,,,23,4,10408,840,222,56,5.0,both,0.0,4.0,4.0
3987.8527489770204,unswapping,,,,,,,,,,,,23,4,10196,830,222,56,5.0,both,1.0,3.0,7.0
3988.113365069963,unswapping,,,,,,,,,,,,23,4,10196,830,222,56,5.0,left,0.0,0.0,7.0
3988.379445858067,unswapping,,,,,,,,,,,,23,4,10196,830,222,56,5.0,left,1.0,0.0,7.0
3988.6503280638717,unswapping,,,,,,,,,,,,23,4,10196,830,222,56,5.0,right,0.0,0.0,7.0
3988.906009232858,unswapping,,,,,,,,,,,,23,4,10196,830,222,56,5.0,right,1.0,0.0,7.0
3989.7326163940597,unswapping,,,,,,,,,,,,23,4,10096,824,222,56,6.0,both,0.0,3.0,3.0
3990.5579855928663,unswapping,,,,,,,,,,,,23,4,10076,822,222,56,6.0,both,1.0,1.0,4.0
3990.82065775292,unswapping,,,,,,,,,,,,23,4,10076,822,222,56,6.0,left,0.0,0.0,4.0
3991.089339039987,unswapping,,,,,,,,,,,,23,4,10076,822,222,56,6.0,left,1.0,0.0,4.0
3991.360347585054,unswapping,,,,,,,,,,,,23,4,10076,822,222,56,6.0,right,0.0,0.0,4.0
3991.6164958870504,unswapping,,,,,,,,,,,,23,4,10076,822,222,56,6.0,right,1.0,0.0,4.0
3992.4321828470565,unswapping,,,,,,,,,,,,23,4,10056,820,222,56,7.0,both,0.0,2.0,2.0
3993.2592641068622,unswapping,,,,,,,,,,,,23,4,10036,818,222,56,7.0,both,1.0,1.0,3.0
3993.5185746608768,unswapping,,,,,,,,,,,,23,4,10036,818,222,56,7.0,left,0.0,0.0,3.0
3993.785109062912,unswapping,,,,,,,,,,,,23,4,10036,818,222,56,7.0,left,1.0,0.0,3.0
3994.055724304868,unswapping,,,,,,,,,,,,23,4,10036,818,222,56,7.0,right,0.0,0.0,3.0
3994.30841828906,unswapping,,,,,,,,,,,,23,4,10036,818,222,56,7.0,right,1.0,0.0,3.0
3995.041786540998,unswapping,,,,,,,,,,,,23,4,10036,818,222,56,8.0,both,0.0,1.0,1.0
3995.5620209239423,unswapping,,,,,,,,,,,,23,4,10036,818,222,56,8.0,both,1.0,0.0,1.0
3995.821518760873,unswapping,,,,,,,,,,,,23,4,10036,818,222,56,8.0,left,0.0,0.0,1.0
3996.088765288936,unswapping,,,,,,,,,,,,23,4,10036,818,222,56,8.0,left,1.0,0.0,1.0
3996.361969589023,unswapping,,,,,,,,,,,,23,4,10036,818,222,56,8.0,right,0.0,0.0,1.0
3996.6138056509662,unswapping,,,,,,,,,,,,23,4,10036,818,222,56,8.0,right,1.0,0.0,1.0
4005.5038941279054,absorbing,left,1.0,0.0,978.0,1028.0,177.0,159.0,336.0,12.0,0.0,0.0,23,4,10036,818,222,56,,,,,
4005.8457655569073,absorbing,left,1.0,1.0,978.0,1028.0,177.0,163.0,340.0,12.0,4.0,4.0,24,4,12836,948,222,56,,,,,
4006.2063040940557,absorbing,left,2.0,1.0,978.0,1028.0,177.0,163.0,340.0,14.0,0.0,4.0,30,4,16244,1006,222,56,,,,,
4006.573577492032,absorbing,left,2.0,2.0,978.0,1028.0,177.0,164.0,341.0,9.0,1.0,5.0,47,4,25144,1188,222,56,,,,,
4007.006612374913,absorbing,left,3.0,2.0,978.0,1028.0,177.0,164.0,341.0,15.0,0.0,5.0,47,4,36584,1340,222,56,,,,,
4007.4363052549306,absorbing,left,3.0,3.0,978.0,1028.0,177.0,164.0,341.0,13.0,0.0,5.0,48,4,47136,1468,222,56,,,,,
4007.9086377720814,absorbing,left,4.0,3.0,978.0,1028.0,177.0,164.0,341.0,13.0,0.0,5.0,87,4,85240,1910,222,56,,,,,
4008.393787258072,absorbing,left,4.0,4.0,978.0,1028.0,177.0,164.0,341.0,13.0,0.0,5.0,67,4,98720,1984,222,56,,,,,
4009.026337293908,absorbing,left,5.0,4.0,978.0,1028.0,177.0,164.0,341.0,12.0,0.0,5.0,191,4,177472,2532,222,56,,,,,
4009.819127461873,absorbing,left,5.0,5.0,978.0,1028.0,177.0,166.0,343.0,13.0,2.0,7.0,188,4,309988,3002,222,56,,,,,
4010.8307644368615,absorbing,left,5.0,6.0,978.0,1028.0,177.0,166.0,343.0,12.0,0.0,7.0,241,4,526068,3626,222,56,,,,,
4012.2126941150054,absorbing,left,5.0,7.0,978.0,1028.0,177.0,167.0,344.0,9.0,1.0,8.0,232,4,645840,3786,222,56,,,,,
4013.5705381268635,absorbing,left,5.0,8.0,978.0,1028.0,177.0,167.0,344.0,12.0,0.0,8.0,355,4,831356,4232,222,56,,,,,
4025.3228614679538,unswapping,,,,,,,,,,,,309,4,932324,4128,222,56,0.0,both,0.0,19.0,19.0
4028.614121191902,unswapping,,,,,,,,,,,,302,4,704816,3506,222,56,0.0,both,1.0,16.0,35.0
4030.692366387928,unswapping,,,,,,,,,,,,298,4,596120,3164,222,56,0.0,left,0.0,16.0,51.0
4032.7484931529034,unswapping,,,,,,,,,,,,166,4,330172,2404,222,56,0.0,left,1.0,21.0,72.0
4033.679126906907,unswapping,,,,,,,,,,,,151,4,295428,2258,222,56,0.0,right,0.0,11.0,83.0
4035.435188720934,unswapping,,,,,,,,,,,,149,4,220908,2118,222,56,0.0,right,1.0,6.0,89.0
4036.84549001907,unswapping,,,,,,,,,,,,144,4,190596,1978,222,56,1.0,both,0.0,13.0,13.0
4038.947442466859,unswapping,,,,,,,,,,,,141,4,174336,1856,222,56,1.0,both,1.0,13.0,26.0
4039.752177471062,unswapping,,,,,,,,,,,,80,4,110168,1590,222,56,1.0,left,0.0,8.0,34.0
4040.4031388650183,unswapping,,,,,,,,,,,,79,4,102812,1546,222,56,1.0,left,1.0,6.0,40.0
4040.959079673048,unswapping,,,,,,,,,,,,78,4,97184,1492,222,56,1.0,right,0.0,5.0,45.0
4041.5634699228685,unswapping,,,,,,,,,,,,78,4,96576,1484,222,56,1.0,right,1.0,2.0,47.0
4042.8160773168784,unswapping,,,,,,,,,,,,75,4,77628,1344,222,56,2.0,both,0.0,12.0,12.0
4043.845734735951,unswapping,,,,,,,,,,,,74,4,70916,1266,222,56,2.0,both,1.0,7.0,19.0
4044.3782000569627,unswapping,,,,,,,,,,,,74,4,70556,1260,222,56,2.0,left,0.0,1.0,20.0
4044.9163775618654,unswapping,,,,,,,,,,,,74,4,54060,1180,222,56,2.0,left,1.0,3.0,23.0
4045.4200157730374,unswapping,,,,,,,,,,,,61,4,39164,1104,222,56,2.0,right,0.0,1.0,24.0
4045.896607355913,unswapping,,,,,,,,,,,,61,4,39116,1100,222,56,2.0,right,1.0,2.0,26.0
4046.871505315881,unswapping,,,,,,,,,,,,60,4,32436,1034,222,56,3.0,both,0.0,7.0,7.0
4047.8502781209536,unswapping,,,,,,,,,,,,35,4,20120,916,222,56,3.0,both,1.0,7.0,14.0
4048.519917643862,unswapping,,,,,,,,,,,,35,4,19088,904,222,56,3.0,left,0.0,2.0,16.0
4048.9781505579595,unswapping,,,,,,,,,,,,35,4,17276,886,222,56,3.0,left,1.0,2.0,18.0
4049.443793831859,unswapping,,,,,,,,,,,,34,4,13892,838,222,56,3.0,right,0.0,4.0,22.0
4049.869919585064,unswapping,,,,,,,,,,,,28,4,12092,814,222,56,3.0,right,1.0,4.0,26.0
4050.7426315590274,unswapping,,,,,,,,,,,,26,4,10388,780,222,56,4.0,both,0.0,5.0,5.0
4051.603519927012,unswapping,,,,,,,,,,,,23,4,8560,732,222,56,4.0,both,1.0,8.0,13.0
4052.0184150820132,unswapping,,,,,,,,,,,,22,4,8156,724,222,56,4.0,left,0.0,3.0,16.0
4052.276057878975,unswapping,,,,,,,,,,,,22,4,8156,724,222,56,4.0,left,1.0,0.0,16.0
4052.684228128055,unswapping,,,,,,,,,,,,22,4,7940,714,222,56,4.0,right,0.0,4.0,20.0
4053.091251734877,unswapping,,,,,,,,,,,,22,4,7772,708,222,56,4.0,right,1.0,2.0,22.0
4053.9070123310667,unswapping,,,,,,,,,,,,22,4,7620,700,222,56,5.0,both,0.0,3.0,3.0
4054.6988517348655,unswapping,,,,,,,,,,,,22,4,7608,698,222,56,5.0,both,1.0,4.0,7.0
4055.118887374876,unswapping,,,,,,,,,,,,21,4,7428,692,222,56,5.0,left,0.0,2.0,9.0
4055.368840167066,unswapping,,,,,,,,,,,,21,4,7428,692,222,56,5.0,left,1.0,0.0,9.0
4055.76819453598,unswapping,,,,,,,,,,,,21,4,7380,688,222,56,5.0,right,0.0,1.0,10.0
4056.1680251338985,unswapping,,,,,,,,,,,,21,4,7272,686,222,56,5.0,right,1.0,1.0,11.0
4056.9888775320724,unswapping,,,,,,,,,,,,20,4,7004,680,222,56,6.0,both,0.0,3.0,3.0
4057.7864902920555,unswapping,,,,,,,,,,,,20,4,6944,674,222,56,6.0,both,1.0,2.0,5.0
4058.034090146888,unswapping,,,,,,,,,,,,20,4,6944,674,222,56,6.0,left,0.0,0.0,5.0
4058.2843723578844,unswapping,,,,,,,,,,,,20,4,6944,674,222,56,6.0,left,1.0,0.0,5.0
4058.753458498046,unswapping,,,,,,,,,,,,20,4,6944,674,222,56,6.0,right,0.0,0.0,5.0
4058.9957933260594,unswapping,,,,,,,,,,,,20,4,6944,674,222,56,6.0,right,1.0,0.0,5.0
4059.7904640929773,unswapping,,,,,,,,,,,,20,4,6884,668,222,56,7.0,both,0.0,2.0,2.0
4060.580964331981,unswapping,,,,,,,,,,,,20,4,6824,662,222,56,7.0,both,1.0,2.0,4.0
4060.8301534769125,unswapping,,,,,,,,,,,,20,4,6824,662,222,56,7.0,left,0.0,0.0,4.0
4061.0803442159668,unswapping,,,,,,,,,,,,20,4,6824,662,222,56,7.0,left,1.0,0.0,4.0
4061.328153016977,unswapping,,,,,,,,,,,,20,4,6824,662,222,56,7.0,right,0.0,0.0,4.0
4061.5686637379695,unswapping,,,,,,,,,,,,20,4,6824,662,222,56,7.0,right,1.0,0.0,4.0
4062.35670768586,unswapping,,,,,,,,,,,,20,4,6812,660,222,56,8.0,both,0.0,1.0,1.0
4062.851797075011,unswapping,,,,,,,,,,,,20,4,6812,660,222,56,8.0,both,1.0,0.0,1.0
4063.1005360758863,unswapping,,,,,,,,,,,,20,4,6812,660,222,56,8.0,left,0.0,0.0,1.0
4063.349809807958,unswapping,,,,,,,,,,,,20,4,6812,660,222,56,8.0,left,1.0,0.0,1.0
4063.6106911699753,unswapping,,,,,,,,,,,,20,4,6812,660,222,56,8.0,right,0.0,0.0,1.0
4063.853718804894,unswapping,,,,,,,,,,,,20,4,6812,660,222,56,8.0,right,1.0,0.0,1.0
4064.346448051976,unswapping,,,,,,,,,,,,20,4,6812,660,222,56,9.0,both,0.0,0.0,0.0
4064.836172342999,unswapping,,,,,,,,,,,,20,4,6812,660,222,56,9.0,both,1.0,0.0,0.0
4065.0827202759683,unswapping,,,,,,,,,,,,20,4,6812,660,222,56,9.0,left,0.0,0.0,0.0
4065.3339335219935,unswapping,,,,,,,,,,,,20,4,6812,660,222,56,9.0,left,1.0,0.0,0.0
4065.579802593915,unswapping,,,,,,,,,,,,20,4,6812,660,222,56,9.0,right,0.0,0.0,0.0
4065.8211707810406,unswapping,,,,,,,,,,,,20,4,6812,660,222,56,9.0,right,1.0,0.0,0.0
4074.709917352069,absorbing,left,1.0,0.0,895.0,912.0,178.0,167.0,345.0,10.0,1.0,1.0,20,4,6940,668,222,56,,,,,
4075.028982726857,absorbing,left,1.0,1.0,895.0,912.0,178.0,168.0,346.0,12.0,1.0,2.0,24,4,8684,776,222,56,,,,,
4075.35630482086,absorbing,left,2.0,1.0,895.0,912.0,178.0,168.0,346.0,9.0,0.0,2.0,27,4,9120,742,222,56,,,,,
4075.682833489962,absorbing,left,3.0,1.0,895.0,912.0,178.0,168.0,346.0,10.0,0.0,2.0,26,4,11752,850,222,56,,,,,
4076.021442698082,absorbing,left,4.0,1.0,895.0,912.0,178.0,168.0,346.0,12.0,0.0,2.0,32,4,17936,1012,222,56,,,,,
4076.3884051609784,absorbing,left,4.0,2.0,895.0,912.0,178.0,168.0,346.0,14.0,0.0,2.0,47,4,22912,1062,222,56,,,,,
4076.747793870978,absorbing,left,4.0,3.0,895.0,912.0,178.0,170.0,348.0,14.0,2.0,4.0,44,4,27792,1122,222,56,,,,,
4077.125209139893,absorbing,left,5.0,3.0,895.0,912.0,178.0,170.0,348.0,9.0,0.0,4.0,42,4,33984,1196,222,56,,,,,
4077.4980515348725,absorbing,left,5.0,4.0,895.0,912.0,178.0,171.0,349.0,13.0,1.0,5.0,41,4,34644,1238,222,56,,,,,
4077.867922625039,absorbing,left,5.0,5.0,895.0,912.0,178.0,171.0,349.0,12.0,0.0,5.0,81,4,51344,1422,222,56,,,,,
4078.2429524010513,absorbing,left,5.0,6.0,895.0,912.0,178.0,172.0,350.0,9.0,1.0,6.0,80,4,61276,1558,222,56,,,,,
4078.641148181865,absorbing,left,5.0,7.0,895.0,912.0,178.0,172.0,350.0,10.0,0.0,6.0,79,4,64452,1644,222,56,,,,,
4079.0381063590758,absorbing,left,5.0,8.0,895.0,912.0,178.0,172.0,350.0,10.0,0.0,6.0,78,4,72072,1798,222,56,,,,,
4079.4990857718512,absorbing,left,6.0,8.0,895.0,912.0,178.0,172.0,350.0,10.0,0.0,6.0,113,4,86060,1792,222,56,,,,,
4079.9849927779287,absorbing,left,6.0,9.0,895.0,912.0,178.0,173.0,351.0,10.0,1.0,7.0,111,4,96792,1994,222,56,,,,,
4080.524293669965,absorbing,left,7.0,9.0,895.0,912.0,178.0,173.0,351.0,11.0,0.0,7.0,109,4,112588,1886,222,56,,,,,
4081.084507806925,absorbing,left,8.0,9.0,895.0,912.0,179.0,173.0,352.0,9.0,1.0,8.0,87,4,108796,1958,222,56,,,,,
4081.632697816938,absorbing,left,8.0,10.0,895.0,912.0,179.0,174.0,353.0,13.0,1.0,9.0,85,4,123980,2136,222,56,,,,,
4082.1527725320775,absorbing,left,9.0,10.0,895.0,912.0,181.0,174.0,355.0,11.0,2.0,11.0,83,4,144488,2246,222,56,,,,,
4082.8191661629826,absorbing,left,9.0,11.0,895.0,912.0,181.0,175.0,356.0,12.0,1.0,12.0,82,4,148576,2302,222,56,,,,,
4083.54755068291,absorbing,left,9.0,12.0,895.0,912.0,181.0,175.0,356.0,12.0,0.0,12.0,128,4,218632,2944,222,56,,,,,
4084.364681144012,absorbing,left,10.0,12.0,895.0,912.0,182.0,175.0,357.0,12.0,1.0,13.0,178,4,251428,2874,222,56,,,,,
4085.0213140829,absorbing,left,11.0,12.0,895.0,912.0,183.0,175.0,358.0,12.0,1.0,14.0,171,4,239712,2840,222,56,,,,,
4085.8029716219753,absorbing,left,12.0,12.0,895.0,912.0,183.0,175.0,358.0,11.0,0.0,14.0,166,4,308812,3040,222,56,,,,,
4086.534720723983,absorbing,left,12.0,13.0,895.0,912.0,183.0,176.0,359.0,10.0,1.0,15.0,182,4,393748,3372,222,56,,,,,
4087.5025868189987,absorbing,left,12.0,14.0,895.0,912.0,183.0,177.0,360.0,11.0,1.0,16.0,174,4,433432,3566,222,56,,,,,
4088.3541714109015,absorbing,left,12.0,15.0,895.0,912.0,183.0,179.0,362.0,9.0,2.0,18.0,191,4,474280,3724,222,56,,,,,
4089.3306837719865,absorbing,left,13.0,15.0,895.0,912.0,183.0,179.0,362.0,12.0,0.0,18.0,178,4,489656,3682,222,56,,,,,
4090.1974695478566,absorbing,left,14.0,15.0,895.0,912.0,183.0,179.0,362.0,11.0,0.0,18.0,167,4,444692,3438,222,56,,,,,
4091.062277250923,absorbing,left,14.0,16.0,895.0,912.0,183.0,181.0,364.0,9.0,2.0,20.0,159,4,382048,3342,222,56,,,,,
4091.820386855863,absorbing,left,15.0,16.0,895.0,912.0,184.0,181.0,365.0,10.0,1.0,21.0,116,4,330876,3170,222,56,,,,,
4092.686825983925,absorbing,left,15.0,17.0,895.0,912.0,184.0,183.0,367.0,7.0,2.0,23.0,110,4,311456,3160,222,56,,,,,
4093.5062851300463,absorbing,left,16.0,17.0,895.0,912.0,187.0,183.0,370.0,7.0,3.0,26.0,142,4,323888,3320,222,56,,,,,
4094.446822402999,absorbing,left,16.0,18.0,895.0,912.0,187.0,183.0,370.0,11.0,0.0,26.0,96,4,313216,3380,222,56,,,,,
4095.372877907008,absorbing,left,17.0,18.0,895.0,912.0,187.0,183.0,370.0,9.0,0.0,26.0,141,4,354956,3544,222,56,,,,,
4096.568255075021,absorbing,left,17.0,19.0,895.0,912.0,187.0,183.0,370.0,13.0,0.0,26.0,111,4,365012,3688,222,56,,,,,
4097.319990976015,absorbing,left,18.0,19.0,895.0,912.0,188.0,183.0,371.0,7.0,1.0,27.0,171,4,454568,3880,222,56,,,,,
4098.322722497862,absorbing,left,19.0,19.0,895.0,912.0,188.0,183.0,371.0,9.0,0.0,27.0,238,4,509700,3952,222,56,,,,,
4099.189404054079,absorbing,left,19.0,20.0,895.0,912.0,188.0,183.0,371.0,12.0,0.0,27.0,317,4,645904,4492,222,56,,,,,
4100.478035783861,absorbing,left,20.0,20.0,895.0,912.0,188.0,183.0,371.0,10.0,0.0,27.0,211,4,419448,3564,222,56,,,,,
4101.671950084856,absorbing,left,20.0,21.0,895.0,912.0,188.0,184.0,372.0,14.0,1.0,28.0,147,4,383868,3740,222,56,,,,,
4102.979122773977,absorbing,left,20.0,22.0,895.0,912.0,188.0,187.0,375.0,12.0,3.0,31.0,136,4,391832,3982,222,56,,,,,
4103.859084128868,absorbing,left,21.0,22.0,895.0,912.0,190.0,187.0,377.0,9.0,2.0,33.0,182,4,358928,3742,222,56,,,,,
4104.717644161079,absorbing,left,21.0,23.0,895.0,912.0,190.0,187.0,377.0,14.0,0.0,33.0,114,4,284152,3512,222,56,,,,,
4105.492121323012,absorbing,left,21.0,24.0,895.0,912.0,190.0,188.0,378.0,15.0,1.0,34.0,118,4,288744,3836,222,56,,,,,
4106.22923178901,absorbing,left,22.0,24.0,895.0,912.0,190.0,188.0,378.0,11.0,0.0,34.0,136,4,310360,3768,222,56,,,,,
4106.940623632865,absorbing,left,23.0,24.0,895.0,912.0,190.0,188.0,378.0,12.0,0.0,34.0,135,4,322076,3540,222,56,,,,,
4107.81543483492,absorbing,left,24.0,24.0,895.0,912.0,191.0,188.0,379.0,10.0,1.0,35.0,121,4,324144,3498,222,56,,,,,
4108.676128051011,absorbing,left,25.0,24.0,895.0,912.0,192.0,188.0,380.0,12.0,1.0,36.0,117,4,296704,3288,222,56,,,,,
4109.661334394012,absorbing,left,25.0,25.0,895.0,912.0,192.0,192.0,384.0,11.0,4.0,40.0,123,4,300052,3444,222,56,,,,,
4110.5597819769755,absorbing,left,26.0,25.0,895.0,912.0,194.0,192.0,386.0,10.0,2.0,42.0,113,4,288880,3270,222,56,,,,,
4111.565904131858,absorbing,left,26.0,26.0,895.0,912.0,194.0,192.0,386.0,16.0,0.0,42.0,108,4,254892,3292,222,56,,,,,
4112.1988274338655,absorbing,left,27.0,26.0,895.0,912.0,194.0,192.0,386.0,12.0,0.0,42.0,106,4,243672,3148,222,56,,,,,
4112.862969229929,absorbing,left,28.0,26.0,895.0,912.0,194.0,192.0,386.0,12.0,0.0,42.0,104,4,212632,2892,222,56,,,,,
4113.489616821054,absorbing,left,29.0,26.0,895.0,912.0,195.0,192.0,387.0,11.0,1.0,43.0,101,4,197512,2840,222,56,,,,,
4114.131008633878,absorbing,left,30.0,26.0,895.0,912.0,196.0,192.0,388.0,10.0,1.0,44.0,99,4,203576,3030,222,56,,,,,
4114.69396918593,absorbing,left,31.0,26.0,895.0,912.0,198.0,192.0,390.0,9.0,2.0,46.0,97,4,218332,3210,222,56,,,,,
4115.3306411230005,absorbing,left,32.0,26.0,895.0,912.0,201.0,192.0,393.0,7.0,3.0,49.0,95,4,238704,3448,222,56,,,,,
4116.119301565923,absorbing,left,32.0,27.0,895.0,912.0,201.0,194.0,395.0,14.0,2.0,51.0,161,4,265816,3408,222,56,,,,,
4116.846099661896,absorbing,left,33.0,27.0,895.0,912.0,201.0,194.0,395.0,10.0,0.0,51.0,150,4,297520,3684,222,56,,,,,
4117.540912955999,absorbing,left,34.0,27.0,895.0,912.0,201.0,194.0,395.0,10.0,0.0,51.0,142,4,352444,4040,222,56,,,,,
4118.46114653605,absorbing,left,34.0,28.0,895.0,912.0,201.0,197.0,398.0,12.0,3.0,54.0,191,4,468900,4352,222,56,,,,,
4119.230516121956,absorbing,left,34.0,29.0,895.0,912.0,201.0,198.0,399.0,12.0,1.0,55.0,181,4,424748,4182,222,56,,,,,
4119.980573157081,absorbing,left,35.0,29.0,895.0,912.0,201.0,198.0,399.0,8.0,0.0,55.0,234,4,538708,4642,222,56,,,,,
4120.685728678014,absorbing,left,36.0,29.0,895.0,912.0,201.0,198.0,399.0,6.0,0.0,55.0,222,4,625260,4906,222,56,,,,,
4121.4231720380485,absorbing,left,37.0,29.0,895.0,912.0,202.0,198.0,400.0,5.0,1.0,56.0,213,4,714332,5152,222,56,,,,,
4122.335988527862,absorbing,left,38.0,29.0,895.0,912.0,202.0,198.0,400.0,7.0,0.0,56.0,204,4,700632,5230,222,56,,,,,
4123.312333218986,absorbing,left,39.0,29.0,895.0,912.0,202.0,198.0,400.0,9.0,0.0,56.0,194,4,725512,5508,222,56,,,,,
4124.587190933991,absorbing,left,39.0,30.0,895.0,912.0,202.0,199.0,401.0,10.0,1.0,57.0,183,4,748500,5514,222,56,,,,,
4125.993985882029,absorbing,left,40.0,30.0,895.0,912.0,202.0,199.0,401.0,9.0,0.0,57.0,172,4,702136,5368,222,56,,,,,
4127.4308767360635,absorbing,left,41.0,30.0,895.0,912.0,202.0,199.0,401.0,10.0,0.0,57.0,165,4,795588,5832,222,56,,,,,
4129.956674288958,absorbing,left,41.0,31.0,895.0,912.0,202.0,200.0,402.0,10.0,1.0,58.0,287,4,943392,6358,222,56,,,,,
4132.247050998965,absorbing,left,41.0,32.0,895.0,912.0,202.0,200.0,402.0,12.0,0.0,58.0,269,4,955020,6390,222,56,,,,,
4141.464649088914,unswapping,,,,,,,,,,,,158,4,686460,5674,222,56,0.0,both,0.0,22.0,22.0
4147.062045213999,unswapping,,,,,,,,,,,,123,4,432384,4448,222,56,0.0,both,1.0,35.0,57.0
4149.0591641829815,unswapping,,,,,,,,,,,,121,4,301280,3700,222,56,0.0,left,0.0,27.0,84.0
4150.5133440580685,unswapping,,,,,,,,,,,,116,4,192676,2876,222,56,0.0,left,1.0,33.0,117.0
4151.178402718855,unswapping,,,,,,,,,,,,112,4,162884,2540,222,56,0.0,right,0.0,13.0,130.0
4151.842676725006,unswapping,,,,,,,,,,,,109,4,125244,2276,222,56,0.0,right,1.0,10.0,140.0
4153.143121298868,unswapping,,,,,,,,,,,,105,4,83612,1802,222,56,1.0,both,0.0,17.0,17.0
4154.351305547869,unswapping,,,,,,,,,,,,101,4,69184,1544,222,56,1.0,both,1.0,14.0,31.0
4154.83949762187,unswapping,,,,,,,,,,,,99,4,67652,1524,222,56,1.0,left,0.0,3.0,34.0
4155.373484018026,unswapping,,,,,,,,,,,,98,4,66412,1514,222,56,1.0,left,1.0,4.0,38.0
4155.88077669288,unswapping,,,,,,,,,,,,97,4,64652,1488,222,56,1.0,right,0.0,5.0,43.0
4156.438322343864,unswapping,,,,,,,,,,,,96,4,60856,1450,222,56,1.0,right,1.0,6.0,49.0
4157.443888167851,unswapping,,,,,,,,,,,,92,4,52176,1324,222,56,2.0,both,0.0,12.0,12.0
4158.385110531002,unswapping,,,,,,,,,,,,90,4,49008,1290,222,56,2.0,both,1.0,5.0,17.0
4158.865750371013,unswapping,,,,,,,,,,,,55,4,36124,1192,222,56,2.0,left,0.0,5.0,22.0
4159.549977972871,unswapping,,,,,,,,,,,,54,4,34584,1154,222,56,2.0,left,1.0,3.0,25.0
4160.000613606069,unswapping,,,,,,,,,,,,54,4,34032,1136,222,56,2.0,right,0.0,2.0,27.0
4160.287993655074,unswapping,,,,,,,,,,,,54,4,34032,1136,222,56,2.0,right,1.0,2.0,29.0
4161.213433032855,unswapping,,,,,,,,,,,,54,4,24376,1066,222,56,3.0,both,0.0,3.0,3.0
4162.150370464893,unswapping,,,,,,,,,,,,46,4,20176,990,222,56,3.0,both,1.0,9.0,12.0
4162.593557324028,unswapping,,,,,,,,,,,,44,4,16332,950,222,56,3.0,left,0.0,5.0,17.0
4163.033153669909,unswapping,,,,,,,,,,,,22,4,11660,890,222,56,3.0,left,1.0,2.0,19.0
4163.298783499049,unswapping,,,,,,,,,,,,22,4,11660,890,222,56,3.0,right,0.0,1.0,20.0
4163.565820195014,unswapping,,,,,,,,,,,,22,4,11660,890,222,56,3.0,right,1.0,1.0,21.0
4164.422657218995,unswapping,,,,,,,,,,,,21,4,10364,848,222,56,4.0,both,0.0,5.0,5.0
4165.256935148034,unswapping,,,,,,,,,,,,21,4,10244,836,222,56,4.0,both,1.0,4.0,9.0
4165.674254589947,unswapping,,,,,,,,,,,,21,4,10196,832,222,56,4.0,left,0.0,1.0,10.0
4166.090114651015,unswapping,,,,,,,,,,,,21,4,9956,820,222,56,4.0,left,1.0,2.0,12.0
4166.3514674059115,unswapping,,,,,,,,,,,,21,4,9956,820,222,56,4.0,right,0.0,0.0,12.0
4166.609041979071,unswapping,,,,,,,,,,,,21,4,9956,820,222,56,4.0,right,1.0,1.0,13.0
4167.432119772071,unswapping,,,,,,,,,,,,21,4,9704,806,222,56,5.0,both,0.0,2.0,2.0
4168.253423765069,unswapping,,,,,,,,,,,,21,4,9404,788,222,56,5.0,both,1.0,4.0,6.0
4168.514332951978,unswapping,,,,,,,,,,,,21,4,9404,788,222,56,5.0,left,0.0,0.0,6.0
4168.774208341958,unswapping,,,,,,,,,,,,21,4,9404,788,222,56,5.0,left,1.0,1.0,7.0
4169.0331187818665,unswapping,,,,,,,,,,,,21,4,9404,788,222,56,5.0,right,0.0,0.0,7.0
4169.288664072985,unswapping,,,,,,,,,,,,21,4,9404,788,222,56,5.0,right,1.0,1.0,8.0
4170.335090812994,unswapping,,,,,,,,,,,,21,4,9104,770,222,56,6.0,both,0.0,3.0,3.0
4171.15195783996,unswapping,,,,,,,,,,,,21,4,8804,752,222,56,6.0,both,1.0,4.0,7.0
4171.4092476430815,unswapping,,,,,,,,,,,,21,4,8804,752,222,56,6.0,left,0.0,0.0,7.0
4171.663602368906,unswapping,,,,,,,,,,,,21,4,8804,752,222,56,6.0,left,1.0,1.0,8.0
4172.066480146954,unswapping,,,,,,,,,,,,21,4,8644,744,222,56,6.0,right,0.0,1.0,9.0
4172.470254584914,unswapping,,,,,,,,,,,,21,4,8484,734,222,56,6.0,right,1.0,2.0,11.0
4173.269890184049,unswapping,,,,,,,,,,,,21,4,8472,732,222,56,7.0,both,0.0,2.0,2.0
4173.774220913881,unswapping,,,,,,,,,,,,21,4,8472,732,222,56,7.0,both,1.0,1.0,3.0
4174.031177174067,unswapping,,,,,,,,,,,,21,4,8472,732,222,56,7.0,left,0.0,0.0,3.0
4174.288172994042,unswapping,,,,,,,,,,,,21,4,8472,732,222,56,7.0,left,1.0,1.0,4.0
4174.689917030977,unswapping,,,,,,,,,,,,21,4,8432,728,222,56,7.0,right,0.0,1.0,5.0
4174.942392878933,unswapping,,,,,,,,,,,,21,4,8432,728,222,56,7.0,right,1.0,2.0,7.0
4175.446772509022,unswapping,,,,,,,,,,,,21,4,8432,728,222,56,8.0,both,0.0,1.0,1.0
4176.250419017859,unswapping,,,,,,,,,,,,21,4,8380,722,222,56,8.0,both,1.0,4.0,5.0
4176.506929178955,unswapping,,,,,,,,,,,,21,4,8380,722,222,56,8.0,left,0.0,0.0,5.0
4176.761020052014,unswapping,,,,,,,,,,,,21,4,8380,722,222,56,8.0,left,1.0,1.0,6.0
4177.014175029937,unswapping,,,,,,,,,,,,21,4,8380,722,222,56,8.0,right,0.0,0.0,6.0
4177.26494385791,unswapping,,,,,,,,,,,,21,4,8380,722,222,56,8.0,right,1.0,1.0,7.0
4178.0718180439435,unswapping,,,,,,,,,,,,21,4,8320,714,222,56,9.0,both,0.0,2.0,2.0
4178.875651448034,unswapping,,,,,,,,,,,,21,4,8296,710,222,56,9.0,both,1.0,3.0,5.0
4179.129444078077,unswapping,,,,,,,,,,,,21,4,8296,710,222,56,9.0,left,0.0,0.0,5.0
4179.603731564945,unswapping,,,,,,,,,,,,21,4,8296,710,222,56,9.0,left,1.0,1.0,6.0
4179.853913438041,unswapping,,,,,,,,,,,,21,4,8296,710,222,56,9.0,right,0.0,0.0,6.0
4180.103701168904,unswapping,,,,,,,,,,,,21,4,8296,710,222,56,9.0,right,1.0,1.0,7.0
4180.898642048007,unswapping,,,,,,,,,,,,21,4,8284,708,222,56,10.0,both,0.0,1.0,1.0
4181.690085642971,unswapping,,,,,,,,,,,,21,4,8272,706,222,56,10.0,both,1.0,2.0,3.0
4181.944850506028,unswapping,,,,,,,,,,,,21,4,8272,706,222,56,10.0,left,0.0,0.0,3.0
4182.197905119043,unswapping,,,,,,,,,,,,21,4,8272,706,222,56,10.0,left,1.0,1.0,4.0
4182.447085445048,unswapping,,,,,,,,,,,,21,4,8272,706,222,56,10.0,right,0.0,0.0,4.0
4182.696425996022,unswapping,,,,,,,,,,,,21,4,8272,706,222,56,10.0,right,1.0,1.0,5.0
4183.48938197596,unswapping,,,,,,,,,,,,21,4,8260,704,222,56,11.0,both,0.0,1.0,1.0
4184.280154648935,unswapping,,,,,,,,,,,,21,4,8248,702,222,56,11.0,both,1.0,2.0,3.0
4184.534399945987,unswapping,,,,,,,,,,,,21,4,8248,702,222,56,11.0,left,0.0,0.0,3.0
4184.787984668976,unswapping,,,,,,,,,,,,21,4,8248,702,222,56,11.0,left,1.0,1.0,4.0
4185.038902012864,unswapping,,,,,,,,,,,,21,4,8248,702,222,56,11.0,right,0.0,0.0,4.0
4185.289007599931,unswapping,,,,,,,,,,,,21,4,8248,702,222,56,11.0,right,1.0,1.0,5.0
4185.787787175039,unswapping,,,,,,,,,,,,21,4,8248,702,222,56,12.0,both,0.0,0.0,0.0
4186.288418638986,unswapping,,,,,,,,,,,,21,4,8248,702,222,56,12.0,both,1.0,1.0,1.0
4186.554457563907,unswapping,,,,,,,,,,,,21,4,8248,702,222,56,12.0,left,0.0,0.0,1.0
4186.806412048871,unswapping,,,,,,,,,,,,21,4,8248,702,222,56,12.0,left,1.0,1.0,2.0
4187.0567086960655,unswapping,,,,,,,,,,,,21,4,8248,702,222,56,12.0,right,0.0,0.0,2.0
4187.306066005025,unswapping,,,,,,,,,,,,21,4,8248,702,222,56,12.0,right,1.0,1.0,3.0
4195.839189291,absorbing,left,1.0,0.0,823.0,833.0,202.0,200.0,402.0,15.0,0.0,0.0,21,4,8248,702,222,56,,,,,
4196.158654558007,absorbing,left,1.0,1.0,823.0,833.0,202.0,201.0,403.0,10.0,1.0,1.0,30,4,11972,820,222,56,,,,,
4196.5074070179835,absorbing,left,2.0,1.0,823.0,833.0,202.0,201.0,403.0,13.0,0.0,1.0,30,4,15400,898,222,56,,,,,
4196.867386865895,absorbing,left,2.0,2.0,823.0,833.0,202.0,202.0,404.0,9.0,1.0,2.0,54,4,24864,1024,222,56,,,,,
4197.241095236037,absorbing,left,3.0,2.0,823.0,833.0,203.0,202.0,405.0,13.0,1.0,3.0,64,4,26056,1092,222,56,,,,,
4197.617432283936,absorbing,left,3.0,3.0,823.0,833.0,203.0,203.0,406.0,9.0,1.0,4.0,48,4,28800,1098,222,56,,,,,
4197.99340139702,absorbing,left,4.0,3.0,823.0,833.0,203.0,203.0,406.0,9.0,0.0,4.0,52,4,32404,1158,222,56,,,,,
4198.426840957021,absorbing,left,4.0,4.0,823.0,833.0,203.0,204.0,407.0,9.0,1.0,5.0,47,4,33944,1190,222,56,,,,,
4198.872920101043,absorbing,left,5.0,4.0,823.0,833.0,204.0,204.0,408.0,7.0,1.0,6.0,48,4,43244,1304,222,56,,,,,
4199.252920028986,absorbing,left,5.0,5.0,823.0,833.0,204.0,204.0,408.0,8.0,0.0,6.0,79,4,50084,1296,222,56,,,,,
4199.62950185989,absorbing,left,6.0,5.0,823.0,833.0,204.0,204.0,408.0,8.0,0.0,6.0,75,4,55320,1392,222,56,,,,,
4200.030972305918,absorbing,left,6.0,6.0,823.0,833.0,204.0,205.0,409.0,8.0,1.0,7.0,71,4,65724,1434,222,56,,,,,
4200.439652130939,absorbing,left,6.0,7.0,823.0,833.0,204.0,206.0,410.0,7.0,1.0,8.0,68,4,64220,1456,222,56,,,,,
4200.8727721939795,absorbing,left,6.0,8.0,823.0,833.0,204.0,207.0,411.0,8.0,1.0,9.0,66,4,60544,1478,222,56,,,,,
4201.27619892708,absorbing,left,6.0,9.0,823.0,833.0,204.0,208.0,412.0,7.0,1.0,10.0,64,4,57188,1502,222,56,,,,,
4201.676847029943,absorbing,left,6.0,10.0,823.0,833.0,204.0,208.0,412.0,8.0,0.0,10.0,62,4,57088,1558,222,56,,,,,
4202.1079701050185,absorbing,left,6.0,11.0,823.0,833.0,204.0,208.0,412.0,9.0,0.0,10.0,61,4,63816,1730,222,56,,,,,
4202.54112145002,absorbing,left,6.0,12.0,823.0,833.0,204.0,209.0,413.0,8.0,1.0,11.0,64,4,90876,2072,222,56,,,,,
4203.002190042054,absorbing,left,7.0,12.0,823.0,833.0,204.0,209.0,413.0,8.0,0.0,11.0,117,4,128180,2294,222,56,,,,,
4203.456903262064,absorbing,left,8.0,12.0,823.0,833.0,204.0,209.0,413.0,12.0,0.0,11.0,112,4,164196,2366,222,56,,,,,
4204.091732460074,absorbing,left,9.0,12.0,823.0,833.0,204.0,209.0,413.0,11.0,0.0,11.0,124,4,198412,2480,222,56,,,,,
4204.680927050067,absorbing,left,10.0,12.0,823.0,833.0,204.0,209.0,413.0,11.0,0.0,11.0,118,4,237364,2636,222,56,,,,,
4205.292462286074,absorbing,left,10.0,13.0,823.0,833.0,204.0,210.0,414.0,9.0,1.0,12.0,128,4,311340,3162,222,56,,,,,
4205.952095763059,absorbing,left,11.0,13.0,823.0,833.0,206.0,210.0,416.0,10.0,2.0,14.0,289,4,492132,3616,222,56,,,,,
4206.823513563955,absorbing,left,11.0,14.0,823.0,833.0,206.0,211.0,417.0,10.0,1.0,15.0,276,4,659288,4208,222,56,,,,,
4208.18387180008,absorbing,left,11.0,15.0,823.0,833.0,206.0,213.0,419.0,12.0,2.0,17.0,259,4,801672,4764,222,56,,,,,
4215.2045725879725,unswapping,,,,,,,,,,,,336,4,768312,3826,222,56,0.0,both,0.0,18.0,18.0
4218.253600500058,unswapping,,,,,,,,,,,,216,4,284792,2706,222,56,0.0,both,1.0,15.0,33.0
4219.3044234488625,unswapping,,,,,,,,,,,,91,4,130652,1998,222,56,0.0,left,0.0,17.0,50.0
4220.163664828986,unswapping,,,,,,,,,,,,81,4,76232,1676,222,56,0.0,left,1.0,16.0,66.0
4220.954285401851,unswapping,,,,,,,,,,,,65,4,58712,1506,222,56,0.0,right,0.0,10.0,76.0
4221.61598085193,unswapping,,,,,,,,,,,,55,4,49988,1414,222,56,0.0,right,1.0,6.0,82.0
4222.65449915803,unswapping,,,,,,,,,,,,38,4,36332,1278,222,56,1.0,both,0.0,6.0,6.0
4223.796074324986,unswapping,,,,,,,,,,,,34,4,30688,1164,222,56,1.0,both,1.0,13.0,19.0
4224.266420679865,unswapping,,,,,,,,,,,,33,4,26524,1086,222,56,1.0,left,0.0,4.0,23.0
4224.733655463904,unswapping,,,,,,,,,,,,32,4,23812,1040,222,56,1.0,left,1.0,5.0,28.0
4225.179472154938,unswapping,,,,,,,,,,,,32,4,22164,1018,222,56,1.0,right,0.0,3.0,31.0
4225.620785750914,unswapping,,,,,,,,,,,,30,4,18080,958,222,56,1.0,right,1.0,3.0,34.0
4226.5087653328665,unswapping,,,,,,,,,,,,28,4,13696,864,222,56,2.0,both,0.0,9.0,9.0
4227.369677589042,unswapping,,,,,,,,,,,,28,4,12920,826,222,56,2.0,both,1.0,7.0,16.0
4227.633958655875,unswapping,,,,,,,,,,,,28,4,12920,826,222,56,2.0,left,0.0,2.0,18.0
4228.06243203301,unswapping,,,,,,,,,,,,28,4,10800,794,222,56,2.0,left,1.0,1.0,19.0
4228.469344748883,unswapping,,,,,,,,,,,,28,4,10344,776,222,56,2.0,right,0.0,2.0,21.0
4228.884197101928,unswapping,,,,,,,,,,,,28,4,10272,774,222,56,2.0,right,1.0,2.0,23.0
4229.712621989893,unswapping,,,,,,,,,,,,28,4,8832,734,222,56,3.0,both,0.0,7.0,7.0
4230.548706609989,unswapping,,,,,,,,,,,,28,4,8332,716,222,56,3.0,both,1.0,3.0,10.0
4230.949787291931,unswapping,,,,,,,,,,,,28,4,8076,708,222,56,3.0,left,0.0,1.0,11.0
4231.213893832872,unswapping,,,,,,,,,,,,28,4,8076,708,222,56,3.0,left,1.0,0.0,11.0
4231.826870430959,unswapping,,,,,,,,,,,,28,4,7916,700,222,56,3.0,right,0.0,1.0,12.0
4232.074087715941,unswapping,,,,,,,,,,,,28,4,7916,700,222,56,3.0,right,1.0,0.0,12.0
4232.556547375862,unswapping,,,,,,,,,,,,28,4,7916,700,222,56,4.0,both,0.0,1.0,1.0
4233.3680266700685,unswapping,,,,,,,,,,,,28,4,7532,684,222,56,4.0,both,1.0,3.0,4.0
4233.613265306922,unswapping,,,,,,,,,,,,28,4,7532,684,222,56,4.0,left,0.0,0.0,4.0
4233.887670245022,unswapping,,,,,,,,,,,,28,4,7532,684,222,56,4.0,left,1.0,0.0,4.0
4234.284342333907,unswapping,,,,,,,,,,,,28,4,7276,668,222,56,4.0,right,0.0,2.0,6.0
4234.534067241009,unswapping,,,,,,,,,,,,28,4,7276,668,222,56,4.0,right,1.0,0.0,6.0
4235.307879695902,unswapping,,,,,,,,,,,,28,4,7228,664,222,56,5.0,both,0.0,2.0,2.0
4235.811495777918,unswapping,,,,,,,,,,,,28,4,7228,664,222,56,5.0,both,1.0,1.0,3.0
4236.208164600888,unswapping,,,,,,,,,,,,28,4,7100,656,222,56,5.0,left,0.0,2.0,5.0
4236.471005135914,unswapping,,,,,,,,,,,,28,4,7100,656,222,56,5.0,left,1.0,0.0,5.0
4236.711653977865,unswapping,,,,,,,,,,,,28,4,7100,656,222,56,5.0,right,0.0,0.0,5.0
4236.958399625029,unswapping,,,,,,,,,,,,28,4,7100,656,222,56,5.0,right,1.0,0.0,5.0
4237.440339517081,unswapping,,,,,,,,,,,,28,4,7100,656,222,56,6.0,both,0.0,1.0,1.0
4238.246577003971,unswapping,,,,,,,,,,,,28,4,6956,642,222,56,6.0,both,1.0,4.0,5.0
4238.483635450015,unswapping,,,,,,,,,,,,28,4,6956,642,222,56,6.0,left,0.0,0.0,5.0
4238.751992671983,unswapping,,,,,,,,,,,,28,4,6956,642,222,56,6.0,left,1.0,0.0,5.0
4238.990820885869,unswapping,,,,,,,,,,,,28,4,6956,642,222,56,6.0,right,0.0,0.0,5.0
4239.23681697296,unswapping,,,,,,,,,,,,28,4,6956,642,222,56,6.0,right,1.0,0.0,5.0
4240.016135334969,unswapping,,,,,,,,,,,,28,4,6848,632,222,56,7.0,both,0.0,4.0,4.0
4241.043018775061,unswapping,,,,,,,,,,,,28,4,6836,630,222,56,7.0,both,1.0,2.0,6.0
4241.28349690605,unswapping,,,,,,,,,,,,28,4,6836,630,222,56,7.0,left,0.0,0.0,6.0
4241.549273426877,unswapping,,,,,,,,,,,,28,4,6836,630,222,56,7.0,left,1.0,0.0,6.0
4241.785055882065,unswapping,,,,,,,,,,,,28,4,6836,630,222,56,7.0,right,0.0,0.0,6.0
4242.0300004598685,unswapping,,,,,,,,,,,,28,4,6836,630,222,56,7.0,right,1.0,0.0,6.0
4242.504710328998,unswapping,,,,,,,,,,,,28,4,6836,630,222,56,8.0,both,0.0,1.0,1.0
4243.009425539058,unswapping,,,,,,,,,,,,28,4,6836,630,222,56,8.0,both,1.0,1.0,2.0
4243.250718930038,unswapping,,,,,,,,,,,,28,4,6836,630,222,56,8.0,left,0.0,0.0,2.0
4243.516273587011,unswapping,,,,,,,,,,,,28,4,6836,630,222,56,8.0,left,1.0,0.0,2.0
4243.752597116865,unswapping,,,,,,,,,,,,28,4,6836,630,222,56,8.0,right,0.0,0.0,2.0
4243.9984995799605,unswapping,,,,,,,,,,,,28,4,6836,630,222,56,8.0,right,1.0,0.0,2.0
4252.238070541993,absorbing,left,1.0,0.0,921.0,859.0,209.0,213.0,422.0,9.0,3.0,3.0,28,4,6696,620,222,56,,,,,
4252.538459890056,absorbing,left,2.0,0.0,921.0,859.0,210.0,213.0,423.0,11.0,1.0,4.0,28,4,7468,704,222,56,,,,,
4252.848811099073,absorbing,left,2.0,1.0,921.0,859.0,210.0,213.0,423.0,12.0,0.0,4.0,28,4,7832,700,222,56,,,,,
4253.172022216953,absorbing,left,3.0,1.0,921.0,859.0,212.0,213.0,425.0,9.0,2.0,6.0,28,4,8752,772,222,56,,,,,
4253.485948806861,absorbing,left,3.0,2.0,921.0,859.0,212.0,214.0,426.0,14.0,1.0,7.0,28,4,9632,786,222,56,,,,,
4253.804041872034,absorbing,left,4.0,2.0,921.0,859.0,212.0,214.0,426.0,11.0,0.0,7.0,28,4,12020,882,222,56,,,,,
4254.135526858969,absorbing,left,4.0,3.0,921.0,859.0,212.0,216.0,428.0,10.0,2.0,9.0,46,4,17668,960,222,56,,,,,
4254.479839252075,absorbing,left,5.0,3.0,921.0,859.0,212.0,216.0,428.0,12.0,0.0,9.0,44,4,27040,1096,222,56,,,,,
4254.886564956978,absorbing,left,6.0,3.0,921.0,859.0,214.0,216.0,430.0,8.0,2.0,11.0,58,4,32816,1198,222,56,,,,,
4255.261742094066,absorbing,left,7.0,3.0,921.0,859.0,215.0,216.0,431.0,7.0,1.0,12.0,53,4,33020,1266,222,56,,,,,
4255.647870319895,absorbing,left,8.0,3.0,921.0,859.0,217.0,216.0,433.0,8.0,2.0,14.0,48,4,36108,1350,222,56,,,,,
4256.054808520945,absorbing,left,8.0,4.0,921.0,859.0,217.0,217.0,434.0,12.0,1.0,15.0,70,4,46896,1374,222,56,,,,,
4256.458002130035,absorbing,left,9.0,4.0,921.0,859.0,218.0,217.0,435.0,6.0,1.0,16.0,48,4,45076,1422,222,56,,,,,
4256.870477790013,absorbing,left,9.0,5.0,921.0,859.0,218.0,217.0,435.0,12.0,0.0,16.0,67,4,64692,1564,222,56,,,,,
4257.303760213079,absorbing,left,10.0,5.0,921.0,859.0,219.0,217.0,436.0,9.0,1.0,17.0,65,4,75240,1654,222,56,,,,,
4257.7535820789635,absorbing,left,11.0,5.0,921.0,859.0,220.0,217.0,437.0,8.0,1.0,18.0,64,4,83032,1760,222,56,,,,,
4258.21131982794,absorbing,left,11.0,6.0,921.0,859.0,220.0,218.0,438.0,9.0,1.0,19.0,63,4,88236,1776,222,56,,,,,
4258.9277144810185,absorbing,left,11.0,7.0,921.0,859.0,220.0,218.0,438.0,9.0,0.0,19.0,60,4,86820,1764,222,56,,,,,
4259.3718062930275,absorbing,left,11.0,8.0,921.0,859.0,220.0,220.0,440.0,10.0,2.0,21.0,59,4,89400,1770,222,56,,,,,
4259.937996707857,absorbing,left,12.0,8.0,921.0,859.0,220.0,220.0,440.0,7.0,0.0,21.0,77,4,92392,1836,222,56,,,,,
4260.374655579915,absorbing,left,13.0,8.0,921.0,859.0,220.0,220.0,440.0,8.0,0.0,21.0,69,4,84160,1810,222,56,,,,,
4260.8184965818655,absorbing,left,14.0,8.0,921.0,859.0,220.0,220.0,440.0,9.0,0.0,21.0,64,4,71692,1736,222,56,,,,,
4261.258568739053,absorbing,left,15.0,8.0,921.0,859.0,222.0,220.0,442.0,6.0,2.0,23.0,64,4,81560,1940,222,56,,,,,
4261.706765762065,absorbing,left,15.0,9.0,921.0,859.0,222.0,221.0,443.0,11.0,1.0,24.0,61,4,87752,1972,222,56,,,,,
4262.144497666042,absorbing,left,16.0,9.0,921.0,859.0,223.0,221.0,444.0,7.0,1.0,25.0,64,4,99684,2184,222,56,,,,,
4262.629797338042,absorbing,left,17.0,9.0,921.0,859.0,224.0,221.0,445.0,6.0,1.0,26.0,64,4,114052,2296,222,56,,,,,
4263.173722733045,absorbing,left,18.0,9.0,921.0,859.0,224.0,221.0,445.0,6.0,0.0,26.0,64,4,114840,2392,222,56,,,,,
4263.669227882056,absorbing,left,19.0,9.0,921.0,859.0,224.0,221.0,445.0,7.0,0.0,26.0,109,4,149048,2676,222,56,,,,,
4264.2633927918505,absorbing,left,20.0,9.0,921.0,859.0,224.0,221.0,445.0,6.0,0.0,26.0,101,4,139904,2724,222,56,,,,,
4264.8343095139135,absorbing,left,21.0,9.0,921.0,859.0,224.0,221.0,445.0,8.0,0.0,26.0,94,4,143296,2764,222,56,,,,,
4265.404689155985,absorbing,left,22.0,9.0,921.0,859.0,225.0,221.0,446.0,10.0,1.0,27.0,85,4,176960,2918,222,56,,,,,
4266.069547904888,absorbing,left,22.0,10.0,921.0,859.0,225.0,224.0,449.0,11.0,3.0,30.0,126,4,206248,3028,222,56,,,,,
4266.643747641938,absorbing,left,22.0,11.0,921.0,859.0,225.0,225.0,450.0,13.0,1.0,31.0,123,4,220468,3068,222,56,,,,,
4267.227218728047,absorbing,left,23.0,11.0,921.0,859.0,226.0,225.0,451.0,10.0,1.0,32.0,120,4,245800,3178,222,56,,,,,
4267.822390755871,absorbing,left,24.0,11.0,921.0,859.0,227.0,225.0,452.0,11.0,1.0,33.0,117,4,261992,3434,222,56,,,,,
4268.533131428994,absorbing,left,25.0,11.0,921.0,859.0,227.0,225.0,452.0,12.0,0.0,33.0,115,4,262048,3612,222,56,,,,,
4269.408229579916,absorbing,left,25.0,12.0,921.0,859.0,227.0,226.0,453.0,14.0,1.0,34.0,113,4,272700,3582,222,56,,,,,
4270.240335505921,absorbing,left,26.0,12.0,921.0,859.0,228.0,226.0,454.0,11.0,1.0,35.0,112,4,293436,3806,222,56,,,,,
4271.089959684992,absorbing,left,27.0,12.0,921.0,859.0,228.0,226.0,454.0,11.0,0.0,35.0,128,4,405532,4696,222,56,,,,,
4272.169409858063,absorbing,left,27.0,13.0,921.0,859.0,228.0,227.0,455.0,15.0,1.0,36.0,181,4,449284,4334,222,56,,,,,
4273.0474450699985,absorbing,left,28.0,13.0,921.0,859.0,228.0,227.0,455.0,13.0,0.0,36.0,176,4,575320,5152,222,56,,,,,
4274.286956179887,absorbing,left,28.0,14.0,921.0,859.0,228.0,228.0,456.0,14.0,1.0,37.0,252,4,744568,5126,222,56,,,,,
4275.283425110858,absorbing,left,29.0,14.0,921.0,859.0,228.0,228.0,456.0,13.0,0.0,37.0,239,4,919952,6098,222,56,,,,,
4282.950573418988,unswapping,,,,,,,,,,,,372,4,1402416,7364,222,56,0.0,both,0.0,13.0,13.0
4289.838985525072,unswapping,,,,,,,,,,,,183,4,802948,5518,222,56,0.0,both,1.0,27.0,40.0
4293.0994801379275,unswapping,,,,,,,,,,,,145,4,573688,4742,222,56,0.0,left,0.0,18.0,58.0
4295.595995555865,unswapping,,,,,,,,,,,,140,4,335584,3646,222,56,0.0,left,1.0,23.0,81.0
4296.679128000047,unswapping,,,,,,,,,,,,119,4,193300,2744,222,56,0.0,right,0.0,19.0,100.0
4297.930702440906,unswapping,,,,,,,,,,,,117,4,113380,2334,222,56,0.0,right,1.0,15.0,115.0
4299.556266905041,unswapping,,,,,,,,,,,,38,4,64388,1834,222,56,1.0,both,0.0,18.0,18.0
4300.837726383936,unswapping,,,,,,,,,,,,38,4,51908,1672,222,56,1.0,both,1.0,14.0,32.0
4301.467213529861,unswapping,,,,,,,,,,,,38,4,46936,1554,222,56,1.0,left,0.0,8.0,40.0
4302.162892529042,unswapping,,,,,,,,,,,,38,4,37648,1430,222,56,1.0,left,1.0,10.0,50.0
4302.693116388051,unswapping,,,,,,,,,,,,38,4,31592,1304,222,56,1.0,right,0.0,9.0,59.0
4303.246330830967,unswapping,,,,,,,,,,,,28,4,25932,1222,222,56,1.0,right,1.0,7.0,66.0
4304.234777615871,unswapping,,,,,,,,,,,,28,4,20616,1138,222,56,2.0,both,0.0,7.0,7.0
4305.224484497914,unswapping,,,,,,,,,,,,22,4,18488,1058,222,56,2.0,both,1.0,9.0,16.0
4305.6947412339505,unswapping,,,,,,,,,,,,22,4,15800,978,222,56,2.0,left,0.0,6.0,22.0
4306.147570173955,unswapping,,,,,,,,,,,,22,4,14496,946,222,56,2.0,left,1.0,3.0,25.0
4306.5849585859105,unswapping,,,,,,,,,,,,22,4,14232,934,222,56,2.0,right,0.0,3.0,28.0
4306.857862501871,unswapping,,,,,,,,,,,,22,4,14232,934,222,56,2.0,right,1.0,0.0,28.0
4307.801735705929,unswapping,,,,,,,,,,,,20,4,11856,874,222,56,3.0,both,0.0,8.0,8.0
4308.7123132960405,unswapping,,,,,,,,,,,,20,4,9444,796,222,56,3.0,both,1.0,8.0,16.0
4309.384559144964,unswapping,,,,,,,,,,,,20,4,8540,768,222,56,3.0,left,0.0,4.0,20.0
4309.648051189026,unswapping,,,,,,,,,,,,20,4,8540,768,222,56,3.0,left,1.0,0.0,20.0
4309.915192167042,unswapping,,,,,,,,,,,,20,4,8540,768,222,56,3.0,right,0.0,1.0,21.0
4310.173151012976,unswapping,,,,,,,,,,,,20,4,8540,768,222,56,3.0,right,1.0,0.0,21.0
4311.0750231528655,unswapping,,,,,,,,,,,,20,4,7408,738,222,56,4.0,both,0.0,5.0,5.0
4311.884086698061,unswapping,,,,,,,,,,,,20,4,7096,726,222,56,4.0,both,1.0,3.0,8.0
4312.151666052872,unswapping,,,,,,,,,,,,20,4,7096,726,222,56,4.0,left,0.0,1.0,9.0
4312.554714870872,unswapping,,,,,,,,,,,,20,4,6700,710,222,56,4.0,left,1.0,2.0,11.0
4312.816325285006,unswapping,,,,,,,,,,,,20,4,6700,710,222,56,4.0,right,0.0,1.0,12.0
4313.061270891922,unswapping,,,,,,,,,,,,20,4,6700,710,222,56,4.0,right,1.0,1.0,13.0
4313.890124098863,unswapping,,,,,,,,,,,,20,4,6652,706,222,56,5.0,both,0.0,2.0,2.0
4314.681773002027,unswapping,,,,,,,,,,,,20,4,6640,704,222,56,5.0,both,1.0,2.0,4.0
4314.946919952985,unswapping,,,,,,,,,,,,20,4,6640,704,222,56,5.0,left,0.0,0.0,4.0
4315.195383426966,unswapping,,,,,,,,,,,,20,4,6640,704,222,56,5.0,left,1.0,1.0,5.0
4315.454141692026,unswapping,,,,,,,,,,,,20,4,6640,704,222,56,5.0,right,0.0,1.0,6.0
4315.6979456169065,unswapping,,,,,,,,,,,,20,4,6640,704,222,56,5.0,right,1.0,1.0,7.0
4316.2170137788635,unswapping,,,,,,,,,,,,20,4,6640,704,222,56,6.0,both,0.0,1.0,1.0
4316.710019666003,unswapping,,,,,,,,,,,,20,4,6640,704,222,56,6.0,both,1.0,1.0,2.0
4316.975642313017,unswapping,,,,,,,,,,,,20,4,6640,704,222,56,6.0,left,0.0,0.0,2.0
4317.227236528881,unswapping,,,,,,,,,,,,20,4,6640,704,222,56,6.0,left,1.0,1.0,3.0
4317.484745720867,unswapping,,,,,,,,,,,,20,4,6640,704,222,56,6.0,right,0.0,1.0,4.0
4317.7298075528815,unswapping,,,,,,,,,,,,20,4,6640,704,222,56,6.0,right,1.0,1.0,5.0
4326.396298574051,absorbing,left,1.0,0.0,856.0,897.0,229.0,228.0,457.0,10.0,1.0,1.0,20,4,6864,712,222,56,,,,,
4326.716624184977,absorbing,left,2.0,0.0,856.0,897.0,229.0,228.0,457.0,11.0,0.0,1.0,20,4,8564,822,222,56,,,,,
4327.040626042057,absorbing,left,2.0,1.0,856.0,897.0,229.0,229.0,458.0,10.0,1.0,2.0,22,4,8268,780,222,56,,,,,
4327.368446904002,absorbing,left,3.0,1.0,856.0,897.0,229.0,229.0,458.0,12.0,0.0,2.0,29,4,11780,938,222,56,,,,,
4327.706526959082,absorbing,left,3.0,2.0,856.0,897.0,229.0,229.0,458.0,13.0,0.0,2.0,24,4,9704,828,222,56,,,,,
4328.03336820798,absorbing,left,3.0,3.0,856.0,897.0,229.0,229.0,458.0,13.0,0.0,2.0,24,4,13040,956,222,56,,,,,
4328.372883504024,absorbing,left,4.0,3.0,856.0,897.0,230.0,229.0,459.0,12.0,1.0,3.0,24,4,12136,888,222,56,,,,,
4328.709406819893,absorbing,left,4.0,4.0,856.0,897.0,230.0,230.0,460.0,11.0,1.0,4.0,24,4,16224,1034,222,56,,,,,
4329.07083419594,absorbing,left,5.0,4.0,856.0,897.0,230.0,230.0,460.0,11.0,0.0,4.0,63,4,22108,1064,222,56,,,,,
4329.42461476801,absorbing,left,5.0,5.0,856.0,897.0,230.0,230.0,460.0,11.0,0.0,4.0,62,4,26040,1210,222,56,,,,,
4329.7981172730215,absorbing,left,5.0,6.0,856.0,897.0,230.0,230.0,460.0,9.0,0.0,4.0,30,4,26212,1264,222,56,,,,,
4330.204825879075,absorbing,left,6.0,6.0,856.0,897.0,230.0,230.0,460.0,12.0,0.0,4.0,62,4,35048,1336,222,56,,,,,
4330.603950273013,absorbing,left,6.0,7.0,856.0,897.0,230.0,231.0,461.0,11.0,1.0,5.0,61,4,38396,1448,222,56,,,,,
4331.0522062128875,absorbing,left,7.0,7.0,856.0,897.0,231.0,231.0,462.0,12.0,1.0,6.0,59,4,51120,1522,222,56,,,,,
4331.465892564971,absorbing,left,7.0,8.0,856.0,897.0,231.0,232.0,463.0,12.0,1.0,7.0,57,4,63396,1674,222,56,,,,,
4332.1407192649785,absorbing,left,8.0,8.0,856.0,897.0,231.0,232.0,463.0,13.0,0.0,7.0,54,4,60324,1620,222,56,,,,,
4332.758265344892,absorbing,left,9.0,8.0,856.0,897.0,231.0,232.0,463.0,15.0,0.0,7.0,49,4,68276,1576,222,56,,,,,
4333.387489364948,absorbing,left,9.0,9.0,856.0,897.0,231.0,232.0,463.0,15.0,0.0,7.0,48,4,77048,1828,222,56,,,,,
4334.26145341387,absorbing,left,10.0,9.0,856.0,897.0,234.0,232.0,466.0,12.0,3.0,10.0,96,4,97496,1864,222,56,,,,,
4334.938592362916,absorbing,left,10.0,10.0,856.0,897.0,234.0,234.0,468.0,13.0,2.0,12.0,54,4,96520,2096,222,56,,,,,
4335.777375134872,absorbing,left,11.0,10.0,856.0,897.0,236.0,234.0,470.0,8.0,2.0,14.0,48,4,81332,1912,222,56,,,,,
4336.523975722957,absorbing,left,12.0,10.0,856.0,897.0,236.0,234.0,470.0,9.0,0.0,14.0,54,4,100368,2138,222,56,,,,,
4337.282235590974,absorbing,left,12.0,11.0,856.0,897.0,236.0,235.0,471.0,14.0,1.0,15.0,56,4,94104,1982,222,56,,,,,
4338.116977303987,absorbing,left,13.0,11.0,856.0,897.0,237.0,235.0,472.0,6.0,1.0,16.0,56,4,107220,2142,222,56,,,,,
4338.87856652285,absorbing,left,13.0,12.0,856.0,897.0,237.0,237.0,474.0,14.0,2.0,18.0,159,4,145028,2226,222,56,,,,,
4339.563158049947,absorbing,left,13.0,13.0,856.0,897.0,237.0,238.0,475.0,10.0,1.0,19.0,158,4,148256,2356,222,56,,,,,
4340.2989128970075,absorbing,left,13.0,14.0,856.0,897.0,237.0,240.0,477.0,10.0,2.0,21.0,64,4,117996,2318,222,56,,,,,
4341.062950508902,absorbing,left,14.0,14.0,856.0,897.0,238.0,240.0,478.0,7.0,1.0,22.0,63,4,123172,2324,222,56,,,,,
4341.7726570488885,absorbing,left,15.0,14.0,856.0,897.0,239.0,240.0,479.0,10.0,1.0,23.0,156,4,161880,2548,222,56,,,,,
4342.580712721916,absorbing,left,15.0,15.0,856.0,897.0,239.0,241.0,480.0,13.0,1.0,24.0,155,4,214160,2874,222,56,,,,,
4343.424183697905,absorbing,left,16.0,15.0,856.0,897.0,240.0,241.0,481.0,10.0,1.0,25.0,157,4,316732,3134,222,56,,,,,
4344.282649088884,absorbing,left,17.0,15.0,856.0,897.0,240.0,241.0,481.0,14.0,0.0,25.0,180,4,317756,3134,222,56,,,,,
4345.1357476860285,absorbing,left,18.0,15.0,856.0,897.0,240.0,241.0,481.0,13.0,0.0,25.0,168,4,343680,3360,222,56,,,,,
4346.166588030988,absorbing,left,19.0,15.0,856.0,897.0,240.0,241.0,481.0,12.0,0.0,25.0,147,4,378132,3560,222,56,,,,,
4347.3164532219525,absorbing,left,19.0,16.0,856.0,897.0,240.0,241.0,481.0,13.0,0.0,25.0,124,4,300684,3252,222,56,,,,,
4348.204203303903,absorbing,left,20.0,16.0,856.0,897.0,240.0,241.0,481.0,15.0,0.0,25.0,102,4,256436,2982,222,56,,,,,
4349.357066252036,absorbing,left,20.0,17.0,856.0,897.0,240.0,241.0,481.0,13.0,0.0,25.0,95,4,260492,2992,222,56,,,,,
4350.54924794496,absorbing,left,21.0,17.0,856.0,897.0,242.0,241.0,483.0,15.0,2.0,27.0,92,4,279220,3158,222,56,,,,,
4351.971144509036,absorbing,left,21.0,18.0,856.0,897.0,242.0,242.0,484.0,10.0,1.0,28.0,75,4,221196,2896,222,56,,,,,
4353.082148944028,absorbing,left,22.0,18.0,856.0,897.0,246.0,242.0,488.0,10.0,4.0,32.0,110,4,300204,3332,222,56,,,,,
4354.484099898953,absorbing,left,22.0,19.0,856.0,897.0,246.0,245.0,491.0,8.0,3.0,35.0,100,4,262012,3066,222,56,,,,,
4355.70003070496,absorbing,left,22.0,20.0,856.0,897.0,246.0,246.0,492.0,9.0,1.0,36.0,140,4,275156,3096,222,56,,,,,
4356.752959860023,absorbing,left,23.0,20.0,856.0,897.0,248.0,246.0,494.0,11.0,2.0,38.0,140,4,276156,3176,222,56,,,,,
4357.670222458895,absorbing,left,23.0,21.0,856.0,897.0,248.0,247.0,495.0,8.0,1.0,39.0,120,4,193968,2790,222,56,,,,,
4358.336754248943,absorbing,left,24.0,21.0,856.0,897.0,248.0,247.0,495.0,13.0,0.0,39.0,110,4,231956,2856,222,56,,,,,
4359.358151416993,absorbing,left,24.0,22.0,856.0,897.0,248.0,247.0,495.0,11.0,0.0,39.0,104,4,279300,3108,222,56,,,,,
4360.516555324895,absorbing,left,25.0,22.0,856.0,897.0,248.0,247.0,495.0,10.0,0.0,39.0,124,4,321560,3340,222,56,,,,,
4361.715209536953,absorbing,left,26.0,22.0,856.0,897.0,248.0,247.0,495.0,8.0,0.0,39.0,124,4,368728,3670,222,56,,,,,
4362.936785792001,absorbing,left,26.0,23.0,856.0,897.0,248.0,248.0,496.0,10.0,1.0,40.0,141,4,393564,3716,222,56,,,,,
4364.415700713871,absorbing,left,26.0,24.0,856.0,897.0,248.0,248.0,496.0,13.0,0.0,40.0,140,4,424624,3876,222,56,,,,,
4365.967816311866,absorbing,left,26.0,25.0,856.0,897.0,248.0,249.0,497.0,8.0,1.0,41.0,126,4,451488,3954,222,56,,,,,
4367.40429480304,absorbing,left,26.0,26.0,856.0,897.0,248.0,250.0,498.0,9.0,1.0,42.0,166,4,529036,4226,222,56,,,,,
4369.049829005031,absorbing,left,27.0,26.0,856.0,897.0,250.0,250.0,500.0,6.0,2.0,44.0,252,4,704488,4680,222,56,,,,,
4369.956869049929,absorbing,left,28.0,26.0,856.0,897.0,250.0,250.0,500.0,8.0,0.0,44.0,267,4,838964,4764,222,56,,,,,
4370.860478337854,absorbing,left,29.0,26.0,856.0,897.0,251.0,250.0,501.0,8.0,1.0,45.0,239,4,786836,4772,222,56,,,,,
4371.85419784789,absorbing,left,30.0,26.0,856.0,897.0,252.0,250.0,502.0,10.0,1.0,46.0,220,4,829344,4840,222,56,,,,,
4372.85555719398,absorbing,left,31.0,26.0,856.0,897.0,252.0,250.0,502.0,12.0,0.0,46.0,274,4,907364,5094,222,56,,,,,
4374.206129997037,absorbing,left,32.0,26.0,856.0,897.0,253.0,250.0,503.0,13.0,1.0,47.0,259,4,976432,5442,222,56,,,,,
4381.704874482006,unswapping,,,,,,,,,,,,192,4,736112,4904,222,56,0.0,both,0.0,17.0,17.0
4384.7004471870605,unswapping,,,,,,,,,,,,192,4,389332,3480,222,56,0.0,both,1.0,21.0,38.0
4386.456953298068,unswapping,,,,,,,,,,,,128,4,159700,2528,222,56,0.0,left,0.0,23.0,61.0
4387.439121315023,unswapping,,,,,,,,,,,,48,4,72480,1816,222,56,0.0,left,1.0,18.0,79.0
4388.089970134897,unswapping,,,,,,,,,,,,33,4,63832,1636,222,56,0.0,right,0.0,10.0,89.0
4388.815960712964,unswapping,,,,,,,,,,,,32,4,50656,1490,222,56,0.0,right,1.0,8.0,97.0
4390.266887600068,unswapping,,,,,,,,,,,,32,4,37184,1250,222,56,1.0,both,0.0,16.0,16.0
4391.444954216015,unswapping,,,,,,,,,,,,29,4,27732,1104,222,56,1.0,both,1.0,18.0,34.0
4392.033770436887,unswapping,,,,,,,,,,,,28,4,23356,1022,222,56,1.0,left,0.0,7.0,41.0
4392.528907486936,unswapping,,,,,,,,,,,,28,4,21156,950,222,56,1.0,left,1.0,7.0,48.0
4392.991804516874,unswapping,,,,,,,,,,,,28,4,20436,914,222,56,1.0,right,0.0,3.0,51.0
4393.461317706853,unswapping,,,,,,,,,,,,28,4,17556,874,222,56,1.0,right,1.0,1.0,52.0
4394.384152411949,unswapping,,,,,,,,,,,,28,4,13380,772,222,56,2.0,both,0.0,10.0,10.0
4395.216150818858,unswapping,,,,,,,,,,,,28,4,12868,748,222,56,2.0,both,1.0,5.0,15.0
4395.7080399270635,unswapping,,,,,,,,,,,,28,4,11608,728,222,56,2.0,left,0.0,2.0,17.0
4396.121896565892,unswapping,,,,,,,,,,,,23,4,10844,706,222,56,2.0,left,1.0,3.0,20.0
4396.377342029009,unswapping,,,,,,,,,,,,23,4,10844,706,222,56,2.0,right,0.0,0.0,20.0
4396.781416972866,unswapping,,,,,,,,,,,,23,4,10196,686,222,56,2.0,right,1.0,2.0,22.0
4397.610026102047,unswapping,,,,,,,,,,,,23,4,9544,668,222,56,3.0,both,0.0,3.0,3.0
4398.413337400882,unswapping,,,,,,,,,,,,23,4,7600,630,222,56,3.0,both,1.0,4.0,7.0
4398.658813546877,unswapping,,,,,,,,,,,,23,4,7600,630,222,56,3.0,left,0.0,0.0,7.0
4398.8969149470795,unswapping,,,,,,,,,,,,23,4,7600,630,222,56,3.0,left,1.0,0.0,7.0
4399.2883169769775,unswapping,,,,,,,,,,,,23,4,7312,618,222,56,3.0,right,0.0,1.0,8.0
4399.675438069971,unswapping,,,,,,,,,,,,23,4,7112,608,222,56,3.0,right,1.0,1.0,9.0
4400.463642458897,unswapping,,,,,,,,,,,,23,4,5020,566,222,56,4.0,both,0.0,3.0,3.0
4401.453619241947,unswapping,,,,,,,,,,,,23,4,4768,552,222,56,4.0,both,1.0,3.0,6.0
4401.693803400965,unswapping,,,,,,,,,,,,23,4,4768,552,222,56,4.0,left,0.0,0.0,6.0
4401.92619928997,unswapping,,,,,,,,,,,,23,4,4768,552,222,56,4.0,left,1.0,0.0,6.0
4402.164199809078,unswapping,,,,,,,,,,,,23,4,4768,552,222,56,4.0,right,0.0,0.0,6.0
4402.548083116999,unswapping,,,,,,,,,,,,16,4,3424,524,222,56,4.0,right,1.0,1.0,7.0
4403.313397933962,unswapping,,,,,,,,,,,,16,4,3220,514,222,56,5.0,both,0.0,3.0,3.0
4403.773004675051,unswapping,,,,,,,,,,,,16,4,3220,514,222,56,5.0,both,1.0,1.0,4.0
4404.010247457074,unswapping,,,,,,,,,,,,16,4,3220,514,222,56,5.0,left,0.0,0.0,4.0
4404.241503864061,unswapping,,,,,,,,,,,,16,4,3220,514,222,56,5.0,left,1.0,0.0,4.0
4404.62825853494,unswapping,,,,,,,,,,,,16,4,2232,492,222,56,5.0,right,0.0,2.0,6.0
4405.007973863976,unswapping,,,,,,,,,,,,8,4,1432,462,222,56,5.0,right,1.0,3.0,9.0
4405.463386744028,unswapping,,,,,,,,,,,,8,4,1432,462,222,56,6.0,both,0.0,0.0,0.0
4405.91020911606,unswapping,,,,,,,,,,,,8,4,1432,462,222,56,6.0,both,1.0,0.0,0.0
4406.137180526042,unswapping,,,,,,,,,,,,8,4,1432,462,222,56,6.0,left,0.0,0.0,0.0
4406.363841682905,unswapping,,,,,,,,,,,,8,4,1432,462,222,56,6.0,left,1.0,0.0,0.0
4406.735580941895,unswapping,,,,,,,,,,,,8,4,1272,454,222,56,6.0,right,0.0,1.0,1.0
4406.961562640965,unswapping,,,,,,,,,,,,8,4,1272,454,222,56,6.0,right,1.0,0.0,1.0
4407.413998460863,unswapping,,,,,,,,,,,,8,4,1272,454,222,56,7.0,both,0.0,0.0,0.0
4407.857329211896,unswapping,,,,,,,,,,,,8,4,1272,454,222,56,7.0,both,1.0,0.0,0.0
4408.084883278003,unswapping,,,,,,,,,,,,8,4,1272,454,222,56,7.0,left,0.0,0.0,0.0
4408.307477300055,unswapping,,,,,,,,,,,,8,4,1272,454,222,56,7.0,left,1.0,0.0,0.0
4408.533760747872,unswapping,,,,,,,,,,,,8,4,1272,454,222,56,7.0,right,0.0,0.0,0.0
4408.75752752088,unswapping,,,,,,,,,,,,8,4,1272,454,222,56,7.0,right,1.0,0.0,0.0
4416.880725482944,absorbing,left,1.0,0.0,824.0,895.0,253.0,250.0,503.0,13.0,0.0,0.0,8,4,1272,454,222,56,,,,,
4417.18576505594,absorbing,left,1.0,1.0,824.0,895.0,253.0,254.0,507.0,10.0,4.0,4.0,8,4,1744,522,222,56,,,,,
4417.501479433849,absorbing,left,2.0,1.0,824.0,895.0,254.0,254.0,508.0,13.0,1.0,5.0,16,4,2108,512,222,56,,,,,
4417.806867270963,absorbing,left,3.0,1.0,824.0,895.0,254.0,254.0,508.0,16.0,0.0,5.0,16,4,3032,612,222,56,,,,,
4418.117574753938,absorbing,left,3.0,2.0,824.0,895.0,254.0,256.0,510.0,12.0,2.0,7.0,16,4,2408,538,222,56,,,,,
4418.422189451056,absorbing,left,3.0,3.0,824.0,895.0,254.0,256.0,510.0,16.0,0.0,7.0,12,4,3300,622,222,56,,,,,
4418.737173900008,absorbing,left,4.0,3.0,824.0,895.0,254.0,256.0,510.0,14.0,0.0,7.0,19,4,3724,604,222,56,,,,,
4419.050984852016,absorbing,left,4.0,4.0,824.0,895.0,254.0,258.0,512.0,12.0,2.0,9.0,18,4,4760,676,222,56,,,,,
4419.367096808972,absorbing,left,5.0,4.0,824.0,895.0,254.0,258.0,512.0,15.0,0.0,9.0,18,4,5512,662,222,56,,,,,
4419.686365526868,absorbing,left,5.0,5.0,824.0,895.0,254.0,258.0,512.0,14.0,0.0,9.0,18,4,5964,734,222,56,,,,,
4420.010206169914,absorbing,left,6.0,5.0,824.0,895.0,254.0,258.0,512.0,14.0,0.0,9.0,18,4,6956,712,222,56,,,,,
4420.344892831985,absorbing,left,6.0,6.0,824.0,895.0,254.0,258.0,512.0,13.0,0.0,9.0,18,4,5880,738,222,56,,,,,
4420.664945636876,absorbing,left,7.0,6.0,824.0,895.0,254.0,258.0,512.0,14.0,0.0,9.0,18,4,7432,736,222,56,,,,,
4420.9971698499285,absorbing,left,7.0,7.0,824.0,895.0,254.0,258.0,512.0,14.0,0.0,9.0,27,4,7276,774,222,56,,,,,
4421.329796776874,absorbing,left,8.0,7.0,824.0,895.0,255.0,258.0,513.0,11.0,1.0,10.0,28,4,9388,820,222,56,,,,,
4421.660131159937,absorbing,left,8.0,8.0,824.0,895.0,255.0,259.0,514.0,13.0,1.0,11.0,27,4,10776,928,222,56,,,,,
4421.992432754021,absorbing,left,9.0,8.0,824.0,895.0,255.0,259.0,514.0,10.0,0.0,11.0,32,4,16472,996,222,56,,,,,
4422.335913785035,absorbing,left,10.0,8.0,824.0,895.0,257.0,259.0,516.0,10.0,2.0,13.0,32,4,22168,1186,222,56,,,,,
4422.719461205881,absorbing,left,10.0,9.0,824.0,895.0,257.0,259.0,516.0,13.0,0.0,13.0,62,4,31908,1282,222,56,,,,,
4423.085696155904,absorbing,left,11.0,9.0,824.0,895.0,258.0,259.0,517.0,10.0,1.0,14.0,58,4,26752,1310,222,56,,,,,
4423.474018980982,absorbing,left,11.0,10.0,824.0,895.0,258.0,261.0,519.0,11.0,2.0,16.0,51,4,21652,1226,222,56,,,,,
4423.838166763075,absorbing,left,12.0,10.0,824.0,895.0,260.0,261.0,521.0,10.0,2.0,18.0,46,4,21416,1238,222,56,,,,,
4424.212343364023,absorbing,left,12.0,11.0,824.0,895.0,260.0,262.0,522.0,12.0,1.0,19.0,41,4,23920,1296,222,56,,,,,
4424.579463012051,absorbing,left,13.0,11.0,824.0,895.0,261.0,262.0,523.0,13.0,1.0,20.0,32,4,22928,1276,222,56,,,,,
4424.959121651016,absorbing,left,13.0,12.0,824.0,895.0,261.0,263.0,524.0,11.0,1.0,21.0,32,4,27756,1362,222,56,,,,,
4425.363319427008,absorbing,left,13.0,13.0,824.0,895.0,261.0,264.0,525.0,8.0,1.0,22.0,33,4,35088,1484,222,56,,,,,
4425.7824516738765,absorbing,left,14.0,13.0,824.0,895.0,262.0,264.0,526.0,12.0,1.0,23.0,62,4,42728,1584,222,56,,,,,
4426.233850702876,absorbing,left,14.0,14.0,824.0,895.0,262.0,264.0,526.0,10.0,0.0,23.0,47,4,41120,1572,222,56,,,,,
4426.669709496899,absorbing,left,14.0,15.0,824.0,895.0,262.0,265.0,527.0,10.0,1.0,24.0,62,4,52064,1718,222,56,,,,,
4427.156396616017,absorbing,left,15.0,15.0,824.0,895.0,263.0,265.0,528.0,7.0,1.0,25.0,36,4,41972,1588,222,56,,,,,
4427.590718694031,absorbing,left,15.0,16.0,824.0,895.0,263.0,266.0,529.0,9.0,1.0,26.0,33,4,47484,1682,222,56,,,,,
4428.080645462964,absorbing,left,16.0,16.0,824.0,895.0,264.0,266.0,530.0,5.0,1.0,27.0,32,4,43520,1628,222,56,,,,,
4428.49714288488,absorbing,left,17.0,16.0,824.0,895.0,265.0,266.0,531.0,6.0,1.0,28.0,32,4,43924,1666,222,56,,,,,
4428.937225037022,absorbing,left,17.0,17.0,824.0,895.0,265.0,266.0,531.0,10.0,0.0,28.0,54,4,51576,1778,222,56,,,,,
4429.348424772965,absorbing,left,18.0,17.0,824.0,895.0,266.0,266.0,532.0,8.0,1.0,29.0,64,4,61948,1898,222,56,,,,,
4429.84396718489,absorbing,left,18.0,18.0,824.0,895.0,266.0,266.0,532.0,9.0,0.0,29.0,63,4,57428,1868,222,56,,,,,
4430.348475323059,absorbing,left,19.0,18.0,824.0,895.0,267.0,266.0,533.0,10.0,1.0,30.0,64,4,47948,1728,222,56,,,,,
4431.088810113026,absorbing,left,20.0,18.0,824.0,895.0,268.0,266.0,534.0,9.0,1.0,31.0,64,4,49592,1722,222,56,,,,,
4431.559765113052,absorbing,left,20.0,19.0,824.0,895.0,268.0,266.0,534.0,10.0,0.0,31.0,64,4,49128,1788,222,56,,,,,
4432.031414597062,absorbing,left,21.0,19.0,824.0,895.0,269.0,266.0,535.0,10.0,1.0,32.0,64,4,58896,1830,222,56,,,,,
4432.452457193984,absorbing,left,22.0,19.0,824.0,895.0,269.0,266.0,535.0,10.0,0.0,32.0,64,4,66616,1900,222,56,,,,,
4432.917747003958,absorbing,left,22.0,20.0,824.0,895.0,269.0,266.0,535.0,10.0,0.0,32.0,64,4,73764,2036,222,56,,,,,
4433.444905618904,absorbing,left,22.0,21.0,824.0,895.0,269.0,267.0,536.0,10.0,1.0,33.0,64,4,82912,2064,222,56,,,,,
4433.9088708660565,absorbing,left,23.0,21.0,824.0,895.0,270.0,267.0,537.0,9.0,1.0,34.0,95,4,105668,2240,222,56,,,,,
4434.364306049887,absorbing,left,23.0,22.0,824.0,895.0,270.0,268.0,538.0,10.0,1.0,35.0,94,4,112088,2324,222,56,,,,,
4434.954013374867,absorbing,left,23.0,23.0,824.0,895.0,270.0,268.0,538.0,9.0,0.0,35.0,94,4,122524,2556,222,56,,,,,
4435.581650417065,absorbing,left,23.0,24.0,824.0,895.0,270.0,268.0,538.0,9.0,0.0,35.0,80,4,160508,2650,222,56,,,,,
4436.437801589025,absorbing,left,24.0,24.0,824.0,895.0,271.0,268.0,539.0,9.0,1.0,36.0,80,4,157748,2712,222,56,,,,,
4437.299147733953,absorbing,left,24.0,25.0,824.0,895.0,271.0,268.0,539.0,10.0,0.0,36.0,80,4,189960,3010,222,56,,,,,
4438.213092338061,absorbing,left,25.0,25.0,824.0,895.0,271.0,268.0,539.0,10.0,0.0,36.0,80,4,206384,3110,222,56,,,,,
4439.105269714957,absorbing,left,25.0,26.0,824.0,895.0,271.0,270.0,541.0,9.0,2.0,38.0,80,4,194404,3058,222,56,,,,,
4439.869064837927,absorbing,left,26.0,26.0,824.0,895.0,271.0,270.0,541.0,11.0,0.0,38.0,93,4,203332,3050,222,56,,,,,
4440.726363782072,absorbing,left,26.0,27.0,824.0,895.0,271.0,270.0,541.0,12.0,0.0,38.0,84,4,168292,2892,222,56,,,,,
4441.52513027587,absorbing,left,26.0,28.0,824.0,895.0,271.0,272.0,543.0,13.0,2.0,40.0,132,4,214048,3042,222,56,,,,,
4442.360153368907,absorbing,left,27.0,28.0,824.0,895.0,272.0,272.0,544.0,12.0,1.0,41.0,80,4,192696,3096,222,56,,,,,
4443.295245969901,absorbing,left,27.0,29.0,824.0,895.0,272.0,274.0,546.0,12.0,2.0,43.0,94,4,209212,3254,222,56,,,,,
4444.165928676026,absorbing,left,28.0,29.0,824.0,895.0,273.0,274.0,547.0,12.0,1.0,44.0,88,4,209864,3326,222,56,,,,,
4444.892220247071,absorbing,left,28.0,30.0,824.0,895.0,273.0,274.0,547.0,15.0,0.0,44.0,113,4,264568,3562,222,56,,,,,
4445.650901695015,absorbing,left,29.0,30.0,824.0,895.0,276.0,274.0,550.0,10.0,3.0,47.0,90,4,212488,3068,222,56,,,,,
4446.279221008066,absorbing,left,29.0,31.0,824.0,895.0,276.0,278.0,554.0,8.0,4.0,51.0,191,4,257380,3232,222,56,,,,,
4446.876189342933,absorbing,left,29.0,32.0,824.0,895.0,276.0,278.0,554.0,11.0,0.0,51.0,190,4,280036,3398,222,56,,,,,
4447.486002066871,absorbing,left,29.0,33.0,824.0,895.0,276.0,279.0,555.0,10.0,1.0,52.0,189,4,324136,3784,222,56,,,,,
4448.204794696998,absorbing,left,29.0,34.0,824.0,895.0,276.0,279.0,555.0,11.0,0.0,52.0,188,4,350248,4142,222,56,,,,,
4448.90887446003,absorbing,left,30.0,34.0,824.0,895.0,276.0,279.0,555.0,12.0,0.0,52.0,255,4,395768,4088,222,56,,,,,
4449.604749632999,absorbing,left,31.0,34.0,824.0,895.0,278.0,279.0,557.0,9.0,2.0,54.0,254,4,445016,3942,222,56,,,,,
4450.2713031540625,absorbing,left,32.0,34.0,824.0,895.0,280.0,279.0,559.0,8.0,2.0,56.0,185,4,363920,3716,222,56,,,,,
4450.822395430878,absorbing,left,33.0,34.0,824.0,895.0,280.0,279.0,559.0,11.0,0.0,56.0,184,4,329500,3552,222,56,,,,,
4451.399964853888,absorbing,left,34.0,34.0,824.0,895.0,281.0,279.0,560.0,11.0,1.0,57.0,183,4,309316,3302,222,56,,,,,
4451.9959031459875,absorbing,left,35.0,34.0,824.0,895.0,281.0,279.0,560.0,12.0,0.0,57.0,182,4,313520,3400,222,56,,,,,
4452.770669060992,absorbing,left,36.0,34.0,824.0,895.0,282.0,279.0,561.0,10.0,1.0,58.0,126,4,269436,3268,222,56,,,,,
4453.610747670056,absorbing,left,37.0,34.0,824.0,895.0,283.0,279.0,562.0,11.0,1.0,59.0,191,4,261132,3330,222,56,,,,,
4454.353107569041,absorbing,left,37.0,35.0,824.0,895.0,283.0,281.0,564.0,10.0,2.0,61.0,190,4,352868,3896,222,56,,,,,
4455.065789791988,absorbing,left,37.0,36.0,824.0,895.0,283.0,285.0,568.0,8.0,4.0,65.0,188,4,437276,4034,222,56,,,,,
4455.949228683952,absorbing,left,37.0,37.0,824.0,895.0,283.0,286.0,569.0,10.0,1.0,66.0,187,4,480964,4306,222,56,,,,,
4457.130206374917,absorbing,left,38.0,37.0,824.0,895.0,284.0,286.0,570.0,13.0,1.0,67.0,189,4,504836,4476,222,56,,,,,
4458.210537909996,absorbing,left,38.0,38.0,824.0,895.0,284.0,287.0,571.0,12.0,1.0,68.0,191,4,503568,4552,222,56,,,,,
4459.372289089952,absorbing,left,39.0,38.0,824.0,895.0,286.0,287.0,573.0,11.0,2.0,70.0,191,4,508724,4694,222,56,,,,,
4460.3364912800025,absorbing,left,39.0,39.0,824.0,895.0,286.0,288.0,574.0,11.0,1.0,71.0,190,4,486256,4702,222,56,,,,,
4461.336879730923,absorbing,left,40.0,39.0,824.0,895.0,286.0,288.0,574.0,12.0,0.0,71.0,189,4,482788,4864,222,56,,,,,
4462.374504327076,absorbing,left,40.0,40.0,824.0,895.0,286.0,289.0,575.0,11.0,1.0,72.0,190,4,606524,5084,222,56,,,,,
4463.639093192993,absorbing,left,41.0,40.0,824.0,895.0,287.0,289.0,576.0,12.0,1.0,73.0,193,4,623880,5146,222,56,,,,,
4465.131900010863,absorbing,left,42.0,40.0,824.0,895.0,290.0,289.0,579.0,9.0,3.0,76.0,188,4,796824,5570,222,56,,,,,
4466.725159593858,absorbing,left,43.0,40.0,824.0,895.0,291.0,289.0,580.0,9.0,1.0,77.0,184,4,986784,5968,222,56,,,,,
4476.086946211057,unswapping,,,,,,,,,,,,179,4,1036772,5766,222,56,0.0,both,0.0,14.0,14.0
4480.843114780961,unswapping,,,,,,,,,,,,148,4,475200,4234,222,56,0.0,both,1.0,28.0,42.0
4482.777097320883,unswapping,,,,,,,,,,,,128,4,355092,3388,222,56,0.0,left,0.0,32.0,74.0
4484.171430897899,unswapping,,,,,,,,,,,,128,4,285896,2982,222,56,0.0,left,1.0,12.0,86.0
4485.04100962705,unswapping,,,,,,,,,,,,128,4,224288,2720,222,56,0.0,right,0.0,7.0,93.0
4485.9190930488985,unswapping,,,,,,,,,,,,128,4,187864,2430,222,56,0.0,right,1.0,9.0,102.0
4487.393504066858,unswapping,,,,,,,,,,,,128,4,98868,1942,222,56,1.0,both,0.0,13.0,13.0
4488.610001421068,unswapping,,,,,,,,,,,,48,4,41112,1408,222,56,1.0,both,1.0,16.0,29.0
4489.151640034048,unswapping,,,,,,,,,,,,48,4,24724,1184,222,56,1.0,left,0.0,8.0,37.0
4489.636128697079,unswapping,,,,,,,,,,,,32,4,19396,1106,222,56,1.0,left,1.0,4.0,41.0
4490.122389932862,unswapping,,,,,,,,,,,,24,4,15700,1034,222,56,1.0,right,0.0,4.0,45.0
4490.587039015954,unswapping,,,,,,,,,,,,16,4,12964,966,222,56,1.0,right,1.0,5.0,50.0
4491.512138793012,unswapping,,,,,,,,,,,,16,4,11096,908,222,56,2.0,both,0.0,9.0,9.0
4492.67258982989,unswapping,,,,,,,,,,,,12,4,9260,848,222,56,2.0,both,1.0,8.0,17.0
4493.104815051891,unswapping,,,,,,,,,,,,12,4,8368,808,222,56,2.0,left,0.0,6.0,23.0
4493.527439258993,unswapping,,,,,,,,,,,,12,4,7968,798,222,56,2.0,left,1.0,1.0,24.0
4493.953185260063,unswapping,,,,,,,,,,,,12,4,7384,778,222,56,2.0,right,0.0,2.0,26.0
4494.3626044159755,unswapping,,,,,,,,,,,,12,4,6712,754,222,56,2.0,right,1.0,2.0,28.0
4495.172515861923,unswapping,,,,,,,,,,,,12,4,5800,714,222,56,3.0,both,0.0,5.0,5.0
4495.973984705983,unswapping,,,,,,,,,,,,12,4,5532,700,222,56,3.0,both,1.0,3.0,8.0
4496.365158166969,unswapping,,,,,,,,,,,,12,4,5492,698,222,56,3.0,left,0.0,1.0,9.0
4496.775889769895,unswapping,,,,,,,,,,,,12,4,4772,654,222,56,3.0,left,1.0,4.0,13.0
4497.179291891865,unswapping,,,,,,,,,,,,12,4,3908,616,222,56,3.0,right,0.0,4.0,17.0
4497.56906844792,unswapping,,,,,,,,,,,,12,4,3260,592,222,56,3.0,right,1.0,2.0,19.0
4498.352709387895,unswapping,,,,,,,,,,,,12,4,2744,564,222,56,4.0,both,0.0,4.0,4.0
4499.128265868872,unswapping,,,,,,,,,,,,12,4,2052,530,222,56,4.0,both,1.0,4.0,8.0
4499.51215605787,unswapping,,,,,,,,,,,,12,4,1956,518,222,56,4.0,left,0.0,1.0,9.0
4499.895117030945,unswapping,,,,,,,,,,,,12,4,1716,506,222,56,4.0,left,1.0,1.0,10.0
4500.277567395009,unswapping,,,,,,,,,,,,6,4,1356,482,222,56,4.0,right,0.0,2.0,12.0
4500.507174195023,unswapping,,,,,,,,,,,,6,4,1356,482,222,56,4.0,right,1.0,0.0,12.0
4501.26378874504,unswapping,,,,,,,,,,,,6,4,1288,476,222,56,5.0,both,0.0,2.0,2.0
4501.719217526028,unswapping,,,,,,,,,,,,6,4,1288,476,222,56,5.0,both,1.0,0.0,2.0
4501.95116305491,unswapping,,,,,,,,,,,,6,4,1288,476,222,56,5.0,left,0.0,0.0,2.0
4502.180956858909,unswapping,,,,,,,,,,,,6,4,1288,476,222,56,5.0,left,1.0,0.0,2.0
4502.635529043851,unswapping,,,,,,,,,,,,6,4,1288,476,222,56,5.0,right,0.0,0.0,2.0
4502.861644892022,unswapping,,,,,,,,,,,,6,4,1288,476,222,56,5.0,right,1.0,0.0,2.0
4503.322759213857,unswapping,,,,,,,,,,,,6,4,1288,476,222,56,6.0,both,0.0,0.0,0.0
4503.7776891698595,unswapping,,,,,,,,,,,,6,4,1288,476,222,56,6.0,both,1.0,0.0,0.0
4504.00824802788,unswapping,,,,,,,,,,,,6,4,1288,476,222,56,6.0,left,0.0,0.0,0.0
4504.236305946019,unswapping,,,,,,,,,,,,6,4,1288,476,222,56,6.0,left,1.0,0.0,0.0
4504.467874032911,unswapping,,,,,,,,,,,,6,4,1288,476,222,56,6.0,right,0.0,0.0,0.0
4504.697047893889,unswapping,,,,,,,,,,,,6,4,1288,476,222,56,6.0,right,1.0,0.0,0.0
4512.279648562893,absorbing,left,1.0,0.0,863.0,802.0,293.0,289.0,582.0,11.0,2.0,2.0,6,4,1224,468,222,56,,,,,
4512.585866003996,absorbing,left,1.0,1.0,863.0,802.0,293.0,291.0,584.0,11.0,2.0,4.0,8,4,2036,570,222,56,,,,,
4512.894882797031,absorbing,left,2.0,1.0,863.0,802.0,294.0,291.0,585.0,14.0,1.0,5.0,12,4,2060,534,222,56,,,,,
4513.199765268015,absorbing,left,3.0,1.0,863.0,802.0,294.0,291.0,585.0,18.0,0.0,5.0,12,4,3572,654,222,56,,,,,
4513.5163327779155,absorbing,left,3.0,2.0,863.0,802.0,294.0,292.0,586.0,14.0,1.0,6.0,12,4,3116,600,222,56,,,,,
4513.829600795871,absorbing,left,3.0,3.0,863.0,802.0,294.0,292.0,586.0,18.0,0.0,6.0,32,4,6880,780,222,56,,,,,
4514.1530745159835,absorbing,left,4.0,3.0,863.0,802.0,294.0,292.0,586.0,18.0,0.0,6.0,16,4,5204,704,222,56,,,,,
4514.484816394979,absorbing,left,4.0,4.0,863.0,802.0,294.0,292.0,586.0,18.0,0.0,6.0,48,4,13380,970,222,56,,,,,
4514.835162552074,absorbing,left,5.0,4.0,863.0,802.0,296.0,292.0,588.0,15.0,2.0,8.0,16,4,8256,816,222,56,,,,,
4515.176916280063,absorbing,left,5.0,5.0,863.0,802.0,296.0,293.0,589.0,14.0,1.0,9.0,48,4,15384,1014,222,56,,,,,
4515.5501225660555,absorbing,left,6.0,5.0,863.0,802.0,299.0,293.0,592.0,12.0,3.0,12.0,20,4,11136,906,222,56,,,,,
4515.915104101878,absorbing,left,6.0,6.0,863.0,802.0,299.0,297.0,596.0,10.0,4.0,16.0,48,4,16784,1026,222,56,,,,,
4516.279642555863,absorbing,left,7.0,6.0,863.0,802.0,300.0,297.0,597.0,15.0,1.0,17.0,28,4,14992,970,222,56,,,,,
4516.654866217868,absorbing,left,7.0,7.0,863.0,802.0,300.0,298.0,598.0,14.0,1.0,18.0,32,4,16956,1068,222,56,,,,,
4517.041277626995,absorbing,left,8.0,7.0,863.0,802.0,301.0,298.0,599.0,15.0,1.0,19.0,28,4,16660,994,222,56,,,,,
4517.395636521047,absorbing,left,8.0,8.0,863.0,802.0,301.0,298.0,599.0,16.0,0.0,19.0,28,4,19064,1124,222,56,,,,,
4517.763523655944,absorbing,left,9.0,8.0,863.0,802.0,302.0,298.0,600.0,16.0,1.0,20.0,28,4,17400,1064,222,56,,,,,
4518.139076478081,absorbing,left,9.0,9.0,863.0,802.0,302.0,299.0,601.0,15.0,1.0,21.0,32,4,21936,1210,222,56,,,,,
4518.51134640188,absorbing,left,10.0,9.0,863.0,802.0,304.0,299.0,603.0,14.0,2.0,23.0,28,4,20892,1164,222,56,,,,,
4518.891508884961,absorbing,left,10.0,10.0,863.0,802.0,304.0,300.0,604.0,14.0,1.0,24.0,63,4,30340,1374,222,56,,,,,
4519.282015562989,absorbing,left,11.0,10.0,863.0,802.0,305.0,300.0,605.0,15.0,1.0,25.0,48,4,25420,1310,222,56,,,,,
4519.668023939943,absorbing,left,11.0,11.0,863.0,802.0,305.0,302.0,607.0,15.0,2.0,27.0,61,4,37644,1566,222,56,,,,,
4520.366023381008,absorbing,left,12.0,11.0,863.0,802.0,306.0,302.0,608.0,13.0,1.0,28.0,48,4,36344,1422,222,56,,,,,
4520.786795863882,absorbing,left,12.0,12.0,863.0,802.0,306.0,304.0,610.0,14.0,2.0,30.0,59,4,57960,1728,222,56,,,,,
4521.278868530877,absorbing,left,13.0,12.0,863.0,802.0,306.0,304.0,610.0,12.0,0.0,30.0,55,4,67064,1738,222,56,,,,,
4521.759287629975,absorbing,left,14.0,12.0,863.0,802.0,306.0,304.0,610.0,12.0,0.0,30.0,174,4,121388,2048,222,56,,,,,
4522.426396043971,absorbing,left,14.0,13.0,863.0,802.0,306.0,304.0,610.0,15.0,0.0,30.0,191,4,233604,2338,222,56,,,,,
4523.083051632857,absorbing,left,14.0,14.0,863.0,802.0,306.0,304.0,610.0,10.0,0.0,30.0,189,4,232192,2416,222,56,,,,,
4523.802104092902,absorbing,left,14.0,15.0,863.0,802.0,306.0,306.0,612.0,10.0,2.0,32.0,156,4,178096,2410,222,56,,,,,
4524.57360629295,absorbing,left,15.0,15.0,863.0,802.0,308.0,306.0,614.0,10.0,2.0,34.0,150,4,194072,2384,222,56,,,,,
4525.095934794052,absorbing,left,15.0,16.0,863.0,802.0,308.0,306.0,614.0,10.0,0.0,34.0,142,4,183484,2386,222,56,,,,,
4525.583834727993,absorbing,left,15.0,17.0,863.0,802.0,308.0,307.0,615.0,12.0,1.0,35.0,138,4,202232,2656,222,56,,,,,
4526.1604404239915,absorbing,left,15.0,18.0,863.0,802.0,308.0,307.0,615.0,13.0,0.0,35.0,114,4,143564,2344,222,56,,,,,
4526.715690233046,absorbing,left,15.0,19.0,863.0,802.0,308.0,309.0,617.0,10.0,2.0,37.0,64,4,89304,2066,222,56,,,,,
4527.301911507035,absorbing,left,16.0,19.0,863.0,802.0,309.0,309.0,618.0,10.0,1.0,38.0,111,4,90588,2020,222,56,,,,,
4527.841140125878,absorbing,left,16.0,20.0,863.0,802.0,309.0,309.0,618.0,14.0,0.0,38.0,106,4,96972,2186,222,56,,,,,
4528.433775561862,absorbing,left,17.0,20.0,863.0,802.0,310.0,309.0,619.0,12.0,1.0,39.0,102,4,98776,1880,222,56,,,,,
4528.936108277878,absorbing,left,18.0,20.0,863.0,802.0,311.0,309.0,620.0,10.0,1.0,40.0,97,4,108444,1958,222,56,,,,,
4529.403968913015,absorbing,left,18.0,21.0,863.0,802.0,311.0,311.0,622.0,13.0,2.0,42.0,89,4,88932,1902,222,56,,,,,
4529.851909715915,absorbing,left,19.0,21.0,863.0,802.0,311.0,311.0,622.0,10.0,0.0,42.0,86,4,89256,1898,222,56,,,,,
4530.297323461855,absorbing,left,20.0,21.0,863.0,802.0,311.0,311.0,622.0,10.0,0.0,42.0,78,4,69136,1670,222,56,,,,,
4530.714973452035,absorbing,left,20.0,22.0,863.0,802.0,311.0,313.0,624.0,11.0,2.0,44.0,64,4,53556,1572,222,56,,,,,
4531.147478940897,absorbing,left,20.0,23.0,863.0,802.0,311.0,313.0,624.0,15.0,0.0,44.0,64,4,63208,1708,222,56,,,,,
4531.638629263034,absorbing,left,21.0,23.0,863.0,802.0,311.0,313.0,624.0,11.0,0.0,44.0,64,4,62536,1742,222,56,,,,,
4532.093792486936,absorbing,left,22.0,23.0,863.0,802.0,313.0,313.0,626.0,10.0,2.0,46.0,64,4,81896,1710,222,56,,,,,
4532.633667300921,absorbing,left,23.0,23.0,863.0,802.0,314.0,313.0,627.0,8.0,1.0,47.0,64,4,74472,1580,222,56,,,,,
4533.150757079944,absorbing,left,23.0,24.0,863.0,802.0,314.0,314.0,628.0,17.0,1.0,48.0,64,4,80104,1872,222,56,,,,,
4533.631534876069,absorbing,left,24.0,24.0,863.0,802.0,315.0,314.0,629.0,9.0,1.0,49.0,64,4,78568,1896,222,56,,,,,
4534.061029271921,absorbing,left,25.0,24.0,863.0,802.0,315.0,314.0,629.0,11.0,0.0,49.0,64,4,69160,1680,222,56,,,,,
4534.513023752021,absorbing,left,25.0,25.0,863.0,802.0,315.0,315.0,630.0,12.0,1.0,50.0,64,4,62952,1760,222,56,,,,,
4534.969659341965,absorbing,left,26.0,25.0,863.0,802.0,315.0,315.0,630.0,10.0,0.0,50.0,64,4,59496,1680,222,56,,,,,
4535.413010581862,absorbing,left,27.0,25.0,863.0,802.0,315.0,315.0,630.0,11.0,0.0,50.0,64,4,78120,1824,222,56,,,,,
4535.8969359828625,absorbing,left,27.0,26.0,863.0,802.0,315.0,315.0,630.0,13.0,0.0,50.0,64,4,88296,2000,222,56,,,,,
4536.331095954869,absorbing,left,27.0,27.0,863.0,802.0,315.0,316.0,631.0,12.0,1.0,51.0,64,4,136872,2264,222,56,,,,,
4536.880973550957,absorbing,left,27.0,28.0,863.0,802.0,315.0,316.0,631.0,11.0,0.0,51.0,64,4,150024,2378,222,56,,,,,
4537.763905959902,absorbing,left,27.0,29.0,863.0,802.0,315.0,317.0,632.0,8.0,1.0,52.0,64,4,164840,2504,222,56,,,,,
4538.475382304052,absorbing,left,27.0,30.0,863.0,802.0,315.0,317.0,632.0,12.0,0.0,52.0,64,4,158600,2550,222,56,,,,,
4539.129228082951,absorbing,left,27.0,31.0,863.0,802.0,315.0,318.0,633.0,9.0,1.0,53.0,64,4,162892,2632,222,56,,,,,
4539.8122564980295,absorbing,left,28.0,31.0,863.0,802.0,316.0,318.0,634.0,11.0,1.0,54.0,256,4,245060,2900,222,56,,,,,
4540.464405741077,absorbing,left,29.0,31.0,863.0,802.0,316.0,318.0,634.0,13.0,0.0,54.0,256,4,282360,2868,222,56,,,,,
4541.43439199985,absorbing,left,30.0,31.0,863.0,802.0,318.0,318.0,636.0,9.0,2.0,56.0,105,4,153740,2426,222,56,,,,,
4542.076483095065,absorbing,left,31.0,31.0,863.0,802.0,319.0,318.0,637.0,10.0,1.0,57.0,127,4,187952,2544,222,56,,,,,
4542.79481657804,absorbing,left,31.0,32.0,863.0,802.0,319.0,321.0,640.0,7.0,3.0,60.0,124,4,216088,2804,222,56,,,,,
4543.339372714981,absorbing,left,31.0,33.0,863.0,802.0,319.0,321.0,640.0,8.0,0.0,60.0,123,4,265652,3084,222,56,,,,,
4543.927696689032,absorbing,left,32.0,33.0,863.0,802.0,320.0,321.0,641.0,6.0,1.0,61.0,360,4,462736,3550,222,56,,,,,
4544.738957212074,absorbing,left,33.0,33.0,863.0,802.0,322.0,321.0,643.0,8.0,2.0,63.0,351,4,442404,3472,222,56,,,,,
4545.605157044018,absorbing,left,34.0,33.0,863.0,802.0,324.0,321.0,645.0,6.0,2.0,65.0,108,4,210100,2892,222,56,,,,,
4546.159890275914,absorbing,left,35.0,33.0,863.0,802.0,324.0,321.0,645.0,9.0,0.0,65.0,81,4,151904,2598,222,56,,,,,
4546.789074708009,absorbing,left,36.0,33.0,863.0,802.0,326.0,321.0,647.0,7.0,2.0,67.0,80,4,180776,2828,222,56,,,,,
4547.559227801859,absorbing,left,37.0,33.0,863.0,802.0,326.0,321.0,647.0,7.0,0.0,67.0,80,4,206632,3052,222,56,,,,,
4548.253722976893,absorbing,left,37.0,34.0,863.0,802.0,326.0,322.0,648.0,9.0,1.0,68.0,95,4,241384,3194,222,56,,,,,
4548.989187147003,absorbing,left,38.0,34.0,863.0,802.0,326.0,322.0,648.0,8.0,0.0,68.0,93,4,312420,3500,222,56,,,,,
4549.987421903061,absorbing,left,38.0,35.0,863.0,802.0,326.0,322.0,648.0,10.0,0.0,68.0,256,4,393272,3790,222,56,,,,,
4551.173913122853,absorbing,left,38.0,36.0,863.0,802.0,326.0,323.0,649.0,12.0,1.0,69.0,256,4,391992,3782,222,56,,,,,
4552.130075009074,absorbing,left,38.0,37.0,863.0,802.0,326.0,323.0,649.0,11.0,0.0,69.0,256,4,389244,3832,222,56,,,,,
4553.058724927949,absorbing,left,38.0,38.0,863.0,802.0,326.0,323.0,649.0,8.0,0.0,69.0,256,4,505920,4386,222,56,,,,,
4554.100940014934,absorbing,left,38.0,39.0,863.0,802.0,326.0,325.0,651.0,7.0,2.0,71.0,256,4,649272,4944,222,56,,,,,
4561.814021188999,unswapping,,,,,,,,,,,,256,4,1186604,5286,222,56,0.0,both,0.0,7.0,7.0
4568.748405687977,unswapping,,,,,,,,,,,,255,4,856052,4432,222,56,0.0,both,1.0,11.0,18.0
4570.028035769006,unswapping,,,,,,,,,,,,254,4,799016,4134,222,56,0.0,left,0.0,4.0,22.0
4575.16876787506,unswapping,,,,,,,,,,,,252,4,368652,3428,222,56,0.0,left,1.0,8.0,30.0
4576.404317450011,unswapping,,,,,,,,,,,,64,4,131188,2308,222,56,0.0,right,0.0,9.0,39.0
4577.297871222021,unswapping,,,,,,,,,,,,64,4,77500,1864,222,56,0.0,right,1.0,11.0,50.0
4578.536957748933,unswapping,,,,,,,,,,,,63,4,36992,1470,222,56,1.0,both,0.0,10.0,10.0
4579.7101647078525,unswapping,,,,,,,,,,,,32,4,28644,1304,222,56,1.0,both,1.0,5.0,15.0
4580.286159778014,unswapping,,,,,,,,,,,,32,4,27372,1256,222,56,1.0,left,0.0,4.0,19.0
4581.076888757991,unswapping,,,,,,,,,,,,32,4,26560,1222,222,56,1.0,left,1.0,3.0,22.0
4581.6178345019,unswapping,,,,,,,,,,,,32,4,23252,1132,222,56,1.0,right,0.0,5.0,27.0
4582.142949535046,unswapping,,,,,,,,,,,,32,4,19556,1052,222,56,1.0,right,1.0,4.0,31.0
4583.093239757931,unswapping,,,,,,,,,,,,32,4,17564,996,222,56,2.0,both,0.0,4.0,4.0
4584.052941398928,unswapping,,,,,,,,,,,,32,4,16136,962,222,56,2.0,both,1.0,5.0,9.0
4584.5259906628635,unswapping,,,,,,,,,,,,16,4,14200,914,222,56,2.0,left,0.0,3.0,12.0
4585.005313283997,unswapping,,,,,,,,,,,,16,4,13240,890,222,56,2.0,left,1.0,1.0,13.0
4585.462521163048,unswapping,,,,,,,,,,,,16,4,9820,796,222,56,2.0,right,0.0,4.0,17.0
4585.870934257051,unswapping,,,,,,,,,,,,16,4,6940,724,222,56,2.0,right,1.0,3.0,20.0
4586.681385176955,unswapping,,,,,,,,,,,,16,4,4900,664,222,56,3.0,both,0.0,5.0,5.0
4587.475232315017,unswapping,,,,,,,,,,,,16,4,4420,640,222,56,3.0,both,1.0,5.0,10.0
4587.864942187909,unswapping,,,,,,,,,,,,16,4,4292,632,222,56,3.0,left,0.0,1.0,11.0
4588.259110416984,unswapping,,,,,,,,,,,,16,4,2900,584,222,56,3.0,left,1.0,2.0,13.0
4588.643430729862,unswapping,,,,,,,,,,,,8,4,2516,560,222,56,3.0,right,0.0,1.0,14.0
4589.0233016349375,unswapping,,,,,,,,,,,,8,4,2456,554,222,56,3.0,right,1.0,1.0,15.0
4589.79304792895,unswapping,,,,,,,,,,,,8,4,2336,542,222,56,4.0,both,0.0,3.0,3.0
4590.548052540049,unswapping,,,,,,,,,,,,8,4,2264,534,222,56,4.0,both,1.0,2.0,5.0
4590.9282026859,unswapping,,,,,,,,,,,,8,4,2204,528,222,56,4.0,left,0.0,1.0,6.0
4591.162279142998,unswapping,,,,,,,,,,,,8,4,2204,528,222,56,4.0,left,1.0,0.0,6.0
4591.623676395044,unswapping,,,,,,,,,,,,8,4,2204,528,222,56,4.0,right,0.0,0.0,6.0
4591.996016189922,unswapping,,,,,,,,,,,,8,4,2156,524,222,56,4.0,right,1.0,1.0,7.0
4592.751599129057,unswapping,,,,,,,,,,,,8,4,2096,518,222,56,5.0,both,0.0,2.0,2.0
4593.499135590857,unswapping,,,,,,,,,,,,8,4,2024,510,222,56,5.0,both,1.0,2.0,4.0
4593.7329260949045,unswapping,,,,,,,,,,,,8,4,2024,510,222,56,5.0,left,0.0,0.0,4.0
4593.962240641937,unswapping,,,,,,,,,,,,8,4,2024,510,222,56,5.0,left,1.0,0.0,4.0
4594.194915045984,unswapping,,,,,,,,,,,,8,4,2024,510,222,56,5.0,right,0.0,0.0,4.0
4594.42579554487,unswapping,,,,,,,,,,,,8,4,2024,510,222,56,5.0,right,1.0,0.0,4.0
4595.1674249798525,unswapping,,,,,,,,,,,,8,4,1964,504,222,56,6.0,both,0.0,1.0,1.0
4595.904873789055,unswapping,,,,,,,,,,,,8,4,1904,498,222,56,6.0,both,1.0,1.0,2.0
4596.139312719926,unswapping,,,,,,,,,,,,8,4,1904,498,222,56,6.0,left,0.0,0.0,2.0
4596.369243904017,unswapping,,,,,,,,,,,,8,4,1904,498,222,56,6.0,left,1.0,0.0,2.0
4596.598981071962,unswapping,,,,,,,,,,,,8,4,1904,498,222,56,6.0,right,0.0,0.0,2.0
4596.826528887963,unswapping,,,,,,,,,,,,8,4,1904,498,222,56,6.0,right,1.0,0.0,2.0
4597.566393224057,unswapping,,,,,,,,,,,,8,4,1832,494,222,56,7.0,both,0.0,1.0,1.0
4598.303969321074,unswapping,,,,,,,,,,,,5,4,1664,480,222,56,7.0,both,1.0,1.0,2.0
4598.537622414995,unswapping,,,,,,,,,,,,5,4,1664,480,222,56,7.0,left,0.0,0.0,2.0
4598.767336671008,unswapping,,,,,,,,,,,,5,4,1664,480,222,56,7.0,left,1.0,0.0,2.0
4598.996891086921,unswapping,,,,,,,,,,,,5,4,1664,480,222,56,7.0,right,0.0,0.0,2.0
4599.2251164559275,unswapping,,,,,,,,,,,,5,4,1664,480,222,56,7.0,right,1.0,0.0,2.0
4599.966111544985,unswapping,,,,,,,,,,,,5,4,1604,474,222,56,8.0,both,0.0,1.0,1.0
4600.922406760044,unswapping,,,,,,,,,,,,5,4,1544,468,222,56,8.0,both,1.0,1.0,2.0
4601.152303128969,unswapping,,,,,,,,,,,,5,4,1544,468,222,56,8.0,left,0.0,0.0,2.0
4601.38076251396,unswapping,,,,,,,,,,,,5,4,1544,468,222,56,8.0,left,1.0,0.0,2.0
4601.608826342039,unswapping,,,,,,,,,,,,5,4,1544,468,222,56,8.0,right,0.0,0.0,2.0
4601.835561814951,unswapping,,,,,,,,,,,,5,4,1544,468,222,56,8.0,right,1.0,0.0,2.0
4602.572586976923,unswapping,,,,,,,,,,,,5,4,1484,462,222,56,9.0,both,0.0,1.0,1.0
4603.302546345862,unswapping,,,,,,,,,,,,5,4,1424,456,222,56,9.0,both,1.0,1.0,2.0
4603.534116317984,unswapping,,,,,,,,,,,,5,4,1424,456,222,56,9.0,left,0.0,0.0,2.0
4603.761964079924,unswapping,,,,,,,,,,,,5,4,1424,456,222,56,9.0,left,1.0,0.0,2.0
4603.99122095108,unswapping,,,,,,,,,,,,5,4,1424,456,222,56,9.0,right,0.0,0.0,2.0
4604.218493466964,unswapping,,,,,,,,,,,,5,4,1424,456,222,56,9.0,right,1.0,0.0,2.0
4604.955867853016,unswapping,,,,,,,,,,,,5,4,1364,450,222,56,10.0,both,0.0,1.0,1.0
4605.684149377979,unswapping,,,,,,,,,,,,5,4,1304,444,222,56,10.0,both,1.0,1.0,2.0
4605.913323914865,unswapping,,,,,,,,,,,,5,4,1304,444,222,56,10.0,left,0.0,0.0,2.0
4606.13880334585,unswapping,,,,,,,,,,,,5,4,1304,444,222,56,10.0,left,1.0,0.0,2.0
4606.364694881951,unswapping,,,,,,,,,,,,5,4,1304,444,222,56,10.0,right,0.0,0.0,2.0
4606.588758712867,unswapping,,,,,,,,,,,,5,4,1304,444,222,56,10.0,right,1.0,0.0,2.0
4607.318733724998,unswapping,,,,,,,,,,,,5,4,1244,438,222,56,11.0,both,0.0,1.0,1.0
4607.765126295853,unswapping,,,,,,,,,,,,5,4,1244,438,222,56,11.0,both,1.0,0.0,1.0
4607.992328750901,unswapping,,,,,,,,,,,,5,4,1244,438,222,56,11.0,left,0.0,0.0,1.0
4608.218081130879,unswapping,,,,,,,,,,,,5,4,1244,438,222,56,11.0,left,1.0,0.0,1.0
4608.446790448856,unswapping,,,,,,,,,,,,5,4,1244,438,222,56,11.0,right,0.0,0.0,1.0
4608.811758734984,unswapping,,,,,,,,,,,,5,4,1184,432,222,56,11.0,right,1.0,1.0,2.0
4609.7638072918635,unswapping,,,,,,,,,,,,5,4,1124,426,222,56,12.0,both,0.0,1.0,1.0
4610.488284359919,unswapping,,,,,,,,,,,,5,4,1064,420,222,56,12.0,both,1.0,1.0,2.0
4610.716539124958,unswapping,,,,,,,,,,,,5,4,1064,420,222,56,12.0,left,0.0,0.0,2.0
4610.941812569974,unswapping,,,,,,,,,,,,5,4,1064,420,222,56,12.0,left,1.0,0.0,2.0
4611.305859457934,unswapping,,,,,,,,,,,,5,4,1004,414,222,56,12.0,right,0.0,1.0,3.0
4611.52848606999,unswapping,,,,,,,,,,,,5,4,1004,414,222,56,12.0,right,1.0,0.0,3.0
4611.970524325967,unswapping,,,,,,,,,,,,5,4,1004,414,222,56,13.0,both,0.0,0.0,0.0
4612.681780993938,unswapping,,,,,,,,,,,,5,4,944,408,222,56,13.0,both,1.0,1.0,1.0
4612.909289828967,unswapping,,,,,,,,,,,,5,4,944,408,222,56,13.0,left,0.0,0.0,1.0
4613.1321653849445,unswapping,,,,,,,,,,,,5,4,944,408,222,56,13.0,left,1.0,0.0,1.0
4613.35657150601,unswapping,,,,,,,,,,,,5,4,944,408,222,56,13.0,right,0.0,0.0,1.0
4613.578791297972,unswapping,,,,,,,,,,,,5,4,944,408,222,56,13.0,right,1.0,0.0,1.0
4614.300948011922,unswapping,,,,,,,,,,,,5,4,884,402,222,56,14.0,both,0.0,1.0,1.0
4615.016581022879,unswapping,,,,,,,,,,,,5,4,836,398,222,56,14.0,both,1.0,1.0,2.0
4615.244235596852,unswapping,,,,,,,,,,,,5,4,836,398,222,56,14.0,left,0.0,0.0,2.0
4615.468085564906,unswapping,,,,,,,,,,,,5,4,836,398,222,56,14.0,left,1.0,0.0,2.0
4615.690896377899,unswapping,,,,,,,,,,,,5,4,836,398,222,56,14.0,right,0.0,0.0,2.0
4615.912232786883,unswapping,,,,,,,,,,,,5,4,836,398,222,56,14.0,right,1.0,0.0,2.0
4616.648466633866,unswapping,,,,,,,,,,,,5,4,752,392,222,56,15.0,both,0.0,1.0,1.0
4617.365646451013,unswapping,,,,,,,,,,,,5,4,668,386,222,56,15.0,both,1.0,1.0,2.0
4617.592224841006,unswapping,,,,,,,,,,,,5,4,668,386,222,56,15.0,left,0.0,0.0,2.0
4617.813495663926,unswapping,,,,,,,,,,,,5,4,668,386,222,56,15.0,left,1.0,0.0,2.0
4618.035693191923,unswapping,,,,,,,,,,,,5,4,668,386,222,56,15.0,right,0.0,0.0,2.0
4618.256331726909,unswapping,,,,,,,,,,,,5,4,668,386,222,56,15.0,right,1.0,0.0,2.0
4619.20632906002,unswapping,,,,,,,,,,,,4,4,596,380,222,56,16.0,both,0.0,1.0,1.0
4619.921421370935,unswapping,,,,,,,,,,,,4,4,548,376,222,56,16.0,both,1.0,1.0,2.0
4620.146087287925,unswapping,,,,,,,,,,,,4,4,548,376,222,56,16.0,left,0.0,0.0,2.0
4620.366230305051,unswapping,,,,,,,,,,,,4,4,548,376,222,56,16.0,left,1.0,0.0,2.0
4620.589074655902,unswapping,,,,,,,,,,,,4,4,548,376,222,56,16.0,right,0.0,0.0,2.0
4620.809700428974,unswapping,,,,,,,,,,,,4,4,548,376,222,56,16.0,right,1.0,0.0,2.0
4621.527338739019,unswapping,,,,,,,,,,,,4,4,500,372,222,56,17.0,both,0.0,1.0,1.0
4622.24242118001,unswapping,,,,,,,,,,,,4,4,452,368,222,56,17.0,both,1.0,1.0,2.0
4622.60644186195,unswapping,,,,,,,,,,,,4,4,428,366,222,56,17.0,left,0.0,1.0,3.0
4622.828673518961,unswapping,,,,,,,,,,,,4,4,428,366,222,56,17.0,left,1.0,0.0,3.0
4623.051831447054,unswapping,,,,,,,,,,,,4,4,428,366,222,56,17.0,right,0.0,0.0,3.0
4623.272464287002,unswapping,,,,,,,,,,,,4,4,428,366,222,56,17.0,right,1.0,0.0,3.0
4623.714874421945,unswapping,,,,,,,,,,,,4,4,428,366,222,56,18.0,both,0.0,0.0,0.0
4624.430811092025,unswapping,,,,,,,,,,,,3,4,388,362,222,56,18.0,both,1.0,1.0,1.0
4624.656587610953,unswapping,,,,,,,,,,,,3,4,388,362,222,56,18.0,left,0.0,0.0,1.0
4624.876916375011,unswapping,,,,,,,,,,,,3,4,388,362,222,56,18.0,left,1.0,0.0,1.0
4625.097494331887,unswapping,,,,,,,,,,,,3,4,388,362,222,56,18.0,right,0.0,0.0,1.0
4625.316187764984,unswapping,,,,,,,,,,,,3,4,388,362,222,56,18.0,right,1.0,0.0,1.0
4625.760346943047,unswapping,,,,,,,,,,,,3,4,388,362,222,56,19.0,both,0.0,0.0,0.0
4626.196809711866,unswapping,,,,,,,,,,,,3,4,388,362,222,56,19.0,both,1.0,0.0,0.0
4626.4209420948755,unswapping,,,,,,,,,,,,3,4,388,362,222,56,19.0,left,0.0,0.0,0.0
4626.641837870004,unswapping,,,,,,,,,,,,3,4,388,362,222,56,19.0,left,1.0,0.0,0.0
4626.8649801178835,unswapping,,,,,,,,,,,,3,4,388,362,222,56,19.0,right,0.0,0.0,0.0
4627.085110406857,unswapping,,,,,,,,,,,,3,4,388,362,222,56,19.0,right,1.0,0.0,0.0
4634.520574830938,absorbing,left,1.0,0.0,680.0,802.0,327.0,325.0,652.0,8.0,1.0,1.0,3,4,380,360,222,56,,,,,
4634.798563648015,absorbing,left,1.0,1.0,680.0,802.0,327.0,326.0,653.0,8.0,1.0,2.0,6,4,620,408,222,56,,,,,
4635.082180783851,absorbing,left,2.0,1.0,680.0,802.0,327.0,326.0,653.0,12.0,0.0,2.0,4,4,516,378,222,56,,,,,
4635.366593366023,absorbing,left,3.0,1.0,680.0,802.0,327.0,326.0,653.0,14.0,0.0,2.0,6,4,844,444,222,56,,,,,
4635.655245554866,absorbing,left,3.0,2.0,680.0,802.0,327.0,327.0,654.0,13.0,1.0,3.0,6,4,672,392,222,56,,,,,
4635.940618579043,absorbing,left,4.0,2.0,680.0,802.0,327.0,327.0,654.0,12.0,0.0,3.0,6,4,1068,462,222,56,,,,,
4636.226387012983,absorbing,left,4.0,3.0,680.0,802.0,327.0,328.0,655.0,13.0,1.0,4.0,6,4,832,410,222,56,,,,,
4636.507875472074,absorbing,left,4.0,4.0,680.0,802.0,327.0,328.0,655.0,12.0,0.0,4.0,6,4,1156,464,222,56,,,,,
4636.797082022997,absorbing,left,5.0,4.0,680.0,802.0,327.0,328.0,655.0,10.0,0.0,4.0,5,4,976,424,222,56,,,,,
4637.083086524857,absorbing,left,6.0,4.0,680.0,802.0,327.0,328.0,655.0,9.0,0.0,4.0,16,4,1564,494,222,56,,,,,
4637.369748993078,absorbing,left,7.0,4.0,680.0,802.0,328.0,328.0,656.0,8.0,1.0,5.0,16,4,2220,544,222,56,,,,,
4637.662603850942,absorbing,left,7.0,5.0,680.0,802.0,328.0,328.0,656.0,13.0,0.0,5.0,16,4,2604,522,222,56,,,,,
4637.950693499995,absorbing,left,8.0,5.0,680.0,802.0,328.0,328.0,656.0,7.0,0.0,5.0,16,4,2136,536,222,56,,,,,
4638.245580968913,absorbing,left,9.0,5.0,680.0,802.0,329.0,328.0,657.0,8.0,1.0,6.0,6,4,2024,536,222,56,,,,,
4638.537964151939,absorbing,left,9.0,6.0,680.0,802.0,329.0,328.0,657.0,13.0,0.0,6.0,16,4,2352,538,222,56,,,,,
4638.828881598078,absorbing,left,10.0,6.0,680.0,802.0,329.0,328.0,657.0,9.0,0.0,6.0,18,4,2720,566,222,56,,,,,
4639.119954967871,absorbing,left,10.0,7.0,680.0,802.0,329.0,328.0,657.0,13.0,0.0,6.0,18,4,3980,592,222,56,,,,,
4639.417665914865,absorbing,left,11.0,7.0,680.0,802.0,329.0,328.0,657.0,9.0,0.0,6.0,19,4,5168,628,222,56,,,,,
4639.718488618033,absorbing,left,12.0,7.0,680.0,802.0,329.0,328.0,657.0,9.0,0.0,6.0,19,4,6420,716,222,56,,,,,
4640.022887767991,absorbing,left,12.0,8.0,680.0,802.0,329.0,329.0,658.0,11.0,1.0,7.0,16,4,5744,652,222,56,,,,,
4640.322826229036,absorbing,left,12.0,9.0,680.0,802.0,329.0,330.0,659.0,10.0,1.0,8.0,16,4,7124,700,222,56,,,,,
4640.639932289952,absorbing,left,13.0,9.0,680.0,802.0,329.0,330.0,659.0,8.0,0.0,8.0,16,4,6512,664,222,56,,,,,
4640.956102051074,absorbing,left,13.0,10.0,680.0,802.0,329.0,330.0,659.0,12.0,0.0,8.0,16,4,7820,712,222,56,,,,,
4641.275605350034,absorbing,left,14.0,10.0,680.0,802.0,329.0,330.0,659.0,10.0,0.0,8.0,16,4,8900,748,222,56,,,,,
4641.594053536886,absorbing,left,14.0,11.0,680.0,802.0,329.0,330.0,659.0,13.0,0.0,8.0,16,4,9644,790,222,56,,,,,
4641.90103041986,absorbing,left,15.0,11.0,680.0,802.0,329.0,330.0,659.0,12.0,0.0,8.0,16,4,11300,826,222,56,,,,,
4642.241395480931,absorbing,left,15.0,12.0,680.0,802.0,329.0,331.0,660.0,11.0,1.0,9.0,32,4,14440,924,222,56,,,,,
4642.574704105966,absorbing,left,16.0,12.0,680.0,802.0,329.0,331.0,660.0,10.0,0.0,9.0,16,4,13724,910,222,56,,,,,
4642.939070174936,absorbing,left,17.0,12.0,680.0,802.0,330.0,331.0,661.0,11.0,1.0,10.0,16,4,16784,1000,222,56,,,,,
4643.307904575951,absorbing,left,17.0,13.0,680.0,802.0,330.0,331.0,661.0,13.0,0.0,10.0,64,4,27284,1114,222,56,,,,,
4643.667400259059,absorbing,left,18.0,13.0,680.0,802.0,332.0,331.0,663.0,10.0,2.0,12.0,64,4,68352,1382,222,56,,,,,
4644.143266736995,absorbing,left,19.0,13.0,680.0,802.0,332.0,331.0,663.0,9.0,0.0,12.0,256,4,171456,1886,222,56,,,,,
4644.860889080912,absorbing,left,20.0,13.0,680.0,802.0,333.0,331.0,664.0,8.0,1.0,13.0,256,4,189928,2178,222,56,,,,,
4645.436491901986,absorbing,left,21.0,13.0,680.0,802.0,333.0,331.0,664.0,10.0,0.0,13.0,256,4,215044,2310,222,56,,,,,
4646.006802843884,absorbing,left,22.0,13.0,680.0,802.0,335.0,331.0,666.0,7.0,2.0,15.0,256,4,224960,2452,222,56,,,,,
4646.826367391041,absorbing,left,23.0,13.0,680.0,802.0,338.0,331.0,669.0,7.0,3.0,18.0,256,4,270160,2724,222,56,,,,,
4647.716464495985,absorbing,left,23.0,14.0,680.0,802.0,338.0,331.0,669.0,15.0,0.0,18.0,256,4,489844,2952,222,56,,,,,
4648.3446407679,absorbing,left,23.0,15.0,680.0,802.0,338.0,332.0,670.0,15.0,1.0,19.0,256,4,739576,3234,222,56,,,,,
4650.5104063870385,absorbing,left,23.0,16.0,680.0,802.0,338.0,332.0,670.0,14.0,0.0,19.0,256,4,735964,3234,222,56,,,,,
4651.3893677829765,absorbing,left,23.0,17.0,680.0,802.0,338.0,332.0,670.0,15.0,0.0,19.0,256,4,514180,2946,222,56,,,,,
4652.234718980035,absorbing,left,23.0,18.0,680.0,802.0,338.0,333.0,671.0,11.0,1.0,20.0,256,4,533728,3102,222,56,,,,,
4652.922921319958,absorbing,left,23.0,19.0,680.0,802.0,338.0,334.0,672.0,9.0,1.0,21.0,256,4,763772,3340,222,56,,,,,
4655.300023881951,absorbing,left,23.0,20.0,680.0,802.0,338.0,336.0,674.0,8.0,2.0,23.0,256,4,764028,3350,222,56,,,,,
4656.029772405047,absorbing,left,23.0,21.0,680.0,802.0,338.0,336.0,674.0,11.0,0.0,23.0,256,4,795684,3562,222,56,,,,,
4657.491523839999,absorbing,left,24.0,21.0,680.0,802.0,338.0,336.0,674.0,9.0,0.0,23.0,256,4,778824,3448,222,56,,,,,
4661.007603494916,absorbing,left,25.0,21.0,680.0,802.0,338.0,336.0,674.0,9.0,0.0,23.0,256,4,771540,3322,222,56,,,,,
4663.675023271004,absorbing,left,26.0,21.0,680.0,802.0,339.0,336.0,675.0,9.0,1.0,24.0,256,4,525560,2950,222,56,,,,,
4664.713305121055,absorbing,left,27.0,21.0,680.0,802.0,339.0,336.0,675.0,11.0,0.0,24.0,256,4,257460,2516,222,56,,,,,
4665.677595980931,absorbing,left,28.0,21.0,680.0,802.0,340.0,336.0,676.0,11.0,1.0,25.0,64,4,144852,2066,222,56,,,,,
4666.523186914856,absorbing,left,29.0,21.0,680.0,802.0,341.0,336.0,677.0,11.0,1.0,26.0,64,4,132092,2026,222,56,,,,,
4666.910598977003,absorbing,left,30.0,21.0,680.0,802.0,341.0,336.0,677.0,12.0,0.0,26.0,64,4,133108,2046,222,56,,,,,
4667.519907031907,absorbing,left,30.0,22.0,680.0,802.0,341.0,337.0,678.0,9.0,1.0,27.0,64,4,133844,2068,222,56,,,,,
4668.11793552991,absorbing,left,30.0,23.0,680.0,802.0,341.0,340.0,681.0,8.0,3.0,30.0,64,4,119156,2014,222,56,,,,,
4668.846964081982,absorbing,left,30.0,24.0,680.0,802.0,341.0,341.0,682.0,8.0,1.0,31.0,64,4,104948,1918,222,56,,,,,
4669.588542287936,absorbing,left,30.0,25.0,680.0,802.0,341.0,341.0,682.0,10.0,0.0,31.0,64,4,119956,1992,222,56,,,,,
4670.307197910966,absorbing,left,30.0,26.0,680.0,802.0,341.0,342.0,683.0,10.0,1.0,32.0,64,4,111060,1892,222,56,,,,,
4671.045576432953,absorbing,left,31.0,26.0,680.0,802.0,343.0,342.0,685.0,12.0,2.0,34.0,64,4,104612,1864,222,56,,,,,
4671.699875870952,absorbing,left,32.0,26.0,680.0,802.0,346.0,342.0,688.0,12.0,3.0,37.0,64,4,118288,2120,222,56,,,,,
4672.419605040923,absorbing,left,33.0,26.0,680.0,802.0,348.0,342.0,690.0,14.0,2.0,39.0,64,4,130128,2176,222,56,,,,,
4673.016758288024,absorbing,left,34.0,26.0,680.0,802.0,349.0,342.0,691.0,14.0,1.0,40.0,64,4,106100,2090,222,56,,,,,
4673.655481810914,absorbing,left,34.0,27.0,680.0,802.0,349.0,342.0,691.0,12.0,0.0,40.0,64,4,92268,1908,222,56,,,,,
4674.263064824045,absorbing,left,34.0,28.0,680.0,802.0,349.0,344.0,693.0,12.0,2.0,42.0,64,4,88696,1990,222,56,,,,,
4674.8315852389205,absorbing,left,35.0,28.0,680.0,802.0,350.0,344.0,694.0,15.0,1.0,43.0,156,4,118592,1914,222,56,,,,,
4675.463268029038,absorbing,left,36.0,28.0,680.0,802.0,350.0,344.0,694.0,18.0,0.0,43.0,128,4,101792,1822,222,56,,,,,
4676.05758774397,absorbing,left,37.0,28.0,680.0,802.0,353.0,344.0,697.0,16.0,3.0,46.0,127,4,97320,1816,222,56,,,,,
4676.520119082881,absorbing,left,37.0,29.0,680.0,802.0,353.0,347.0,700.0,9.0,3.0,49.0,126,4,79788,1688,222,56,,,,,
4676.9276010519825,absorbing,left,37.0,30.0,680.0,802.0,353.0,349.0,702.0,9.0,2.0,51.0,125,4,79308,1678,222,56,,,,,
4677.397033779882,absorbing,left,37.0,31.0,680.0,802.0,353.0,352.0,705.0,7.0,3.0,54.0,64,4,44140,1490,222,56,,,,,
4677.848441364011,absorbing,left,38.0,31.0,680.0,802.0,355.0,352.0,707.0,13.0,2.0,56.0,64,4,48516,1596,222,56,,,,,
4678.325993705075,absorbing,left,38.0,32.0,680.0,802.0,355.0,353.0,708.0,11.0,1.0,57.0,64,4,53156,1718,222,56,,,,,
4678.762448844034,absorbing,left,39.0,32.0,680.0,802.0,356.0,353.0,709.0,11.0,1.0,58.0,64,4,75456,1922,222,56,,,,,
4679.183296256,absorbing,left,40.0,32.0,680.0,802.0,356.0,353.0,709.0,12.0,0.0,58.0,64,4,92256,2088,222,56,,,,,
4679.633849852951,absorbing,left,40.0,33.0,680.0,802.0,356.0,353.0,709.0,12.0,0.0,58.0,64,4,116964,2154,222,56,,,,,
4680.037117450964,absorbing,left,40.0,34.0,680.0,802.0,356.0,356.0,712.0,7.0,3.0,61.0,64,4,133160,2264,222,56,,,,,
4680.795319163939,absorbing,left,40.0,35.0,680.0,802.0,356.0,356.0,712.0,9.0,0.0,61.0,64,4,149576,2378,222,56,,,,,
4681.272732740967,absorbing,left,41.0,35.0,680.0,802.0,356.0,356.0,712.0,12.0,0.0,61.0,64,4,165768,2530,222,56,,,,,
4681.901738716057,absorbing,left,42.0,35.0,680.0,802.0,356.0,356.0,712.0,10.0,0.0,61.0,64,4,187144,2738,222,56,,,,,
4682.516544475919,absorbing,left,43.0,35.0,680.0,802.0,356.0,356.0,712.0,11.0,0.0,61.0,64,4,193096,2990,222,56,,,,,
4683.019469759893,absorbing,left,43.0,36.0,680.0,802.0,356.0,358.0,714.0,7.0,2.0,63.0,64,4,226824,3070,222,56,,,,,
4683.868929106975,absorbing,left,44.0,36.0,680.0,802.0,357.0,358.0,715.0,8.0,1.0,64.0,64,4,237192,3374,222,56,,,,,
4684.41089773993,absorbing,left,44.0,37.0,680.0,802.0,357.0,359.0,716.0,11.0,1.0,65.0,64,4,305388,3622,222,56,,,,,
4685.247393190861,absorbing,left,44.0,38.0,680.0,802.0,357.0,359.0,716.0,10.0,0.0,65.0,128,4,329928,3750,222,56,,,,,
4686.075333044864,absorbing,left,44.0,39.0,680.0,802.0,357.0,359.0,716.0,7.0,0.0,65.0,128,4,323844,3660,222,56,,,,,
4686.995144448942,absorbing,left,44.0,40.0,680.0,802.0,357.0,359.0,716.0,7.0,0.0,65.0,128,4,337732,3824,222,56,,,,,
4687.921533877961,absorbing,left,45.0,40.0,680.0,802.0,357.0,359.0,716.0,12.0,0.0,65.0,64,4,264516,3412,222,56,,,,,
4688.539337215014,absorbing,left,45.0,41.0,680.0,802.0,357.0,359.0,716.0,7.0,0.0,65.0,64,4,270660,3380,222,56,,,,,
4689.522514859913,absorbing,left,46.0,41.0,680.0,802.0,360.0,359.0,719.0,10.0,3.0,68.0,128,4,296836,3444,222,56,,,,,
4690.318179595051,absorbing,left,46.0,42.0,680.0,802.0,360.0,359.0,719.0,8.0,0.0,68.0,64,4,281156,3428,222,56,,,,,
4691.236831792863,absorbing,left,46.0,43.0,680.0,802.0,360.0,361.0,721.0,6.0,2.0,70.0,64,4,286692,3454,222,56,,,,,
4692.063643544912,absorbing,left,46.0,44.0,680.0,802.0,360.0,361.0,721.0,8.0,0.0,70.0,64,4,285344,3388,222,56,,,,,
4693.024540785933,absorbing,left,46.0,45.0,680.0,802.0,360.0,363.0,723.0,7.0,2.0,72.0,64,4,283264,3354,222,56,,,,,
4693.977143649012,absorbing,left,46.0,46.0,680.0,802.0,360.0,363.0,723.0,9.0,0.0,72.0,64,4,288256,3450,222,56,,,,,
4695.0049114970025,absorbing,left,46.0,47.0,680.0,802.0,360.0,363.0,723.0,11.0,0.0,72.0,64,4,288256,3450,222,56,,,,,
4696.072009054013,absorbing,left,47.0,47.0,680.0,802.0,360.0,363.0,723.0,11.0,0.0,72.0,128,4,293824,3498,222,56,,,,,
4697.208899651887,absorbing,left,48.0,47.0,680.0,802.0,362.0,363.0,725.0,13.0,2.0,74.0,128,4,286720,3378,222,56,,,,,
4698.414619239047,absorbing,left,49.0,47.0,680.0,802.0,362.0,363.0,725.0,17.0,0.0,74.0,127,4,271236,3302,222,56,,,,,
4699.514612118946,absorbing,left,50.0,47.0,680.0,802.0,363.0,363.0,726.0,14.0,1.0,75.0,125,4,219436,3080,222,56,,,,,
4700.606862963876,absorbing,left,50.0,48.0,680.0,802.0,363.0,363.0,726.0,13.0,0.0,75.0,123,4,217972,3052,222,56,,,,,
4701.877090102993,absorbing,left,51.0,48.0,680.0,802.0,363.0,363.0,726.0,16.0,0.0,75.0,64,4,219364,3092,222,56,,,,,
4703.443429166917,absorbing,left,51.0,49.0,680.0,802.0,363.0,364.0,727.0,13.0,1.0,76.0,64,4,220804,3110,222,56,,,,,
4704.92067696806,absorbing,left,51.0,50.0,680.0,802.0,363.0,366.0,729.0,13.0,2.0,78.0,64,4,191044,2942,222,56,,,,,
4706.007810930023,absorbing,left,51.0,51.0,680.0,802.0,363.0,367.0,730.0,11.0,1.0,79.0,64,4,191556,2950,222,56,,,,,
4706.8767229199875,absorbing,left,52.0,51.0,680.0,802.0,365.0,367.0,732.0,15.0,2.0,81.0,64,4,172260,2772,222,56,,,,,
4707.590747128008,absorbing,left,53.0,51.0,680.0,802.0,366.0,367.0,733.0,13.0,1.0,82.0,64,4,179364,2836,222,56,,,,,
4708.272902813042,absorbing,left,53.0,52.0,680.0,802.0,366.0,367.0,733.0,8.0,0.0,82.0,64,4,171012,2854,222,56,,,,,
4708.913092566887,absorbing,left,53.0,53.0,680.0,802.0,366.0,368.0,734.0,8.0,1.0,83.0,64,4,216068,3142,222,56,,,,,
4709.554989126977,absorbing,left,53.0,54.0,680.0,802.0,366.0,368.0,734.0,8.0,0.0,83.0,256,4,314568,3548,222,56,,,,,
4710.302630712977,absorbing,left,53.0,55.0,680.0,802.0,366.0,368.0,734.0,6.0,0.0,83.0,256,4,346368,3842,222,56,,,,,
4711.189874625066,absorbing,left,53.0,56.0,680.0,802.0,366.0,368.0,734.0,6.0,0.0,83.0,256,4,408048,4010,222,56,,,,,
4712.119339488912,absorbing,left,53.0,57.0,680.0,802.0,366.0,368.0,734.0,6.0,0.0,83.0,256,4,402080,4014,222,56,,,,,
4712.959572219988,absorbing,left,53.0,58.0,680.0,802.0,366.0,369.0,735.0,6.0,1.0,84.0,256,4,403056,3980,222,56,,,,,
4714.0001833739225,absorbing,left,53.0,59.0,680.0,802.0,366.0,369.0,735.0,6.0,0.0,84.0,256,4,405316,4008,222,56,,,,,
4715.022468080046,absorbing,left,53.0,60.0,680.0,802.0,366.0,369.0,735.0,7.0,0.0,84.0,256,4,389852,3942,222,56,,,,,
4716.296518370975,absorbing,left,53.0,61.0,680.0,802.0,366.0,369.0,735.0,8.0,0.0,84.0,256,4,371288,4008,222,56,,,,,
4717.31934809708,absorbing,left,53.0,62.0,680.0,802.0,366.0,370.0,736.0,7.0,1.0,85.0,256,4,397772,3946,222,56,,,,,
4718.306025842903,absorbing,left,53.0,63.0,680.0,802.0,366.0,370.0,736.0,9.0,0.0,85.0,256,4,421232,4140,222,56,,,,,
4719.196934401989,absorbing,left,53.0,64.0,680.0,802.0,366.0,371.0,737.0,9.0,1.0,86.0,256,4,461428,4298,222,56,,,,,
4720.253419185057,absorbing,left,54.0,64.0,680.0,802.0,368.0,371.0,739.0,11.0,2.0,88.0,256,4,634656,4328,222,56,,,,,
4720.941970027052,absorbing,left,55.0,64.0,680.0,802.0,368.0,371.0,739.0,14.0,0.0,88.0,256,4,640736,4440,222,56,,,,,
4722.321605639067,absorbing,left,56.0,64.0,680.0,802.0,368.0,371.0,739.0,13.0,0.0,88.0,256,4,452832,4240,222,56,,,,,
4723.192770734895,absorbing,left,56.0,65.0,680.0,802.0,368.0,372.0,740.0,9.0,1.0,89.0,256,4,609824,4368,222,56,,,,,
4724.247818748932,absorbing,left,56.0,66.0,680.0,802.0,368.0,374.0,742.0,9.0,2.0,91.0,256,4,585248,4424,222,56,,,,,
4725.048674492864,absorbing,left,57.0,66.0,680.0,802.0,368.0,374.0,742.0,9.0,0.0,91.0,256,4,604256,4496,222,56,,,,,
4726.059245992918,absorbing,left,57.0,67.0,680.0,802.0,368.0,375.0,743.0,10.0,1.0,92.0,256,4,634976,4688,222,56,,,,,
4726.856861972017,absorbing,left,57.0,68.0,680.0,802.0,368.0,375.0,743.0,11.0,0.0,92.0,256,4,859232,5520,222,56,,,,,
4733.460915749893,unswapping,,,,,,,,,,,,256,4,1222624,5470,222,56,0.0,both,0.0,10.0,10.0
4737.79455924104,unswapping,,,,,,,,,,,,256,4,799668,3966,222,56,0.0,both,1.0,16.0,26.0
4739.349145927932,unswapping,,,,,,,,,,,,256,4,235208,2596,222,56,0.0,left,0.0,17.0,43.0
4740.511998828035,unswapping,,,,,,,,,,,,64,4,82848,1750,222,56,0.0,left,1.0,14.0,57.0
4741.018835505936,unswapping,,,,,,,,,,,,64,4,80808,1648,222,56,0.0,right,0.0,6.0,63.0
4741.854040399892,unswapping,,,,,,,,,,,,64,4,37764,1378,222,56,0.0,right,1.0,8.0,71.0
4742.895558402874,unswapping,,,,,,,,,,,,16,4,11324,886,222,56,1.0,both,0.0,13.0,13.0
4743.787059332943,unswapping,,,,,,,,,,,,16,4,8100,748,222,56,1.0,both,1.0,9.0,22.0
4744.21091037686,unswapping,,,,,,,,,,,,16,4,6636,692,222,56,1.0,left,0.0,6.0,28.0
4744.627841386013,unswapping,,,,,,,,,,,,16,4,6372,662,222,56,1.0,left,1.0,5.0,33.0
4745.249371818965,unswapping,,,,,,,,,,,,16,4,5444,630,222,56,1.0,right,0.0,4.0,37.0
4745.629575856961,unswapping,,,,,,,,,,,,16,4,4484,606,222,56,1.0,right,1.0,1.0,38.0
4746.411107673077,unswapping,,,,,,,,,,,,16,4,3324,566,222,56,2.0,both,0.0,5.0,5.0
4747.188168378081,unswapping,,,,,,,,,,,,8,4,2040,500,222,56,2.0,both,1.0,8.0,13.0
4747.567647411022,unswapping,,,,,,,,,,,,8,4,1600,468,222,56,2.0,left,0.0,5.0,18.0
4747.935952974949,unswapping,,,,,,,,,,,,8,4,1300,450,222,56,2.0,left,1.0,2.0,20.0
4748.300750680966,unswapping,,,,,,,,,,,,4,4,1156,438,222,56,2.0,right,0.0,1.0,21.0
4748.664197522914,unswapping,,,,,,,,,,,,4,4,1084,432,222,56,2.0,right,1.0,1.0,22.0
4749.384342582896,unswapping,,,,,,,,,,,,4,4,1024,426,222,56,3.0,both,0.0,1.0,1.0
4750.101572568063,unswapping,,,,,,,,,,,,4,4,964,420,222,56,3.0,both,1.0,2.0,3.0
4750.463011317886,unswapping,,,,,,,,,,,,4,4,904,414,222,56,3.0,left,0.0,1.0,4.0
4750.824922258966,unswapping,,,,,,,,,,,,4,4,844,408,222,56,3.0,left,1.0,1.0,5.0
4751.04911744385,unswapping,,,,,,,,,,,,4,4,844,408,222,56,3.0,right,0.0,0.0,5.0
4751.270058997907,unswapping,,,,,,,,,,,,4,4,844,408,222,56,3.0,right,1.0,0.0,5.0
4751.994728680933,unswapping,,,,,,,,,,,,4,4,784,402,222,56,4.0,both,0.0,2.0,2.0
4752.6998134069145,unswapping,,,,,,,,,,,,4,4,772,400,222,56,4.0,both,1.0,1.0,3.0
4753.0611459009815,unswapping,,,,,,,,,,,,4,4,712,394,222,56,4.0,left,0.0,1.0,4.0
4753.421785325045,unswapping,,,,,,,,,,,,4,4,688,390,222,56,4.0,left,1.0,1.0,5.0
4753.644840532914,unswapping,,,,,,,,,,,,4,4,688,390,222,56,4.0,right,0.0,0.0,5.0
4754.082515140064,unswapping,,,,,,,,,,,,4,4,688,390,222,56,4.0,right,1.0,0.0,5.0
4754.795082059922,unswapping,,,,,,,,,,,,4,4,676,388,222,56,5.0,both,0.0,1.0,1.0
4755.513830659911,unswapping,,,,,,,,,,,,4,4,612,380,222,56,5.0,both,1.0,3.0,4.0
4755.875130183995,unswapping,,,,,,,,,,,,4,4,540,374,222,56,5.0,left,0.0,1.0,5.0
4756.233469360042,unswapping,,,,,,,,,,,,4,4,480,368,222,56,5.0,left,1.0,1.0,6.0
4756.452982390067,unswapping,,,,,,,,,,,,4,4,480,368,222,56,5.0,right,0.0,0.0,6.0
4756.67016452807,unswapping,,,,,,,,,,,,4,4,480,368,222,56,5.0,right,1.0,0.0,6.0
4757.106691587018,unswapping,,,,,,,,,,,,4,4,480,368,222,56,6.0,both,0.0,0.0,0.0
4757.5355634519365,unswapping,,,,,,,,,,,,4,4,480,368,222,56,6.0,both,1.0,0.0,0.0
4757.891057181871,unswapping,,,,,,,,,,,,4,4,440,364,222,56,6.0,left,0.0,1.0,1.0
4758.106976021081,unswapping,,,,,,,,,,,,4,4,440,364,222,56,6.0,left,1.0,0.0,1.0
4758.328814483015,unswapping,,,,,,,,,,,,4,4,440,364,222,56,6.0,right,0.0,0.0,1.0
4758.545245043002,unswapping,,,,,,,,,,,,4,4,440,364,222,56,6.0,right,1.0,0.0,1.0
4758.980874035042,unswapping,,,,,,,,,,,,4,4,440,364,222,56,7.0,both,0.0,0.0,0.0
4759.684512926964,unswapping,,,,,,,,,,,,4,4,392,360,222,56,7.0,both,1.0,1.0,1.0
4759.903043600963,unswapping,,,,,,,,,,,,4,4,392,360,222,56,7.0,left,0.0,0.0,1.0
4760.120501555968,unswapping,,,,,,,,,,,,4,4,392,360,222,56,7.0,left,1.0,0.0,1.0
4760.339170683874,unswapping,,,,,,,,,,,,4,4,392,360,222,56,7.0,right,0.0,0.0,1.0
4760.556328749983,unswapping,,,,,,,,,,,,4,4,392,360,222,56,7.0,right,1.0,0.0,1.0
4761.260139503051,unswapping,,,,,,,,,,,,4,4,380,358,222,56,8.0,both,0.0,1.0,1.0
4761.687601934886,unswapping,,,,,,,,,,,,4,4,380,358,222,56,8.0,both,1.0,0.0,1.0
4761.907268347917,unswapping,,,,,,,,,,,,4,4,380,358,222,56,8.0,left,0.0,0.0,1.0
4762.124947553035,unswapping,,,,,,,,,,,,4,4,380,358,222,56,8.0,left,1.0,0.0,1.0
4762.343485028017,unswapping,,,,,,,,,,,,4,4,380,358,222,56,8.0,right,0.0,0.0,1.0
4762.559387482936,unswapping,,,,,,,,,,,,4,4,380,358,222,56,8.0,right,1.0,0.0,1.0
4763.214614565019,unswapping,,,,,,,,,,,,4,4,380,358,222,56,9.0,both,0.0,0.0,0.0
4763.642047789879,unswapping,,,,,,,,,,,,4,4,380,358,222,56,9.0,both,1.0,0.0,0.0
4763.863292844035,unswapping,,,,,,,,,,,,4,4,380,358,222,56,9.0,left,0.0,0.0,0.0
4764.077907199971,unswapping,,,,,,,,,,,,4,4,380,358,222,56,9.0,left,1.0,0.0,0.0
4764.29728999408,unswapping,,,,,,,,,,,,4,4,380,358,222,56,9.0,right,0.0,0.0,0.0
4764.513089471962,unswapping,,,,,,,,,,,,4,4,380,358,222,56,9.0,right,1.0,0.0,0.0
4771.463440953055,absorbing,left,1.0,0.0,650.0,743.0,373.0,375.0,748.0,8.0,5.0,5.0,4,4,324,348,222,56,,,,,
4771.740502140019,absorbing,left,2.0,0.0,650.0,743.0,374.0,375.0,749.0,10.0,1.0,6.0,4,4,496,394,222,56,,,,,
4772.018602141878,absorbing,left,2.0,1.0,650.0,743.0,374.0,375.0,749.0,13.0,0.0,6.0,4,4,480,386,222,56,,,,,
4772.29636296886,absorbing,left,3.0,1.0,650.0,743.0,374.0,375.0,749.0,10.0,0.0,6.0,4,4,696,422,222,56,,,,,
4772.581759969005,absorbing,left,3.0,2.0,650.0,743.0,374.0,375.0,749.0,12.0,0.0,6.0,7,4,820,412,222,56,,,,,
4772.872180809965,absorbing,left,4.0,2.0,650.0,743.0,376.0,375.0,751.0,9.0,2.0,8.0,6,4,932,452,222,56,,,,,
4773.159183223965,absorbing,left,4.0,3.0,650.0,743.0,376.0,375.0,751.0,12.0,0.0,8.0,6,4,936,426,222,56,,,,,
4773.447033870965,absorbing,left,5.0,3.0,650.0,743.0,377.0,375.0,752.0,10.0,1.0,9.0,4,4,860,444,222,56,,,,,
4773.735372382915,absorbing,left,5.0,4.0,650.0,743.0,377.0,377.0,754.0,11.0,2.0,11.0,4,4,1024,434,222,56,,,,,
4774.021119564073,absorbing,left,6.0,4.0,650.0,743.0,378.0,377.0,755.0,9.0,1.0,12.0,4,4,1032,456,222,56,,,,,
4774.306097693043,absorbing,left,6.0,5.0,650.0,743.0,378.0,378.0,756.0,8.0,1.0,13.0,4,4,1036,436,222,56,,,,,
4774.590841721976,absorbing,left,7.0,5.0,650.0,743.0,378.0,378.0,756.0,11.0,0.0,13.0,4,4,1108,462,222,56,,,,,
4774.874603508972,absorbing,left,7.0,6.0,650.0,743.0,378.0,379.0,757.0,7.0,1.0,14.0,16,4,1388,460,222,56,,,,,
4775.155629016925,absorbing,left,8.0,6.0,650.0,743.0,378.0,379.0,757.0,10.0,0.0,14.0,4,4,1196,474,222,56,,,,,
4775.4394200108945,absorbing,left,8.0,7.0,650.0,743.0,378.0,379.0,757.0,9.0,0.0,14.0,4,4,992,432,222,56,,,,,
4775.725231040036,absorbing,left,8.0,8.0,650.0,743.0,378.0,380.0,758.0,9.0,1.0,15.0,4,4,1180,476,222,56,,,,,
4776.010893461062,absorbing,left,9.0,8.0,650.0,743.0,379.0,380.0,759.0,8.0,1.0,16.0,16,4,1376,458,222,56,,,,,
4776.293284250889,absorbing,left,9.0,9.0,650.0,743.0,379.0,380.0,759.0,9.0,0.0,16.0,4,4,1292,482,222,56,,,,,
4776.580524771009,absorbing,left,10.0,9.0,650.0,743.0,380.0,380.0,760.0,7.0,1.0,17.0,4,4,1196,458,222,56,,,,,
4776.8632399009075,absorbing,left,11.0,9.0,650.0,743.0,380.0,380.0,760.0,10.0,0.0,17.0,4,4,1376,494,222,56,,,,,
4777.152113817865,absorbing,left,11.0,10.0,650.0,743.0,380.0,381.0,761.0,8.0,1.0,18.0,4,4,1316,470,222,56,,,,,
4777.437234870857,absorbing,left,12.0,10.0,650.0,743.0,382.0,381.0,763.0,9.0,2.0,20.0,4,4,1596,510,222,56,,,,,
4777.728435534053,absorbing,left,12.0,11.0,650.0,743.0,382.0,381.0,763.0,8.0,0.0,20.0,4,4,1476,486,222,56,,,,,
4778.014881071867,absorbing,left,12.0,12.0,650.0,743.0,382.0,381.0,763.0,9.0,0.0,20.0,16,4,1996,538,222,56,,,,,
4778.310058353934,absorbing,left,13.0,12.0,650.0,743.0,384.0,381.0,765.0,10.0,2.0,22.0,8,4,1684,506,222,56,,,,,
4778.86148882308,absorbing,left,13.0,13.0,650.0,743.0,384.0,382.0,766.0,7.0,1.0,23.0,16,4,2020,542,222,56,,,,,
4779.1579982300755,absorbing,left,14.0,13.0,650.0,743.0,386.0,382.0,768.0,11.0,2.0,25.0,4,4,1652,504,222,56,,,,,
4779.449316140963,absorbing,left,14.0,14.0,650.0,743.0,386.0,385.0,771.0,6.0,3.0,28.0,4,4,1596,504,222,56,,,,,
4779.737646409078,absorbing,left,15.0,14.0,650.0,743.0,386.0,385.0,771.0,10.0,0.0,28.0,4,4,1608,498,222,56,,,,,
4780.027587646851,absorbing,left,15.0,15.0,650.0,743.0,386.0,387.0,773.0,7.0,2.0,30.0,4,4,1532,506,222,56,,,,,
4780.314041733975,absorbing,left,16.0,15.0,650.0,743.0,386.0,387.0,773.0,10.0,0.0,30.0,4,4,1592,494,222,56,,,,,
4780.601529645966,absorbing,left,16.0,16.0,650.0,743.0,386.0,387.0,773.0,11.0,0.0,30.0,4,4,1472,500,222,56,,,,,
4780.8945810499135,absorbing,left,16.0,17.0,650.0,743.0,386.0,389.0,775.0,8.0,2.0,32.0,4,4,1644,510,222,56,,,,,
4781.183319720905,absorbing,left,17.0,17.0,650.0,743.0,388.0,389.0,777.0,9.0,2.0,34.0,4,4,1472,500,222,56,,,,,
4781.467394849984,absorbing,left,17.0,18.0,650.0,743.0,388.0,389.0,777.0,11.0,0.0,34.0,4,4,1676,506,222,56,,,,,
4781.752675832016,absorbing,left,18.0,18.0,650.0,743.0,388.0,389.0,777.0,11.0,0.0,34.0,4,4,1556,512,222,56,,,,,
4782.039042339893,absorbing,left,19.0,18.0,650.0,743.0,389.0,389.0,778.0,11.0,1.0,35.0,4,4,1792,514,222,56,,,,,
4782.323445943883,absorbing,left,19.0,19.0,650.0,743.0,389.0,389.0,778.0,11.0,0.0,35.0,16,4,2084,554,222,56,,,,,
4782.612022968009,absorbing,left,20.0,19.0,650.0,743.0,389.0,389.0,778.0,13.0,0.0,35.0,16,4,2504,560,222,56,,,,,
4782.909481825074,absorbing,left,20.0,20.0,650.0,743.0,389.0,390.0,779.0,12.0,1.0,36.0,16,4,3512,614,222,56,,,,,
4783.20712273987,absorbing,left,20.0,21.0,650.0,743.0,389.0,391.0,780.0,13.0,1.0,37.0,16,4,4612,640,222,56,,,,,
4783.509811190888,absorbing,left,21.0,21.0,650.0,743.0,391.0,391.0,782.0,11.0,2.0,39.0,16,4,4804,640,222,56,,,,,
4783.799451899948,absorbing,left,22.0,21.0,650.0,743.0,391.0,391.0,782.0,12.0,0.0,39.0,16,4,4840,622,222,56,,,,,
4784.099198740907,absorbing,left,22.0,22.0,650.0,743.0,391.0,391.0,782.0,14.0,0.0,39.0,16,4,5272,652,222,56,,,,,
4784.411818871042,absorbing,left,23.0,22.0,650.0,743.0,393.0,391.0,784.0,11.0,2.0,41.0,16,4,5816,650,222,56,,,,,
4784.729881620035,absorbing,left,24.0,22.0,650.0,743.0,393.0,391.0,784.0,11.0,0.0,41.0,16,4,7380,744,222,56,,,,,
4785.069629471051,absorbing,left,24.0,23.0,650.0,743.0,393.0,394.0,787.0,12.0,3.0,44.0,16,4,6400,658,222,56,,,,,
4785.388525514863,absorbing,left,25.0,23.0,650.0,743.0,394.0,394.0,788.0,10.0,1.0,45.0,16,4,5648,662,222,56,,,,,
4785.7114655410405,absorbing,left,25.0,24.0,650.0,743.0,394.0,395.0,789.0,15.0,1.0,46.0,16,4,4568,626,222,56,,,,,
4786.008551541949,absorbing,left,26.0,24.0,650.0,743.0,394.0,395.0,789.0,12.0,0.0,46.0,16,4,3608,620,222,56,,,,,
4786.305375576951,absorbing,left,26.0,25.0,650.0,743.0,394.0,395.0,789.0,15.0,0.0,46.0,16,4,2576,578,222,56,,,,,
4786.602068735054,absorbing,left,27.0,25.0,650.0,743.0,394.0,395.0,789.0,11.0,0.0,46.0,16,4,3296,632,222,56,,,,,
4786.909770230064,absorbing,left,27.0,26.0,650.0,743.0,394.0,397.0,791.0,10.0,2.0,48.0,16,4,2604,582,222,56,,,,,
4787.21432165592,absorbing,left,28.0,26.0,650.0,743.0,397.0,397.0,794.0,10.0,3.0,51.0,16,4,2996,610,222,56,,,,,
4787.525063453941,absorbing,left,28.0,27.0,650.0,743.0,397.0,399.0,796.0,11.0,2.0,53.0,16,4,2584,566,222,56,,,,,
4787.83134644595,absorbing,left,29.0,27.0,650.0,743.0,400.0,399.0,799.0,11.0,3.0,56.0,16,4,2620,578,222,56,,,,,
4788.1312333920505,absorbing,left,29.0,28.0,650.0,743.0,400.0,401.0,801.0,12.0,2.0,58.0,8,4,2036,542,222,56,,,,,
4788.431576265022,absorbing,left,30.0,28.0,650.0,743.0,401.0,401.0,802.0,13.0,1.0,59.0,16,4,2476,586,222,56,,,,,
4788.738011246081,absorbing,left,30.0,29.0,650.0,743.0,401.0,403.0,804.0,12.0,2.0,61.0,8,4,2020,546,222,56,,,,,
4789.039634434041,absorbing,left,31.0,29.0,650.0,743.0,402.0,403.0,805.0,15.0,1.0,62.0,16,4,3132,616,222,56,,,,,
4789.340694952058,absorbing,left,31.0,30.0,650.0,743.0,402.0,403.0,805.0,15.0,0.0,62.0,8,4,2248,552,222,56,,,,,
4789.6406756399665,absorbing,left,32.0,30.0,650.0,743.0,403.0,403.0,806.0,14.0,1.0,63.0,16,4,3996,662,222,56,,,,,
4789.944293005858,absorbing,left,32.0,31.0,650.0,743.0,403.0,403.0,806.0,18.0,0.0,63.0,16,4,3084,614,222,56,,,,,
4790.465176685015,absorbing,left,33.0,31.0,650.0,743.0,403.0,403.0,806.0,16.0,0.0,63.0,16,4,4920,668,222,56,,,,,
4790.788508970058,absorbing,left,33.0,32.0,650.0,743.0,403.0,405.0,808.0,13.0,2.0,65.0,16,4,5232,662,222,56,,,,,
4791.111669583945,absorbing,left,33.0,33.0,650.0,743.0,403.0,407.0,810.0,14.0,2.0,67.0,16,4,7796,828,222,56,,,,,
4791.4361798460595,absorbing,left,34.0,33.0,650.0,743.0,406.0,407.0,813.0,13.0,3.0,70.0,64,4,12208,778,222,56,,,,,
4791.757717401953,absorbing,left,34.0,34.0,650.0,743.0,406.0,408.0,814.0,13.0,1.0,71.0,64,4,14752,946,222,56,,,,,
4792.083373532863,absorbing,left,34.0,35.0,650.0,743.0,406.0,408.0,814.0,14.0,0.0,71.0,64,4,24748,1184,222,56,,,,,
4792.466566175921,absorbing,left,35.0,35.0,650.0,743.0,408.0,408.0,816.0,16.0,2.0,73.0,64,4,35312,1170,222,56,,,,,
4792.808379410999,absorbing,left,36.0,35.0,650.0,743.0,408.0,408.0,816.0,14.0,0.0,73.0,64,4,49320,1160,222,56,,,,,
4793.17453463003,absorbing,left,37.0,35.0,650.0,743.0,408.0,408.0,816.0,16.0,0.0,73.0,64,4,59900,1288,222,56,,,,,
4793.522622453049,absorbing,left,37.0,36.0,650.0,743.0,408.0,408.0,816.0,14.0,0.0,73.0,64,4,66876,1328,222,56,,,,,
4794.13633883791,absorbing,left,37.0,37.0,650.0,743.0,408.0,409.0,817.0,13.0,1.0,74.0,64,4,72080,1522,222,56,,,,,
4794.685995575972,absorbing,left,38.0,37.0,650.0,743.0,408.0,409.0,817.0,17.0,0.0,74.0,64,4,66112,1334,222,56,,,,,
4795.18769105291,absorbing,left,38.0,38.0,650.0,743.0,408.0,410.0,818.0,13.0,1.0,75.0,64,4,70840,1540,222,56,,,,,
4795.669731070986,absorbing,left,39.0,38.0,650.0,743.0,408.0,410.0,818.0,19.0,0.0,75.0,64,4,65896,1352,222,56,,,,,
4796.201733757043,absorbing,left,39.0,39.0,650.0,743.0,408.0,411.0,819.0,14.0,1.0,76.0,64,4,71244,1582,222,56,,,,,
4796.9473001358565,absorbing,left,40.0,39.0,650.0,743.0,408.0,411.0,819.0,19.0,0.0,76.0,64,4,52516,1314,222,56,,,,,
4797.317968559917,absorbing,left,40.0,40.0,650.0,743.0,408.0,411.0,819.0,12.0,0.0,76.0,64,4,54724,1416,222,56,,,,,
4797.834784610895,absorbing,left,41.0,40.0,650.0,743.0,408.0,411.0,819.0,17.0,0.0,76.0,64,4,38080,1236,222,56,,,,,
4798.236146386946,absorbing,left,41.0,41.0,650.0,743.0,408.0,411.0,819.0,12.0,0.0,76.0,64,4,42400,1398,222,56,,,,,
4798.683057603892,absorbing,left,41.0,42.0,650.0,743.0,408.0,412.0,820.0,13.0,1.0,77.0,64,4,33888,1430,222,56,,,,,
4799.160438114079,absorbing,left,42.0,42.0,650.0,743.0,411.0,412.0,823.0,13.0,3.0,80.0,64,4,32200,1368,222,56,,,,,
4799.561401969986,absorbing,left,42.0,43.0,650.0,743.0,411.0,412.0,823.0,14.0,0.0,80.0,16,4,26152,1304,222,56,,,,,
4799.946488908958,absorbing,left,43.0,43.0,650.0,743.0,411.0,412.0,823.0,12.0,0.0,80.0,16,4,20620,1184,222,56,,,,,
4800.327445216943,absorbing,left,44.0,43.0,650.0,743.0,412.0,412.0,824.0,11.0,1.0,81.0,64,4,26684,1260,222,56,,,,,
4800.724143388914,absorbing,left,44.0,44.0,650.0,743.0,412.0,413.0,825.0,13.0,1.0,82.0,64,4,30900,1336,222,56,,,,,
4801.117061947938,absorbing,left,45.0,44.0,650.0,743.0,412.0,413.0,825.0,11.0,0.0,82.0,64,4,40980,1348,222,56,,,,,
4801.495061486028,absorbing,left,45.0,45.0,650.0,743.0,412.0,414.0,826.0,11.0,1.0,83.0,64,4,42228,1366,222,56,,,,,
4801.879683208885,absorbing,left,45.0,46.0,650.0,743.0,412.0,415.0,827.0,10.0,1.0,84.0,64,4,45392,1410,222,56,,,,,
4802.277099933941,absorbing,left,45.0,47.0,650.0,743.0,412.0,415.0,827.0,10.0,0.0,84.0,64,4,48780,1504,222,56,,,,,
4802.689270854928,absorbing,left,46.0,47.0,650.0,743.0,413.0,415.0,828.0,9.0,1.0,85.0,64,4,59852,1608,222,56,,,,,
4803.112141845049,absorbing,left,47.0,47.0,650.0,743.0,415.0,415.0,830.0,7.0,2.0,87.0,64,4,58796,1570,222,56,,,,,
4803.495920778019,absorbing,left,47.0,48.0,650.0,743.0,415.0,416.0,831.0,9.0,1.0,88.0,64,4,72108,1718,222,56,,,,,
4804.058487786911,absorbing,left,48.0,48.0,650.0,743.0,416.0,416.0,832.0,9.0,1.0,89.0,64,4,86092,1776,222,56,,,,,
4804.610268153017,absorbing,left,49.0,48.0,650.0,743.0,417.0,416.0,833.0,10.0,1.0,90.0,64,4,100652,1834,222,56,,,,,
4805.146099705948,absorbing,left,50.0,48.0,650.0,743.0,418.0,416.0,834.0,11.0,1.0,91.0,64,4,115916,1960,222,56,,,,,
4805.815172119066,absorbing,left,50.0,49.0,650.0,743.0,418.0,416.0,834.0,11.0,0.0,91.0,64,4,132812,2080,222,56,,,,,
4806.66124910186,absorbing,left,50.0,50.0,650.0,743.0,418.0,417.0,835.0,11.0,1.0,92.0,64,4,144652,2160,222,56,,,,,
4807.5022508050315,absorbing,left,50.0,51.0,650.0,743.0,418.0,420.0,838.0,10.0,3.0,95.0,64,4,137964,2210,222,56,,,,,
4808.4031430289615,absorbing,left,50.0,52.0,650.0,743.0,418.0,422.0,840.0,11.0,2.0,97.0,64,4,147052,2286,222,56,,,,,
4809.611570420908,absorbing,left,50.0,53.0,650.0,743.0,418.0,423.0,841.0,9.0,1.0,98.0,64,4,156652,2438,222,56,,,,,
4810.324516203022,absorbing,left,51.0,53.0,650.0,743.0,419.0,423.0,842.0,11.0,1.0,99.0,64,4,166252,2462,222,56,,,,,
4811.005172622856,absorbing,left,52.0,53.0,650.0,743.0,419.0,423.0,842.0,13.0,0.0,99.0,64,4,166252,2462,222,56,,,,,
4811.718823347939,absorbing,left,53.0,53.0,650.0,743.0,420.0,423.0,843.0,12.0,1.0,100.0,64,4,161004,2518,222,56,,,,,
4812.5626860589255,absorbing,left,54.0,53.0,650.0,743.0,421.0,423.0,844.0,12.0,1.0,101.0,64,4,177580,2630,222,56,,,,,
4813.44780091499,absorbing,left,55.0,53.0,650.0,743.0,422.0,423.0,845.0,13.0,1.0,102.0,64,4,174188,2598,222,56,,,,,
4814.426559560001,absorbing,left,56.0,53.0,650.0,743.0,424.0,423.0,847.0,13.0,2.0,104.0,64,4,214508,2950,222,56,,,,,
4815.396274854895,absorbing,left,56.0,54.0,650.0,743.0,424.0,423.0,847.0,10.0,0.0,104.0,256,4,274860,3046,222,56,,,,,
4816.225858758902,absorbing,left,57.0,54.0,650.0,743.0,425.0,423.0,848.0,13.0,1.0,105.0,64,4,219564,3014,222,56,,,,,
4816.943617414916,absorbing,left,57.0,55.0,650.0,743.0,425.0,424.0,849.0,9.0,1.0,106.0,128,4,246828,3062,222,56,,,,,
4817.912197989877,absorbing,left,58.0,55.0,650.0,743.0,428.0,424.0,852.0,12.0,3.0,109.0,64,4,244012,3174,222,56,,,,,
4818.912751714932,absorbing,left,58.0,56.0,650.0,743.0,428.0,424.0,852.0,11.0,0.0,109.0,64,4,239916,3110,222,56,,,,,
4819.695650961949,absorbing,left,58.0,57.0,650.0,743.0,428.0,425.0,853.0,10.0,1.0,110.0,64,4,252588,3158,222,56,,,,,
4820.671342133079,absorbing,left,58.0,58.0,650.0,743.0,428.0,426.0,854.0,12.0,1.0,111.0,256,4,351660,3542,222,56,,,,,
4821.649135002866,absorbing,left,58.0,59.0,650.0,743.0,428.0,427.0,855.0,12.0,1.0,112.0,256,4,572844,3830,222,56,,,,,
4822.307886837982,absorbing,left,58.0,60.0,650.0,743.0,428.0,428.0,856.0,14.0,1.0,113.0,256,4,677100,4310,222,56,,,,,
4823.286202874035,absorbing,left,58.0,61.0,650.0,743.0,428.0,429.0,857.0,12.0,1.0,114.0,256,4,841836,4358,222,56,,,,,
4825.07902804995,absorbing,left,58.0,62.0,650.0,743.0,428.0,430.0,858.0,10.0,1.0,115.0,256,4,947436,4718,222,56,,,,,
4836.815140519058,unswapping,,,,,,,,,,,,256,4,554540,3846,222,56,0.0,both,0.0,10.0,10.0
4839.152111128904,unswapping,,,,,,,,,,,,128,4,178124,2706,222,56,0.0,both,1.0,6.0,16.0
4840.012134524062,unswapping,,,,,,,,,,,,64,4,101276,2158,222,56,0.0,left,0.0,7.0,23.0
4840.830620869994,unswapping,,,,,,,,,,,,64,4,68576,1824,222,56,0.0,left,1.0,8.0,31.0
4841.420345207909,unswapping,,,,,,,,,,,,64,4,54752,1584,222,56,0.0,right,0.0,6.0,37.0
4842.007447786862,unswapping,,,,,,,,,,,,64,4,49304,1490,222,56,0.0,right,1.0,5.0,42.0
4843.079402982956,unswapping,,,,,,,,,,,,64,4,28964,1256,222,56,1.0,both,0.0,10.0,10.0
4844.11043252307,unswapping,,,,,,,,,,,,16,4,19124,1066,222,56,1.0,both,1.0,6.0,16.0
4844.78891928005,unswapping,,,,,,,,,,,,16,4,17120,1006,222,56,1.0,left,0.0,4.0,20.0
4845.28362575802,unswapping,,,,,,,,,,,,16,4,14624,958,222,56,1.0,left,1.0,2.0,22.0
4845.722779541975,unswapping,,,,,,,,,,,,16,4,13184,914,222,56,1.0,right,0.0,3.0,25.0
4846.142076107906,unswapping,,,,,,,,,,,,16,4,12224,890,222,56,1.0,right,1.0,1.0,26.0
4846.97869788087,unswapping,,,,,,,,,,,,16,4,7232,762,222,56,2.0,both,0.0,6.0,6.0
4847.785982382018,unswapping,,,,,,,,,,,,16,4,3472,614,222,56,2.0,both,1.0,9.0,15.0
4848.165638623061,unswapping,,,,,,,,,,,,8,4,2644,568,222,56,2.0,left,0.0,3.0,18.0
4848.544692497933,unswapping,,,,,,,,,,,,8,4,2488,556,222,56,2.0,left,1.0,2.0,20.0
4848.914346864913,unswapping,,,,,,,,,,,,8,4,2464,550,222,56,2.0,right,0.0,1.0,21.0
4849.14685326186,unswapping,,,,,,,,,,,,8,4,2464,550,222,56,2.0,right,1.0,0.0,21.0
4849.920903390041,unswapping,,,,,,,,,,,,8,4,1912,506,222,56,3.0,both,0.0,8.0,8.0
4850.645644750912,unswapping,,,,,,,,,,,,8,4,1840,498,222,56,3.0,both,1.0,2.0,10.0
4851.014518467942,unswapping,,,,,,,,,,,,8,4,1780,492,222,56,3.0,left,0.0,1.0,11.0
4851.38826183998,unswapping,,,,,,,,,,,,8,4,1636,474,222,56,3.0,left,1.0,3.0,14.0
4851.613588870969,unswapping,,,,,,,,,,,,8,4,1636,474,222,56,3.0,right,0.0,0.0,14.0
4851.975189710967,unswapping,,,,,,,,,,,,8,4,1588,470,222,56,3.0,right,1.0,1.0,15.0
4852.700809292961,unswapping,,,,,,,,,,,,8,4,1516,462,222,56,4.0,both,0.0,2.0,2.0
4853.420886172913,unswapping,,,,,,,,,,,,8,4,1416,452,222,56,4.0,both,1.0,2.0,4.0
4853.7882556018885,unswapping,,,,,,,,,,,,8,4,1316,442,222,56,4.0,left,0.0,2.0,6.0
4854.148770421976,unswapping,,,,,,,,,,,,8,4,1244,436,222,56,4.0,left,1.0,1.0,7.0
4854.509928754065,unswapping,,,,,,,,,,,,8,4,1220,432,222,56,4.0,right,0.0,1.0,8.0
4854.952845315915,unswapping,,,,,,,,,,,,8,4,1220,432,222,56,4.0,right,1.0,0.0,8.0
4855.670494219055,unswapping,,,,,,,,,,,,8,4,1208,430,222,56,5.0,both,0.0,1.0,1.0
4856.382183769951,unswapping,,,,,,,,,,,,8,4,1148,424,222,56,5.0,both,1.0,1.0,2.0
4856.608562415931,unswapping,,,,,,,,,,,,8,4,1148,424,222,56,5.0,left,0.0,0.0,2.0
4856.828614952043,unswapping,,,,,,,,,,,,8,4,1148,424,222,56,5.0,left,1.0,0.0,2.0
4857.050087145995,unswapping,,,,,,,,,,,,8,4,1148,424,222,56,5.0,right,0.0,0.0,2.0
4857.268454225967,unswapping,,,,,,,,,,,,8,4,1148,424,222,56,5.0,right,1.0,0.0,2.0
4857.98451102688,unswapping,,,,,,,,,,,,8,4,1076,420,222,56,6.0,both,0.0,1.0,1.0
4858.692012514919,unswapping,,,,,,,,,,,,8,4,908,406,222,56,6.0,both,1.0,1.0,2.0
4858.915410849964,unswapping,,,,,,,,,,,,8,4,908,406,222,56,6.0,left,0.0,0.0,2.0
4859.136055019917,unswapping,,,,,,,,,,,,8,4,908,406,222,56,6.0,left,1.0,0.0,2.0
4859.354626576882,unswapping,,,,,,,,,,,,8,4,908,406,222,56,6.0,right,0.0,0.0,2.0
4859.573285383871,unswapping,,,,,,,,,,,,8,4,908,406,222,56,6.0,right,1.0,0.0,2.0
4860.289947136072,unswapping,,,,,,,,,,,,8,4,848,400,222,56,7.0,both,0.0,1.0,1.0
4860.720463234,unswapping,,,,,,,,,,,,8,4,848,400,222,56,7.0,both,1.0,0.0,1.0
4860.941096557071,unswapping,,,,,,,,,,,,8,4,848,400,222,56,7.0,left,0.0,0.0,1.0
4861.159125969978,unswapping,,,,,,,,,,,,8,4,848,400,222,56,7.0,left,1.0,0.0,1.0
4861.379540141905,unswapping,,,,,,,,,,,,8,4,848,400,222,56,7.0,right,0.0,0.0,1.0
4861.736025843071,unswapping,,,,,,,,,,,,8,4,788,394,222,56,7.0,right,1.0,1.0,2.0
4862.168670644052,unswapping,,,,,,,,,,,,8,4,788,394,222,56,8.0,both,0.0,0.0,0.0
4862.603863166878,unswapping,,,,,,,,,,,,8,4,788,394,222,56,8.0,both,1.0,0.0,0.0
4862.820942156017,unswapping,,,,,,,,,,,,8,4,788,394,222,56,8.0,left,0.0,0.0,0.0
4863.035480419872,unswapping,,,,,,,,,,,,8,4,788,394,222,56,8.0,left,1.0,0.0,0.0
4863.392948379042,unswapping,,,,,,,,,,,,8,4,728,388,222,56,8.0,right,0.0,1.0,1.0
4863.830701344879,unswapping,,,,,,,,,,,,8,4,728,388,222,56,8.0,right,1.0,0.0,1.0
4864.26208191202,unswapping,,,,,,,,,,,,8,4,728,388,222,56,9.0,both,0.0,0.0,0.0
4864.96000406798,unswapping,,,,,,,,,,,,8,4,668,382,222,56,9.0,both,1.0,1.0,1.0
4865.18119047489,unswapping,,,,,,,,,,,,8,4,668,382,222,56,9.0,left,0.0,0.0,1.0
4865.400827612961,unswapping,,,,,,,,,,,,8,4,668,382,222,56,9.0,left,1.0,0.0,1.0
4865.619128428865,unswapping,,,,,,,,,,,,8,4,668,382,222,56,9.0,right,0.0,0.0,1.0
4865.836864972021,unswapping,,,,,,,,,,,,8,4,668,382,222,56,9.0,right,1.0,0.0,1.0
4866.5446219609585,unswapping,,,,,,,,,,,,8,4,608,376,222,56,10.0,both,0.0,1.0,1.0
4867.247689428972,unswapping,,,,,,,,,,,,8,4,548,370,222,56,10.0,both,1.0,1.0,2.0
4867.468950100942,unswapping,,,,,,,,,,,,8,4,548,370,222,56,10.0,left,0.0,0.0,2.0
4867.685578329954,unswapping,,,,,,,,,,,,8,4,548,370,222,56,10.0,left,1.0,0.0,2.0
4867.901847211877,unswapping,,,,,,,,,,,,8,4,548,370,222,56,10.0,right,0.0,0.0,2.0
4868.117402809905,unswapping,,,,,,,,,,,,8,4,548,370,222,56,10.0,right,1.0,0.0,2.0
4868.824452938978,unswapping,,,,,,,,,,,,8,4,476,366,222,56,11.0,both,0.0,1.0,1.0
4869.52694064891,unswapping,,,,,,,,,,,,4,4,308,352,222,56,11.0,both,1.0,1.0,2.0
4869.886014065938,unswapping,,,,,,,,,,,,2,4,284,348,222,56,11.0,left,0.0,1.0,3.0
4870.102129657986,unswapping,,,,,,,,,,,,2,4,284,348,222,56,11.0,left,1.0,0.0,3.0
4870.320389691973,unswapping,,,,,,,,,,,,2,4,284,348,222,56,11.0,right,0.0,0.0,3.0
4870.538041363936,unswapping,,,,,,,,,,,,2,4,284,348,222,56,11.0,right,1.0,0.0,3.0
4871.241932187928,unswapping,,,,,,,,,,,,2,4,272,346,222,56,12.0,both,0.0,1.0,1.0
4871.668756902916,unswapping,,,,,,,,,,,,2,4,272,346,222,56,12.0,both,1.0,0.0,1.0
4871.885911909863,unswapping,,,,,,,,,,,,2,4,272,346,222,56,12.0,left,0.0,0.0,1.0
4872.100265233079,unswapping,,,,,,,,,,,,2,4,272,346,222,56,12.0,left,1.0,0.0,1.0
4872.315443549072,unswapping,,,,,,,,,,,,2,4,272,346,222,56,12.0,right,0.0,0.0,1.0
4872.7517088819295,unswapping,,,,,,,,,,,,2,4,272,346,222,56,12.0,right,1.0,0.0,1.0
4873.18458362692,unswapping,,,,,,,,,,,,2,4,272,346,222,56,13.0,both,0.0,0.0,0.0
4873.609465857036,unswapping,,,,,,,,,,,,2,4,272,346,222,56,13.0,both,1.0,0.0,0.0
4873.828257238958,unswapping,,,,,,,,,,,,2,4,272,346,222,56,13.0,left,0.0,0.0,0.0
4874.04408611008,unswapping,,,,,,,,,,,,2,4,272,346,222,56,13.0,left,1.0,0.0,0.0
4874.26154690003,unswapping,,,,,,,,,,,,2,4,272,346,222,56,13.0,right,0.0,0.0,0.0
4874.475069315871,unswapping,,,,,,,,,,,,2,4,272,346,222,56,13.0,right,1.0,0.0,0.0
4880.552574502071,absorbing,left,1.0,0.0,555.0,590.0,432.0,430.0,862.0,5.0,4.0,4.0,2,4,256,342,222,56,,,,,
4880.840439518914,absorbing,left,2.0,0.0,555.0,590.0,433.0,430.0,863.0,9.0,1.0,5.0,4,4,400,374,222,56,,,,,
4881.13091348391,absorbing,left,2.0,1.0,555.0,590.0,433.0,433.0,866.0,10.0,3.0,8.0,4,4,372,370,222,56,,,,,
4881.409149741987,absorbing,left,3.0,1.0,555.0,590.0,433.0,433.0,866.0,12.0,0.0,8.0,4,4,432,374,222,56,,,,,
4881.689829370938,absorbing,left,3.0,2.0,555.0,590.0,433.0,434.0,867.0,10.0,1.0,9.0,4,4,436,378,222,56,,,,,
4881.968830025056,absorbing,left,4.0,2.0,555.0,590.0,433.0,434.0,867.0,13.0,0.0,9.0,4,4,544,396,222,56,,,,,
4882.251964988885,absorbing,left,4.0,3.0,555.0,590.0,433.0,434.0,867.0,13.0,0.0,9.0,4,4,580,396,222,56,,,,,
4882.538714949973,absorbing,left,5.0,3.0,555.0,590.0,434.0,434.0,868.0,13.0,1.0,10.0,4,4,648,410,222,56,,,,,
4882.823549646884,absorbing,left,5.0,4.0,555.0,590.0,434.0,435.0,869.0,13.0,1.0,11.0,4,4,748,410,222,56,,,,,
4883.106130731991,absorbing,left,6.0,4.0,555.0,590.0,434.0,435.0,869.0,13.0,0.0,11.0,4,4,736,420,222,56,,,,,
4883.390308826929,absorbing,left,6.0,5.0,555.0,590.0,434.0,435.0,869.0,13.0,0.0,11.0,4,4,952,434,222,56,,,,,
4883.674408090068,absorbing,left,7.0,5.0,555.0,590.0,434.0,435.0,869.0,15.0,0.0,11.0,4,4,1000,444,222,56,,,,,
4883.964655779069,absorbing,left,7.0,6.0,555.0,590.0,434.0,436.0,870.0,12.0,1.0,12.0,16,4,1548,482,222,56,,,,,
4884.255576953059,absorbing,left,8.0,6.0,555.0,590.0,435.0,436.0,871.0,14.0,1.0,13.0,16,4,1996,504,222,56,,,,,
4884.54629564588,absorbing,left,8.0,7.0,555.0,590.0,435.0,436.0,871.0,13.0,0.0,13.0,16,4,4060,570,222,56,,,,,
4884.852216905914,absorbing,left,9.0,7.0,555.0,590.0,436.0,436.0,872.0,14.0,1.0,14.0,16,4,4708,612,222,56,,,,,
4885.160433186917,absorbing,left,9.0,8.0,555.0,590.0,436.0,436.0,872.0,14.0,0.0,14.0,16,4,7304,682,222,56,,,,,
4885.5064061449375,absorbing,left,9.0,9.0,555.0,590.0,436.0,439.0,875.0,12.0,3.0,17.0,64,4,15036,884,222,56,,,,,
4885.879371935967,absorbing,left,10.0,9.0,555.0,590.0,438.0,439.0,877.0,17.0,2.0,19.0,32,4,10956,782,222,56,,,,,
4886.242823353037,absorbing,left,10.0,10.0,555.0,590.0,438.0,440.0,878.0,13.0,1.0,20.0,16,4,9268,828,222,56,,,,,
4886.583919239929,absorbing,left,11.0,10.0,555.0,590.0,440.0,440.0,880.0,18.0,2.0,22.0,16,4,8612,784,222,56,,,,,
4886.92902207002,absorbing,left,11.0,11.0,555.0,590.0,440.0,441.0,881.0,16.0,1.0,23.0,16,4,8176,828,222,56,,,,,
4887.260631927056,absorbing,left,12.0,11.0,555.0,590.0,441.0,441.0,882.0,19.0,1.0,24.0,16,4,8404,816,222,56,,,,,
4887.599699120969,absorbing,left,12.0,12.0,555.0,590.0,441.0,442.0,883.0,16.0,1.0,25.0,16,4,6348,812,222,56,,,,,
4888.180448553059,absorbing,left,12.0,13.0,555.0,590.0,441.0,442.0,883.0,15.0,0.0,25.0,16,4,9100,926,222,56,,,,,
4888.505447428906,absorbing,left,13.0,13.0,555.0,590.0,442.0,442.0,884.0,16.0,1.0,26.0,32,4,11772,926,222,56,,,,,
4888.857383304043,absorbing,left,14.0,13.0,555.0,590.0,443.0,442.0,885.0,14.0,1.0,27.0,32,4,13724,940,222,56,,,,,
4889.2179211559705,absorbing,left,14.0,14.0,555.0,590.0,443.0,442.0,885.0,16.0,0.0,27.0,16,4,13224,982,222,56,,,,,
4889.576828503981,absorbing,left,15.0,14.0,555.0,590.0,443.0,442.0,885.0,13.0,0.0,27.0,16,4,17720,1072,222,56,,,,,
4889.974087867886,absorbing,left,15.0,15.0,555.0,590.0,443.0,445.0,888.0,13.0,3.0,30.0,64,4,25644,1230,222,56,,,,,
4890.3592850449495,absorbing,left,16.0,15.0,555.0,590.0,444.0,445.0,889.0,11.0,1.0,31.0,64,4,33356,1342,222,56,,,,,
4890.740946592996,absorbing,left,17.0,15.0,555.0,590.0,444.0,445.0,889.0,11.0,0.0,31.0,64,4,39576,1426,222,56,,,,,
4891.154612052953,absorbing,left,17.0,16.0,555.0,590.0,444.0,445.0,889.0,16.0,0.0,31.0,64,4,55320,1530,222,56,,,,,
4891.5750269568525,absorbing,left,17.0,17.0,555.0,590.0,444.0,447.0,891.0,11.0,2.0,33.0,64,4,68072,1634,222,56,,,,,
4891.944237892982,absorbing,left,18.0,17.0,555.0,590.0,447.0,447.0,894.0,10.0,3.0,36.0,64,4,82768,1708,222,56,,,,,
4892.456881619059,absorbing,left,18.0,18.0,555.0,590.0,447.0,448.0,895.0,10.0,1.0,37.0,64,4,86376,1794,222,56,,,,,
4893.018900712952,absorbing,left,19.0,18.0,555.0,590.0,449.0,448.0,897.0,8.0,2.0,39.0,64,4,82852,1736,222,56,,,,,
4893.457995712059,absorbing,left,20.0,18.0,555.0,590.0,450.0,448.0,898.0,11.0,1.0,40.0,64,4,100872,1888,222,56,,,,,
4894.0799735269975,absorbing,left,20.0,19.0,555.0,590.0,450.0,449.0,899.0,10.0,1.0,41.0,64,4,104544,1918,222,56,,,,,
4894.668111220002,absorbing,left,21.0,19.0,555.0,590.0,451.0,449.0,900.0,11.0,1.0,42.0,64,4,138444,2116,222,56,,,,,
4895.575428136857,absorbing,left,21.0,20.0,555.0,590.0,451.0,449.0,900.0,11.0,0.0,42.0,64,4,121476,1966,222,56,,,,,
4896.301299924962,absorbing,left,22.0,20.0,555.0,590.0,453.0,449.0,902.0,10.0,2.0,44.0,64,4,107112,2056,222,56,,,,,
4896.767635630909,absorbing,left,23.0,20.0,555.0,590.0,455.0,449.0,904.0,11.0,2.0,46.0,64,4,89668,1932,222,56,,,,,
4897.416552641895,absorbing,left,23.0,21.0,555.0,590.0,455.0,450.0,905.0,10.0,1.0,47.0,64,4,74404,1718,222,56,,,,,
4898.149508194067,absorbing,left,24.0,21.0,555.0,590.0,455.0,450.0,905.0,13.0,0.0,47.0,64,4,67492,1646,222,56,,,,,
4898.627631200943,absorbing,left,25.0,21.0,555.0,590.0,455.0,450.0,905.0,13.0,0.0,47.0,64,4,59812,1670,222,56,,,,,
4899.052031503059,absorbing,left,25.0,22.0,555.0,590.0,455.0,451.0,906.0,9.0,1.0,48.0,64,4,65028,1576,222,56,,,,,
4899.453978132922,absorbing,left,25.0,23.0,555.0,590.0,455.0,452.0,907.0,10.0,1.0,49.0,64,4,48304,1436,222,56,,,,,
4899.861478692852,absorbing,left,26.0,23.0,555.0,590.0,455.0,452.0,907.0,14.0,0.0,49.0,64,4,49456,1476,222,56,,,,,
4900.283534344984,absorbing,left,26.0,24.0,555.0,590.0,455.0,453.0,908.0,10.0,1.0,50.0,64,4,49096,1458,222,56,,,,,
4900.7520783820655,absorbing,left,26.0,25.0,555.0,590.0,455.0,453.0,908.0,9.0,0.0,50.0,64,4,56296,1584,222,56,,,,,
4901.214680640958,absorbing,left,27.0,25.0,555.0,590.0,458.0,453.0,911.0,11.0,3.0,53.0,64,4,38120,1504,222,56,,,,,
4901.630590014858,absorbing,left,27.0,26.0,555.0,590.0,458.0,455.0,913.0,8.0,2.0,55.0,64,4,35368,1488,222,56,,,,,
4902.071394392056,absorbing,left,27.0,27.0,555.0,590.0,458.0,457.0,915.0,7.0,2.0,57.0,64,4,35688,1496,222,56,,,,,
4902.481635126984,absorbing,left,28.0,27.0,555.0,590.0,459.0,457.0,916.0,13.0,1.0,58.0,64,4,36968,1504,222,56,,,,,
4902.932466896018,absorbing,left,28.0,28.0,555.0,590.0,459.0,459.0,918.0,8.0,2.0,60.0,64,4,34876,1482,222,56,,,,,
4903.400399752893,absorbing,left,29.0,28.0,555.0,590.0,460.0,459.0,919.0,13.0,1.0,61.0,64,4,54500,1614,222,56,,,,,
4903.8693425930105,absorbing,left,30.0,28.0,555.0,590.0,461.0,459.0,920.0,13.0,1.0,62.0,64,4,63332,1710,222,56,,,,,
4904.304785188055,absorbing,left,30.0,29.0,555.0,590.0,461.0,461.0,922.0,10.0,2.0,64.0,64,4,79844,1770,222,56,,,,,
4904.799978659023,absorbing,left,30.0,30.0,555.0,590.0,461.0,462.0,923.0,10.0,1.0,65.0,64,4,84644,1860,222,56,,,,,
4905.406216231873,absorbing,left,30.0,31.0,555.0,590.0,461.0,463.0,924.0,8.0,1.0,66.0,64,4,61220,1766,222,56,,,,,
4905.825055415975,absorbing,left,30.0,32.0,555.0,590.0,461.0,465.0,926.0,7.0,2.0,68.0,64,4,48740,1718,222,56,,,,,
4906.279923307942,absorbing,left,30.0,33.0,555.0,590.0,461.0,466.0,927.0,9.0,1.0,69.0,64,4,46852,1648,222,56,,,,,
4906.94972029794,absorbing,left,30.0,34.0,555.0,590.0,461.0,468.0,929.0,9.0,2.0,71.0,64,4,55748,1736,222,56,,,,,
4907.42677495908,absorbing,left,30.0,35.0,555.0,590.0,461.0,470.0,931.0,7.0,2.0,73.0,64,4,56576,1774,222,56,,,,,
4907.910812734859,absorbing,left,30.0,36.0,555.0,590.0,461.0,471.0,932.0,5.0,1.0,74.0,64,4,53504,1726,222,56,,,,,
4908.394336873898,absorbing,left,31.0,36.0,555.0,590.0,462.0,471.0,933.0,15.0,1.0,75.0,64,4,73856,1790,222,56,,,,,
4908.862870892044,absorbing,left,31.0,37.0,555.0,590.0,462.0,471.0,933.0,6.0,0.0,75.0,64,4,95616,1950,222,56,,,,,
4909.384332445916,absorbing,left,31.0,38.0,555.0,590.0,462.0,471.0,933.0,5.0,0.0,75.0,128,4,141696,2238,222,56,,,,,
4909.8809361429885,absorbing,left,32.0,38.0,555.0,590.0,463.0,471.0,934.0,15.0,1.0,76.0,256,4,209604,2424,222,56,,,,,
4910.582530617015,absorbing,left,33.0,38.0,555.0,590.0,466.0,471.0,937.0,11.0,3.0,79.0,256,4,193924,2384,222,56,,,,,
4911.1529191459995,absorbing,left,34.0,38.0,555.0,590.0,466.0,471.0,937.0,9.0,0.0,79.0,64,4,153664,2318,222,56,,,,,
4911.748997085029,absorbing,left,35.0,38.0,555.0,590.0,466.0,471.0,937.0,12.0,0.0,79.0,256,4,250048,2654,222,56,,,,,
4912.441188008059,absorbing,left,35.0,39.0,555.0,590.0,466.0,471.0,937.0,6.0,0.0,79.0,256,4,366880,3140,222,56,,,,,
4913.112256705994,absorbing,left,35.0,40.0,555.0,590.0,466.0,471.0,937.0,6.0,0.0,79.0,256,4,368416,3188,222,56,,,,,
4913.879940613871,absorbing,left,35.0,41.0,555.0,590.0,466.0,472.0,938.0,7.0,1.0,80.0,256,4,302368,3012,222,56,,,,,
4914.939870222006,absorbing,left,36.0,41.0,555.0,590.0,468.0,472.0,940.0,11.0,2.0,82.0,256,4,524996,3340,222,56,,,,,
4915.45053786505,absorbing,left,37.0,41.0,555.0,590.0,468.0,472.0,940.0,13.0,0.0,82.0,256,4,555652,3492,222,56,,,,,
4916.292022106005,absorbing,left,38.0,41.0,555.0,590.0,472.0,472.0,944.0,11.0,4.0,86.0,256,4,767944,4342,222,56,,,,,
4924.312012874987,unswapping,,,,,,,,,,,,256,4,1395912,4934,222,56,0.0,both,0.0,3.0,3.0
4927.162446463946,unswapping,,,,,,,,,,,,256,4,408904,3318,222,56,0.0,both,1.0,7.0,10.0
4928.528077126946,unswapping,,,,,,,,,,,,64,4,199084,2426,222,56,0.0,left,0.0,7.0,17.0
4930.087849325966,unswapping,,,,,,,,,,,,64,4,110964,2022,222,56,0.0,left,1.0,8.0,25.0
4930.731717383955,unswapping,,,,,,,,,,,,64,4,75576,1584,222,56,0.0,right,0.0,7.0,32.0
4931.3209186268505,unswapping,,,,,,,,,,,,64,4,41184,1302,222,56,0.0,right,1.0,8.0,40.0
4932.349460880039,unswapping,,,,,,,,,,,,32,4,26016,1070,222,56,1.0,both,0.0,5.0,5.0
4933.257252630079,unswapping,,,,,,,,,,,,32,4,25256,1042,222,56,1.0,both,1.0,3.0,8.0
4933.804242579034,unswapping,,,,,,,,,,,,32,4,16828,920,222,56,1.0,left,0.0,7.0,15.0
4934.486749018077,unswapping,,,,,,,,,,,,32,4,14144,858,222,56,1.0,left,1.0,4.0,19.0
4934.927774505923,unswapping,,,,,,,,,,,,32,4,14000,840,222,56,1.0,right,0.0,3.0,22.0
4935.380925273988,unswapping,,,,,,,,,,,,16,4,9908,762,222,56,1.0,right,1.0,3.0,25.0
4936.197939920938,unswapping,,,,,,,,,,,,16,4,8120,716,222,56,2.0,both,0.0,4.0,4.0
4937.002531122882,unswapping,,,,,,,,,,,,16,4,7104,680,222,56,2.0,both,1.0,4.0,8.0
4937.255958446069,unswapping,,,,,,,,,,,,16,4,7104,680,222,56,2.0,left,0.0,0.0,8.0
4937.679750927957,unswapping,,,,,,,,,,,,16,4,5888,652,222,56,2.0,left,1.0,3.0,11.0
4938.069427828072,unswapping,,,,,,,,,,,,16,4,4316,598,222,56,2.0,right,0.0,3.0,14.0
4938.451416381868,unswapping,,,,,,,,,,,,16,4,3164,562,222,56,2.0,right,1.0,2.0,16.0
4939.212591167074,unswapping,,,,,,,,,,,,8,4,2288,516,222,56,3.0,both,0.0,5.0,5.0
4939.9634598989505,unswapping,,,,,,,,,,,,8,4,1880,488,222,56,3.0,both,1.0,5.0,10.0
4940.191249606898,unswapping,,,,,,,,,,,,8,4,1880,488,222,56,3.0,left,0.0,0.0,10.0
4940.414617114002,unswapping,,,,,,,,,,,,8,4,1880,488,222,56,3.0,left,1.0,0.0,10.0
4940.780861385865,unswapping,,,,,,,,,,,,8,4,1820,482,222,56,3.0,right,0.0,1.0,11.0
4941.145031569991,unswapping,,,,,,,,,,,,8,4,1748,476,222,56,3.0,right,1.0,1.0,12.0
4941.883807143895,unswapping,,,,,,,,,,,,8,4,1352,450,222,56,4.0,both,0.0,4.0,4.0
4942.6034180989955,unswapping,,,,,,,,,,,,8,4,1244,440,222,56,4.0,both,1.0,2.0,6.0
4942.828702863073,unswapping,,,,,,,,,,,,8,4,1244,440,222,56,4.0,left,0.0,0.0,6.0
4943.187965290854,unswapping,,,,,,,,,,,,8,4,1220,436,222,56,4.0,left,1.0,1.0,7.0
4943.4097916819155,unswapping,,,,,,,,,,,,8,4,1220,436,222,56,4.0,right,0.0,0.0,7.0
4943.767689845059,unswapping,,,,,,,,,,,,8,4,1060,428,222,56,4.0,right,1.0,1.0,8.0
4944.726154827047,unswapping,,,,,,,,,,,,4,4,824,410,222,56,5.0,both,0.0,3.0,3.0
4945.44198000594,unswapping,,,,,,,,,,,,4,4,764,404,222,56,5.0,both,1.0,2.0,5.0
4945.80793592101,unswapping,,,,,,,,,,,,4,4,700,400,222,56,5.0,left,0.0,1.0,6.0
4946.0300767458975,unswapping,,,,,,,,,,,,4,4,700,400,222,56,5.0,left,1.0,0.0,6.0
4946.255093386862,unswapping,,,,,,,,,,,,4,4,700,400,222,56,5.0,right,0.0,0.0,6.0
4946.616031439975,unswapping,,,,,,,,,,,,4,4,592,388,222,56,5.0,right,1.0,2.0,8.0
4947.338319270872,unswapping,,,,,,,,,,,,4,4,568,384,222,56,6.0,both,0.0,2.0,2.0
4948.055217043031,unswapping,,,,,,,,,,,,4,4,544,380,222,56,6.0,both,1.0,2.0,4.0
4948.277928025927,unswapping,,,,,,,,,,,,4,4,544,380,222,56,6.0,left,0.0,0.0,4.0
4948.495564738987,unswapping,,,,,,,,,,,,4,4,544,380,222,56,6.0,left,1.0,0.0,4.0
4948.855106985895,unswapping,,,,,,,,,,,,4,4,484,374,222,56,6.0,right,0.0,1.0,5.0
4949.208505963907,unswapping,,,,,,,,,,,,4,4,444,370,222,56,6.0,right,1.0,1.0,6.0
4949.63897241489,unswapping,,,,,,,,,,,,4,4,444,370,222,56,7.0,both,0.0,0.0,0.0
4950.061614003964,unswapping,,,,,,,,,,,,4,4,444,370,222,56,7.0,both,1.0,0.0,0.0
4950.279726398876,unswapping,,,,,,,,,,,,4,4,444,370,222,56,7.0,left,0.0,0.0,0.0
4950.49387152493,unswapping,,,,,,,,,,,,4,4,444,370,222,56,7.0,left,1.0,0.0,0.0
4950.846595353913,unswapping,,,,,,,,,,,,4,4,396,364,222,56,7.0,right,0.0,1.0,1.0
4951.064590909984,unswapping,,,,,,,,,,,,4,4,396,364,222,56,7.0,right,1.0,0.0,1.0
4951.496085542953,unswapping,,,,,,,,,,,,4,4,396,364,222,56,8.0,both,0.0,0.0,0.0
4952.192439864855,unswapping,,,,,,,,,,,,4,4,384,362,222,56,8.0,both,1.0,1.0,1.0
4952.415367442882,unswapping,,,,,,,,,,,,4,4,384,362,222,56,8.0,left,0.0,0.0,1.0
4952.856614687946,unswapping,,,,,,,,,,,,4,4,384,362,222,56,8.0,left,1.0,0.0,1.0
4953.074123306898,unswapping,,,,,,,,,,,,4,4,384,362,222,56,8.0,right,0.0,0.0,1.0
4953.291347278049,unswapping,,,,,,,,,,,,4,4,384,362,222,56,8.0,right,1.0,0.0,1.0
4953.999243666884,unswapping,,,,,,,,,,,,4,4,372,360,222,56,9.0,both,0.0,1.0,1.0
4954.702264352003,unswapping,,,,,,,,,,,,4,4,360,358,222,56,9.0,both,1.0,1.0,2.0
4954.925627266057,unswapping,,,,,,,,,,,,4,4,360,358,222,56,9.0,left,0.0,0.0,2.0
4955.142318296013,unswapping,,,,,,,,,,,,4,4,360,358,222,56,9.0,left,1.0,0.0,2.0
4955.359679281013,unswapping,,,,,,,,,,,,4,4,360,358,222,56,9.0,right,0.0,0.0,2.0
4955.574908765033,unswapping,,,,,,,,,,,,4,4,360,358,222,56,9.0,right,1.0,0.0,2.0
4956.282853641082,unswapping,,,,,,,,,,,,4,4,348,356,222,56,10.0,both,0.0,1.0,1.0
4956.983061433071,unswapping,,,,,,,,,,,,4,4,336,354,222,56,10.0,both,1.0,1.0,2.0
4957.204206917901,unswapping,,,,,,,,,,,,4,4,336,354,222,56,10.0,left,0.0,0.0,2.0
4957.421258935938,unswapping,,,,,,,,,,,,4,4,336,354,222,56,10.0,left,1.0,0.0,2.0
4957.639911522856,unswapping,,,,,,,,,,,,4,4,336,354,222,56,10.0,right,0.0,0.0,2.0
4957.854162554024,unswapping,,,,,,,,,,,,4,4,336,354,222,56,10.0,right,1.0,0.0,2.0
4958.5648037800565,unswapping,,,,,,,,,,,,4,4,324,352,222,56,11.0,both,0.0,1.0,1.0
4959.267046055989,unswapping,,,,,,,,,,,,4,4,312,350,222,56,11.0,both,1.0,1.0,2.0
4959.48764892295,unswapping,,,,,,,,,,,,4,4,312,350,222,56,11.0,left,0.0,0.0,2.0
4959.704683844931,unswapping,,,,,,,,,,,,4,4,312,350,222,56,11.0,left,1.0,0.0,2.0
4959.922983435914,unswapping,,,,,,,,,,,,4,4,312,350,222,56,11.0,right,0.0,0.0,2.0
4960.138139064889,unswapping,,,,,,,,,,,,4,4,312,350,222,56,11.0,right,1.0,0.0,2.0
4960.5712201308925,unswapping,,,,,,,,,,,,4,4,312,350,222,56,12.0,both,0.0,0.0,0.0
4960.994953413028,unswapping,,,,,,,,,,,,4,4,312,350,222,56,12.0,both,1.0,0.0,0.0
4961.213578067953,unswapping,,,,,,,,,,,,4,4,312,350,222,56,12.0,left,0.0,0.0,0.0
4961.64583466202,unswapping,,,,,,,,,,,,4,4,312,350,222,56,12.0,left,1.0,0.0,0.0
4961.864442868857,unswapping,,,,,,,,,,,,4,4,312,350,222,56,12.0,right,0.0,0.0,0.0
4962.078415852971,unswapping,,,,,,,,,,,,4,4,312,350,222,56,12.0,right,1.0,0.0,0.0
4968.009691525018,absorbing,left,1.0,0.0,591.0,589.0,474.0,472.0,946.0,15.0,2.0,2.0,2,4,272,344,222,56,,,,,
4968.28917996306,absorbing,left,1.0,1.0,591.0,589.0,474.0,473.0,947.0,12.0,1.0,3.0,4,4,564,412,222,56,,,,,
4968.573090794031,absorbing,left,2.0,1.0,591.0,589.0,474.0,473.0,947.0,12.0,0.0,3.0,4,4,444,384,222,56,,,,,
4968.852338847006,absorbing,left,2.0,2.0,591.0,589.0,474.0,473.0,947.0,14.0,0.0,3.0,4,4,840,452,222,56,,,,,
4969.138847213937,absorbing,left,3.0,2.0,591.0,589.0,474.0,473.0,947.0,13.0,0.0,3.0,4,4,804,428,222,56,,,,,
4969.430064694956,absorbing,left,3.0,3.0,591.0,589.0,474.0,474.0,948.0,13.0,1.0,4.0,4,4,1220,484,222,56,,,,,
4969.720610378077,absorbing,left,4.0,3.0,591.0,589.0,475.0,474.0,949.0,12.0,1.0,5.0,4,4,1132,462,222,56,,,,,
4970.011569553055,absorbing,left,5.0,3.0,591.0,589.0,477.0,474.0,951.0,11.0,2.0,7.0,4,4,1532,508,222,56,,,,,
4970.309576616855,absorbing,left,5.0,4.0,591.0,589.0,477.0,475.0,952.0,13.0,1.0,8.0,4,4,1296,476,222,56,,,,,
4970.605187240057,absorbing,left,6.0,4.0,591.0,589.0,478.0,475.0,953.0,13.0,1.0,9.0,16,4,1800,526,222,56,,,,,
4970.90370167396,absorbing,left,6.0,5.0,591.0,589.0,478.0,477.0,955.0,11.0,2.0,11.0,4,4,1468,492,222,56,,,,,
4971.197679243982,absorbing,left,7.0,5.0,591.0,589.0,479.0,477.0,956.0,11.0,1.0,12.0,16,4,2352,566,222,56,,,,,
4971.494660669006,absorbing,left,7.0,6.0,591.0,589.0,479.0,478.0,957.0,10.0,1.0,13.0,4,4,1612,510,222,56,,,,,
4971.7895958079025,absorbing,left,8.0,6.0,591.0,589.0,480.0,478.0,958.0,11.0,1.0,14.0,16,4,2116,546,222,56,,,,,
4972.085432521068,absorbing,left,8.0,7.0,591.0,589.0,480.0,480.0,960.0,10.0,2.0,16.0,4,4,1664,514,222,56,,,,,
4972.372118277941,absorbing,left,9.0,7.0,591.0,589.0,480.0,480.0,960.0,10.0,0.0,16.0,4,4,1784,526,222,56,,,,,
4972.663559691049,absorbing,left,9.0,8.0,591.0,589.0,480.0,480.0,960.0,11.0,0.0,16.0,4,4,1904,538,222,56,,,,,
4972.951872708043,absorbing,left,10.0,8.0,591.0,589.0,480.0,480.0,960.0,10.0,0.0,16.0,16,4,3092,610,222,56,,,,,
4973.245043185074,absorbing,left,10.0,9.0,591.0,589.0,480.0,480.0,960.0,11.0,0.0,16.0,16,4,4184,640,222,56,,,,,
4973.5423893849365,absorbing,left,10.0,10.0,591.0,589.0,480.0,480.0,960.0,12.0,0.0,16.0,16,4,6992,748,222,56,,,,,
4973.860186325852,absorbing,left,11.0,10.0,591.0,589.0,480.0,480.0,960.0,10.0,0.0,16.0,16,4,8444,760,222,56,,,,,
4974.176796216052,absorbing,left,11.0,11.0,591.0,589.0,480.0,481.0,961.0,11.0,1.0,17.0,16,4,11164,846,222,56,,,,,
4974.514988637995,absorbing,left,11.0,12.0,591.0,589.0,480.0,483.0,963.0,10.0,2.0,19.0,16,4,13136,928,222,56,,,,,
4974.88160038786,absorbing,left,12.0,12.0,591.0,589.0,480.0,483.0,963.0,12.0,0.0,19.0,64,4,17360,1000,222,56,,,,,
4975.233070458984,absorbing,left,12.0,13.0,591.0,589.0,480.0,484.0,964.0,10.0,1.0,20.0,16,4,16288,1008,222,56,,,,,
4975.604113667039,absorbing,left,13.0,13.0,591.0,589.0,483.0,484.0,967.0,9.0,3.0,23.0,64,4,20032,1026,222,56,,,,,
4975.992824075976,absorbing,left,13.0,14.0,591.0,589.0,483.0,484.0,967.0,13.0,0.0,23.0,64,4,26692,1158,222,56,,,,,
4976.364247414051,absorbing,left,14.0,14.0,591.0,589.0,483.0,484.0,967.0,12.0,0.0,23.0,64,4,25732,1134,222,56,,,,,
4976.74240992195,absorbing,left,15.0,14.0,591.0,589.0,483.0,484.0,967.0,14.0,0.0,23.0,64,4,21724,1068,222,56,,,,,
4977.1146147449035,absorbing,left,15.0,15.0,591.0,589.0,483.0,486.0,969.0,10.0,2.0,25.0,64,4,19452,1060,222,56,,,,,
4977.464909591014,absorbing,left,15.0,16.0,591.0,589.0,483.0,487.0,970.0,13.0,1.0,26.0,64,4,20976,1088,222,56,,,,,
4977.819211772876,absorbing,left,15.0,17.0,591.0,589.0,483.0,487.0,970.0,9.0,0.0,26.0,64,4,21804,1138,222,56,,,,,
4978.43193170405,absorbing,left,15.0,18.0,591.0,589.0,483.0,488.0,971.0,10.0,1.0,27.0,64,4,23660,1210,222,56,,,,,
4978.795319927856,absorbing,left,15.0,19.0,591.0,589.0,483.0,490.0,973.0,10.0,2.0,29.0,64,4,30888,1376,222,56,,,,,
4979.18681635987,absorbing,left,16.0,19.0,591.0,589.0,485.0,490.0,975.0,15.0,2.0,31.0,64,4,43624,1384,222,56,,,,,
4979.5416514088865,absorbing,left,16.0,20.0,591.0,589.0,485.0,491.0,976.0,10.0,1.0,32.0,64,4,53892,1530,222,56,,,,,
4979.933140511857,absorbing,left,17.0,20.0,591.0,589.0,486.0,491.0,977.0,14.0,1.0,33.0,64,4,62356,1502,222,56,,,,,
4980.392647062894,absorbing,left,17.0,21.0,591.0,589.0,486.0,492.0,978.0,10.0,1.0,34.0,64,4,70868,1648,222,56,,,,,
4981.031820219941,absorbing,left,17.0,22.0,591.0,589.0,486.0,492.0,978.0,13.0,0.0,34.0,64,4,90944,1842,222,56,,,,,
4981.726909009041,absorbing,left,18.0,22.0,591.0,589.0,489.0,492.0,981.0,11.0,3.0,37.0,64,4,101600,1876,222,56,,,,,
4982.396630690899,absorbing,left,18.0,23.0,591.0,589.0,489.0,494.0,983.0,14.0,2.0,39.0,256,4,183088,2342,222,56,,,,,
4983.006148655899,absorbing,left,18.0,24.0,591.0,589.0,489.0,494.0,983.0,16.0,0.0,39.0,256,4,202496,2674,222,56,,,,,
4983.733866930939,absorbing,left,18.0,25.0,591.0,589.0,489.0,496.0,985.0,14.0,2.0,41.0,64,4,158240,2686,222,56,,,,,
4984.522530077957,absorbing,left,19.0,25.0,591.0,589.0,492.0,496.0,988.0,12.0,3.0,44.0,64,4,152800,2638,222,56,,,,,
4985.2523675239645,absorbing,left,20.0,25.0,591.0,589.0,493.0,496.0,989.0,16.0,1.0,45.0,64,4,133920,2342,222,56,,,,,
4986.087656156858,absorbing,left,21.0,25.0,591.0,589.0,496.0,496.0,992.0,13.0,3.0,48.0,64,4,96772,2158,222,56,,,,,
4986.604125513928,absorbing,left,22.0,25.0,591.0,589.0,497.0,496.0,993.0,14.0,1.0,49.0,64,4,103204,2094,222,56,,,,,
4987.371078395052,absorbing,left,22.0,26.0,591.0,589.0,497.0,497.0,994.0,15.0,1.0,50.0,64,4,80996,2054,222,56,,,,,
4987.925035551889,absorbing,left,23.0,26.0,591.0,589.0,499.0,497.0,996.0,11.0,2.0,52.0,64,4,88420,2154,222,56,,,,,
4988.43937999499,absorbing,left,23.0,27.0,591.0,589.0,499.0,499.0,998.0,13.0,2.0,54.0,64,4,118628,2398,222,56,,,,,
4989.053283775924,absorbing,left,24.0,27.0,591.0,589.0,500.0,499.0,999.0,11.0,1.0,55.0,64,4,125092,2470,222,56,,,,,
4989.687056138879,absorbing,left,25.0,27.0,591.0,589.0,501.0,499.0,1000.0,13.0,1.0,56.0,64,4,165284,2750,222,56,,,,,
4990.467628110899,absorbing,left,25.0,28.0,591.0,589.0,501.0,500.0,1001.0,13.0,1.0,57.0,256,4,290532,3302,222,56,,,,,
4991.219958567992,absorbing,left,25.0,29.0,591.0,589.0,501.0,501.0,1002.0,10.0,1.0,58.0,256,4,570596,3886,222,56,,,,,
4992.163051964948,absorbing,left,25.0,30.0,591.0,589.0,501.0,503.0,1004.0,8.0,2.0,60.0,256,4,590564,4054,222,56,,,,,
4993.016887537902,absorbing,left,25.0,31.0,591.0,589.0,501.0,505.0,1006.0,6.0,2.0,62.0,256,4,651044,4414,222,56,,,,,
4994.118287653895,absorbing,left,25.0,32.0,591.0,589.0,501.0,505.0,1006.0,8.0,0.0,62.0,256,4,789284,4990,222,56,,,,,
4995.341172559885,absorbing,left,25.0,33.0,591.0,589.0,501.0,506.0,1007.0,8.0,1.0,63.0,256,4,968932,5502,222,56,,,,,
4996.697739447933,absorbing,left,25.0,34.0,591.0,589.0,501.0,506.0,1007.0,10.0,0.0,63.0,256,4,936100,5494,222,56,,,,,
5010.799267010065,unswapping,,,,,,,,,,,,256,4,1572772,6574,222,56,0.0,both,0.0,5.0,5.0
5015.730405085022,unswapping,,,,,,,,,,,,256,4,646372,4502,222,56,0.0,both,1.0,12.0,17.0
5017.484377864981,unswapping,,,,,,,,,,,,128,4,279952,3194,222,56,0.0,left,0.0,10.0,27.0
5019.102984644938,unswapping,,,,,,,,,,,,64,4,134520,2320,222,56,0.0,left,1.0,14.0,41.0
5020.065204148879,unswapping,,,,,,,,,,,,64,4,87804,1746,222,56,0.0,right,0.0,8.0,49.0
5020.822763703065,unswapping,,,,,,,,,,,,64,4,75132,1594,222,56,0.0,right,1.0,6.0,55.0
5022.002748443047,unswapping,,,,,,,,,,,,64,4,53388,1282,222,56,1.0,both,0.0,11.0,11.0
5022.939895757008,unswapping,,,,,,,,,,,,64,4,21456,1048,222,56,1.0,both,1.0,5.0,16.0
5023.394841301022,unswapping,,,,,,,,,,,,16,4,12756,874,222,56,1.0,left,0.0,5.0,21.0
5023.817628210876,unswapping,,,,,,,,,,,,16,4,11424,826,222,56,1.0,left,1.0,4.0,25.0
5024.230302210897,unswapping,,,,,,,,,,,,16,4,11360,822,222,56,1.0,right,0.0,1.0,26.0
5024.648457828909,unswapping,,,,,,,,,,,,16,4,11108,808,222,56,1.0,right,1.0,2.0,28.0
5025.487505651079,unswapping,,,,,,,,,,,,16,4,9980,768,222,56,2.0,both,0.0,4.0,4.0
5026.3290531730745,unswapping,,,,,,,,,,,,16,4,8420,700,222,56,2.0,both,1.0,6.0,10.0
5026.727737524081,unswapping,,,,,,,,,,,,16,4,7112,654,222,56,2.0,left,0.0,4.0,14.0
5027.122302131029,unswapping,,,,,,,,,,,,16,4,6740,630,222,56,2.0,left,1.0,3.0,17.0
5027.524579755031,unswapping,,,,,,,,,,,,16,4,5588,582,222,56,2.0,right,0.0,5.0,22.0
5027.759797869017,unswapping,,,,,,,,,,,,16,4,5588,582,222,56,2.0,right,1.0,0.0,22.0
5028.551451371051,unswapping,,,,,,,,,,,,16,4,5528,576,222,56,3.0,both,0.0,2.0,2.0
5029.325991160935,unswapping,,,,,,,,,,,,16,4,3500,518,222,56,3.0,both,1.0,4.0,6.0
5029.553649097914,unswapping,,,,,,,,,,,,16,4,3500,518,222,56,3.0,left,0.0,0.0,6.0
5029.922681499971,unswapping,,,,,,,,,,,,16,4,3452,512,222,56,3.0,left,1.0,1.0,7.0
5030.3667619500775,unswapping,,,,,,,,,,,,16,4,3452,512,222,56,3.0,right,0.0,0.0,7.0
5030.596882693935,unswapping,,,,,,,,,,,,16,4,3452,512,222,56,3.0,right,1.0,0.0,7.0
5031.3565196169075,unswapping,,,,,,,,,,,,16,4,1400,450,222,56,4.0,both,0.0,6.0,6.0
5032.089141992852,unswapping,,,,,,,,,,,,4,4,836,410,222,56,4.0,both,1.0,4.0,10.0
5032.450917673064,unswapping,,,,,,,,,,,,4,4,812,404,222,56,4.0,left,0.0,1.0,11.0
5032.813985578017,unswapping,,,,,,,,,,,,4,4,764,400,222,56,4.0,left,1.0,1.0,12.0
5033.036758451955,unswapping,,,,,,,,,,,,4,4,764,400,222,56,4.0,right,0.0,0.0,12.0
5033.2557617458515,unswapping,,,,,,,,,,,,4,4,764,400,222,56,4.0,right,1.0,0.0,12.0
5033.984393393854,unswapping,,,,,,,,,,,,4,4,680,390,222,56,5.0,both,0.0,3.0,3.0
5034.694338871865,unswapping,,,,,,,,,,,,4,4,608,382,222,56,5.0,both,1.0,2.0,5.0
5035.056185511872,unswapping,,,,,,,,,,,,4,4,560,378,222,56,5.0,left,0.0,1.0,6.0
5035.2748780930415,unswapping,,,,,,,,,,,,4,4,560,378,222,56,5.0,left,1.0,0.0,6.0
5035.49670685688,unswapping,,,,,,,,,,,,4,4,560,378,222,56,5.0,right,0.0,0.0,6.0
5035.715589388972,unswapping,,,,,,,,,,,,4,4,560,378,222,56,5.0,right,1.0,0.0,6.0
5036.433743449859,unswapping,,,,,,,,,,,,4,4,488,370,222,56,6.0,both,0.0,2.0,2.0
5037.1419811488595,unswapping,,,,,,,,,,,,4,4,368,358,222,56,6.0,both,1.0,3.0,5.0
5037.500194641063,unswapping,,,,,,,,,,,,4,4,344,354,222,56,6.0,left,0.0,1.0,6.0
5037.718600684078,unswapping,,,,,,,,,,,,4,4,344,354,222,56,6.0,left,1.0,0.0,6.0
5037.936208901927,unswapping,,,,,,,,,,,,4,4,344,354,222,56,6.0,right,0.0,0.0,6.0
5038.150470959954,unswapping,,,,,,,,,,,,4,4,344,354,222,56,6.0,right,1.0,0.0,6.0
5039.08554452192,unswapping,,,,,,,,,,,,4,4,320,350,222,56,7.0,both,0.0,2.0,2.0
5039.785344321048,unswapping,,,,,,,,,,,,4,4,296,346,222,56,7.0,both,1.0,2.0,4.0
5040.006197246024,unswapping,,,,,,,,,,,,4,4,296,346,222,56,7.0,left,0.0,0.0,4.0
5040.22129555,unswapping,,,,,,,,,,,,4,4,296,346,222,56,7.0,left,1.0,0.0,4.0
5040.4401223289315,unswapping,,,,,,,,,,,,4,4,296,346,222,56,7.0,right,0.0,0.0,4.0
5040.654005381046,unswapping,,,,,,,,,,,,4,4,296,346,222,56,7.0,right,1.0,0.0,4.0
5041.086685670074,unswapping,,,,,,,,,,,,4,4,296,346,222,56,8.0,both,0.0,0.0,0.0
5041.513470398961,unswapping,,,,,,,,,,,,4,4,296,346,222,56,8.0,both,1.0,0.0,0.0
5041.733213272877,unswapping,,,,,,,,,,,,4,4,296,346,222,56,8.0,left,0.0,0.0,0.0
5041.947578517022,unswapping,,,,,,,,,,,,4,4,296,346,222,56,8.0,left,1.0,0.0,0.0
5042.165597408079,unswapping,,,,,,,,,,,,4,4,296,346,222,56,8.0,right,0.0,0.0,0.0
5042.379380913917,unswapping,,,,,,,,,,,,4,4,296,346,222,56,8.0,right,1.0,0.0,0.0
5048.924913190072,absorbing,left,1.0,0.0,502.0,467.0,502.0,506.0,1008.0,13.0,1.0,1.0,2,4,264,342,222,56,,,,,
5049.2062559488695,absorbing,left,1.0,1.0,502.0,467.0,502.0,506.0,1008.0,14.0,0.0,1.0,4,4,612,424,222,56,,,,,
5049.494273342891,absorbing,left,2.0,1.0,502.0,467.0,504.0,506.0,1010.0,10.0,2.0,3.0,4,4,488,376,222,56,,,,,
5049.77488334896,absorbing,left,3.0,1.0,502.0,467.0,504.0,506.0,1010.0,14.0,0.0,3.0,4,4,620,410,222,56,,,,,
5050.067163737956,absorbing,left,3.0,2.0,502.0,467.0,504.0,507.0,1011.0,14.0,1.0,4.0,4,4,588,392,222,56,,,,,
5050.357976727886,absorbing,left,4.0,2.0,502.0,467.0,507.0,507.0,1014.0,11.0,3.0,7.0,4,4,600,412,222,56,,,,,
5050.646212361986,absorbing,left,4.0,3.0,502.0,467.0,507.0,508.0,1015.0,13.0,1.0,8.0,4,4,516,386,222,56,,,,,
5050.938249805942,absorbing,left,5.0,3.0,502.0,467.0,509.0,508.0,1017.0,12.0,2.0,10.0,4,4,576,410,222,56,,,,,
5051.223874118878,absorbing,left,5.0,4.0,502.0,467.0,509.0,509.0,1018.0,14.0,1.0,11.0,4,4,640,402,222,56,,,,,
5051.5110577549785,absorbing,left,6.0,4.0,502.0,467.0,510.0,509.0,1019.0,14.0,1.0,12.0,4,4,696,422,222,56,,,,,
5051.804204921937,absorbing,left,6.0,5.0,502.0,467.0,510.0,510.0,1020.0,15.0,1.0,13.0,16,4,1184,448,222,56,,,,,
5052.100957371993,absorbing,left,7.0,5.0,502.0,467.0,513.0,510.0,1023.0,14.0,3.0,16.0,4,4,920,448,222,56,,,,,
5052.398292210884,absorbing,left,7.0,6.0,502.0,467.0,513.0,512.0,1025.0,13.0,2.0,18.0,16,4,1656,476,222,56,,,,,
5052.697106997017,absorbing,left,8.0,6.0,502.0,467.0,515.0,512.0,1027.0,12.0,2.0,20.0,8,4,1204,474,222,56,,,,,
5052.991497800918,absorbing,left,9.0,6.0,502.0,467.0,515.0,512.0,1027.0,13.0,0.0,20.0,8,4,1532,508,222,56,,,,,
5053.286691952962,absorbing,left,9.0,7.0,502.0,467.0,515.0,515.0,1030.0,12.0,3.0,23.0,4,4,1280,490,222,56,,,,,
5053.579515404999,absorbing,left,10.0,7.0,502.0,467.0,515.0,515.0,1030.0,11.0,0.0,23.0,16,4,1916,532,222,56,,,,,
5054.125739481067,absorbing,left,10.0,8.0,502.0,467.0,515.0,516.0,1031.0,15.0,1.0,24.0,4,4,1376,496,222,56,,,,,
5054.415468978928,absorbing,left,11.0,8.0,502.0,467.0,515.0,516.0,1031.0,11.0,0.0,24.0,16,4,1772,514,222,56,,,,,
5054.708048072876,absorbing,left,11.0,9.0,502.0,467.0,515.0,516.0,1031.0,16.0,0.0,24.0,16,4,2288,562,222,56,,,,,
5055.008419502992,absorbing,left,12.0,9.0,502.0,467.0,516.0,516.0,1032.0,11.0,1.0,25.0,16,4,3280,576,222,56,,,,,
5055.314419226954,absorbing,left,12.0,10.0,502.0,467.0,516.0,518.0,1034.0,13.0,2.0,27.0,16,4,4336,618,222,56,,,,,
5055.615817728918,absorbing,left,13.0,10.0,502.0,467.0,517.0,518.0,1035.0,11.0,1.0,28.0,16,4,6512,664,222,56,,,,,
5055.930088551948,absorbing,left,13.0,11.0,502.0,467.0,517.0,518.0,1035.0,14.0,0.0,28.0,64,4,12716,784,222,56,,,,,
5056.242436643923,absorbing,left,14.0,11.0,502.0,467.0,518.0,518.0,1036.0,9.0,1.0,29.0,64,4,28148,862,222,56,,,,,
5056.559831332881,absorbing,left,15.0,11.0,502.0,467.0,518.0,518.0,1036.0,11.0,0.0,29.0,64,4,28688,916,222,56,,,,,
5056.883168648928,absorbing,left,16.0,11.0,502.0,467.0,519.0,518.0,1037.0,12.0,1.0,30.0,64,4,30172,978,222,56,,,,,
5057.210085084895,absorbing,left,17.0,11.0,502.0,467.0,521.0,518.0,1039.0,12.0,2.0,32.0,64,4,33948,1142,222,56,,,,,
5057.581104723038,absorbing,left,18.0,11.0,502.0,467.0,522.0,518.0,1040.0,13.0,1.0,33.0,64,4,25028,1194,222,56,,,,,
5057.981874760939,absorbing,left,19.0,11.0,502.0,467.0,523.0,518.0,1041.0,12.0,1.0,34.0,64,4,30988,1334,222,56,,,,,
5058.390335313976,absorbing,left,19.0,12.0,502.0,467.0,523.0,519.0,1042.0,14.0,1.0,35.0,64,4,31468,1290,222,56,,,,,
5058.781830716878,absorbing,left,19.0,13.0,502.0,467.0,523.0,520.0,1043.0,12.0,1.0,36.0,64,4,37836,1190,222,56,,,,,
5059.193564948859,absorbing,left,20.0,13.0,502.0,467.0,524.0,520.0,1044.0,12.0,1.0,37.0,64,4,36032,1336,222,56,,,,,
5059.596051696921,absorbing,left,20.0,14.0,502.0,467.0,524.0,521.0,1045.0,13.0,1.0,38.0,64,4,36420,1154,222,56,,,,,
5060.014474955853,absorbing,left,20.0,15.0,502.0,467.0,524.0,522.0,1046.0,12.0,1.0,39.0,64,4,33036,1046,222,56,,,,,
5060.384202437941,absorbing,left,21.0,15.0,502.0,467.0,526.0,522.0,1048.0,9.0,2.0,41.0,64,4,25944,1112,222,56,,,,,
5060.780315604992,absorbing,left,22.0,15.0,502.0,467.0,528.0,522.0,1050.0,10.0,2.0,43.0,64,4,19376,1030,222,56,,,,,
5061.143729808042,absorbing,left,22.0,16.0,502.0,467.0,528.0,523.0,1051.0,13.0,1.0,44.0,64,4,15836,910,222,56,,,,,
5061.471698184032,absorbing,left,22.0,17.0,502.0,467.0,528.0,525.0,1053.0,10.0,2.0,46.0,64,4,15084,854,222,56,,,,,
5061.818601408973,absorbing,left,22.0,18.0,502.0,467.0,528.0,526.0,1054.0,10.0,1.0,47.0,16,4,9300,778,222,56,,,,,
5062.126993096899,absorbing,left,23.0,18.0,502.0,467.0,528.0,526.0,1054.0,10.0,0.0,47.0,16,4,9024,760,222,56,,,,,
5062.440915365936,absorbing,left,23.0,19.0,502.0,467.0,528.0,527.0,1055.0,9.0,1.0,48.0,16,4,6816,734,222,56,,,,,
5062.754216868896,absorbing,left,23.0,20.0,502.0,467.0,528.0,529.0,1057.0,9.0,2.0,50.0,16,4,5824,702,222,56,,,,,
5063.061591875972,absorbing,left,23.0,21.0,502.0,467.0,528.0,529.0,1057.0,12.0,0.0,50.0,16,4,6040,732,222,56,,,,,
5063.370097586885,absorbing,left,24.0,21.0,502.0,467.0,529.0,529.0,1058.0,9.0,1.0,51.0,16,4,6220,698,222,56,,,,,
5063.675329335034,absorbing,left,24.0,22.0,502.0,467.0,529.0,529.0,1058.0,11.0,0.0,51.0,16,4,8800,798,222,56,,,,,
5064.007799501065,absorbing,left,25.0,22.0,502.0,467.0,529.0,529.0,1058.0,8.0,0.0,51.0,64,4,13480,858,222,56,,,,,
5064.329428934958,absorbing,left,26.0,22.0,502.0,467.0,529.0,529.0,1058.0,9.0,0.0,51.0,64,4,13000,828,222,56,,,,,
5064.654383362038,absorbing,left,26.0,23.0,502.0,467.0,529.0,530.0,1059.0,10.0,1.0,52.0,64,4,14276,886,222,56,,,,,
5064.9818387168925,absorbing,left,27.0,23.0,502.0,467.0,531.0,530.0,1061.0,8.0,2.0,54.0,64,4,14704,882,222,56,,,,,
5065.301520081004,absorbing,left,27.0,24.0,502.0,467.0,531.0,531.0,1062.0,10.0,1.0,55.0,64,4,14908,888,222,56,,,,,
5065.624013819033,absorbing,left,28.0,24.0,502.0,467.0,531.0,531.0,1062.0,10.0,0.0,55.0,64,4,14320,858,222,56,,,,,
5065.948376294924,absorbing,left,28.0,25.0,502.0,467.0,531.0,533.0,1064.0,8.0,2.0,57.0,64,4,15296,898,222,56,,,,,
5066.275124542881,absorbing,left,29.0,25.0,502.0,467.0,533.0,533.0,1066.0,9.0,2.0,59.0,64,4,15852,920,222,56,,,,,
5066.611085384851,absorbing,left,30.0,25.0,502.0,467.0,534.0,533.0,1067.0,10.0,1.0,60.0,64,4,16104,938,222,56,,,,,
5067.156904205913,absorbing,left,30.0,26.0,502.0,467.0,534.0,533.0,1067.0,10.0,0.0,60.0,64,4,16356,950,222,56,,,,,
5067.482646055054,absorbing,left,31.0,26.0,502.0,467.0,534.0,533.0,1067.0,10.0,0.0,60.0,64,4,16384,954,222,56,,,,,
5067.823926181998,absorbing,left,31.0,27.0,502.0,467.0,534.0,535.0,1069.0,9.0,2.0,62.0,64,4,16600,966,222,56,,,,,
5068.1557926400565,absorbing,left,32.0,27.0,502.0,467.0,537.0,535.0,1072.0,8.0,3.0,65.0,64,4,16756,978,222,56,,,,,
5068.485089906026,absorbing,left,32.0,28.0,502.0,467.0,537.0,535.0,1072.0,11.0,0.0,65.0,64,4,18268,1032,222,56,,,,,
5068.827675248031,absorbing,left,33.0,28.0,502.0,467.0,538.0,535.0,1073.0,8.0,1.0,66.0,64,4,18460,998,222,56,,,,,
5069.174870230956,absorbing,left,34.0,28.0,502.0,467.0,538.0,535.0,1073.0,7.0,0.0,66.0,64,4,24952,1118,222,56,,,,,
5069.538614766905,absorbing,left,35.0,28.0,502.0,467.0,539.0,535.0,1074.0,6.0,1.0,67.0,64,4,26040,1150,222,56,,,,,
5069.927796603879,absorbing,left,36.0,28.0,502.0,467.0,540.0,535.0,1075.0,8.0,1.0,68.0,64,4,26136,1130,222,56,,,,,
5070.270510121016,absorbing,left,37.0,28.0,502.0,467.0,541.0,535.0,1076.0,9.0,1.0,69.0,32,4,22616,1146,222,56,,,,,
5070.653856514953,absorbing,left,37.0,29.0,502.0,467.0,541.0,535.0,1076.0,12.0,0.0,69.0,32,4,21244,1106,222,56,,,,,
5071.019526968012,absorbing,left,37.0,30.0,502.0,467.0,541.0,536.0,1077.0,9.0,1.0,70.0,64,4,27904,1196,222,56,,,,,
5071.392040116014,absorbing,left,37.0,31.0,502.0,467.0,541.0,537.0,1078.0,8.0,1.0,71.0,64,4,28864,1220,222,56,,,,,
5071.777149589965,absorbing,left,38.0,31.0,502.0,467.0,542.0,537.0,1079.0,11.0,1.0,72.0,64,4,32956,1250,222,56,,,,,
5072.158647780074,absorbing,left,39.0,31.0,502.0,467.0,544.0,537.0,1081.0,9.0,2.0,74.0,64,4,30456,1256,222,56,,,,,
5072.5504694439005,absorbing,left,39.0,32.0,502.0,467.0,544.0,539.0,1083.0,7.0,2.0,76.0,64,4,28984,1200,222,56,,,,,
5072.921145753935,absorbing,left,40.0,32.0,502.0,467.0,544.0,539.0,1083.0,11.0,0.0,76.0,64,4,32308,1302,222,56,,,,,
5073.299872702919,absorbing,left,40.0,33.0,502.0,467.0,544.0,540.0,1084.0,8.0,1.0,77.0,64,4,38452,1398,222,56,,,,,
5073.685368642909,absorbing,left,41.0,33.0,502.0,467.0,544.0,540.0,1084.0,14.0,0.0,77.0,64,4,51248,1516,222,56,,,,,
5074.133820008021,absorbing,left,42.0,33.0,502.0,467.0,546.0,540.0,1086.0,11.0,2.0,79.0,64,4,65616,1658,222,56,,,,,
5074.67042150395,absorbing,left,42.0,34.0,502.0,467.0,546.0,542.0,1088.0,6.0,2.0,81.0,64,4,70224,1706,222,56,,,,,
5075.197469749022,absorbing,left,42.0,35.0,502.0,467.0,546.0,542.0,1088.0,9.0,0.0,81.0,64,4,61840,1722,222,56,,,,,
5075.604881730862,absorbing,left,42.0,36.0,502.0,467.0,546.0,543.0,1089.0,8.0,1.0,82.0,64,4,61840,1722,222,56,,,,,
5076.02556947805,absorbing,left,42.0,37.0,502.0,467.0,546.0,544.0,1090.0,11.0,1.0,83.0,64,4,72016,1746,222,56,,,,,
5076.612881130073,absorbing,left,42.0,38.0,502.0,467.0,546.0,544.0,1090.0,11.0,0.0,83.0,64,4,72400,1770,222,56,,,,,
5077.002662312007,absorbing,left,42.0,39.0,502.0,467.0,546.0,545.0,1091.0,10.0,1.0,84.0,64,4,59536,1722,222,56,,,,,
5077.434337618994,absorbing,left,42.0,40.0,502.0,467.0,546.0,546.0,1092.0,10.0,1.0,85.0,64,4,63248,1762,222,56,,,,,
5077.834180956939,absorbing,left,43.0,40.0,502.0,467.0,546.0,546.0,1092.0,11.0,0.0,85.0,64,4,61904,1786,222,56,,,,,
5078.269577519037,absorbing,left,44.0,40.0,502.0,467.0,546.0,546.0,1092.0,13.0,0.0,85.0,64,4,81104,2122,222,56,,,,,
5078.710173517931,absorbing,left,44.0,41.0,502.0,467.0,546.0,546.0,1092.0,11.0,0.0,85.0,64,4,99344,2218,222,56,,,,,
5079.427739778068,absorbing,left,44.0,42.0,502.0,467.0,546.0,547.0,1093.0,13.0,1.0,86.0,64,4,143504,2314,222,56,,,,,
5080.292444845894,absorbing,left,44.0,43.0,502.0,467.0,546.0,547.0,1093.0,17.0,0.0,86.0,64,4,142316,2278,222,56,,,,,
5081.17860654695,absorbing,left,44.0,44.0,502.0,467.0,546.0,548.0,1094.0,19.0,1.0,87.0,256,4,261748,2826,222,56,,,,,
5081.996548645897,absorbing,left,45.0,44.0,502.0,467.0,546.0,548.0,1094.0,11.0,0.0,87.0,256,4,382924,3276,222,56,,,,,
5083.021792785963,absorbing,left,45.0,45.0,502.0,467.0,546.0,550.0,1096.0,17.0,2.0,89.0,256,4,482540,3706,222,56,,,,,
5083.917825293029,absorbing,left,45.0,46.0,502.0,467.0,546.0,552.0,1098.0,14.0,2.0,91.0,256,4,486700,3810,222,56,,,,,
5084.913332564058,absorbing,left,45.0,47.0,502.0,467.0,546.0,553.0,1099.0,13.0,1.0,92.0,256,4,328764,3370,222,56,,,,,
5086.04210170405,absorbing,left,46.0,47.0,502.0,467.0,546.0,553.0,1099.0,13.0,0.0,92.0,256,4,425532,3706,222,56,,,,,
5087.23767372896,absorbing,left,46.0,48.0,502.0,467.0,546.0,555.0,1101.0,14.0,2.0,94.0,64,4,300368,3362,222,56,,,,,
5088.697366900044,absorbing,left,47.0,48.0,502.0,467.0,548.0,555.0,1103.0,14.0,2.0,96.0,256,4,452208,3972,222,56,,,,,
5089.96372892987,absorbing,left,47.0,49.0,502.0,467.0,548.0,557.0,1105.0,15.0,2.0,98.0,256,4,414264,3860,222,56,,,,,
5091.143125470029,absorbing,left,47.0,50.0,502.0,467.0,548.0,558.0,1106.0,12.0,1.0,99.0,256,4,818664,4922,222,56,,,,,
5092.316441379953,absorbing,left,48.0,50.0,502.0,467.0,551.0,558.0,1109.0,12.0,3.0,102.0,256,4,858776,4294,222,56,,,,,
5100.568756832043,unswapping,,,,,,,,,,,,1020,4,2621880,5876,222,56,0.0,both,0.0,5.0,5.0
5108.64518232597,unswapping,,,,,,,,,,,,256,4,1033160,4188,222,56,0.0,both,1.0,7.0,12.0
5111.530087121995,unswapping,,,,,,,,,,,,256,4,745796,3576,222,56,0.0,left,0.0,6.0,18.0
5112.4422535849735,unswapping,,,,,,,,,,,,254,4,438632,2598,222,56,0.0,left,1.0,13.0,31.0
5112.96515015699,unswapping,,,,,,,,,,,,254,4,431680,2450,222,56,0.0,right,0.0,4.0,35.0
5113.843113678973,unswapping,,,,,,,,,,,,254,4,188032,2018,222,56,0.0,right,1.0,4.0,39.0
5115.341373784002,unswapping,,,,,,,,,,,,64,4,31552,1212,222,56,1.0,both,0.0,12.0,12.0
5116.359392474871,unswapping,,,,,,,,,,,,17,4,15508,938,222,56,1.0,both,1.0,7.0,19.0
5116.814592109062,unswapping,,,,,,,,,,,,17,4,12328,854,222,56,1.0,left,0.0,5.0,24.0
5117.238128995057,unswapping,,,,,,,,,,,,16,4,10780,794,222,56,1.0,left,1.0,4.0,28.0
5117.4995973019395,unswapping,,,,,,,,,,,,16,4,10780,794,222,56,1.0,right,0.0,0.0,28.0
5117.913368492853,unswapping,,,,,,,,,,,,16,4,10672,784,222,56,1.0,right,1.0,2.0,30.0
5118.795922467019,unswapping,,,,,,,,,,,,16,4,8428,712,222,56,2.0,both,0.0,9.0,9.0
5119.8337531499565,unswapping,,,,,,,,,,,,16,4,5944,622,222,56,2.0,both,1.0,6.0,15.0
5120.23053085804,unswapping,,,,,,,,,,,,16,4,4900,586,222,56,2.0,left,0.0,3.0,18.0
5120.6152102989145,unswapping,,,,,,,,,,,,16,4,4804,574,222,56,2.0,left,1.0,2.0,20.0
5120.99745810288,unswapping,,,,,,,,,,,,16,4,4696,564,222,56,2.0,right,0.0,2.0,22.0
5121.376778769074,unswapping,,,,,,,,,,,,16,4,4636,558,222,56,2.0,right,1.0,1.0,23.0
5122.148407643894,unswapping,,,,,,,,,,,,16,4,3496,516,222,56,3.0,both,0.0,4.0,4.0
5122.895872833906,unswapping,,,,,,,,,,,,16,4,1504,460,222,56,3.0,both,1.0,4.0,8.0
5123.262487584958,unswapping,,,,,,,,,,,,4,4,1120,436,222,56,3.0,left,0.0,1.0,9.0
5123.6327314330265,unswapping,,,,,,,,,,,,4,4,928,418,222,56,3.0,left,1.0,3.0,12.0
5123.99415660603,unswapping,,,,,,,,,,,,4,4,904,412,222,56,3.0,right,0.0,1.0,13.0
5124.215699052904,unswapping,,,,,,,,,,,,4,4,904,412,222,56,3.0,right,1.0,0.0,13.0
5124.936813408043,unswapping,,,,,,,,,,,,4,4,804,402,222,56,4.0,both,0.0,2.0,2.0
5125.655080708908,unswapping,,,,,,,,,,,,4,4,696,392,222,56,4.0,both,1.0,2.0,4.0
5125.87882472598,unswapping,,,,,,,,,,,,4,4,696,392,222,56,4.0,left,0.0,0.0,4.0
5126.098526039859,unswapping,,,,,,,,,,,,4,4,696,392,222,56,4.0,left,1.0,0.0,4.0
5126.455650565913,unswapping,,,,,,,,,,,,4,4,656,388,222,56,4.0,right,0.0,1.0,5.0
5126.673775320873,unswapping,,,,,,,,,,,,4,4,656,388,222,56,4.0,right,1.0,0.0,5.0
5127.386784460861,unswapping,,,,,,,,,,,,4,4,596,382,222,56,5.0,both,0.0,2.0,2.0
5128.106256779982,unswapping,,,,,,,,,,,,4,4,488,372,222,56,5.0,both,1.0,3.0,5.0
5128.463042390998,unswapping,,,,,,,,,,,,4,4,440,368,222,56,5.0,left,0.0,1.0,6.0
5128.902710614959,unswapping,,,,,,,,,,,,4,4,440,368,222,56,5.0,left,1.0,0.0,6.0
5129.122569581959,unswapping,,,,,,,,,,,,4,4,440,368,222,56,5.0,right,0.0,0.0,6.0
5129.33816909208,unswapping,,,,,,,,,,,,4,4,440,368,222,56,5.0,right,1.0,0.0,6.0
5130.063496432034,unswapping,,,,,,,,,,,,4,4,368,360,222,56,6.0,both,0.0,3.0,3.0
5130.769423354883,unswapping,,,,,,,,,,,,4,4,344,356,222,56,6.0,both,1.0,2.0,5.0
5130.989844895899,unswapping,,,,,,,,,,,,4,4,344,356,222,56,6.0,left,0.0,0.0,5.0
5131.206626682077,unswapping,,,,,,,,,,,,4,4,344,356,222,56,6.0,left,1.0,0.0,5.0
5131.425285421079,unswapping,,,,,,,,,,,,4,4,344,356,222,56,6.0,right,0.0,0.0,5.0
5131.776477972977,unswapping,,,,,,,,,,,,2,4,296,350,222,56,6.0,right,1.0,1.0,6.0
5132.207390401978,unswapping,,,,,,,,,,,,2,4,296,350,222,56,7.0,both,0.0,0.0,0.0
5132.630387127865,unswapping,,,,,,,,,,,,2,4,296,350,222,56,7.0,both,1.0,0.0,0.0
5132.846273855073,unswapping,,,,,,,,,,,,2,4,296,350,222,56,7.0,left,0.0,0.0,0.0
5133.060776609927,unswapping,,,,,,,,,,,,2,4,296,350,222,56,7.0,left,1.0,0.0,0.0
5133.280095734866,unswapping,,,,,,,,,,,,2,4,296,350,222,56,7.0,right,0.0,0.0,0.0
5133.495720224921,unswapping,,,,,,,,,,,,2,4,296,350,222,56,7.0,right,1.0,0.0,0.0
5138.929770106915,absorbing,left,1.0,0.0,428.0,477.0,558.0,558.0,1116.0,8.0,7.0,7.0,2,4,248,340,222,56,,,,,
5139.213443694869,absorbing,left,2.0,0.0,428.0,477.0,559.0,558.0,1117.0,11.0,1.0,8.0,4,4,432,386,222,56,,,,,
5139.499611773994,absorbing,left,2.0,1.0,428.0,477.0,559.0,560.0,1119.0,12.0,2.0,10.0,4,4,404,370,222,56,,,,,
5139.78364123893,absorbing,left,3.0,1.0,428.0,477.0,560.0,560.0,1120.0,13.0,1.0,11.0,4,4,616,420,222,56,,,,,
5140.069020737894,absorbing,left,3.0,2.0,428.0,477.0,560.0,560.0,1120.0,16.0,0.0,11.0,4,4,676,402,222,56,,,,,
5140.358720159857,absorbing,left,4.0,2.0,428.0,477.0,561.0,560.0,1121.0,13.0,1.0,12.0,4,4,744,428,222,56,,,,,
5140.648018612992,absorbing,left,4.0,3.0,428.0,477.0,561.0,562.0,1123.0,12.0,2.0,14.0,16,4,1136,436,222,56,,,,,
5140.932834391948,absorbing,left,4.0,4.0,428.0,477.0,561.0,562.0,1123.0,13.0,0.0,14.0,16,4,1520,496,222,56,,,,,
5141.219381324016,absorbing,left,5.0,4.0,428.0,477.0,561.0,562.0,1123.0,13.0,0.0,14.0,16,4,1604,472,222,56,,,,,
5141.501739521977,absorbing,left,5.0,5.0,428.0,477.0,561.0,562.0,1123.0,10.0,0.0,14.0,16,4,1592,496,222,56,,,,,
5141.787409187062,absorbing,left,6.0,5.0,428.0,477.0,561.0,562.0,1123.0,11.0,0.0,14.0,16,4,1640,472,222,56,,,,,
5142.076232413994,absorbing,left,6.0,6.0,428.0,477.0,561.0,562.0,1123.0,11.0,0.0,14.0,16,4,1592,496,222,56,,,,,
5142.617765031988,absorbing,left,7.0,6.0,428.0,477.0,563.0,562.0,1125.0,11.0,2.0,16.0,16,4,1332,458,222,56,,,,,
5142.904104341986,absorbing,left,8.0,6.0,428.0,477.0,563.0,562.0,1125.0,10.0,0.0,16.0,16,4,1500,482,222,56,,,,,
5143.196685699979,absorbing,left,8.0,7.0,428.0,477.0,563.0,564.0,1127.0,9.0,2.0,18.0,16,4,1424,472,222,56,,,,,
5143.490207556868,absorbing,left,8.0,8.0,428.0,477.0,563.0,566.0,1129.0,7.0,2.0,20.0,16,4,1560,488,222,56,,,,,
5143.779281879077,absorbing,left,9.0,8.0,428.0,477.0,564.0,566.0,1130.0,11.0,1.0,21.0,16,4,1588,492,222,56,,,,,
5144.072242976865,absorbing,left,9.0,9.0,428.0,477.0,564.0,566.0,1130.0,10.0,0.0,21.0,16,4,1784,508,222,56,,,,,
5144.368810962886,absorbing,left,10.0,9.0,428.0,477.0,565.0,566.0,1131.0,12.0,1.0,22.0,16,4,2168,532,222,56,,,,,
5144.66040520207,absorbing,left,10.0,10.0,428.0,477.0,565.0,567.0,1132.0,8.0,1.0,23.0,16,4,2792,544,222,56,,,,,
5144.956137795933,absorbing,left,10.0,11.0,428.0,477.0,565.0,567.0,1132.0,10.0,0.0,23.0,16,4,2732,538,222,56,,,,,
5145.24422996887,absorbing,left,11.0,11.0,428.0,477.0,565.0,567.0,1132.0,13.0,0.0,23.0,16,4,2792,544,222,56,,,,,
5145.539666771889,absorbing,left,11.0,12.0,428.0,477.0,565.0,567.0,1132.0,11.0,0.0,23.0,16,4,2852,550,222,56,,,,,
5145.841222597053,absorbing,left,12.0,12.0,428.0,477.0,567.0,567.0,1134.0,12.0,2.0,25.0,16,4,3476,580,222,56,,,,,
5146.147416271968,absorbing,left,13.0,12.0,428.0,477.0,570.0,567.0,1137.0,10.0,3.0,28.0,16,4,2676,578,222,56,,,,,
5146.445570630021,absorbing,left,14.0,12.0,428.0,477.0,571.0,567.0,1138.0,13.0,1.0,29.0,8,4,1972,540,222,56,,,,,
5146.748456605943,absorbing,left,14.0,13.0,428.0,477.0,571.0,570.0,1141.0,8.0,3.0,32.0,16,4,1876,528,222,56,,,,,
5147.047944845865,absorbing,left,14.0,14.0,428.0,477.0,571.0,571.0,1142.0,12.0,1.0,33.0,16,4,1868,520,222,56,,,,,
5147.347501137992,absorbing,left,15.0,14.0,428.0,477.0,573.0,571.0,1144.0,12.0,2.0,35.0,4,4,1604,508,222,56,,,,,
5147.648923768895,absorbing,left,15.0,15.0,428.0,477.0,573.0,574.0,1147.0,8.0,3.0,38.0,4,4,1608,500,222,56,,,,,
5147.941102925921,absorbing,left,16.0,15.0,428.0,477.0,575.0,574.0,1149.0,10.0,2.0,40.0,4,4,1500,500,222,56,,,,,
5148.228552796878,absorbing,left,16.0,16.0,428.0,477.0,575.0,574.0,1149.0,12.0,0.0,40.0,4,4,1480,492,222,56,,,,,
5148.520831448026,absorbing,left,17.0,16.0,428.0,477.0,575.0,574.0,1149.0,12.0,0.0,40.0,4,4,1432,494,222,56,,,,,
5148.821421112865,absorbing,left,17.0,17.0,428.0,477.0,575.0,576.0,1151.0,10.0,2.0,42.0,4,4,1392,488,222,56,,,,,
5149.114833944943,absorbing,left,18.0,17.0,428.0,477.0,577.0,576.0,1153.0,13.0,2.0,44.0,4,4,1476,502,222,56,,,,,
5149.403251004871,absorbing,left,18.0,18.0,428.0,477.0,577.0,576.0,1153.0,14.0,0.0,44.0,4,4,1344,476,222,56,,,,,
5149.693587535061,absorbing,left,19.0,18.0,428.0,477.0,577.0,576.0,1153.0,13.0,0.0,44.0,4,4,1416,500,222,56,,,,,
5149.990989207057,absorbing,left,19.0,19.0,428.0,477.0,577.0,578.0,1155.0,12.0,2.0,46.0,4,4,1460,490,222,56,,,,,
5150.283442694927,absorbing,left,20.0,19.0,428.0,477.0,578.0,578.0,1156.0,16.0,1.0,47.0,4,4,1672,522,222,56,,,,,
5150.574376170989,absorbing,left,20.0,20.0,428.0,477.0,578.0,578.0,1156.0,11.0,0.0,47.0,4,4,1516,504,222,56,,,,,
5150.867677984061,absorbing,left,20.0,21.0,428.0,477.0,578.0,579.0,1157.0,12.0,1.0,48.0,16,4,2096,550,222,56,,,,,
5151.161731702974,absorbing,left,21.0,21.0,428.0,477.0,578.0,579.0,1157.0,13.0,0.0,48.0,16,4,2288,544,222,56,,,,,
5151.453182847938,absorbing,left,21.0,22.0,428.0,477.0,578.0,579.0,1157.0,12.0,0.0,48.0,16,4,3884,610,222,56,,,,,
5151.746079446049,absorbing,left,22.0,22.0,428.0,477.0,578.0,579.0,1157.0,12.0,0.0,48.0,16,4,4808,634,222,56,,,,,
5152.0437638000585,absorbing,left,22.0,23.0,428.0,477.0,578.0,579.0,1157.0,12.0,0.0,48.0,16,4,6248,688,222,56,,,,,
5152.3571494568605,absorbing,left,23.0,23.0,428.0,477.0,579.0,579.0,1158.0,10.0,1.0,49.0,16,4,4852,636,222,56,,,,,
5152.654792117886,absorbing,left,23.0,24.0,428.0,477.0,579.0,580.0,1159.0,9.0,1.0,50.0,16,4,4820,628,222,56,,,,,
5152.958626031876,absorbing,left,24.0,24.0,428.0,477.0,579.0,580.0,1159.0,12.0,0.0,50.0,16,4,3800,598,222,56,,,,,
5153.257600506069,absorbing,left,24.0,25.0,428.0,477.0,579.0,581.0,1160.0,10.0,1.0,51.0,16,4,3868,612,222,56,,,,,
5153.558028463041,absorbing,left,25.0,25.0,428.0,477.0,580.0,581.0,1161.0,10.0,1.0,52.0,16,4,3764,598,222,56,,,,,
5154.071892410982,absorbing,left,25.0,26.0,428.0,477.0,580.0,582.0,1162.0,12.0,1.0,53.0,16,4,4352,646,222,56,,,,,
5154.374026566045,absorbing,left,26.0,26.0,428.0,477.0,580.0,582.0,1162.0,11.0,0.0,53.0,16,4,4496,646,222,56,,,,,
5154.679115734063,absorbing,left,26.0,27.0,428.0,477.0,580.0,583.0,1163.0,10.0,1.0,54.0,16,4,5140,690,222,56,,,,,
5154.984903547913,absorbing,left,27.0,27.0,428.0,477.0,581.0,583.0,1164.0,12.0,1.0,55.0,16,4,7568,694,222,56,,,,,
5155.28396928194,absorbing,left,28.0,27.0,428.0,477.0,582.0,583.0,1165.0,8.0,1.0,56.0,16,4,9692,766,222,56,,,,,
5155.60988385207,absorbing,left,28.0,28.0,428.0,477.0,582.0,584.0,1166.0,8.0,1.0,57.0,16,4,9680,754,222,56,,,,,
5155.960755072068,absorbing,left,28.0,29.0,428.0,477.0,582.0,584.0,1166.0,6.0,0.0,57.0,64,4,15968,868,222,56,,,,,
5156.331862183986,absorbing,left,29.0,29.0,428.0,477.0,582.0,584.0,1166.0,9.0,0.0,57.0,16,4,10244,796,222,56,,,,,
5156.676588014001,absorbing,left,29.0,30.0,428.0,477.0,582.0,585.0,1167.0,7.0,1.0,58.0,16,4,10612,816,222,56,,,,,
5157.013559501851,absorbing,left,30.0,30.0,428.0,477.0,584.0,585.0,1169.0,8.0,2.0,60.0,16,4,11212,822,222,56,,,,,
5157.372669283999,absorbing,left,31.0,30.0,428.0,477.0,586.0,585.0,1171.0,6.0,2.0,62.0,16,4,12016,878,222,56,,,,,
5157.711800793884,absorbing,left,31.0,31.0,428.0,477.0,586.0,586.0,1172.0,7.0,1.0,63.0,64,4,15760,888,222,56,,,,,
5158.042175892973,absorbing,left,31.0,32.0,428.0,477.0,586.0,587.0,1173.0,9.0,1.0,64.0,64,4,15380,874,222,56,,,,,
5158.384098386858,absorbing,left,31.0,33.0,428.0,477.0,586.0,587.0,1173.0,11.0,0.0,64.0,16,4,8780,790,222,56,,,,,
5158.68920373288,absorbing,left,32.0,33.0,428.0,477.0,586.0,587.0,1173.0,9.0,0.0,64.0,16,4,8744,790,222,56,,,,,
5158.996266963892,absorbing,left,33.0,33.0,428.0,477.0,586.0,587.0,1173.0,11.0,0.0,64.0,16,4,8864,784,222,56,,,,,
5159.315388622927,absorbing,left,33.0,34.0,428.0,477.0,586.0,587.0,1173.0,13.0,0.0,64.0,16,4,8228,832,222,56,,,,,
5159.623912258074,absorbing,left,34.0,34.0,428.0,477.0,586.0,587.0,1173.0,12.0,0.0,64.0,16,4,8408,796,222,56,,,,,
5159.942290727049,absorbing,left,34.0,35.0,428.0,477.0,586.0,587.0,1173.0,13.0,0.0,64.0,16,4,11840,916,222,56,,,,,
5160.274059545947,absorbing,left,35.0,35.0,428.0,477.0,587.0,587.0,1174.0,13.0,1.0,65.0,64,4,18556,1002,222,56,,,,,
5160.653526192997,absorbing,left,36.0,35.0,428.0,477.0,588.0,587.0,1175.0,12.0,1.0,66.0,64,4,20448,1094,222,56,,,,,
5161.051773208892,absorbing,left,36.0,36.0,428.0,477.0,588.0,588.0,1176.0,11.0,1.0,67.0,64,4,19060,1038,222,56,,,,,
5161.42472787085,absorbing,left,37.0,36.0,428.0,477.0,588.0,588.0,1176.0,14.0,0.0,67.0,16,4,16624,1068,222,56,,,,,
5161.85539852106,absorbing,left,37.0,37.0,428.0,477.0,588.0,589.0,1177.0,13.0,1.0,68.0,64,4,18188,1018,222,56,,,,,
5162.203713621944,absorbing,left,38.0,37.0,428.0,477.0,588.0,589.0,1177.0,13.0,0.0,68.0,64,4,20864,1120,222,56,,,,,
5162.622153956909,absorbing,left,39.0,37.0,428.0,477.0,589.0,589.0,1178.0,13.0,1.0,69.0,16,4,18392,1114,222,56,,,,,
5163.046796211973,absorbing,left,39.0,38.0,428.0,477.0,589.0,589.0,1178.0,13.0,0.0,69.0,64,4,18236,1066,222,56,,,,,
5163.424502845854,absorbing,left,39.0,39.0,428.0,477.0,589.0,589.0,1178.0,12.0,0.0,69.0,64,4,15032,922,222,56,,,,,
5163.771914751967,absorbing,left,40.0,39.0,428.0,477.0,592.0,589.0,1181.0,10.0,3.0,72.0,16,4,11352,938,222,56,,,,,
5164.120388034033,absorbing,left,40.0,40.0,428.0,477.0,592.0,590.0,1182.0,10.0,1.0,73.0,16,4,10980,932,222,56,,,,,
5164.443746390985,absorbing,left,40.0,41.0,428.0,477.0,592.0,591.0,1183.0,9.0,1.0,74.0,16,4,10896,926,222,56,,,,,
5164.777896313928,absorbing,left,41.0,41.0,428.0,477.0,593.0,591.0,1184.0,12.0,1.0,75.0,16,4,10816,924,222,56,,,,,
5165.104735900881,absorbing,left,41.0,42.0,428.0,477.0,593.0,593.0,1186.0,11.0,2.0,77.0,16,4,11628,914,222,56,,,,,
5165.439143741969,absorbing,left,42.0,42.0,428.0,477.0,595.0,593.0,1188.0,13.0,2.0,79.0,16,4,12996,942,222,56,,,,,
5165.789402158,absorbing,left,42.0,43.0,428.0,477.0,595.0,594.0,1189.0,15.0,1.0,80.0,16,4,16308,1014,222,56,,,,,
5166.160723902984,absorbing,left,43.0,43.0,428.0,477.0,595.0,594.0,1189.0,13.0,0.0,80.0,16,4,17208,1050,222,56,,,,,
5166.545678424882,absorbing,left,43.0,44.0,428.0,477.0,595.0,595.0,1190.0,15.0,1.0,81.0,16,4,19272,1132,222,56,,,,,
5166.938263835851,absorbing,left,43.0,45.0,428.0,477.0,595.0,596.0,1191.0,13.0,1.0,82.0,16,4,20964,1166,222,56,,,,,
5167.533032116946,absorbing,left,44.0,45.0,428.0,477.0,597.0,596.0,1193.0,10.0,2.0,84.0,64,4,26664,1268,222,56,,,,,
5167.89874375402,absorbing,left,44.0,46.0,428.0,477.0,597.0,597.0,1194.0,13.0,1.0,85.0,64,4,34252,1380,222,56,,,,,
5168.3094406079035,absorbing,left,45.0,46.0,428.0,477.0,600.0,597.0,1197.0,10.0,3.0,88.0,64,4,58996,1518,222,56,,,,,
5168.777164012892,absorbing,left,46.0,46.0,428.0,477.0,600.0,597.0,1197.0,12.0,0.0,88.0,64,4,61156,1586,222,56,,,,,
5169.275805431884,absorbing,left,47.0,46.0,428.0,477.0,600.0,597.0,1197.0,13.0,0.0,88.0,64,4,65632,1680,222,56,,,,,
5169.843044794863,absorbing,left,48.0,46.0,428.0,477.0,600.0,597.0,1197.0,14.0,0.0,88.0,64,4,76448,1876,222,56,,,,,
5170.5865717029665,absorbing,left,49.0,46.0,428.0,477.0,600.0,597.0,1197.0,11.0,0.0,88.0,64,4,102848,2338,222,56,,,,,
5171.07398904697,absorbing,left,49.0,47.0,428.0,477.0,600.0,599.0,1199.0,13.0,2.0,90.0,64,4,113984,2170,222,56,,,,,
5171.822691231966,absorbing,left,50.0,47.0,428.0,477.0,600.0,599.0,1199.0,13.0,0.0,90.0,64,4,116864,2386,222,56,,,,,
5172.570467545884,absorbing,left,50.0,48.0,428.0,477.0,600.0,600.0,1200.0,14.0,1.0,91.0,64,4,118112,2212,222,56,,,,,
5173.225840997882,absorbing,left,51.0,48.0,428.0,477.0,600.0,600.0,1200.0,11.0,0.0,91.0,64,4,138080,2524,222,56,,,,,
5173.716326531023,absorbing,left,51.0,49.0,428.0,477.0,600.0,601.0,1201.0,11.0,1.0,92.0,64,4,147200,2518,222,56,,,,,
5174.607745510992,absorbing,left,51.0,50.0,428.0,477.0,600.0,602.0,1202.0,12.0,1.0,93.0,64,4,134336,2326,222,56,,,,,
5175.387101878878,absorbing,left,51.0,51.0,428.0,477.0,600.0,603.0,1203.0,12.0,1.0,94.0,64,4,139488,2252,222,56,,,,,
5176.173468668945,absorbing,left,51.0,52.0,428.0,477.0,600.0,604.0,1204.0,12.0,1.0,95.0,64,4,142752,2268,222,56,,,,,
5177.065732843941,absorbing,left,51.0,53.0,428.0,477.0,600.0,604.0,1204.0,13.0,0.0,95.0,64,4,181152,2464,222,56,,,,,
5178.152313832892,absorbing,left,51.0,54.0,428.0,477.0,600.0,606.0,1206.0,12.0,2.0,97.0,64,4,194336,2568,222,56,,,,,
5179.399235720048,absorbing,left,52.0,54.0,428.0,477.0,601.0,606.0,1207.0,8.0,1.0,98.0,128,4,243008,2734,222,56,,,,,
5180.121835999889,absorbing,left,53.0,54.0,428.0,477.0,602.0,606.0,1208.0,9.0,1.0,99.0,128,4,216992,2608,222,56,,,,,
5180.788691306021,absorbing,left,54.0,54.0,428.0,477.0,602.0,606.0,1208.0,10.0,0.0,99.0,128,4,213344,2704,222,56,,,,,
5181.524960946059,absorbing,left,54.0,55.0,428.0,477.0,602.0,606.0,1208.0,13.0,0.0,99.0,256,4,297316,2950,222,56,,,,,
5182.419947325019,absorbing,left,54.0,56.0,428.0,477.0,602.0,606.0,1208.0,12.0,0.0,99.0,256,4,299428,3014,222,56,,,,,
5183.432852763915,absorbing,left,54.0,57.0,428.0,477.0,602.0,606.0,1208.0,12.0,0.0,99.0,256,4,304804,3134,222,56,,,,,
5184.3884681609925,absorbing,left,54.0,58.0,428.0,477.0,602.0,606.0,1208.0,11.0,0.0,99.0,256,4,318052,3326,222,56,,,,,
5185.460218213033,absorbing,left,54.0,59.0,428.0,477.0,602.0,606.0,1208.0,11.0,0.0,99.0,256,4,423460,3926,222,56,,,,,
5186.314415141009,absorbing,left,55.0,59.0,428.0,477.0,602.0,606.0,1208.0,10.0,0.0,99.0,256,4,800292,4150,222,56,,,,,
5187.620113872923,absorbing,left,56.0,59.0,428.0,477.0,602.0,606.0,1208.0,13.0,0.0,99.0,256,4,776868,3942,222,56,,,,,
5190.583987856982,absorbing,left,57.0,59.0,428.0,477.0,604.0,606.0,1210.0,13.0,2.0,101.0,256,4,358628,3326,222,56,,,,,
5191.516267521074,absorbing,left,58.0,59.0,428.0,477.0,606.0,606.0,1212.0,11.0,2.0,103.0,256,4,266724,2942,222,56,,,,,
5192.3517812089995,absorbing,left,59.0,59.0,428.0,477.0,609.0,606.0,1215.0,12.0,3.0,106.0,64,4,209252,2902,222,56,,,,,
5193.310921201017,absorbing,left,60.0,59.0,428.0,477.0,610.0,606.0,1216.0,12.0,1.0,107.0,128,4,289540,3192,222,56,,,,,
5194.509955226909,absorbing,left,60.0,60.0,428.0,477.0,610.0,608.0,1218.0,10.0,2.0,109.0,64,4,228580,3126,222,56,,,,,
5195.531997055979,absorbing,left,60.0,61.0,428.0,477.0,610.0,609.0,1219.0,11.0,1.0,110.0,64,4,221668,3006,222,56,,,,,
5196.417997359997,absorbing,left,60.0,62.0,428.0,477.0,610.0,609.0,1219.0,11.0,0.0,110.0,64,4,206756,2926,222,56,,,,,
5197.031098563923,absorbing,left,61.0,62.0,428.0,477.0,610.0,609.0,1219.0,14.0,0.0,110.0,64,4,198116,2926,222,56,,,,,
5197.776588927954,absorbing,left,61.0,63.0,428.0,477.0,610.0,610.0,1220.0,12.0,1.0,111.0,64,4,213476,3022,222,56,,,,,
5198.517002044013,absorbing,left,61.0,64.0,428.0,477.0,610.0,612.0,1222.0,12.0,2.0,113.0,256,4,323044,3438,222,56,,,,,
5199.331487346906,absorbing,left,61.0,65.0,428.0,477.0,610.0,614.0,1224.0,11.0,2.0,115.0,256,4,346276,3654,222,56,,,,,
5200.407189107034,absorbing,left,61.0,66.0,428.0,477.0,610.0,614.0,1224.0,12.0,0.0,115.0,256,4,398180,3910,222,56,,,,,
5201.4001782429405,absorbing,left,62.0,66.0,428.0,477.0,611.0,614.0,1225.0,15.0,1.0,116.0,256,4,502820,4222,222,56,,,,,
5202.677342860028,absorbing,left,63.0,66.0,428.0,477.0,612.0,614.0,1226.0,12.0,1.0,117.0,256,4,461924,4006,222,56,,,,,
5203.569686089875,absorbing,left,64.0,66.0,428.0,477.0,613.0,614.0,1227.0,10.0,1.0,118.0,256,4,441860,3868,222,56,,,,,
5204.385737821925,absorbing,left,65.0,66.0,428.0,477.0,613.0,614.0,1227.0,9.0,0.0,118.0,256,4,412100,3700,222,56,,,,,
5205.150558599969,absorbing,left,66.0,66.0,428.0,477.0,613.0,614.0,1227.0,9.0,0.0,118.0,256,4,407108,3604,222,56,,,,,
5206.1026075899135,absorbing,left,67.0,66.0,428.0,477.0,613.0,614.0,1227.0,8.0,0.0,118.0,256,4,420452,3646,222,56,,,,,
5207.011451530969,absorbing,left,68.0,66.0,428.0,477.0,613.0,614.0,1227.0,9.0,0.0,118.0,256,4,441956,3838,222,56,,,,,
5208.200866337866,absorbing,left,68.0,67.0,428.0,477.0,613.0,616.0,1229.0,11.0,2.0,120.0,256,4,589348,4470,222,56,,,,,
5209.6448965549935,absorbing,left,69.0,67.0,428.0,477.0,614.0,616.0,1230.0,9.0,1.0,121.0,256,4,703012,4374,222,56,,,,,
5210.573062416865,absorbing,left,69.0,68.0,428.0,477.0,614.0,618.0,1232.0,10.0,2.0,123.0,256,4,832356,4990,222,56,,,,,
5211.662617417984,absorbing,left,69.0,69.0,428.0,477.0,614.0,619.0,1233.0,12.0,1.0,124.0,256,4,602596,4308,222,56,,,,,
5212.766878783004,absorbing,left,70.0,69.0,428.0,477.0,615.0,619.0,1234.0,10.0,1.0,125.0,256,4,686820,4170,222,56,,,,,
5214.214444974903,absorbing,left,71.0,69.0,428.0,477.0,617.0,619.0,1236.0,11.0,2.0,127.0,256,4,630756,3862,222,56,,,,,
5215.59090270102,absorbing,left,72.0,69.0,428.0,477.0,618.0,619.0,1237.0,13.0,1.0,128.0,256,4,524324,3902,222,56,,,,,
5217.074958689045,absorbing,left,73.0,69.0,428.0,477.0,619.0,619.0,1238.0,13.0,1.0,129.0,256,4,486052,3774,222,56,,,,,
5218.601696576923,absorbing,left,73.0,70.0,428.0,477.0,619.0,622.0,1241.0,10.0,3.0,132.0,256,4,470948,3750,222,56,,,,,
5219.531599421985,absorbing,left,73.0,71.0,428.0,477.0,619.0,623.0,1242.0,13.0,1.0,133.0,256,4,521600,3898,222,56,,,,,
5220.517912144074,absorbing,left,73.0,72.0,428.0,477.0,619.0,625.0,1244.0,13.0,2.0,135.0,256,4,821984,4164,222,56,,,,,
5222.463045436889,absorbing,left,73.0,73.0,428.0,477.0,619.0,626.0,1245.0,13.0,1.0,136.0,256,4,857416,4440,222,56,,,,,
5236.9625881689135,unswapping,,,,,,,,,,,,256,4,671668,4316,222,56,0.0,both,0.0,9.0,9.0
5239.740367423976,unswapping,,,,,,,,,,,,256,4,325876,3140,222,56,0.0,both,1.0,11.0,20.0
5241.343473942019,unswapping,,,,,,,,,,,,64,4,169748,2342,222,56,0.0,left,0.0,10.0,30.0
5242.421441795072,unswapping,,,,,,,,,,,,64,4,131164,1982,222,56,0.0,left,1.0,13.0,43.0
5243.267303390894,unswapping,,,,,,,,,,,,64,4,128164,1880,222,56,0.0,right,0.0,6.0,49.0
5244.328050311888,unswapping,,,,,,,,,,,,64,4,126400,1816,222,56,0.0,right,1.0,6.0,55.0
5245.9232287539635,unswapping,,,,,,,,,,,,64,4,95692,1566,222,56,1.0,both,0.0,8.0,8.0
5247.518118842971,unswapping,,,,,,,,,,,,64,4,66568,1344,222,56,1.0,both,1.0,7.0,15.0
5248.126093592029,unswapping,,,,,,,,,,,,64,4,47452,1142,222,56,1.0,left,0.0,9.0,24.0
5248.668696614914,unswapping,,,,,,,,,,,,64,4,31260,998,222,56,1.0,left,1.0,4.0,28.0
5249.129451395012,unswapping,,,,,,,,,,,,32,4,21552,866,222,56,1.0,right,0.0,4.0,32.0
5249.57832002989,unswapping,,,,,,,,,,,,32,4,21492,860,222,56,1.0,right,1.0,1.0,33.0
5250.485422798898,unswapping,,,,,,,,,,,,32,4,21392,850,222,56,2.0,both,0.0,2.0,2.0
5251.424678130075,unswapping,,,,,,,,,,,,32,4,16844,752,222,56,2.0,both,1.0,10.0,12.0
5251.858226215001,unswapping,,,,,,,,,,,,32,4,12092,686,222,56,2.0,left,0.0,4.0,16.0
5252.257247668924,unswapping,,,,,,,,,,,,32,4,12060,682,222,56,2.0,left,1.0,1.0,17.0
5252.655710337916,unswapping,,,,,,,,,,,,32,4,11100,658,222,56,2.0,right,0.0,1.0,18.0
5253.033600274008,unswapping,,,,,,,,,,,,32,4,10140,634,222,56,2.0,right,1.0,1.0,19.0
5253.860777860973,unswapping,,,,,,,,,,,,32,4,5736,560,222,56,3.0,both,0.0,6.0,6.0
5254.6132317469455,unswapping,,,,,,,,,,,,16,4,1356,446,222,56,3.0,both,1.0,4.0,10.0
5254.979979709024,unswapping,,,,,,,,,,,,4,4,876,414,222,56,3.0,left,0.0,2.0,12.0
5255.344113193918,unswapping,,,,,,,,,,,,4,4,852,408,222,56,3.0,left,1.0,1.0,13.0
5255.706887467997,unswapping,,,,,,,,,,,,4,4,780,402,222,56,3.0,right,0.0,1.0,14.0
5255.927243758924,unswapping,,,,,,,,,,,,4,4,780,402,222,56,3.0,right,1.0,0.0,14.0
5256.64506066707,unswapping,,,,,,,,,,,,4,4,740,398,222,56,4.0,both,0.0,1.0,1.0
5257.359704555012,unswapping,,,,,,,,,,,,4,4,632,388,222,56,4.0,both,1.0,2.0,3.0
5257.582679865882,unswapping,,,,,,,,,,,,4,4,632,388,222,56,4.0,left,0.0,0.0,3.0
5258.024236871861,unswapping,,,,,,,,,,,,4,4,632,388,222,56,4.0,left,1.0,0.0,3.0
5258.3830819719005,unswapping,,,,,,,,,,,,4,4,572,382,222,56,4.0,right,0.0,1.0,4.0
5258.600488629891,unswapping,,,,,,,,,,,,4,4,572,382,222,56,4.0,right,1.0,0.0,4.0
5259.315333551029,unswapping,,,,,,,,,,,,4,4,512,376,222,56,5.0,both,0.0,2.0,2.0
5260.0260289069265,unswapping,,,,,,,,,,,,4,4,392,364,222,56,5.0,both,1.0,3.0,5.0
5260.38195295888,unswapping,,,,,,,,,,,,4,4,368,360,222,56,5.0,left,0.0,1.0,6.0
5260.599581874907,unswapping,,,,,,,,,,,,4,4,368,360,222,56,5.0,left,1.0,0.0,6.0
5260.81864324701,unswapping,,,,,,,,,,,,4,4,368,360,222,56,5.0,right,0.0,0.0,6.0
5261.033088447992,unswapping,,,,,,,,,,,,4,4,368,360,222,56,5.0,right,1.0,0.0,6.0
5261.74831081694,unswapping,,,,,,,,,,,,4,4,344,356,222,56,6.0,both,0.0,2.0,2.0
5262.170895996969,unswapping,,,,,,,,,,,,4,4,344,356,222,56,6.0,both,1.0,0.0,2.0
5262.387388739968,unswapping,,,,,,,,,,,,4,4,344,356,222,56,6.0,left,0.0,0.0,2.0
5262.600726957899,unswapping,,,,,,,,,,,,4,4,344,356,222,56,6.0,left,1.0,0.0,2.0
5262.81759298197,unswapping,,,,,,,,,,,,4,4,344,356,222,56,6.0,right,0.0,0.0,2.0
5263.031072942074,unswapping,,,,,,,,,,,,4,4,344,356,222,56,6.0,right,1.0,0.0,2.0
5263.460638646968,unswapping,,,,,,,,,,,,4,4,344,356,222,56,7.0,both,0.0,0.0,0.0
5263.881398191908,unswapping,,,,,,,,,,,,4,4,344,356,222,56,7.0,both,1.0,0.0,0.0
5264.097017491935,unswapping,,,,,,,,,,,,4,4,344,356,222,56,7.0,left,0.0,0.0,0.0
5264.308898374904,unswapping,,,,,,,,,,,,4,4,344,356,222,56,7.0,left,1.0,0.0,0.0
5264.525091992924,unswapping,,,,,,,,,,,,4,4,344,356,222,56,7.0,right,0.0,0.0,0.0
5264.740315995878,unswapping,,,,,,,,,,,,4,4,344,356,222,56,7.0,right,1.0,0.0,0.0
5268.93529497995,absorbing,left,1.0,0.0,342.0,369.0,624.0,626.0,1250.0,9.0,5.0,5.0,2,4,272,344,222,56,,,,,
5269.217328621075,absorbing,left,2.0,0.0,342.0,369.0,626.0,626.0,1252.0,13.0,2.0,7.0,4,4,472,394,222,56,,,,,
5269.498282833956,absorbing,left,2.0,1.0,342.0,369.0,626.0,626.0,1252.0,13.0,0.0,7.0,4,4,436,372,222,56,,,,,
5269.781692906981,absorbing,left,3.0,1.0,342.0,369.0,626.0,626.0,1252.0,14.0,0.0,7.0,4,4,748,432,222,56,,,,,
5270.071867641993,absorbing,left,3.0,2.0,342.0,369.0,626.0,627.0,1253.0,14.0,1.0,8.0,4,4,668,400,222,56,,,,,
5270.354921137914,absorbing,left,4.0,2.0,342.0,369.0,627.0,627.0,1254.0,13.0,1.0,9.0,4,4,988,450,222,56,,,,,
5270.883953751065,absorbing,left,4.0,3.0,342.0,369.0,627.0,627.0,1254.0,15.0,0.0,9.0,4,4,904,432,222,56,,,,,
5271.176874209894,absorbing,left,4.0,4.0,342.0,369.0,627.0,629.0,1256.0,13.0,2.0,11.0,16,4,1672,504,222,56,,,,,
5271.472527036909,absorbing,left,5.0,4.0,342.0,369.0,629.0,629.0,1258.0,12.0,2.0,13.0,8,4,1268,454,222,56,,,,,
5271.76193113788,absorbing,left,5.0,5.0,342.0,369.0,629.0,629.0,1258.0,13.0,0.0,13.0,4,4,1340,478,222,56,,,,,
5272.056977289962,absorbing,left,6.0,5.0,342.0,369.0,631.0,629.0,1260.0,9.0,2.0,15.0,4,4,964,438,222,56,,,,,
5272.34690060094,absorbing,left,6.0,6.0,342.0,369.0,631.0,631.0,1262.0,12.0,2.0,17.0,16,4,1664,496,222,56,,,,,
5272.640406891936,absorbing,left,7.0,6.0,342.0,369.0,631.0,631.0,1262.0,11.0,0.0,17.0,16,4,1496,472,222,56,,,,,
5272.936576863984,absorbing,left,7.0,7.0,342.0,369.0,631.0,633.0,1264.0,10.0,2.0,19.0,16,4,2644,522,222,56,,,,,
5273.228867794853,absorbing,left,8.0,7.0,342.0,369.0,632.0,633.0,1265.0,10.0,1.0,20.0,16,4,2492,496,222,56,,,,,
5273.511888145935,absorbing,left,8.0,8.0,342.0,369.0,632.0,633.0,1265.0,10.0,0.0,20.0,16,4,2684,526,222,56,,,,,
5273.7973457078915,absorbing,left,9.0,8.0,342.0,369.0,632.0,633.0,1265.0,11.0,0.0,20.0,16,4,2516,502,222,56,,,,,
5274.086531443987,absorbing,left,10.0,8.0,342.0,369.0,632.0,633.0,1265.0,11.0,0.0,20.0,16,4,2612,526,222,56,,,,,
5274.377406722866,absorbing,left,10.0,9.0,342.0,369.0,632.0,633.0,1265.0,11.0,0.0,20.0,16,4,3476,526,222,56,,,,,
5274.686861777911,absorbing,left,10.0,10.0,342.0,369.0,632.0,633.0,1265.0,11.0,0.0,20.0,16,4,3692,562,222,56,,,,,
5274.981762879062,absorbing,left,10.0,11.0,342.0,369.0,632.0,633.0,1265.0,11.0,0.0,20.0,16,4,3248,586,222,56,,,,,
5275.280068611959,absorbing,left,11.0,11.0,342.0,369.0,633.0,633.0,1266.0,9.0,1.0,21.0,16,4,3808,570,222,56,,,,,
5275.583191236015,absorbing,left,11.0,12.0,342.0,369.0,633.0,634.0,1267.0,8.0,1.0,22.0,16,4,4116,602,222,56,,,,,
5275.894514778862,absorbing,left,12.0,12.0,342.0,369.0,634.0,634.0,1268.0,10.0,1.0,23.0,64,4,9816,658,222,56,,,,,
5276.235195087036,absorbing,left,12.0,13.0,342.0,369.0,634.0,637.0,1271.0,8.0,3.0,26.0,16,4,4336,606,222,56,,,,,
5276.539512936026,absorbing,left,13.0,13.0,342.0,369.0,636.0,637.0,1273.0,8.0,2.0,28.0,16,4,4524,578,222,56,,,,,
5276.864150471054,absorbing,left,14.0,13.0,342.0,369.0,637.0,637.0,1274.0,11.0,1.0,29.0,16,4,4528,570,222,56,,,,,
5277.170690366998,absorbing,left,15.0,13.0,342.0,369.0,640.0,637.0,1277.0,8.0,3.0,32.0,16,4,3164,568,222,56,,,,,
5277.477798874956,absorbing,left,15.0,14.0,342.0,369.0,640.0,639.0,1279.0,8.0,2.0,34.0,16,4,2484,548,222,56,,,,,
5277.778645429993,absorbing,left,15.0,15.0,342.0,369.0,640.0,643.0,1283.0,5.0,4.0,38.0,16,4,2452,540,222,56,,,,,
5278.075514337979,absorbing,left,16.0,15.0,342.0,369.0,641.0,643.0,1284.0,9.0,1.0,39.0,16,4,2620,558,222,56,,,,,
5278.375018449966,absorbing,left,16.0,16.0,342.0,369.0,641.0,644.0,1285.0,7.0,1.0,40.0,16,4,3368,616,222,56,,,,,
5278.678292176919,absorbing,left,17.0,16.0,342.0,369.0,642.0,644.0,1286.0,9.0,1.0,41.0,16,4,5372,622,222,56,,,,,
5278.987756324001,absorbing,left,17.0,17.0,342.0,369.0,642.0,645.0,1287.0,7.0,1.0,42.0,16,4,7804,714,222,56,,,,,
5279.312880806858,absorbing,left,18.0,17.0,342.0,369.0,643.0,645.0,1288.0,9.0,1.0,43.0,64,4,19180,840,222,56,,,,,
5279.622096600011,absorbing,left,19.0,17.0,342.0,369.0,643.0,645.0,1288.0,10.0,0.0,43.0,64,4,43876,948,222,56,,,,,
5280.011116215028,absorbing,left,20.0,17.0,342.0,369.0,645.0,645.0,1290.0,9.0,2.0,45.0,64,4,44496,992,222,56,,,,,
5280.397097981069,absorbing,left,21.0,17.0,342.0,369.0,646.0,645.0,1291.0,13.0,1.0,46.0,64,4,46536,1052,222,56,,,,,
5280.9615868518595,absorbing,left,22.0,17.0,342.0,369.0,649.0,645.0,1294.0,11.0,3.0,49.0,64,4,53704,1182,222,56,,,,,
5281.438400062034,absorbing,left,22.0,18.0,342.0,369.0,649.0,645.0,1294.0,8.0,0.0,49.0,64,4,78088,1260,222,56,,,,,
5281.833631132031,absorbing,left,22.0,19.0,342.0,369.0,649.0,646.0,1295.0,7.0,1.0,50.0,64,4,78044,1254,222,56,,,,,
5282.381969813956,absorbing,left,22.0,20.0,342.0,369.0,649.0,647.0,1296.0,9.0,1.0,51.0,64,4,53528,1168,222,56,,,,,
5282.803454786073,absorbing,left,22.0,21.0,342.0,369.0,649.0,649.0,1298.0,8.0,2.0,53.0,64,4,47400,1070,222,56,,,,,
5283.568585160887,absorbing,left,22.0,22.0,342.0,369.0,649.0,650.0,1299.0,10.0,1.0,54.0,64,4,23452,1014,222,56,,,,,
5283.917119249003,absorbing,left,22.0,23.0,342.0,369.0,649.0,650.0,1299.0,12.0,0.0,54.0,16,4,12184,852,222,56,,,,,
5284.278191399993,absorbing,left,22.0,24.0,342.0,369.0,649.0,650.0,1299.0,14.0,0.0,54.0,16,4,12976,894,222,56,,,,,
5284.645176124992,absorbing,left,23.0,24.0,342.0,369.0,649.0,650.0,1299.0,13.0,0.0,54.0,16,4,11536,840,222,56,,,,,
5285.012249747058,absorbing,left,23.0,25.0,342.0,369.0,649.0,650.0,1299.0,11.0,0.0,54.0,16,4,13576,932,222,56,,,,,
5285.381872616941,absorbing,left,24.0,25.0,342.0,369.0,650.0,650.0,1300.0,11.0,1.0,55.0,64,4,18500,970,222,56,,,,,
5285.749595759902,absorbing,left,25.0,25.0,342.0,369.0,650.0,650.0,1300.0,10.0,0.0,55.0,64,4,19112,1006,222,56,,,,,
5286.123932579998,absorbing,left,26.0,25.0,342.0,369.0,650.0,650.0,1300.0,12.0,0.0,55.0,64,4,23828,1114,222,56,,,,,
5286.509900474921,absorbing,left,27.0,25.0,342.0,369.0,651.0,650.0,1301.0,6.0,1.0,56.0,64,4,32236,1272,222,56,,,,,
5286.923735285876,absorbing,left,28.0,25.0,342.0,369.0,653.0,650.0,1303.0,4.0,2.0,58.0,64,4,47952,1376,222,56,,,,,
5287.333167107077,absorbing,left,29.0,25.0,342.0,369.0,653.0,650.0,1303.0,6.0,0.0,58.0,64,4,41808,1280,222,56,,,,,
5287.7227502889,absorbing,left,29.0,26.0,342.0,369.0,653.0,650.0,1303.0,9.0,0.0,58.0,64,4,53556,1472,222,56,,,,,
5288.1285041018855,absorbing,left,30.0,26.0,342.0,369.0,653.0,650.0,1303.0,7.0,0.0,58.0,64,4,45684,1336,222,56,,,,,
5288.473277662881,absorbing,left,30.0,27.0,342.0,369.0,653.0,650.0,1303.0,10.0,0.0,58.0,64,4,58092,1540,222,56,,,,,
5288.885749737034,absorbing,left,31.0,27.0,342.0,369.0,653.0,650.0,1303.0,8.0,0.0,58.0,64,4,65100,1478,222,56,,,,,
5289.251873350935,absorbing,left,31.0,28.0,342.0,369.0,653.0,652.0,1305.0,9.0,2.0,60.0,64,4,67176,1538,222,56,,,,,
5289.62662750599,absorbing,left,31.0,29.0,342.0,369.0,653.0,653.0,1306.0,10.0,1.0,61.0,64,4,64032,1526,222,56,,,,,
5290.043082104996,absorbing,left,31.0,30.0,342.0,369.0,653.0,654.0,1307.0,9.0,1.0,62.0,64,4,52312,1506,222,56,,,,,
5290.464596203994,absorbing,left,31.0,31.0,342.0,369.0,653.0,655.0,1308.0,8.0,1.0,63.0,64,4,32884,1342,222,56,,,,,
5290.893943388015,absorbing,left,31.0,32.0,342.0,369.0,653.0,656.0,1309.0,8.0,1.0,64.0,32,4,28048,1302,222,56,,,,,
5291.319157381076,absorbing,left,32.0,32.0,342.0,369.0,654.0,656.0,1310.0,10.0,1.0,65.0,32,4,23024,1200,222,56,,,,,
5291.715003701858,absorbing,left,32.0,33.0,342.0,369.0,654.0,656.0,1310.0,12.0,0.0,65.0,64,4,31184,1326,222,56,,,,,
5292.093099745922,absorbing,left,33.0,33.0,342.0,369.0,655.0,656.0,1311.0,9.0,1.0,66.0,32,4,26324,1224,222,56,,,,,
5292.477233136073,absorbing,left,34.0,33.0,342.0,369.0,655.0,656.0,1311.0,10.0,0.0,66.0,64,4,30716,1238,222,56,,,,,
5292.885837560985,absorbing,left,35.0,33.0,342.0,369.0,656.0,656.0,1312.0,10.0,1.0,67.0,64,4,36020,1330,222,56,,,,,
5293.253103804076,absorbing,left,35.0,34.0,342.0,369.0,656.0,657.0,1313.0,10.0,1.0,68.0,64,4,37840,1378,222,56,,,,,
5293.6696966330055,absorbing,left,35.0,35.0,342.0,369.0,656.0,661.0,1317.0,6.0,4.0,72.0,64,4,46352,1418,222,56,,,,,
5294.099727483932,absorbing,left,36.0,35.0,342.0,369.0,657.0,661.0,1318.0,11.0,1.0,73.0,64,4,53712,1554,222,56,,,,,
5294.5174092689995,absorbing,left,37.0,35.0,342.0,369.0,659.0,661.0,1320.0,12.0,2.0,75.0,64,4,80748,1748,222,56,,,,,
5294.942527886014,absorbing,left,38.0,35.0,342.0,369.0,660.0,661.0,1321.0,13.0,1.0,76.0,64,4,82928,1796,222,56,,,,,
5295.483149030944,absorbing,left,38.0,36.0,342.0,369.0,660.0,662.0,1322.0,9.0,1.0,77.0,64,4,89520,1836,222,56,,,,,
5295.944706168957,absorbing,left,39.0,36.0,342.0,369.0,661.0,662.0,1323.0,12.0,1.0,78.0,64,4,84816,2002,222,56,,,,,
5296.472537379013,absorbing,left,39.0,37.0,342.0,369.0,661.0,663.0,1324.0,8.0,1.0,79.0,64,4,105072,2068,222,56,,,,,
5297.125532970997,absorbing,left,40.0,37.0,342.0,369.0,662.0,663.0,1325.0,13.0,1.0,80.0,64,4,138096,2412,222,56,,,,,
5297.657816446852,absorbing,left,40.0,38.0,342.0,369.0,662.0,664.0,1326.0,10.0,1.0,81.0,64,4,184116,2574,222,56,,,,,
5298.553449627012,absorbing,left,40.0,39.0,342.0,369.0,662.0,664.0,1326.0,12.0,0.0,81.0,256,4,274104,2968,222,56,,,,,
5299.316294752993,absorbing,left,41.0,39.0,342.0,369.0,662.0,664.0,1326.0,14.0,0.0,81.0,64,4,206388,2782,222,56,,,,,
5300.280903310981,absorbing,left,41.0,40.0,342.0,369.0,662.0,664.0,1326.0,11.0,0.0,81.0,64,4,184440,2720,222,56,,,,,
5301.332427012967,absorbing,left,42.0,40.0,342.0,369.0,663.0,664.0,1327.0,13.0,1.0,82.0,64,4,168788,2748,222,56,,,,,
5301.938695997931,absorbing,left,42.0,41.0,342.0,369.0,663.0,665.0,1328.0,11.0,1.0,83.0,64,4,157140,2620,222,56,,,,,
5302.639854965033,absorbing,left,43.0,41.0,342.0,369.0,665.0,665.0,1330.0,10.0,2.0,85.0,64,4,156256,2738,222,56,,,,,
5303.373630628921,absorbing,left,43.0,42.0,342.0,369.0,665.0,665.0,1330.0,14.0,0.0,85.0,64,4,146080,2570,222,56,,,,,
5303.939532058081,absorbing,left,44.0,42.0,342.0,369.0,665.0,665.0,1330.0,12.0,0.0,85.0,64,4,156832,2474,222,56,,,,,
5304.777452372946,absorbing,left,44.0,43.0,342.0,369.0,665.0,665.0,1330.0,14.0,0.0,85.0,64,4,145216,2444,222,56,,,,,
5305.457269917009,absorbing,left,44.0,44.0,342.0,369.0,665.0,665.0,1330.0,15.0,0.0,85.0,64,4,153376,2462,222,56,,,,,
5306.228137403959,absorbing,left,45.0,44.0,342.0,369.0,666.0,665.0,1331.0,11.0,1.0,86.0,64,4,154440,2442,222,56,,,,,
5307.150613847887,absorbing,left,45.0,45.0,342.0,369.0,666.0,665.0,1331.0,14.0,0.0,86.0,64,4,147688,2524,222,56,,,,,
5307.84895264986,absorbing,left,45.0,46.0,342.0,369.0,666.0,667.0,1333.0,11.0,2.0,88.0,64,4,161388,2632,222,56,,,,,
5308.599578971043,absorbing,left,46.0,46.0,342.0,369.0,666.0,667.0,1333.0,14.0,0.0,88.0,64,4,163308,2512,222,56,,,,,
5309.298254464986,absorbing,left,46.0,47.0,342.0,369.0,666.0,670.0,1336.0,8.0,3.0,91.0,64,4,184664,2694,222,56,,,,,
5310.149888013955,absorbing,left,46.0,48.0,342.0,369.0,666.0,672.0,1338.0,10.0,2.0,93.0,64,4,249560,2982,222,56,,,,,
5311.220192732057,absorbing,left,47.0,48.0,342.0,369.0,666.0,672.0,1338.0,16.0,0.0,93.0,64,4,183128,2718,222,56,,,,,
5311.911686439998,absorbing,left,47.0,49.0,342.0,369.0,666.0,674.0,1340.0,9.0,2.0,95.0,64,4,227612,2920,222,56,,,,,
5312.798042312963,absorbing,left,48.0,49.0,342.0,369.0,668.0,674.0,1342.0,15.0,2.0,97.0,256,4,296944,3108,222,56,,,,,
5313.5463388229255,absorbing,left,49.0,49.0,342.0,369.0,671.0,674.0,1345.0,13.0,3.0,100.0,256,4,549036,3578,222,56,,,,,
5314.326853330014,absorbing,left,49.0,50.0,342.0,369.0,671.0,675.0,1346.0,11.0,1.0,101.0,256,4,579276,3740,222,56,,,,,
5315.5162220490165,absorbing,left,49.0,51.0,342.0,369.0,671.0,675.0,1346.0,12.0,0.0,101.0,256,4,847368,4328,222,56,,,,,
5318.074646913912,absorbing,left,50.0,51.0,342.0,369.0,671.0,675.0,1346.0,13.0,0.0,101.0,256,4,680388,4190,222,56,,,,,
5318.98540136707,absorbing,left,50.0,52.0,342.0,369.0,671.0,676.0,1347.0,11.0,1.0,102.0,256,4,692716,4386,222,56,,,,,
5320.052182425978,absorbing,left,50.0,53.0,342.0,369.0,671.0,678.0,1349.0,11.0,2.0,104.0,256,4,480784,4194,222,56,,,,,
5321.39424356306,absorbing,left,50.0,54.0,342.0,369.0,671.0,679.0,1350.0,12.0,1.0,105.0,256,4,588200,4696,222,56,,,,,
5322.811748954933,absorbing,left,51.0,54.0,342.0,369.0,672.0,679.0,1351.0,12.0,1.0,106.0,256,4,503120,4378,222,56,,,,,
5324.606259790948,absorbing,left,52.0,54.0,342.0,369.0,674.0,679.0,1353.0,10.0,2.0,108.0,256,4,468308,4252,222,56,,,,,
5325.749349484919,absorbing,left,52.0,55.0,342.0,369.0,674.0,680.0,1354.0,11.0,1.0,109.0,256,4,435536,4186,222,56,,,,,
5327.470965045039,absorbing,left,53.0,55.0,342.0,369.0,674.0,680.0,1354.0,10.0,0.0,109.0,256,4,434512,4218,222,56,,,,,
5328.790983340936,absorbing,left,54.0,55.0,342.0,369.0,675.0,680.0,1355.0,10.0,1.0,110.0,256,4,440656,4026,222,56,,,,,
5330.241385963047,absorbing,left,54.0,56.0,342.0,369.0,675.0,681.0,1356.0,10.0,1.0,111.0,256,4,444692,4180,222,56,,,,,
5331.821343967924,absorbing,left,55.0,56.0,342.0,369.0,677.0,681.0,1358.0,9.0,2.0,113.0,256,4,557356,4602,222,56,,,,,
5333.533493167954,absorbing,left,55.0,57.0,342.0,369.0,677.0,681.0,1358.0,10.0,0.0,113.0,256,4,912596,5452,222,56,,,,,
5340.005727558862,unswapping,,,,,,,,,,,,256,4,815792,4948,222,56,0.0,both,0.0,5.0,5.0
5343.767276896862,unswapping,,,,,,,,,,,,256,4,674132,4264,222,56,0.0,both,1.0,7.0,12.0
5345.585967367049,unswapping,,,,,,,,,,,,256,4,405416,3622,222,56,0.0,left,0.0,8.0,20.0
5347.4096253919415,unswapping,,,,,,,,,,,,64,4,262996,2946,222,56,0.0,left,1.0,9.0,29.0
5348.521974850912,unswapping,,,,,,,,,,,,64,4,244884,2714,222,56,0.0,right,0.0,5.0,34.0
5350.05680169398,unswapping,,,,,,,,,,,,64,4,219252,2588,222,56,0.0,right,1.0,3.0,37.0
5352.21985596302,unswapping,,,,,,,,,,,,64,4,164856,2134,222,56,1.0,both,0.0,8.0,8.0
5353.859089256031,unswapping,,,,,,,,,,,,64,4,105276,1744,222,56,1.0,both,1.0,7.0,15.0
5354.416852521943,unswapping,,,,,,,,,,,,64,4,75072,1530,222,56,1.0,left,0.0,5.0,20.0
5354.941907603061,unswapping,,,,,,,,,,,,64,4,58020,1374,222,56,1.0,left,1.0,5.0,25.0
5355.427868689876,unswapping,,,,,,,,,,,,64,4,51852,1272,222,56,1.0,right,0.0,2.0,27.0
5355.79329448496,unswapping,,,,,,,,,,,,64,4,51852,1272,222,56,1.0,right,1.0,0.0,27.0
5356.878514777869,unswapping,,,,,,,,,,,,64,4,33172,1124,222,56,2.0,both,0.0,5.0,5.0
5357.914635785855,unswapping,,,,,,,,,,,,32,4,19804,960,222,56,2.0,both,1.0,5.0,10.0
5358.396318017971,unswapping,,,,,,,,,,,,16,4,15716,868,222,56,2.0,left,0.0,5.0,15.0
5358.866717430064,unswapping,,,,,,,,,,,,16,4,14672,832,222,56,2.0,left,1.0,3.0,18.0
5359.184194421861,unswapping,,,,,,,,,,,,16,4,14672,832,222,56,2.0,right,0.0,0.0,18.0
5359.4744861100335,unswapping,,,,,,,,,,,,16,4,14672,832,222,56,2.0,right,1.0,0.0,18.0
5360.368484379025,unswapping,,,,,,,,,,,,16,4,13652,802,222,56,3.0,both,0.0,2.0,2.0
5361.274672316853,unswapping,,,,,,,,,,,,16,4,12012,758,222,56,3.0,both,1.0,3.0,5.0
5361.916942148935,unswapping,,,,,,,,,,,,16,4,11184,736,222,56,3.0,left,0.0,2.0,7.0
5362.354136019014,unswapping,,,,,,,,,,,,16,4,10416,720,222,56,3.0,left,1.0,1.0,8.0
5362.772706917953,unswapping,,,,,,,,,,,,16,4,9456,696,222,56,3.0,right,0.0,1.0,9.0
5363.175846512895,unswapping,,,,,,,,,,,,16,4,8816,680,222,56,3.0,right,1.0,1.0,10.0
5363.98853416089,unswapping,,,,,,,,,,,,16,4,8048,664,222,56,4.0,both,0.0,1.0,1.0
5364.794181844918,unswapping,,,,,,,,,,,,16,4,7796,650,222,56,4.0,both,1.0,2.0,3.0
5365.198305595899,unswapping,,,,,,,,,,,,16,4,7604,642,222,56,4.0,left,0.0,1.0,4.0
5365.606875293888,unswapping,,,,,,,,,,,,16,4,6836,626,222,56,4.0,left,1.0,1.0,5.0
5366.002588427858,unswapping,,,,,,,,,,,,16,4,5684,602,222,56,4.0,right,0.0,1.0,6.0
5366.239451498026,unswapping,,,,,,,,,,,,16,4,5684,602,222,56,4.0,right,1.0,0.0,6.0
5367.016107258853,unswapping,,,,,,,,,,,,16,4,4856,580,222,56,5.0,both,0.0,2.0,2.0
5367.769047755981,unswapping,,,,,,,,,,,,16,4,2876,526,222,56,5.0,both,1.0,4.0,6.0
5368.138078897027,unswapping,,,,,,,,,,,,8,4,2492,510,222,56,5.0,left,0.0,1.0,7.0
5368.366037362022,unswapping,,,,,,,,,,,,8,4,2492,510,222,56,5.0,left,1.0,0.0,7.0
5368.593407205073,unswapping,,,,,,,,,,,,8,4,2492,510,222,56,5.0,right,0.0,0.0,7.0
5368.822859192034,unswapping,,,,,,,,,,,,8,4,2492,510,222,56,5.0,right,1.0,0.0,7.0
5369.571334428852,unswapping,,,,,,,,,,,,8,4,2048,488,222,56,6.0,both,0.0,3.0,3.0
5370.293950601015,unswapping,,,,,,,,,,,,8,4,1664,472,222,56,6.0,both,1.0,2.0,5.0
5370.522807274945,unswapping,,,,,,,,,,,,8,4,1664,472,222,56,6.0,left,0.0,0.0,5.0
5370.887164528016,unswapping,,,,,,,,,,,,8,4,1604,466,222,56,6.0,left,1.0,1.0,6.0
5371.464774613036,unswapping,,,,,,,,,,,,8,4,1476,458,222,56,6.0,right,0.0,1.0,7.0
5371.6899685729295,unswapping,,,,,,,,,,,,8,4,1476,458,222,56,6.0,right,1.0,0.0,7.0
5372.413695819909,unswapping,,,,,,,,,,,,8,4,1416,452,222,56,7.0,both,0.0,1.0,1.0
5373.133425040869,unswapping,,,,,,,,,,,,8,4,1356,446,222,56,7.0,both,1.0,1.0,2.0
5373.3595009830315,unswapping,,,,,,,,,,,,8,4,1356,446,222,56,7.0,left,0.0,0.0,2.0
5373.586366028059,unswapping,,,,,,,,,,,,8,4,1356,446,222,56,7.0,left,1.0,0.0,2.0
5373.811695939861,unswapping,,,,,,,,,,,,8,4,1356,446,222,56,7.0,right,0.0,0.0,2.0
5374.035613392945,unswapping,,,,,,,,,,,,8,4,1356,446,222,56,7.0,right,1.0,0.0,2.0
5374.756083282875,unswapping,,,,,,,,,,,,8,4,1296,440,222,56,8.0,both,0.0,1.0,1.0
5375.19721623091,unswapping,,,,,,,,,,,,8,4,1296,440,222,56,8.0,both,1.0,0.0,1.0
5375.424918487901,unswapping,,,,,,,,,,,,8,4,1296,440,222,56,8.0,left,0.0,0.0,1.0
5375.78964827396,unswapping,,,,,,,,,,,,8,4,1256,436,222,56,8.0,left,1.0,1.0,2.0
5376.01672187401,unswapping,,,,,,,,,,,,8,4,1256,436,222,56,8.0,right,0.0,0.0,2.0
5376.24133821507,unswapping,,,,,,,,,,,,8,4,1256,436,222,56,8.0,right,1.0,0.0,2.0
5376.685480477987,unswapping,,,,,,,,,,,,8,4,1256,436,222,56,9.0,both,0.0,0.0,0.0
5377.1276464469265,unswapping,,,,,,,,,,,,8,4,1256,436,222,56,9.0,both,1.0,0.0,0.0
5377.489536979003,unswapping,,,,,,,,,,,,8,4,1184,430,222,56,9.0,left,0.0,1.0,1.0
5377.713666528929,unswapping,,,,,,,,,,,,8,4,1184,430,222,56,9.0,left,1.0,0.0,1.0
5377.940290139988,unswapping,,,,,,,,,,,,8,4,1184,430,222,56,9.0,right,0.0,0.0,1.0
5378.161187758902,unswapping,,,,,,,,,,,,8,4,1184,430,222,56,9.0,right,1.0,0.0,1.0
5378.60282503604,unswapping,,,,,,,,,,,,8,4,1184,430,222,56,10.0,both,0.0,0.0,0.0
5379.318794210907,unswapping,,,,,,,,,,,,8,4,1124,424,222,56,10.0,both,1.0,1.0,1.0
5379.543809968978,unswapping,,,,,,,,,,,,8,4,1124,424,222,56,10.0,left,0.0,0.0,1.0
5379.76748510194,unswapping,,,,,,,,,,,,8,4,1124,424,222,56,10.0,left,1.0,0.0,1.0
5379.9893014230765,unswapping,,,,,,,,,,,,8,4,1124,424,222,56,10.0,right,0.0,0.0,1.0
5380.207984909881,unswapping,,,,,,,,,,,,8,4,1124,424,222,56,10.0,right,1.0,0.0,1.0
5381.144568672869,unswapping,,,,,,,,,,,,8,4,1064,418,222,56,11.0,both,0.0,1.0,1.0
5381.855093542021,unswapping,,,,,,,,,,,,8,4,1004,412,222,56,11.0,both,1.0,1.0,2.0
5382.081053026952,unswapping,,,,,,,,,,,,8,4,1004,412,222,56,11.0,left,0.0,0.0,2.0
5382.304049626924,unswapping,,,,,,,,,,,,8,4,1004,412,222,56,11.0,left,1.0,0.0,2.0
5382.524831732037,unswapping,,,,,,,,,,,,8,4,1004,412,222,56,11.0,right,0.0,0.0,2.0
5382.746093258029,unswapping,,,,,,,,,,,,8,4,1004,412,222,56,11.0,right,1.0,0.0,2.0
5383.465086899931,unswapping,,,,,,,,,,,,8,4,932,408,222,56,12.0,both,0.0,1.0,1.0
5384.177198794903,unswapping,,,,,,,,,,,,4,4,764,394,222,56,12.0,both,1.0,1.0,2.0
5384.539892537054,unswapping,,,,,,,,,,,,4,4,704,388,222,56,12.0,left,0.0,1.0,3.0
5384.76277419785,unswapping,,,,,,,,,,,,4,4,704,388,222,56,12.0,left,1.0,0.0,3.0
5384.984219413949,unswapping,,,,,,,,,,,,4,4,704,388,222,56,12.0,right,0.0,0.0,3.0
5385.204113903921,unswapping,,,,,,,,,,,,4,4,704,388,222,56,12.0,right,1.0,0.0,3.0
5385.643084819894,unswapping,,,,,,,,,,,,4,4,704,388,222,56,13.0,both,0.0,0.0,0.0
5386.351098740939,unswapping,,,,,,,,,,,,4,4,644,382,222,56,13.0,both,1.0,1.0,1.0
5386.5719307828695,unswapping,,,,,,,,,,,,4,4,644,382,222,56,13.0,left,0.0,0.0,1.0
5386.792932301061,unswapping,,,,,,,,,,,,4,4,644,382,222,56,13.0,left,1.0,0.0,1.0
5387.014060457004,unswapping,,,,,,,,,,,,4,4,644,382,222,56,13.0,right,0.0,0.0,1.0
5387.231611640891,unswapping,,,,,,,,,,,,4,4,644,382,222,56,13.0,right,1.0,0.0,1.0
5387.941424853867,unswapping,,,,,,,,,,,,4,4,584,376,222,56,14.0,both,0.0,1.0,1.0
5388.374813739909,unswapping,,,,,,,,,,,,4,4,584,376,222,56,14.0,both,1.0,0.0,1.0
5388.596920989919,unswapping,,,,,,,,,,,,4,4,584,376,222,56,14.0,left,0.0,0.0,1.0
5388.81620965898,unswapping,,,,,,,,,,,,4,4,584,376,222,56,14.0,left,1.0,0.0,1.0
5389.036244112998,unswapping,,,,,,,,,,,,4,4,584,376,222,56,14.0,right,0.0,0.0,1.0
5389.608462761855,unswapping,,,,,,,,,,,,4,4,544,372,222,56,14.0,right,1.0,1.0,2.0
5390.312892253045,unswapping,,,,,,,,,,,,4,4,496,368,222,56,15.0,both,0.0,1.0,1.0
5391.015810959972,unswapping,,,,,,,,,,,,4,4,484,366,222,56,15.0,both,1.0,1.0,2.0
5391.237016893923,unswapping,,,,,,,,,,,,4,4,484,366,222,56,15.0,left,0.0,0.0,2.0
5391.453882407863,unswapping,,,,,,,,,,,,4,4,484,366,222,56,15.0,left,1.0,0.0,2.0
5391.67226785887,unswapping,,,,,,,,,,,,4,4,484,366,222,56,15.0,right,0.0,0.0,2.0
5392.024202065077,unswapping,,,,,,,,,,,,4,4,412,360,222,56,15.0,right,1.0,1.0,3.0
5392.7265711289365,unswapping,,,,,,,,,,,,4,4,352,354,222,56,16.0,both,0.0,1.0,1.0
5393.421384125948,unswapping,,,,,,,,,,,,4,4,312,350,222,56,16.0,both,1.0,1.0,2.0
5393.778209820855,unswapping,,,,,,,,,,,,2,4,280,346,222,56,16.0,left,0.0,1.0,3.0
5393.994727720041,unswapping,,,,,,,,,,,,2,4,280,346,222,56,16.0,left,1.0,0.0,3.0
5394.212840891909,unswapping,,,,,,,,,,,,2,4,280,346,222,56,16.0,right,0.0,0.0,3.0
5394.426422342891,unswapping,,,,,,,,,,,,2,4,280,346,222,56,16.0,right,1.0,0.0,3.0
5394.859205093002,unswapping,,,,,,,,,,,,2,4,280,346,222,56,17.0,both,0.0,0.0,0.0
5395.558454361977,unswapping,,,,,,,,,,,,2,4,268,344,222,56,17.0,both,1.0,1.0,1.0
5395.777737591881,unswapping,,,,,,,,,,,,2,4,268,344,222,56,17.0,left,0.0,0.0,1.0
5395.9935938578565,unswapping,,,,,,,,,,,,2,4,268,344,222,56,17.0,left,1.0,0.0,1.0
5396.211079390952,unswapping,,,,,,,,,,,,2,4,268,344,222,56,17.0,right,0.0,0.0,1.0
5396.42539196508,unswapping,,,,,,,,,,,,2,4,268,344,222,56,17.0,right,1.0,0.0,1.0
5396.856603877852,unswapping,,,,,,,,,,,,2,4,268,344,222,56,18.0,both,0.0,0.0,0.0
5397.280515508028,unswapping,,,,,,,,,,,,2,4,268,344,222,56,18.0,both,1.0,0.0,0.0
5397.496875402983,unswapping,,,,,,,,,,,,2,4,268,344,222,56,18.0,left,0.0,0.0,0.0
5397.711530792993,unswapping,,,,,,,,,,,,2,4,268,344,222,56,18.0,left,1.0,0.0,0.0
5397.92828003387,unswapping,,,,,,,,,,,,2,4,268,344,222,56,18.0,right,0.0,0.0,0.0
5398.141211720882,unswapping,,,,,,,,,,,,2,4,268,344,222,56,18.0,right,1.0,0.0,0.0
5401.627982140053,absorbing,left,1.0,0.0,306.0,284.0,680.0,681.0,1361.0,12.0,3.0,3.0,2,4,240,338,222,56,,,,,
5401.908973064972,absorbing,left,1.0,1.0,306.0,284.0,680.0,682.0,1362.0,12.0,1.0,4.0,4,4,520,408,222,56,,,,,
5402.191611130023,absorbing,left,2.0,1.0,306.0,284.0,681.0,682.0,1363.0,12.0,1.0,5.0,4,4,320,358,222,56,,,,,
5402.473723456031,absorbing,left,3.0,1.0,306.0,284.0,682.0,682.0,1364.0,10.0,1.0,6.0,4,4,532,408,222,56,,,,,
5402.756998477969,absorbing,left,3.0,2.0,306.0,284.0,682.0,682.0,1364.0,13.0,0.0,6.0,4,4,352,366,222,56,,,,,
5403.038087487919,absorbing,left,4.0,2.0,306.0,284.0,683.0,682.0,1365.0,11.0,1.0,7.0,4,4,468,392,222,56,,,,,
5403.318722862983,absorbing,left,4.0,3.0,306.0,284.0,683.0,683.0,1366.0,11.0,1.0,8.0,4,4,376,372,222,56,,,,,
5403.599276712863,absorbing,left,5.0,3.0,306.0,284.0,683.0,683.0,1366.0,11.0,0.0,8.0,4,4,448,390,222,56,,,,,
5403.880068213912,absorbing,left,5.0,4.0,306.0,284.0,683.0,684.0,1367.0,11.0,1.0,9.0,4,4,368,370,222,56,,,,,
5404.159424965968,absorbing,left,6.0,4.0,306.0,284.0,683.0,684.0,1367.0,13.0,0.0,9.0,4,4,440,388,222,56,,,,,
5404.441913377028,absorbing,left,6.0,5.0,306.0,284.0,683.0,684.0,1367.0,11.0,0.0,9.0,4,4,452,382,222,56,,,,,
5404.726774545852,absorbing,left,7.0,5.0,306.0,284.0,685.0,684.0,1369.0,11.0,2.0,11.0,4,4,612,410,222,56,,,,,
5405.011191938072,absorbing,left,7.0,6.0,306.0,284.0,685.0,685.0,1370.0,12.0,1.0,12.0,4,4,556,390,222,56,,,,,
5405.295451435028,absorbing,left,8.0,6.0,306.0,284.0,685.0,685.0,1370.0,16.0,0.0,12.0,4,4,664,408,222,56,,,,,
5405.582113164011,absorbing,left,8.0,7.0,306.0,284.0,685.0,686.0,1371.0,12.0,1.0,13.0,4,4,692,406,222,56,,,,,
5405.8657095138915,absorbing,left,9.0,7.0,306.0,284.0,685.0,686.0,1371.0,18.0,0.0,13.0,4,4,848,436,222,56,,,,,
5406.156725883018,absorbing,left,9.0,8.0,306.0,284.0,685.0,686.0,1371.0,16.0,0.0,13.0,4,4,848,418,222,56,,,,,
5406.449070755858,absorbing,left,10.0,8.0,306.0,284.0,686.0,686.0,1372.0,15.0,1.0,14.0,4,4,1084,462,222,56,,,,,
5406.743184519,absorbing,left,10.0,9.0,306.0,284.0,686.0,686.0,1372.0,17.0,0.0,14.0,4,4,952,426,222,56,,,,,
5407.038366390858,absorbing,left,11.0,9.0,306.0,284.0,687.0,686.0,1373.0,16.0,1.0,15.0,4,4,1024,452,222,56,,,,,
5407.333462385926,absorbing,left,11.0,10.0,306.0,284.0,687.0,687.0,1374.0,15.0,1.0,16.0,4,4,988,426,222,56,,,,,
5407.628451731056,absorbing,left,12.0,10.0,306.0,284.0,688.0,687.0,1375.0,17.0,1.0,17.0,4,4,1116,464,222,56,,,,,
5407.926466431003,absorbing,left,12.0,11.0,306.0,284.0,688.0,688.0,1376.0,16.0,1.0,18.0,4,4,952,426,222,56,,,,,
5408.226620977977,absorbing,left,13.0,11.0,306.0,284.0,690.0,688.0,1378.0,15.0,2.0,20.0,8,4,1184,466,222,56,,,,,
5408.526763934875,absorbing,left,13.0,12.0,306.0,284.0,690.0,689.0,1379.0,16.0,1.0,21.0,4,4,916,426,222,56,,,,,
5408.829452350037,absorbing,left,13.0,13.0,306.0,284.0,690.0,692.0,1382.0,13.0,3.0,24.0,4,4,1384,492,222,56,,,,,
5409.131899483036,absorbing,left,14.0,13.0,306.0,284.0,694.0,692.0,1386.0,10.0,4.0,28.0,8,4,1156,444,222,56,,,,,
5409.4211596730165,absorbing,left,15.0,13.0,306.0,284.0,694.0,692.0,1386.0,13.0,0.0,28.0,8,4,1360,486,222,56,,,,,
5409.713769474067,absorbing,left,15.0,14.0,306.0,284.0,694.0,694.0,1388.0,12.0,2.0,30.0,4,4,1148,448,222,56,,,,,
5409.999440378975,absorbing,left,16.0,14.0,306.0,284.0,694.0,694.0,1388.0,14.0,0.0,30.0,4,4,1256,484,222,56,,,,,
5410.2907225629315,absorbing,left,16.0,15.0,306.0,284.0,694.0,695.0,1389.0,13.0,1.0,31.0,4,4,1148,448,222,56,,,,,
5410.582040077075,absorbing,left,16.0,16.0,306.0,284.0,694.0,695.0,1389.0,15.0,0.0,31.0,4,4,1592,514,222,56,,,,,
5410.879832225852,absorbing,left,17.0,16.0,306.0,284.0,695.0,695.0,1390.0,15.0,1.0,32.0,8,4,1300,462,222,56,,,,,
5411.173187342938,absorbing,left,17.0,17.0,306.0,284.0,695.0,696.0,1391.0,14.0,1.0,33.0,4,4,1588,516,222,56,,,,,
5411.474994153017,absorbing,left,18.0,17.0,306.0,284.0,696.0,696.0,1392.0,14.0,1.0,34.0,16,4,1560,476,222,56,,,,,
5411.774864717852,absorbing,left,18.0,18.0,306.0,284.0,696.0,698.0,1394.0,17.0,2.0,36.0,8,4,1744,530,222,56,,,,,
5412.295666243881,absorbing,left,19.0,18.0,306.0,284.0,698.0,698.0,1396.0,12.0,2.0,38.0,16,4,2044,510,222,56,,,,,
5412.585850978969,absorbing,left,19.0,19.0,306.0,284.0,698.0,699.0,1397.0,14.0,1.0,39.0,16,4,2132,550,222,56,,,,,
5412.876481289975,absorbing,left,20.0,19.0,306.0,284.0,698.0,699.0,1397.0,15.0,0.0,39.0,16,4,2576,544,222,56,,,,,
5413.172604753869,absorbing,left,20.0,20.0,306.0,284.0,698.0,699.0,1397.0,13.0,0.0,39.0,16,4,4400,622,222,56,,,,,
5413.482538637007,absorbing,left,21.0,20.0,306.0,284.0,700.0,699.0,1399.0,12.0,2.0,41.0,16,4,6948,638,222,56,,,,,
5413.814053264912,absorbing,left,22.0,20.0,306.0,284.0,702.0,699.0,1401.0,10.0,2.0,43.0,64,4,19324,858,222,56,,,,,
5414.143479400082,absorbing,left,23.0,20.0,306.0,284.0,703.0,699.0,1402.0,10.0,1.0,44.0,64,4,44188,980,222,56,,,,,
5414.5257911260705,absorbing,left,24.0,20.0,306.0,284.0,703.0,699.0,1402.0,12.0,0.0,44.0,64,4,44508,1006,222,56,,,,,
5414.938154838979,absorbing,left,24.0,21.0,306.0,284.0,703.0,701.0,1404.0,10.0,2.0,46.0,256,4,158656,1472,222,56,,,,,
5415.51100478787,absorbing,left,25.0,21.0,306.0,284.0,704.0,701.0,1405.0,13.0,1.0,47.0,64,4,61476,1172,222,56,,,,,
5415.931133549893,absorbing,left,26.0,21.0,306.0,284.0,704.0,701.0,1405.0,13.0,0.0,47.0,256,4,164056,1686,222,56,,,,,
5416.486208243063,absorbing,left,26.0,22.0,306.0,284.0,704.0,703.0,1407.0,9.0,2.0,49.0,64,4,80344,1380,222,56,,,,,
5417.117372523062,absorbing,left,27.0,22.0,306.0,284.0,706.0,703.0,1409.0,10.0,2.0,51.0,64,4,86676,1544,222,56,,,,,
5417.825622302946,absorbing,left,27.0,23.0,306.0,284.0,706.0,704.0,1410.0,9.0,1.0,52.0,64,4,99192,1580,222,56,,,,,
5418.457675061887,absorbing,left,27.0,24.0,306.0,284.0,706.0,704.0,1410.0,8.0,0.0,52.0,64,4,96508,1494,222,56,,,,,
5419.175544884056,absorbing,left,27.0,25.0,306.0,284.0,706.0,705.0,1411.0,9.0,1.0,53.0,64,4,94716,1412,222,56,,,,,
5419.9125522570685,absorbing,left,27.0,26.0,306.0,284.0,706.0,705.0,1411.0,11.0,0.0,53.0,64,4,94536,1382,222,56,,,,,
5420.508989279857,absorbing,left,27.0,27.0,306.0,284.0,706.0,706.0,1412.0,11.0,1.0,54.0,64,4,95540,1420,222,56,,,,,
5421.0980330689345,absorbing,left,28.0,27.0,306.0,284.0,707.0,706.0,1413.0,9.0,1.0,55.0,64,4,94636,1392,222,56,,,,,
5421.769385167863,absorbing,left,29.0,27.0,306.0,284.0,707.0,706.0,1413.0,12.0,0.0,55.0,64,4,95284,1446,222,56,,,,,
5422.582966472022,absorbing,left,29.0,28.0,306.0,284.0,707.0,707.0,1414.0,12.0,1.0,56.0,64,4,78524,1288,222,56,,,,,
5423.08342706901,absorbing,left,30.0,28.0,306.0,284.0,707.0,707.0,1414.0,12.0,0.0,56.0,64,4,81428,1420,222,56,,,,,
5423.723873540992,absorbing,left,30.0,29.0,306.0,284.0,707.0,708.0,1415.0,12.0,1.0,57.0,64,4,64268,1234,222,56,,,,,
5424.078309762059,absorbing,left,30.0,30.0,306.0,284.0,707.0,708.0,1415.0,13.0,0.0,57.0,64,4,80624,1372,222,56,,,,,
5424.526141138049,absorbing,left,31.0,30.0,306.0,284.0,707.0,708.0,1415.0,12.0,0.0,57.0,64,4,65408,1276,222,56,,,,,
5425.052326590056,absorbing,left,32.0,30.0,306.0,284.0,708.0,708.0,1416.0,9.0,1.0,58.0,64,4,81320,1420,222,56,,,,,
5425.880143707851,absorbing,left,32.0,31.0,306.0,284.0,708.0,708.0,1416.0,13.0,0.0,58.0,64,4,79808,1348,222,56,,,,,
5426.545438078931,absorbing,left,33.0,31.0,306.0,284.0,708.0,708.0,1416.0,12.0,0.0,58.0,64,4,80324,1396,222,56,,,,,
5427.344317430863,absorbing,left,33.0,32.0,306.0,284.0,708.0,708.0,1416.0,11.0,0.0,58.0,64,4,80192,1372,222,56,,,,,
5427.868662617868,absorbing,left,34.0,32.0,306.0,284.0,709.0,708.0,1417.0,9.0,1.0,59.0,64,4,87784,1500,222,56,,,,,
5428.491201593075,absorbing,left,34.0,33.0,306.0,284.0,709.0,708.0,1417.0,12.0,0.0,59.0,64,4,73396,1422,222,56,,,,,
5428.846489652991,absorbing,left,35.0,33.0,306.0,284.0,710.0,708.0,1418.0,11.0,1.0,60.0,64,4,76848,1508,222,56,,,,,
5429.2729750890285,absorbing,left,36.0,33.0,306.0,284.0,712.0,708.0,1420.0,12.0,2.0,62.0,64,4,67916,1536,222,56,,,,,
5429.738238380058,absorbing,left,36.0,34.0,306.0,284.0,712.0,710.0,1422.0,11.0,2.0,64.0,64,4,56712,1478,222,56,,,,,
5430.252024100861,absorbing,left,37.0,34.0,306.0,284.0,713.0,710.0,1423.0,14.0,1.0,65.0,64,4,52200,1620,222,56,,,,,
5430.74064652808,absorbing,left,37.0,35.0,306.0,284.0,713.0,711.0,1424.0,12.0,1.0,66.0,64,4,68072,1680,222,56,,,,,
5431.169170212932,absorbing,left,38.0,35.0,306.0,284.0,713.0,711.0,1424.0,16.0,0.0,66.0,64,4,90116,1844,222,56,,,,,
5431.846911768895,absorbing,left,38.0,36.0,306.0,284.0,713.0,711.0,1424.0,12.0,0.0,66.0,64,4,79460,1758,222,56,,,,,
5432.653566750931,absorbing,left,38.0,37.0,306.0,284.0,713.0,712.0,1425.0,11.0,1.0,67.0,64,4,59556,1390,222,56,,,,,
5433.107016160851,absorbing,left,38.0,38.0,306.0,284.0,713.0,712.0,1425.0,13.0,0.0,67.0,64,4,66180,1520,222,56,,,,,
5433.561845161952,absorbing,left,39.0,38.0,306.0,284.0,715.0,712.0,1427.0,14.0,2.0,69.0,64,4,38756,1234,222,56,,,,,
5433.978412455879,absorbing,left,39.0,39.0,306.0,284.0,715.0,716.0,1431.0,10.0,4.0,73.0,64,4,65988,1508,222,56,,,,,
5434.462378053926,absorbing,left,40.0,39.0,306.0,284.0,717.0,716.0,1433.0,14.0,2.0,75.0,64,4,60936,1430,222,56,,,,,
5435.003639665898,absorbing,left,41.0,39.0,306.0,284.0,717.0,716.0,1433.0,15.0,0.0,75.0,64,4,94152,1742,222,56,,,,,
5435.71388014406,absorbing,left,41.0,40.0,306.0,284.0,717.0,718.0,1435.0,9.0,2.0,77.0,64,4,91656,1622,222,56,,,,,
5436.245609374018,absorbing,left,42.0,40.0,306.0,284.0,718.0,718.0,1436.0,14.0,1.0,78.0,64,4,110308,1866,222,56,,,,,
5437.096723648952,absorbing,left,42.0,41.0,306.0,284.0,718.0,719.0,1437.0,11.0,1.0,79.0,64,4,99496,1764,222,56,,,,,
5437.660947793862,absorbing,left,42.0,42.0,306.0,284.0,718.0,721.0,1439.0,10.0,2.0,81.0,64,4,125384,1942,222,56,,,,,
5438.361784779932,absorbing,left,43.0,42.0,306.0,284.0,719.0,721.0,1440.0,11.0,1.0,82.0,128,4,159876,2072,222,56,,,,,
5439.357859561918,absorbing,left,44.0,42.0,306.0,284.0,722.0,721.0,1443.0,8.0,3.0,85.0,128,4,158084,2176,222,56,,,,,
5439.949287958909,absorbing,left,45.0,42.0,306.0,284.0,723.0,721.0,1444.0,9.0,1.0,86.0,128,4,175040,2338,222,56,,,,,
5440.555534618907,absorbing,left,46.0,42.0,306.0,284.0,723.0,721.0,1444.0,10.0,0.0,86.0,128,4,232256,2706,222,56,,,,,
5441.305007434916,absorbing,left,47.0,42.0,306.0,284.0,724.0,721.0,1445.0,12.0,1.0,87.0,128,4,259456,2874,222,56,,,,,
5442.165450047003,absorbing,left,47.0,43.0,306.0,284.0,724.0,723.0,1447.0,10.0,2.0,89.0,256,4,380416,3146,222,56,,,,,
5443.01587837399,absorbing,left,47.0,44.0,306.0,284.0,724.0,723.0,1447.0,13.0,0.0,89.0,256,4,327584,2830,222,56,,,,,
5443.671536983922,absorbing,left,47.0,45.0,306.0,284.0,724.0,723.0,1447.0,14.0,0.0,89.0,128,4,173600,2368,222,56,,,,,
5444.226876612054,absorbing,left,47.0,46.0,306.0,284.0,724.0,725.0,1449.0,13.0,2.0,91.0,128,4,158280,2398,222,56,,,,,
5444.71190676,absorbing,left,47.0,47.0,306.0,284.0,724.0,726.0,1450.0,13.0,1.0,92.0,128,4,187812,2670,222,56,,,,,
5445.387240990996,absorbing,left,48.0,47.0,306.0,284.0,725.0,726.0,1451.0,12.0,1.0,93.0,128,4,248388,2844,222,56,,,,,
5446.25762617588,absorbing,left,49.0,47.0,306.0,284.0,728.0,726.0,1454.0,8.0,3.0,96.0,256,4,355652,3204,222,56,,,,,
5447.214750427986,absorbing,left,50.0,47.0,306.0,284.0,729.0,726.0,1455.0,7.0,1.0,97.0,256,4,357572,3252,222,56,,,,,
5447.994612176903,absorbing,left,50.0,48.0,306.0,284.0,729.0,727.0,1456.0,15.0,1.0,98.0,128,4,400680,3328,222,56,,,,,
5449.170430253027,absorbing,left,51.0,48.0,306.0,284.0,729.0,727.0,1456.0,10.0,0.0,98.0,511,4,769256,4022,222,56,,,,,
5453.308714706916,unswapping,,,,,,,,,,,,509,4,1010720,3928,222,56,0.0,both,0.0,8.0,8.0
5456.307306719944,unswapping,,,,,,,,,,,,256,4,337928,2716,222,56,0.0,both,1.0,8.0,16.0
5457.030106525868,unswapping,,,,,,,,,,,,250,4,273376,2384,222,56,0.0,left,0.0,10.0,26.0
5457.87747084396,unswapping,,,,,,,,,,,,245,4,251068,2112,222,56,0.0,left,1.0,10.0,36.0
5458.601345160976,unswapping,,,,,,,,,,,,128,4,106108,1606,222,56,0.0,right,0.0,5.0,41.0
5459.4177876720205,unswapping,,,,,,,,,,,,128,4,90496,1496,222,56,0.0,right,1.0,3.0,44.0
5460.44805354299,unswapping,,,,,,,,,,,,128,4,70332,1382,222,56,1.0,both,0.0,5.0,5.0
5461.5642697510775,unswapping,,,,,,,,,,,,64,4,25752,1076,222,56,1.0,both,1.0,8.0,13.0
5462.065039156936,unswapping,,,,,,,,,,,,32,4,16724,918,222,56,1.0,left,0.0,7.0,20.0
5462.528765711002,unswapping,,,,,,,,,,,,32,4,15896,896,222,56,1.0,left,1.0,2.0,22.0
5462.974677840015,unswapping,,,,,,,,,,,,32,4,14360,872,222,56,1.0,right,0.0,1.0,23.0
5463.409450988052,unswapping,,,,,,,,,,,,32,4,14216,870,222,56,1.0,right,1.0,1.0,24.0
5464.34413190186,unswapping,,,,,,,,,,,,16,4,9140,758,222,56,2.0,both,0.0,9.0,9.0
5465.1792594809085,unswapping,,,,,,,,,,,,16,4,4328,616,222,56,2.0,both,1.0,10.0,19.0
5465.57106315298,unswapping,,,,,,,,,,,,8,4,3104,562,222,56,2.0,left,0.0,5.0,24.0
5465.962804958923,unswapping,,,,,,,,,,,,8,4,2404,532,222,56,2.0,left,1.0,4.0,28.0
5466.345469211927,unswapping,,,,,,,,,,,,8,4,1900,498,222,56,2.0,right,0.0,4.0,32.0
5466.723732348997,unswapping,,,,,,,,,,,,8,4,1532,478,222,56,2.0,right,1.0,3.0,35.0
5467.489060709951,unswapping,,,,,,,,,,,,6,4,1208,448,222,56,3.0,both,0.0,6.0,6.0
5468.231511129998,unswapping,,,,,,,,,,,,6,4,1052,434,222,56,3.0,both,1.0,4.0,10.0
5468.6040623399895,unswapping,,,,,,,,,,,,6,4,972,428,222,56,3.0,left,0.0,2.0,12.0
5468.974135784898,unswapping,,,,,,,,,,,,6,4,908,420,222,56,3.0,left,1.0,2.0,14.0
5469.416374817025,unswapping,,,,,,,,,,,,6,4,908,420,222,56,3.0,right,0.0,0.0,14.0
5469.638144499855,unswapping,,,,,,,,,,,,6,4,908,420,222,56,3.0,right,1.0,0.0,14.0
5470.377955833916,unswapping,,,,,,,,,,,,6,4,800,410,222,56,4.0,both,0.0,3.0,3.0
5471.093500745017,unswapping,,,,,,,,,,,,6,4,776,406,222,56,4.0,both,1.0,2.0,5.0
5471.316168898949,unswapping,,,,,,,,,,,,6,4,776,406,222,56,4.0,left,0.0,0.0,5.0
5471.675131239928,unswapping,,,,,,,,,,,,6,4,704,400,222,56,4.0,left,1.0,1.0,6.0
5471.896893835859,unswapping,,,,,,,,,,,,6,4,704,400,222,56,4.0,right,0.0,0.0,6.0
5472.252187900944,unswapping,,,,,,,,,,,,6,4,656,396,222,56,4.0,right,1.0,1.0,7.0
5472.978185623884,unswapping,,,,,,,,,,,,6,4,620,390,222,56,5.0,both,0.0,3.0,3.0
5473.682949417969,unswapping,,,,,,,,,,,,6,4,608,388,222,56,5.0,both,1.0,1.0,4.0
5474.0455116678495,unswapping,,,,,,,,,,,,6,4,572,382,222,56,5.0,left,0.0,1.0,5.0
5474.264493918978,unswapping,,,,,,,,,,,,6,4,572,382,222,56,5.0,left,1.0,0.0,5.0
5474.484211332863,unswapping,,,,,,,,,,,,6,4,572,382,222,56,5.0,right,0.0,0.0,5.0
5474.700180005981,unswapping,,,,,,,,,,,,6,4,572,382,222,56,5.0,right,1.0,0.0,5.0
5475.414368320024,unswapping,,,,,,,,,,,,6,4,560,380,222,56,6.0,both,0.0,1.0,1.0
5476.123852004064,unswapping,,,,,,,,,,,,6,4,548,378,222,56,6.0,both,1.0,1.0,2.0
5476.343839736888,unswapping,,,,,,,,,,,,6,4,548,378,222,56,6.0,left,0.0,0.0,2.0
5476.562599214958,unswapping,,,,,,,,,,,,6,4,548,378,222,56,6.0,left,1.0,0.0,2.0
5476.786694878945,unswapping,,,,,,,,,,,,6,4,548,378,222,56,6.0,right,0.0,0.0,2.0
5477.0033380140085,unswapping,,,,,,,,,,,,6,4,548,378,222,56,6.0,right,1.0,0.0,2.0
5477.719475046033,unswapping,,,,,,,,,,,,6,4,536,376,222,56,7.0,both,0.0,1.0,1.0
5478.369487267919,unswapping,,,,,,,,,,,,6,4,536,376,222,56,7.0,both,1.0,0.0,1.0
5478.590756784892,unswapping,,,,,,,,,,,,6,4,536,376,222,56,7.0,left,0.0,0.0,1.0
5478.808847663924,unswapping,,,,,,,,,,,,6,4,536,376,222,56,7.0,left,1.0,0.0,1.0
5479.0284162410535,unswapping,,,,,,,,,,,,6,4,536,376,222,56,7.0,right,0.0,0.0,1.0
5479.246634877985,unswapping,,,,,,,,,,,,6,4,536,376,222,56,7.0,right,1.0,0.0,1.0
5479.684176990064,unswapping,,,,,,,,,,,,6,4,536,376,222,56,8.0,both,0.0,0.0,0.0
5480.116336633917,unswapping,,,,,,,,,,,,6,4,536,376,222,56,8.0,both,1.0,0.0,0.0
5480.338416276034,unswapping,,,,,,,,,,,,6,4,536,376,222,56,8.0,left,0.0,0.0,0.0
5480.556984252995,unswapping,,,,,,,,,,,,6,4,536,376,222,56,8.0,left,1.0,0.0,0.0
5480.777230033884,unswapping,,,,,,,,,,,,6,4,536,376,222,56,8.0,right,0.0,0.0,0.0
5480.99318989506,unswapping,,,,,,,,,,,,6,4,536,376,222,56,8.0,right,1.0,0.0,0.0
5483.418442253023,absorbing,left,1.0,0.0,283.0,259.0,731.0,727.0,1458.0,9.0,2.0,2.0,6,4,520,372,222,56,,,,,
5483.707455771975,absorbing,left,1.0,1.0,283.0,259.0,731.0,730.0,1461.0,11.0,3.0,5.0,6,4,744,428,222,56,,,,,
5483.993279805873,absorbing,left,2.0,1.0,283.0,259.0,731.0,730.0,1461.0,11.0,0.0,5.0,6,4,876,432,222,56,,,,,
5484.276915571885,absorbing,left,2.0,2.0,283.0,259.0,731.0,730.0,1461.0,14.0,0.0,5.0,6,4,1088,464,222,56,,,,,
5484.5692904598545,absorbing,left,3.0,2.0,283.0,259.0,731.0,730.0,1461.0,12.0,0.0,5.0,7,4,1200,466,222,56,,,,,
5484.867372823879,absorbing,left,3.0,3.0,283.0,259.0,731.0,731.0,1462.0,13.0,1.0,6.0,4,4,1404,494,222,56,,,,,
5485.167571483878,absorbing,left,4.0,3.0,283.0,259.0,732.0,731.0,1463.0,10.0,1.0,7.0,4,4,1540,498,222,56,,,,,
5485.465612146072,absorbing,left,5.0,3.0,283.0,259.0,732.0,731.0,1463.0,11.0,0.0,7.0,16,4,2040,530,222,56,,,,,
5485.764738772996,absorbing,left,5.0,4.0,283.0,259.0,732.0,733.0,1465.0,10.0,2.0,9.0,16,4,2164,546,222,56,,,,,
5486.068348689005,absorbing,left,6.0,4.0,283.0,259.0,733.0,733.0,1466.0,11.0,1.0,10.0,16,4,2760,584,222,56,,,,,
5486.369086913066,absorbing,left,6.0,5.0,283.0,259.0,733.0,734.0,1467.0,12.0,1.0,11.0,16,4,2860,600,222,56,,,,,
5486.6728529050015,absorbing,left,6.0,6.0,283.0,259.0,733.0,735.0,1468.0,11.0,1.0,12.0,16,4,4548,674,222,56,,,,,
5486.982290135929,absorbing,left,7.0,6.0,283.0,259.0,734.0,735.0,1469.0,11.0,1.0,13.0,16,4,5504,700,222,56,,,,,
5487.310054027941,absorbing,left,7.0,7.0,283.0,259.0,734.0,736.0,1470.0,10.0,1.0,14.0,16,4,7196,808,222,56,,,,,
5487.626335925888,absorbing,left,8.0,7.0,283.0,259.0,735.0,736.0,1471.0,10.0,1.0,15.0,16,4,8024,790,222,56,,,,,
5487.963510515867,absorbing,left,8.0,8.0,283.0,259.0,735.0,737.0,1472.0,9.0,1.0,16.0,16,4,9208,852,222,56,,,,,
5488.300978298066,absorbing,left,8.0,9.0,283.0,259.0,735.0,737.0,1472.0,7.0,0.0,16.0,16,4,14008,932,222,56,,,,,
5488.689994464861,absorbing,left,9.0,9.0,283.0,259.0,736.0,737.0,1473.0,8.0,1.0,17.0,64,4,17684,1000,222,56,,,,,
5489.058418935863,absorbing,left,9.0,10.0,283.0,259.0,736.0,737.0,1473.0,7.0,0.0,17.0,16,4,15572,976,222,56,,,,,
5489.424946136074,absorbing,left,10.0,10.0,283.0,259.0,739.0,737.0,1476.0,5.0,3.0,20.0,16,4,14388,998,222,56,,,,,
5489.786873769946,absorbing,left,11.0,10.0,283.0,259.0,739.0,737.0,1476.0,9.0,0.0,20.0,16,4,11508,926,222,56,,,,,
5490.121325656073,absorbing,left,11.0,11.0,283.0,259.0,739.0,738.0,1477.0,6.0,1.0,21.0,16,4,14004,974,222,56,,,,,
5490.717176279053,absorbing,left,12.0,11.0,283.0,259.0,739.0,738.0,1477.0,9.0,0.0,21.0,16,4,12840,942,222,56,,,,,
5491.075386516051,absorbing,left,13.0,11.0,283.0,259.0,740.0,738.0,1478.0,9.0,1.0,22.0,64,4,16836,984,222,56,,,,,
5491.422969849082,absorbing,left,13.0,12.0,283.0,259.0,740.0,739.0,1479.0,7.0,1.0,23.0,16,4,14404,976,222,56,,,,,
5491.780429373961,absorbing,left,14.0,12.0,283.0,259.0,740.0,739.0,1479.0,11.0,0.0,23.0,64,4,17440,988,222,56,,,,,
5492.119822931942,absorbing,left,14.0,13.0,283.0,259.0,740.0,740.0,1480.0,8.0,1.0,24.0,16,4,14080,958,222,56,,,,,
5492.48567107087,absorbing,left,14.0,14.0,283.0,259.0,740.0,740.0,1480.0,7.0,0.0,24.0,16,4,15940,1000,222,56,,,,,
5492.860111981863,absorbing,left,15.0,14.0,283.0,259.0,741.0,740.0,1481.0,8.0,1.0,25.0,16,4,12988,964,222,56,,,,,
5493.207367307972,absorbing,left,16.0,14.0,283.0,259.0,743.0,740.0,1483.0,8.0,2.0,27.0,16,4,13308,984,222,56,,,,,
5493.549696617061,absorbing,left,16.0,15.0,283.0,259.0,743.0,740.0,1483.0,8.0,0.0,27.0,16,4,15708,1026,222,56,,,,,
5493.938596698921,absorbing,left,17.0,15.0,283.0,259.0,744.0,740.0,1484.0,10.0,1.0,28.0,16,4,14876,1034,222,56,,,,,
5494.310419372981,absorbing,left,17.0,16.0,283.0,259.0,744.0,740.0,1484.0,9.0,0.0,28.0,64,4,21920,1124,222,56,,,,,
5494.739065875998,absorbing,left,18.0,16.0,283.0,259.0,745.0,740.0,1485.0,12.0,1.0,29.0,64,4,21820,1152,222,56,,,,,
5495.162930462044,absorbing,left,18.0,17.0,283.0,259.0,745.0,740.0,1485.0,10.0,0.0,29.0,64,4,22652,1160,222,56,,,,,
5495.617502948036,absorbing,left,19.0,17.0,283.0,259.0,745.0,740.0,1485.0,9.0,0.0,29.0,16,4,18460,1150,222,56,,,,,
5496.014645010931,absorbing,left,19.0,18.0,283.0,259.0,745.0,742.0,1487.0,8.0,2.0,31.0,64,4,24540,1206,222,56,,,,,
5496.414713569917,absorbing,left,19.0,19.0,283.0,259.0,745.0,742.0,1487.0,10.0,0.0,31.0,64,4,26844,1278,222,56,,,,,
5496.815234814072,absorbing,left,19.0,20.0,283.0,259.0,745.0,742.0,1487.0,10.0,0.0,31.0,16,4,25692,1302,222,56,,,,,
5497.231794212945,absorbing,left,20.0,20.0,283.0,259.0,745.0,742.0,1487.0,10.0,0.0,31.0,64,4,32796,1430,222,56,,,,,
5497.6979797228705,absorbing,left,21.0,20.0,283.0,259.0,747.0,742.0,1489.0,8.0,2.0,33.0,64,4,44444,1582,222,56,,,,,
5498.134492780082,absorbing,left,22.0,20.0,283.0,259.0,749.0,742.0,1491.0,9.0,2.0,35.0,64,4,58652,1662,222,56,,,,,
5498.599540632917,absorbing,left,22.0,21.0,283.0,259.0,749.0,742.0,1491.0,11.0,0.0,35.0,64,4,75676,1798,222,56,,,,,
5499.064299568068,absorbing,left,22.0,22.0,283.0,259.0,749.0,745.0,1494.0,8.0,3.0,38.0,64,4,74716,1726,222,56,,,,,
5499.5572168699,absorbing,left,23.0,22.0,283.0,259.0,749.0,745.0,1494.0,10.0,0.0,38.0,64,4,80860,1822,222,56,,,,,
5500.037339004921,absorbing,left,24.0,22.0,283.0,259.0,750.0,745.0,1495.0,8.0,1.0,39.0,64,4,86300,1886,222,56,,,,,
5500.635792704066,absorbing,left,25.0,22.0,283.0,259.0,751.0,745.0,1496.0,8.0,1.0,40.0,64,4,76764,1830,222,56,,,,,
5501.055955594871,absorbing,left,25.0,23.0,283.0,259.0,751.0,747.0,1498.0,9.0,2.0,42.0,64,4,77916,1830,222,56,,,,,
5501.616238289978,absorbing,left,26.0,23.0,283.0,259.0,752.0,747.0,1499.0,9.0,1.0,43.0,64,4,95324,1982,222,56,,,,,
5502.172027881024,absorbing,left,26.0,24.0,283.0,259.0,752.0,748.0,1500.0,10.0,1.0,44.0,64,4,124956,2142,222,56,,,,,
5502.718586022034,absorbing,left,26.0,25.0,283.0,259.0,752.0,749.0,1501.0,9.0,1.0,45.0,128,4,169052,2294,222,56,,,,,
5503.378168239957,absorbing,left,26.0,26.0,283.0,259.0,752.0,750.0,1502.0,11.0,1.0,46.0,128,4,198364,2430,222,56,,,,,
5503.980048747035,absorbing,left,26.0,27.0,283.0,259.0,752.0,751.0,1503.0,11.0,1.0,47.0,128,4,186588,2414,222,56,,,,,
5504.595022730995,absorbing,left,26.0,28.0,283.0,259.0,752.0,753.0,1505.0,10.0,2.0,49.0,256,4,324492,2970,222,56,,,,,
5505.411912353011,absorbing,left,26.0,29.0,283.0,259.0,752.0,754.0,1506.0,12.0,1.0,50.0,256,4,426588,3222,222,56,,,,,
5506.327397048008,absorbing,left,26.0,30.0,283.0,259.0,752.0,754.0,1506.0,13.0,0.0,50.0,256,4,449956,3402,222,56,,,,,
5507.677034900989,absorbing,left,26.0,31.0,283.0,259.0,752.0,755.0,1507.0,13.0,1.0,51.0,256,4,964960,4560,222,56,,,,,
5509.599838638911,absorbing,left,27.0,31.0,283.0,259.0,752.0,755.0,1507.0,10.0,0.0,51.0,256,4,943648,4200,222,56,,,,,
5514.078510408988,absorbing,left,28.0,31.0,283.0,259.0,754.0,755.0,1509.0,10.0,2.0,53.0,256,4,944320,4220,222,56,,,,,
5517.077531654853,absorbing,left,29.0,31.0,283.0,259.0,755.0,755.0,1510.0,11.0,1.0,54.0,256,4,752320,4292,222,56,,,,,
5523.632668050006,unswapping,,,,,,,,,,,,256,4,1312324,4598,222,56,0.0,both,0.0,10.0,10.0
5530.301053559873,unswapping,,,,,,,,,,,,256,4,1235908,4118,222,56,0.0,both,1.0,7.0,17.0
5535.2923477080185,unswapping,,,,,,,,,,,,256,4,586500,3210,222,56,0.0,left,0.0,7.0,24.0
5536.640969882952,unswapping,,,,,,,,,,,,256,4,222504,2242,222,56,0.0,left,1.0,11.0,35.0
5537.55468727299,unswapping,,,,,,,,,,,,64,4,106000,1676,222,56,0.0,right,0.0,7.0,42.0
5538.235224936856,unswapping,,,,,,,,,,,,64,4,105744,1668,222,56,0.0,right,1.0,1.0,43.0
5539.604116443079,unswapping,,,,,,,,,,,,64,4,86376,1508,222,56,1.0,both,0.0,5.0,5.0
5540.76248731697,unswapping,,,,,,,,,,,,64,4,58832,1272,222,56,1.0,both,1.0,8.0,13.0
5541.2466717869975,unswapping,,,,,,,,,,,,64,4,57680,1232,222,56,1.0,left,0.0,4.0,17.0
5541.7533213018905,unswapping,,,,,,,,,,,,64,4,57380,1214,222,56,1.0,left,1.0,3.0,20.0
5542.198521543061,unswapping,,,,,,,,,,,,64,4,57044,1202,222,56,1.0,right,0.0,2.0,22.0
5542.704205367947,unswapping,,,,,,,,,,,,64,4,55844,1182,222,56,1.0,right,1.0,2.0,24.0
5543.728860532865,unswapping,,,,,,,,,,,,64,4,26420,978,222,56,2.0,both,0.0,5.0,5.0
5544.651638929965,unswapping,,,,,,,,,,,,32,4,13124,822,222,56,2.0,both,1.0,5.0,10.0
5545.117225471884,unswapping,,,,,,,,,,,,16,4,9128,744,222,56,2.0,left,0.0,5.0,15.0
5545.534135597991,unswapping,,,,,,,,,,,,16,4,8264,720,222,56,2.0,left,1.0,3.0,18.0
5545.936724992003,unswapping,,,,,,,,,,,,16,4,8216,716,222,56,2.0,right,0.0,1.0,19.0
5546.3374216218945,unswapping,,,,,,,,,,,,16,4,7016,688,222,56,2.0,right,1.0,2.0,21.0
5547.340805610875,unswapping,,,,,,,,,,,,16,4,4328,624,222,56,3.0,both,0.0,4.0,4.0
5548.103883442003,unswapping,,,,,,,,,,,,16,4,3712,596,222,56,3.0,both,1.0,3.0,7.0
5548.48556910106,unswapping,,,,,,,,,,,,16,4,3664,592,222,56,3.0,left,0.0,1.0,8.0
5548.87098488491,unswapping,,,,,,,,,,,,8,4,3104,572,222,56,3.0,left,1.0,2.0,10.0
5549.252169736894,unswapping,,,,,,,,,,,,8,4,3024,562,222,56,3.0,right,0.0,2.0,12.0
5549.629016263876,unswapping,,,,,,,,,,,,8,4,2832,554,222,56,3.0,right,1.0,1.0,13.0
5550.384619277902,unswapping,,,,,,,,,,,,8,4,2448,538,222,56,4.0,both,0.0,2.0,2.0
5551.130949985934,unswapping,,,,,,,,,,,,8,4,2244,528,222,56,4.0,both,1.0,2.0,4.0
5551.511116645997,unswapping,,,,,,,,,,,,8,4,2052,520,222,56,4.0,left,0.0,1.0,5.0
5551.88790765102,unswapping,,,,,,,,,,,,8,4,1924,512,222,56,4.0,left,1.0,1.0,6.0
5552.120000503026,unswapping,,,,,,,,,,,,8,4,1924,512,222,56,4.0,right,0.0,0.0,6.0
5552.3499270349275,unswapping,,,,,,,,,,,,8,4,1924,512,222,56,4.0,right,1.0,0.0,6.0
5553.0987703520805,unswapping,,,,,,,,,,,,8,4,1912,510,222,56,5.0,both,0.0,1.0,1.0
5553.844140978064,unswapping,,,,,,,,,,,,8,4,1900,508,222,56,5.0,both,1.0,1.0,2.0
5554.079645929858,unswapping,,,,,,,,,,,,8,4,1900,508,222,56,5.0,left,0.0,0.0,2.0
5554.31069617602,unswapping,,,,,,,,,,,,8,4,1900,508,222,56,5.0,left,1.0,0.0,2.0
5554.542472410016,unswapping,,,,,,,,,,,,8,4,1900,508,222,56,5.0,right,0.0,0.0,2.0
5554.770875564078,unswapping,,,,,,,,,,,,8,4,1900,508,222,56,5.0,right,1.0,0.0,2.0
5555.514759931946,unswapping,,,,,,,,,,,,8,4,1888,506,222,56,6.0,both,0.0,1.0,1.0
5556.468370632036,unswapping,,,,,,,,,,,,8,4,1876,504,222,56,6.0,both,1.0,1.0,2.0
5556.702942949021,unswapping,,,,,,,,,,,,8,4,1876,504,222,56,6.0,left,0.0,0.0,2.0
5556.936336345039,unswapping,,,,,,,,,,,,8,4,1876,504,222,56,6.0,left,1.0,0.0,2.0
5557.166179724038,unswapping,,,,,,,,,,,,8,4,1876,504,222,56,6.0,right,0.0,0.0,2.0
5557.394408196909,unswapping,,,,,,,,,,,,8,4,1876,504,222,56,6.0,right,1.0,0.0,2.0
5558.136719075032,unswapping,,,,,,,,,,,,8,4,1864,502,222,56,7.0,both,0.0,1.0,1.0
5558.874814081006,unswapping,,,,,,,,,,,,8,4,1852,500,222,56,7.0,both,1.0,1.0,2.0
5559.110003795009,unswapping,,,,,,,,,,,,8,4,1852,500,222,56,7.0,left,0.0,0.0,2.0
5559.33951998991,unswapping,,,,,,,,,,,,8,4,1852,500,222,56,7.0,left,1.0,0.0,2.0
5559.570411860943,unswapping,,,,,,,,,,,,8,4,1852,500,222,56,7.0,right,0.0,0.0,2.0
5559.79750951007,unswapping,,,,,,,,,,,,8,4,1852,500,222,56,7.0,right,1.0,0.0,2.0
5560.259870470036,unswapping,,,,,,,,,,,,8,4,1852,500,222,56,8.0,both,0.0,0.0,0.0
5560.712097767042,unswapping,,,,,,,,,,,,8,4,1852,500,222,56,8.0,both,1.0,0.0,0.0
5560.944656243082,unswapping,,,,,,,,,,,,8,4,1852,500,222,56,8.0,left,0.0,0.0,0.0
5561.17529522907,unswapping,,,,,,,,,,,,8,4,1852,500,222,56,8.0,left,1.0,0.0,0.0
5561.405336937867,unswapping,,,,,,,,,,,,8,4,1852,500,222,56,8.0,right,0.0,0.0,0.0
5561.632934093941,unswapping,,,,,,,,,,,,8,4,1852,500,222,56,8.0,right,1.0,0.0,0.0
5563.943454314023,absorbing,left,1.0,0.0,272.0,207.0,756.0,755.0,1511.0,15.0,1.0,1.0,8,4,1660,492,222,56,,,,,
5564.242296479875,absorbing,left,2.0,0.0,272.0,207.0,758.0,755.0,1513.0,14.0,2.0,3.0,16,4,2872,624,222,56,,,,,
5564.542841852875,absorbing,left,2.0,1.0,272.0,207.0,758.0,756.0,1514.0,11.0,1.0,4.0,16,4,3356,616,222,56,,,,,
5564.843595358077,absorbing,left,3.0,1.0,272.0,207.0,758.0,756.0,1514.0,15.0,0.0,4.0,32,4,6064,740,222,56,,,,,
5565.158608498983,absorbing,left,3.0,2.0,272.0,207.0,758.0,757.0,1515.0,11.0,1.0,5.0,32,4,6824,776,222,56,,,,,
5565.481541964924,absorbing,left,3.0,3.0,272.0,207.0,758.0,757.0,1515.0,13.0,0.0,5.0,16,4,8216,830,222,56,,,,,
5565.813254886074,absorbing,left,4.0,3.0,272.0,207.0,760.0,757.0,1517.0,14.0,2.0,7.0,32,4,10900,904,222,56,,,,,
5566.15301496489,absorbing,left,4.0,4.0,272.0,207.0,760.0,758.0,1518.0,14.0,1.0,8.0,32,4,13300,992,222,56,,,,,
5566.506046946859,absorbing,left,5.0,4.0,272.0,207.0,760.0,758.0,1518.0,14.0,0.0,8.0,32,4,16348,1080,222,56,,,,,
5566.870792408939,absorbing,left,5.0,5.0,272.0,207.0,760.0,758.0,1518.0,15.0,0.0,8.0,16,4,17180,1100,222,56,,,,,
5567.257980440045,absorbing,left,6.0,5.0,272.0,207.0,760.0,758.0,1518.0,11.0,0.0,8.0,32,4,18984,1146,222,56,,,,,
5567.84547367692,absorbing,left,6.0,6.0,272.0,207.0,760.0,758.0,1518.0,14.0,0.0,8.0,32,4,23460,1216,222,56,,,,,
5568.231629241956,absorbing,left,7.0,6.0,272.0,207.0,760.0,758.0,1518.0,10.0,0.0,8.0,64,4,34656,1362,222,56,,,,,
5568.632978308946,absorbing,left,7.0,7.0,272.0,207.0,760.0,759.0,1519.0,13.0,1.0,9.0,64,4,51072,1542,222,56,,,,,
5569.066551164957,absorbing,left,7.0,8.0,272.0,207.0,760.0,759.0,1519.0,12.0,0.0,9.0,64,4,77616,1818,222,56,,,,,
5569.66509889788,absorbing,left,7.0,9.0,272.0,207.0,760.0,760.0,1520.0,12.0,1.0,10.0,64,4,95680,2094,222,56,,,,,
5570.192329131998,absorbing,left,8.0,9.0,272.0,207.0,761.0,760.0,1521.0,8.0,1.0,11.0,128,4,131136,2194,222,56,,,,,
5570.724302452058,absorbing,left,9.0,9.0,272.0,207.0,761.0,760.0,1521.0,8.0,0.0,11.0,128,4,125952,2082,222,56,,,,,
5571.367678120965,absorbing,left,10.0,9.0,272.0,207.0,763.0,760.0,1523.0,8.0,2.0,13.0,128,4,116864,2050,222,56,,,,,
5571.8800917658955,absorbing,left,11.0,9.0,272.0,207.0,763.0,760.0,1523.0,9.0,0.0,13.0,128,4,98048,1986,222,56,,,,,
5572.4002391779795,absorbing,left,12.0,9.0,272.0,207.0,763.0,760.0,1523.0,9.0,0.0,13.0,64,4,81600,1850,222,56,,,,,
5572.838738983963,absorbing,left,13.0,9.0,272.0,207.0,764.0,760.0,1524.0,8.0,1.0,14.0,128,4,113984,2058,222,56,,,,,
5573.520608099876,absorbing,left,14.0,9.0,272.0,207.0,766.0,760.0,1526.0,9.0,2.0,16.0,128,4,104832,2218,222,56,,,,,
5574.121758699883,absorbing,left,15.0,9.0,272.0,207.0,767.0,760.0,1527.0,9.0,1.0,17.0,64,4,105600,2250,222,56,,,,,
5574.809678141959,absorbing,left,15.0,10.0,272.0,207.0,767.0,760.0,1527.0,10.0,0.0,17.0,128,4,137856,2634,222,56,,,,,
5575.597700469894,absorbing,left,16.0,10.0,272.0,207.0,767.0,760.0,1527.0,8.0,0.0,17.0,64,4,150528,2610,222,56,,,,,
5576.314633880043,absorbing,left,17.0,10.0,272.0,207.0,769.0,760.0,1529.0,7.0,2.0,19.0,128,4,212480,2994,222,56,,,,,
5577.081955808913,absorbing,left,18.0,10.0,272.0,207.0,771.0,760.0,1531.0,4.0,2.0,21.0,128,4,228096,3202,222,56,,,,,
5577.674422573997,absorbing,left,19.0,10.0,272.0,207.0,773.0,760.0,1533.0,4.0,2.0,23.0,128,4,281344,3522,222,56,,,,,
5578.264529869892,absorbing,left,20.0,10.0,272.0,207.0,775.0,760.0,1535.0,5.0,2.0,25.0,128,4,362752,3746,222,56,,,,,
5579.5304332638625,absorbing,left,20.0,11.0,272.0,207.0,775.0,761.0,1536.0,8.0,1.0,26.0,128,4,475904,4066,222,56,,,,,
5581.055516342865,absorbing,left,21.0,11.0,272.0,207.0,778.0,761.0,1539.0,4.0,3.0,29.0,128,4,589568,4546,222,56,,,,,
5582.138666220941,absorbing,left,22.0,11.0,272.0,207.0,779.0,761.0,1540.0,5.0,1.0,30.0,128,4,603904,4658,222,56,,,,,
5583.86777270888,absorbing,left,23.0,11.0,272.0,207.0,780.0,761.0,1541.0,5.0,1.0,31.0,256,4,802560,5234,222,56,,,,,
5585.37342992099,absorbing,left,24.0,11.0,272.0,207.0,780.0,761.0,1541.0,7.0,0.0,31.0,256,4,973056,5650,222,56,,,,,
5594.308209765935,unswapping,,,,,,,,,,,,510,4,1143748,5758,222,56,0.0,both,0.0,10.0,10.0
5600.234778587939,unswapping,,,,,,,,,,,,128,4,348488,3468,222,56,0.0,both,1.0,16.0,26.0
5601.619404210942,unswapping,,,,,,,,,,,,128,4,237844,2822,222,56,0.0,left,0.0,12.0,38.0
5602.795286417007,unswapping,,,,,,,,,,,,83,4,171384,2446,222,56,0.0,left,1.0,12.0,50.0
5603.7589035260025,unswapping,,,,,,,,,,,,73,4,155348,2236,222,56,0.0,right,0.0,9.0,59.0
5604.508853216888,unswapping,,,,,,,,,,,,65,4,134628,2064,222,56,0.0,right,1.0,6.0,65.0
5606.116392916068,unswapping,,,,,,,,,,,,64,4,91884,1762,222,56,1.0,both,0.0,9.0,9.0
5607.453503543977,unswapping,,,,,,,,,,,,64,4,69136,1504,222,56,1.0,both,1.0,8.0,17.0
5608.002717577852,unswapping,,,,,,,,,,,,64,4,59920,1424,222,56,1.0,left,0.0,2.0,19.0
5608.552080861991,unswapping,,,,,,,,,,,,64,4,46368,1316,222,56,1.0,left,1.0,3.0,22.0
5609.055451879045,unswapping,,,,,,,,,,,,64,4,42432,1260,222,56,1.0,right,0.0,2.0,24.0
5609.539686823031,unswapping,,,,,,,,,,,,64,4,42176,1252,222,56,1.0,right,1.0,1.0,25.0
5610.666905606864,unswapping,,,,,,,,,,,,32,4,28788,1090,222,56,2.0,both,0.0,10.0,10.0
5611.546192446956,unswapping,,,,,,,,,,,,32,4,20808,960,222,56,2.0,both,1.0,7.0,17.0
5611.97681151703,unswapping,,,,,,,,,,,,32,4,16152,908,222,56,2.0,left,0.0,2.0,19.0
5612.39649325097,unswapping,,,,,,,,,,,,32,4,14104,860,222,56,2.0,left,1.0,2.0,21.0
5612.803603720851,unswapping,,,,,,,,,,,,32,4,13912,852,222,56,2.0,right,0.0,1.0,22.0
5613.216257581953,unswapping,,,,,,,,,,,,32,4,13016,828,222,56,2.0,right,1.0,2.0,24.0
5614.017414942849,unswapping,,,,,,,,,,,,32,4,11644,800,222,56,3.0,both,0.0,3.0,3.0
5614.849436223973,unswapping,,,,,,,,,,,,22,4,8672,756,222,56,3.0,both,1.0,4.0,7.0
5615.257931876928,unswapping,,,,,,,,,,,,21,4,7808,730,222,56,3.0,left,0.0,2.0,9.0
5615.510168850888,unswapping,,,,,,,,,,,,21,4,7808,730,222,56,3.0,left,1.0,1.0,10.0
5615.910192372976,unswapping,,,,,,,,,,,,20,4,7408,716,222,56,3.0,right,0.0,2.0,12.0
5616.5438789860345,unswapping,,,,,,,,,,,,19,4,7120,702,222,56,3.0,right,1.0,2.0,14.0
5617.321568527026,unswapping,,,,,,,,,,,,16,4,6820,694,222,56,4.0,both,0.0,2.0,2.0
5618.105430433061,unswapping,,,,,,,,,,,,16,4,6660,686,222,56,4.0,both,1.0,1.0,3.0
5618.350078665884,unswapping,,,,,,,,,,,,16,4,6660,686,222,56,4.0,left,0.0,0.0,3.0
5618.599869241938,unswapping,,,,,,,,,,,,16,4,6660,686,222,56,4.0,left,1.0,0.0,3.0
5618.8396736539435,unswapping,,,,,,,,,,,,16,4,6660,686,222,56,4.0,right,0.0,0.0,3.0
5619.0903203049675,unswapping,,,,,,,,,,,,16,4,6660,686,222,56,4.0,right,1.0,0.0,3.0
5619.575951199047,unswapping,,,,,,,,,,,,16,4,6660,686,222,56,5.0,both,0.0,0.0,0.0
5620.067543470999,unswapping,,,,,,,,,,,,16,4,6660,686,222,56,5.0,both,1.0,0.0,0.0
5620.310916793067,unswapping,,,,,,,,,,,,16,4,6660,686,222,56,5.0,left,0.0,0.0,0.0
5620.562492873054,unswapping,,,,,,,,,,,,16,4,6660,686,222,56,5.0,left,1.0,0.0,0.0
5620.802730866941,unswapping,,,,,,,,,,,,16,4,6660,686,222,56,5.0,right,0.0,0.0,0.0
5621.053417769028,unswapping,,,,,,,,,,,,16,4,6660,686,222,56,5.0,right,1.0,0.0,0.0
5623.349673029967,absorbing,left,1.0,0.0,233.0,214.0,781.0,761.0,1542.0,11.0,1.0,1.0,16,4,6580,682,222,56,,,,,
5623.658821295947,absorbing,left,1.0,1.0,233.0,214.0,781.0,763.0,1544.0,12.0,2.0,3.0,16,4,7492,776,222,56,,,,,
5623.9771430899855,absorbing,left,2.0,1.0,233.0,214.0,782.0,763.0,1545.0,11.0,1.0,4.0,32,4,8612,762,222,56,,,,,
5624.297453274019,absorbing,left,2.0,2.0,233.0,214.0,782.0,764.0,1546.0,12.0,1.0,5.0,23,4,9496,848,222,56,,,,,
5624.627872131066,absorbing,left,3.0,2.0,233.0,214.0,783.0,764.0,1547.0,11.0,1.0,6.0,32,4,11272,846,222,56,,,,,
5624.954549545888,absorbing,left,3.0,3.0,233.0,214.0,783.0,765.0,1548.0,12.0,1.0,7.0,18,4,12036,940,222,56,,,,,
5625.294485338964,absorbing,left,4.0,3.0,233.0,214.0,783.0,765.0,1548.0,10.0,0.0,7.0,32,4,15168,994,222,56,,,,,
5625.656212640926,absorbing,left,4.0,4.0,233.0,214.0,783.0,767.0,1550.0,9.0,2.0,9.0,32,4,20624,1120,222,56,,,,,
5626.014895020984,absorbing,left,4.0,5.0,233.0,214.0,783.0,768.0,1551.0,8.0,1.0,10.0,32,4,21296,1168,222,56,,,,,
5626.367385115009,absorbing,left,5.0,5.0,233.0,214.0,783.0,768.0,1551.0,9.0,0.0,10.0,32,4,29392,1260,222,56,,,,,
5626.729434541892,absorbing,left,6.0,5.0,233.0,214.0,783.0,768.0,1551.0,11.0,0.0,10.0,32,4,26800,1208,222,56,,,,,
5627.09010077198,absorbing,left,7.0,5.0,233.0,214.0,783.0,768.0,1551.0,12.0,0.0,10.0,32,4,24448,1220,222,56,,,,,
5627.455721844919,absorbing,left,7.0,6.0,233.0,214.0,783.0,769.0,1552.0,10.0,1.0,11.0,32,4,21260,1202,222,56,,,,,
5627.82371385186,absorbing,left,7.0,7.0,233.0,214.0,783.0,769.0,1552.0,10.0,0.0,11.0,32,4,22892,1262,222,56,,,,,
5628.209579363,absorbing,left,8.0,7.0,233.0,214.0,784.0,769.0,1553.0,11.0,1.0,12.0,32,4,25116,1292,222,56,,,,,
5628.600491577992,absorbing,left,8.0,8.0,233.0,214.0,784.0,769.0,1553.0,11.0,0.0,12.0,32,4,27820,1386,222,56,,,,,
5628.989986036904,absorbing,left,9.0,8.0,233.0,214.0,784.0,769.0,1553.0,10.0,0.0,12.0,64,4,33324,1452,222,56,,,,,
5629.406912046019,absorbing,left,10.0,8.0,233.0,214.0,784.0,769.0,1553.0,8.0,0.0,12.0,64,4,39588,1528,222,56,,,,,
5630.059979845071,absorbing,left,10.0,9.0,233.0,214.0,784.0,770.0,1554.0,9.0,1.0,13.0,64,4,43772,1604,222,56,,,,,
5630.488771867938,absorbing,left,10.0,10.0,233.0,214.0,784.0,770.0,1554.0,9.0,0.0,13.0,32,4,42556,1642,222,56,,,,,
5630.932174941059,absorbing,left,11.0,10.0,233.0,214.0,784.0,770.0,1554.0,7.0,0.0,13.0,32,4,38972,1554,222,56,,,,,
5631.382184841903,absorbing,left,12.0,10.0,233.0,214.0,785.0,770.0,1555.0,6.0,1.0,14.0,32,4,42796,1662,222,56,,,,,
5631.839187085861,absorbing,left,12.0,11.0,233.0,214.0,785.0,770.0,1555.0,9.0,0.0,14.0,64,4,50732,1806,222,56,,,,,
5632.265437806025,absorbing,left,13.0,11.0,233.0,214.0,785.0,770.0,1555.0,9.0,0.0,14.0,64,4,62636,1946,222,56,,,,,
5632.682687462075,absorbing,left,14.0,11.0,233.0,214.0,786.0,770.0,1556.0,8.0,1.0,15.0,64,4,80300,2042,222,56,,,,,
5633.185850155074,absorbing,left,15.0,11.0,233.0,214.0,788.0,770.0,1558.0,7.0,2.0,17.0,64,4,100780,2250,222,56,,,,,
5633.665594568942,absorbing,left,15.0,12.0,233.0,214.0,788.0,772.0,1560.0,8.0,2.0,19.0,128,4,144556,2586,222,56,,,,,
5634.166603435995,absorbing,left,16.0,12.0,233.0,214.0,789.0,772.0,1561.0,6.0,1.0,20.0,128,4,230828,2970,222,56,,,,,
5634.707373295911,absorbing,left,17.0,12.0,233.0,214.0,790.0,772.0,1562.0,7.0,1.0,21.0,128,4,321964,3386,222,56,,,,,
5635.275337121915,absorbing,left,18.0,12.0,233.0,214.0,791.0,772.0,1563.0,7.0,1.0,22.0,128,4,311212,3370,222,56,,,,,
5635.846448641969,absorbing,left,19.0,12.0,233.0,214.0,791.0,772.0,1563.0,9.0,0.0,22.0,128,4,259948,3292,222,56,,,,,
5636.492184799863,absorbing,left,20.0,12.0,233.0,214.0,791.0,772.0,1563.0,9.0,0.0,22.0,128,4,301996,3586,222,56,,,,,
5637.196814436931,absorbing,left,21.0,12.0,233.0,214.0,792.0,772.0,1564.0,8.0,1.0,23.0,156,4,384084,3828,222,56,,,,,
5637.909148685867,absorbing,left,21.0,13.0,233.0,214.0,792.0,774.0,1566.0,6.0,2.0,25.0,128,4,458004,4252,222,56,,,,,
5639.123608128866,absorbing,left,21.0,14.0,233.0,214.0,792.0,776.0,1568.0,6.0,2.0,27.0,128,4,536812,4604,222,56,,,,,
5639.844086939003,absorbing,left,21.0,15.0,233.0,214.0,792.0,777.0,1569.0,7.0,1.0,28.0,128,4,634540,4762,222,56,,,,,
5647.265484692063,unswapping,,,,,,,,,,,,128,4,389548,3902,222,56,0.0,both,0.0,10.0,10.0
5649.181634424953,unswapping,,,,,,,,,,,,128,4,201868,2990,222,56,0.0,both,1.0,7.0,17.0
5650.287412411068,unswapping,,,,,,,,,,,,64,4,104940,2348,222,56,0.0,left,0.0,10.0,27.0
5651.223604772938,unswapping,,,,,,,,,,,,32,4,53100,1746,222,56,0.0,left,1.0,14.0,41.0
5651.7577076558955,unswapping,,,,,,,,,,,,32,4,41868,1486,222,56,0.0,right,0.0,7.0,48.0
5652.29404684389,unswapping,,,,,,,,,,,,32,4,36716,1410,222,56,0.0,right,1.0,3.0,51.0
5653.324308102019,unswapping,,,,,,,,,,,,32,4,26748,1254,222,56,1.0,both,0.0,7.0,7.0
5654.488886035979,unswapping,,,,,,,,,,,,32,4,15472,1044,222,56,1.0,both,1.0,11.0,18.0
5654.929916594876,unswapping,,,,,,,,,,,,16,4,11176,940,222,56,1.0,left,0.0,6.0,24.0
5655.350853299955,unswapping,,,,,,,,,,,,16,4,9896,892,222,56,1.0,left,1.0,3.0,27.0
5655.751599163981,unswapping,,,,,,,,,,,,16,4,9192,868,222,56,1.0,right,0.0,2.0,29.0
5656.006980672013,unswapping,,,,,,,,,,,,16,4,9192,868,222,56,1.0,right,1.0,0.0,29.0
5656.818949328968,unswapping,,,,,,,,,,,,16,4,7596,814,222,56,2.0,both,0.0,5.0,5.0
5657.609107010998,unswapping,,,,,,,,,,,,8,4,6600,762,222,56,2.0,both,1.0,4.0,9.0
5657.999639130896,unswapping,,,,,,,,,,,,8,4,6540,756,222,56,2.0,left,0.0,1.0,10.0
5658.245173871983,unswapping,,,,,,,,,,,,8,4,6540,756,222,56,2.0,left,1.0,0.0,10.0
5658.63049529097,unswapping,,,,,,,,,,,,8,4,6300,744,222,56,2.0,right,0.0,1.0,11.0
5659.01929672691,unswapping,,,,,,,,,,,,8,4,6060,732,222,56,2.0,right,1.0,1.0,12.0
5659.803572596051,unswapping,,,,,,,,,,,,8,4,5784,714,222,56,3.0,both,0.0,4.0,4.0
5660.568633249961,unswapping,,,,,,,,,,,,8,4,5712,706,222,56,3.0,both,1.0,2.0,6.0
5660.81329529197,unswapping,,,,,,,,,,,,8,4,5712,706,222,56,3.0,left,0.0,0.0,6.0
5661.06125094695,unswapping,,,,,,,,,,,,8,4,5712,706,222,56,3.0,left,1.0,0.0,6.0
5661.451580880908,unswapping,,,,,,,,,,,,8,4,5492,692,222,56,3.0,right,0.0,2.0,8.0
5661.832279725,unswapping,,,,,,,,,,,,8,4,5300,680,222,56,3.0,right,1.0,1.0,9.0
5662.588204989908,unswapping,,,,,,,,,,,,8,4,5288,678,222,56,4.0,both,0.0,1.0,1.0
5663.345383414067,unswapping,,,,,,,,,,,,8,4,5216,670,222,56,4.0,both,1.0,2.0,3.0
5663.58820182085,unswapping,,,,,,,,,,,,8,4,5216,670,222,56,4.0,left,0.0,0.0,3.0
5663.826750573004,unswapping,,,,,,,,,,,,8,4,5216,670,222,56,4.0,left,1.0,0.0,3.0
5664.430172323016,unswapping,,,,,,,,,,,,8,4,5096,662,222,56,4.0,right,0.0,2.0,5.0
5664.666284800973,unswapping,,,,,,,,,,,,8,4,5096,662,222,56,4.0,right,1.0,0.0,5.0
5665.421236983035,unswapping,,,,,,,,,,,,8,4,5084,660,222,56,5.0,both,0.0,1.0,1.0
5666.176504093921,unswapping,,,,,,,,,,,,8,4,4876,648,222,56,5.0,both,1.0,2.0,3.0
5666.4171714589465,unswapping,,,,,,,,,,,,8,4,4876,648,222,56,5.0,left,0.0,0.0,3.0
5666.654158816906,unswapping,,,,,,,,,,,,8,4,4876,648,222,56,5.0,left,1.0,0.0,3.0
5667.037265156861,unswapping,,,,,,,,,,,,8,4,4732,642,222,56,5.0,right,0.0,1.0,4.0
5667.273347462993,unswapping,,,,,,,,,,,,8,4,4732,642,222,56,5.0,right,1.0,1.0,5.0
5668.0234426080715,unswapping,,,,,,,,,,,,8,4,4684,638,222,56,6.0,both,0.0,1.0,1.0
5668.774563757004,unswapping,,,,,,,,,,,,8,4,4480,628,222,56,6.0,both,1.0,2.0,3.0
5669.01402160991,unswapping,,,,,,,,,,,,8,4,4480,628,222,56,6.0,left,0.0,0.0,3.0
5669.246268392075,unswapping,,,,,,,,,,,,8,4,4480,628,222,56,6.0,left,1.0,1.0,4.0
5669.482084014919,unswapping,,,,,,,,,,,,8,4,4480,628,222,56,6.0,right,0.0,1.0,5.0
5669.716081468854,unswapping,,,,,,,,,,,,8,4,4480,628,222,56,6.0,right,1.0,0.0,5.0
5670.473438195884,unswapping,,,,,,,,,,,,8,4,4396,622,222,56,7.0,both,0.0,2.0,2.0
5671.223888187902,unswapping,,,,,,,,,,,,8,4,4300,614,222,56,7.0,both,1.0,2.0,4.0
5671.461657174863,unswapping,,,,,,,,,,,,8,4,4300,614,222,56,7.0,left,0.0,0.0,4.0
5671.692532762885,unswapping,,,,,,,,,,,,8,4,4300,614,222,56,7.0,left,1.0,0.0,4.0
5671.925550526939,unswapping,,,,,,,,,,,,8,4,4300,614,222,56,7.0,right,0.0,1.0,5.0
5672.155121421907,unswapping,,,,,,,,,,,,8,4,4300,614,222,56,7.0,right,1.0,0.0,5.0
5672.910191643052,unswapping,,,,,,,,,,,,8,4,4240,608,222,56,8.0,both,0.0,2.0,2.0
5673.871346291853,unswapping,,,,,,,,,,,,8,4,4192,604,222,56,8.0,both,1.0,1.0,3.0
5674.107947929064,unswapping,,,,,,,,,,,,8,4,4192,604,222,56,8.0,left,0.0,0.0,3.0
5674.337830578908,unswapping,,,,,,,,,,,,8,4,4192,604,222,56,8.0,left,1.0,0.0,3.0
5674.572417234071,unswapping,,,,,,,,,,,,8,4,4192,604,222,56,8.0,right,0.0,1.0,4.0
5674.8031345929485,unswapping,,,,,,,,,,,,8,4,4192,604,222,56,8.0,right,1.0,0.0,4.0
5675.268213538919,unswapping,,,,,,,,,,,,8,4,4192,604,222,56,9.0,both,0.0,0.0,0.0
5675.727875137003,unswapping,,,,,,,,,,,,8,4,4192,604,222,56,9.0,both,1.0,0.0,0.0
5675.963152708951,unswapping,,,,,,,,,,,,8,4,4192,604,222,56,9.0,left,0.0,0.0,0.0
5676.193254827056,unswapping,,,,,,,,,,,,8,4,4192,604,222,56,9.0,left,1.0,0.0,0.0
5676.427468457026,unswapping,,,,,,,,,,,,8,4,4192,604,222,56,9.0,right,0.0,1.0,1.0
5676.658425376052,unswapping,,,,,,,,,,,,8,4,4192,604,222,56,9.0,right,1.0,0.0,1.0
5678.7730223229155,absorbing,left,1.0,0.0,219.0,209.0,792.0,777.0,1569.0,12.0,0.0,0.0,8,4,4192,604,222,56,,,,,
5679.0727541928645,absorbing,left,2.0,0.0,219.0,209.0,792.0,777.0,1569.0,13.0,0.0,0.0,32,4,7868,780,222,56,,,,,
5679.381169830915,absorbing,left,2.0,1.0,219.0,209.0,792.0,779.0,1571.0,10.0,2.0,2.0,32,4,10612,770,222,56,,,,,
5679.689914393937,absorbing,left,2.0,2.0,219.0,209.0,792.0,780.0,1572.0,10.0,1.0,3.0,32,4,17200,922,222,56,,,,,
5680.009660274023,absorbing,left,3.0,2.0,219.0,209.0,792.0,780.0,1572.0,11.0,0.0,3.0,32,4,20824,978,222,56,,,,,
5680.330010066042,absorbing,left,3.0,3.0,219.0,209.0,792.0,782.0,1574.0,8.0,2.0,5.0,32,4,23092,1036,222,56,,,,,
5680.680434793932,absorbing,left,3.0,4.0,219.0,209.0,792.0,784.0,1576.0,11.0,2.0,7.0,32,4,23892,1090,222,56,,,,,
5681.030965382932,absorbing,left,3.0,5.0,219.0,209.0,792.0,786.0,1578.0,9.0,2.0,9.0,64,4,36292,1252,222,56,,,,,
5681.384603844956,absorbing,left,3.0,6.0,219.0,209.0,792.0,786.0,1578.0,7.0,0.0,9.0,64,4,58060,1426,222,56,,,,,
5681.758765975945,absorbing,left,4.0,6.0,219.0,209.0,792.0,786.0,1578.0,12.0,0.0,9.0,64,4,86660,1676,222,56,,,,,
5682.225717037916,absorbing,left,4.0,7.0,219.0,209.0,792.0,787.0,1579.0,10.0,1.0,10.0,128,4,132900,1928,222,56,,,,,
5682.739367678063,absorbing,left,4.0,8.0,219.0,209.0,792.0,788.0,1580.0,11.0,1.0,11.0,128,4,195188,2108,222,56,,,,,
5683.32245928701,absorbing,left,5.0,8.0,219.0,209.0,793.0,788.0,1581.0,11.0,1.0,12.0,128,4,204020,2284,222,56,,,,,
5683.951316004852,absorbing,left,6.0,8.0,219.0,209.0,793.0,788.0,1581.0,10.0,0.0,12.0,128,4,200276,2324,222,56,,,,,
5684.617921152851,absorbing,left,7.0,8.0,219.0,209.0,793.0,788.0,1581.0,12.0,0.0,12.0,128,4,154436,2320,222,56,,,,,
5685.276096642949,absorbing,left,7.0,9.0,219.0,209.0,793.0,789.0,1582.0,8.0,1.0,13.0,128,4,175428,2480,222,56,,,,,
5685.955792010063,absorbing,left,7.0,10.0,219.0,209.0,793.0,790.0,1583.0,10.0,1.0,14.0,128,4,217600,2638,222,56,,,,,
5686.584579552989,absorbing,left,7.0,11.0,219.0,209.0,793.0,790.0,1583.0,9.0,0.0,14.0,128,4,226204,2710,222,56,,,,,
5687.402345547918,absorbing,left,8.0,11.0,219.0,209.0,794.0,790.0,1584.0,10.0,1.0,15.0,128,4,255884,2994,222,56,,,,,
5688.403407536913,absorbing,left,8.0,12.0,219.0,209.0,794.0,790.0,1584.0,8.0,0.0,15.0,128,4,336716,3434,222,56,,,,,
5689.530645977007,absorbing,left,9.0,12.0,219.0,209.0,795.0,790.0,1585.0,10.0,1.0,16.0,128,4,618616,4188,222,56,,,,,
5699.669556451961,unswapping,,,,,,,,,,,,510,4,1056716,5064,222,56,0.0,both,0.0,3.0,3.0
5703.593544977019,unswapping,,,,,,,,,,,,128,4,274764,3116,222,56,0.0,both,1.0,9.0,12.0
5704.67543641408,unswapping,,,,,,,,,,,,64,4,147588,2274,222,56,0.0,left,0.0,8.0,20.0
5705.69213988306,unswapping,,,,,,,,,,,,64,4,76092,1756,222,56,0.0,left,1.0,13.0,33.0
5706.263146054,unswapping,,,,,,,,,,,,64,4,54612,1348,222,56,0.0,right,0.0,11.0,44.0
5706.836658596061,unswapping,,,,,,,,,,,,64,4,47256,1230,222,56,0.0,right,1.0,6.0,50.0
5707.768148796866,unswapping,,,,,,,,,,,,64,4,39272,1054,222,56,1.0,both,0.0,6.0,6.0
5708.619912002934,unswapping,,,,,,,,,,,,64,4,33472,950,222,56,1.0,both,1.0,6.0,12.0
5709.0734796170145,unswapping,,,,,,,,,,,,64,4,17092,788,222,56,1.0,left,0.0,7.0,19.0
5709.491980083985,unswapping,,,,,,,,,,,,32,4,10628,700,222,56,1.0,left,1.0,4.0,23.0
5709.875328573864,unswapping,,,,,,,,,,,,32,4,10568,694,222,56,1.0,right,0.0,1.0,24.0
5710.301677501062,unswapping,,,,,,,,,,,,32,4,7496,662,222,56,1.0,right,1.0,1.0,25.0
5711.100231411867,unswapping,,,,,,,,,,,,16,4,4352,582,222,56,2.0,both,0.0,5.0,5.0
5711.877045668894,unswapping,,,,,,,,,,,,16,4,2192,510,222,56,2.0,both,1.0,7.0,12.0
5712.249279547017,unswapping,,,,,,,,,,,,8,4,1592,472,222,56,2.0,left,0.0,3.0,15.0
5712.6181273739785,unswapping,,,,,,,,,,,,8,4,1464,464,222,56,2.0,left,1.0,1.0,16.0
5712.844743560068,unswapping,,,,,,,,,,,,8,4,1464,464,222,56,2.0,right,0.0,0.0,16.0
5713.06977579603,unswapping,,,,,,,,,,,,8,4,1464,464,222,56,2.0,right,1.0,0.0,16.0
5714.030708784936,unswapping,,,,,,,,,,,,8,4,1344,452,222,56,3.0,both,0.0,3.0,3.0
5714.762863444863,unswapping,,,,,,,,,,,,8,4,1224,440,222,56,3.0,both,1.0,3.0,6.0
5714.989570809063,unswapping,,,,,,,,,,,,8,4,1224,440,222,56,3.0,left,0.0,0.0,6.0
5715.213390222983,unswapping,,,,,,,,,,,,8,4,1224,440,222,56,3.0,left,1.0,0.0,6.0
5715.43722981005,unswapping,,,,,,,,,,,,8,4,1224,440,222,56,3.0,right,0.0,0.0,6.0
5715.661475789966,unswapping,,,,,,,,,,,,8,4,1224,440,222,56,3.0,right,1.0,0.0,6.0
5716.397014106857,unswapping,,,,,,,,,,,,8,4,1092,430,222,56,4.0,both,0.0,3.0,3.0
5717.121532151941,unswapping,,,,,,,,,,,,4,4,912,414,222,56,4.0,both,1.0,2.0,5.0
5717.3480669809505,unswapping,,,,,,,,,,,,4,4,912,414,222,56,4.0,left,0.0,0.0,5.0
5717.57096646307,unswapping,,,,,,,,,,,,4,4,912,414,222,56,4.0,left,1.0,0.0,5.0
5717.794531994034,unswapping,,,,,,,,,,,,4,4,912,414,222,56,4.0,right,0.0,0.0,5.0
5718.015944458079,unswapping,,,,,,,,,,,,4,4,912,414,222,56,4.0,right,1.0,0.0,5.0
5718.742175990017,unswapping,,,,,,,,,,,,4,4,840,406,222,56,5.0,both,0.0,2.0,2.0
5719.465476298006,unswapping,,,,,,,,,,,,4,4,768,398,222,56,5.0,both,1.0,2.0,4.0
5719.828949943883,unswapping,,,,,,,,,,,,4,4,708,392,222,56,5.0,left,0.0,1.0,5.0
5720.190204208018,unswapping,,,,,,,,,,,,4,4,648,386,222,56,5.0,left,1.0,1.0,6.0
5720.413229622878,unswapping,,,,,,,,,,,,4,4,648,386,222,56,5.0,right,0.0,0.0,6.0
5720.633018469904,unswapping,,,,,,,,,,,,4,4,648,386,222,56,5.0,right,1.0,0.0,6.0
5721.353455641074,unswapping,,,,,,,,,,,,4,4,576,378,222,56,6.0,both,0.0,2.0,2.0
5722.056820498081,unswapping,,,,,,,,,,,,4,4,536,374,222,56,6.0,both,1.0,1.0,3.0
5722.280295409029,unswapping,,,,,,,,,,,,4,4,536,374,222,56,6.0,left,0.0,0.0,3.0
5722.504685130902,unswapping,,,,,,,,,,,,4,4,536,374,222,56,6.0,left,1.0,0.0,3.0
5722.943848323077,unswapping,,,,,,,,,,,,4,4,536,374,222,56,6.0,right,0.0,0.0,3.0
5723.161252958933,unswapping,,,,,,,,,,,,4,4,536,374,222,56,6.0,right,1.0,0.0,3.0
5723.872418828076,unswapping,,,,,,,,,,,,4,4,488,370,222,56,7.0,both,0.0,1.0,1.0
5724.579324846854,unswapping,,,,,,,,,,,,4,4,476,368,222,56,7.0,both,1.0,1.0,2.0
5724.801887678914,unswapping,,,,,,,,,,,,4,4,476,368,222,56,7.0,left,0.0,0.0,2.0
5725.020506559871,unswapping,,,,,,,,,,,,4,4,476,368,222,56,7.0,left,1.0,0.0,2.0
5725.241794917034,unswapping,,,,,,,,,,,,4,4,476,368,222,56,7.0,right,0.0,0.0,2.0
5725.458223443944,unswapping,,,,,,,,,,,,4,4,476,368,222,56,7.0,right,1.0,0.0,2.0
5725.897373182932,unswapping,,,,,,,,,,,,4,4,476,368,222,56,8.0,both,0.0,0.0,0.0
5726.3277501058765,unswapping,,,,,,,,,,,,4,4,476,368,222,56,8.0,both,1.0,0.0,0.0
5726.547300796956,unswapping,,,,,,,,,,,,4,4,476,368,222,56,8.0,left,0.0,0.0,0.0
5726.765290606068,unswapping,,,,,,,,,,,,4,4,476,368,222,56,8.0,left,1.0,0.0,0.0
5726.986633331981,unswapping,,,,,,,,,,,,4,4,476,368,222,56,8.0,right,0.0,0.0,0.0
5727.202990159858,unswapping,,,,,,,,,,,,4,4,476,368,222,56,8.0,right,1.0,0.0,0.0
5729.1873049389105,absorbing,left,1.0,0.0,211.0,192.0,795.0,790.0,1585.0,12.0,0.0,0.0,4,4,476,368,222,56,,,,,
5729.469697277062,absorbing,left,1.0,1.0,211.0,192.0,795.0,792.0,1587.0,7.0,2.0,2.0,4,4,608,400,222,56,,,,,
5729.751241879072,absorbing,left,2.0,1.0,211.0,192.0,795.0,792.0,1587.0,14.0,0.0,2.0,8,4,864,420,222,56,,,,,
5730.035119822016,absorbing,left,2.0,2.0,211.0,192.0,795.0,792.0,1587.0,9.0,0.0,2.0,16,4,1316,458,222,56,,,,,
5730.322066789027,absorbing,left,2.0,3.0,211.0,192.0,795.0,793.0,1588.0,8.0,1.0,3.0,16,4,2592,512,222,56,,,,,
5730.619108658982,absorbing,left,3.0,3.0,211.0,192.0,795.0,793.0,1588.0,14.0,0.0,3.0,16,4,2724,526,222,56,,,,,
5730.911515770014,absorbing,left,3.0,4.0,211.0,192.0,795.0,794.0,1589.0,8.0,1.0,4.0,16,4,3900,572,222,56,,,,,
5731.234093641862,absorbing,left,4.0,4.0,211.0,192.0,795.0,794.0,1589.0,14.0,0.0,4.0,16,4,3280,570,222,56,,,,,
5731.545241364045,absorbing,left,4.0,5.0,211.0,192.0,795.0,797.0,1592.0,6.0,3.0,7.0,16,4,3448,588,222,56,,,,,
5731.8529698930215,absorbing,left,4.0,6.0,211.0,192.0,795.0,798.0,1593.0,8.0,1.0,8.0,16,4,4764,634,222,56,,,,,
5732.158624056028,absorbing,left,4.0,7.0,211.0,192.0,795.0,798.0,1593.0,10.0,0.0,8.0,16,4,4680,660,222,56,,,,,
5732.468876132043,absorbing,left,4.0,8.0,211.0,192.0,795.0,800.0,1595.0,10.0,2.0,10.0,16,4,4808,676,222,56,,,,,
5732.78552714386,absorbing,left,5.0,8.0,211.0,192.0,797.0,800.0,1597.0,10.0,2.0,12.0,16,4,5124,688,222,56,,,,,
5733.1031215949915,absorbing,left,5.0,9.0,211.0,192.0,797.0,802.0,1599.0,11.0,2.0,14.0,16,4,6436,710,222,56,,,,,
5733.418965956895,absorbing,left,6.0,9.0,211.0,192.0,798.0,802.0,1600.0,11.0,1.0,15.0,16,4,7532,730,222,56,,,,,
5733.739688385045,absorbing,left,6.0,10.0,211.0,192.0,798.0,802.0,1600.0,13.0,0.0,15.0,32,4,8808,784,222,56,,,,,
5734.049225891009,absorbing,left,7.0,10.0,211.0,192.0,799.0,802.0,1601.0,9.0,1.0,16.0,32,4,9504,742,222,56,,,,,
5734.581735376036,absorbing,left,8.0,10.0,211.0,192.0,800.0,802.0,1602.0,8.0,1.0,17.0,32,4,9820,770,222,56,,,,,
5734.889956973027,absorbing,left,9.0,10.0,211.0,192.0,800.0,802.0,1602.0,9.0,0.0,17.0,16,4,9688,788,222,56,,,,,
5735.205845955992,absorbing,left,9.0,11.0,211.0,192.0,800.0,802.0,1602.0,12.0,0.0,17.0,16,4,9892,786,222,56,,,,,
5735.527763328049,absorbing,left,10.0,11.0,211.0,192.0,801.0,802.0,1603.0,9.0,1.0,18.0,16,4,10744,822,222,56,,,,,
5735.86312675802,absorbing,left,11.0,11.0,211.0,192.0,801.0,802.0,1603.0,10.0,0.0,18.0,16,4,11764,852,222,56,,,,,
5736.193366536871,absorbing,left,11.0,12.0,211.0,192.0,801.0,802.0,1603.0,11.0,0.0,18.0,16,4,12964,882,222,56,,,,,
5736.549908472924,absorbing,left,12.0,12.0,211.0,192.0,801.0,802.0,1603.0,14.0,0.0,18.0,20,4,12564,878,222,56,,,,,
5736.878451725934,absorbing,left,13.0,12.0,211.0,192.0,802.0,802.0,1604.0,14.0,1.0,19.0,16,4,11032,840,222,56,,,,,
5737.215092917904,absorbing,left,13.0,13.0,211.0,192.0,802.0,803.0,1605.0,10.0,1.0,20.0,16,4,11828,868,222,56,,,,,
5737.529732831055,absorbing,left,14.0,13.0,211.0,192.0,802.0,803.0,1605.0,14.0,0.0,20.0,16,4,10856,886,222,56,,,,,
5737.846131789964,absorbing,left,14.0,14.0,211.0,192.0,802.0,803.0,1605.0,10.0,0.0,20.0,64,4,16172,928,222,56,,,,,
5738.169982079882,absorbing,left,15.0,14.0,211.0,192.0,803.0,803.0,1606.0,13.0,1.0,21.0,64,4,19816,1074,222,56,,,,,
5738.516365289921,absorbing,left,16.0,14.0,211.0,192.0,804.0,803.0,1607.0,9.0,1.0,22.0,64,4,27844,1262,222,56,,,,,
5738.9171885738615,absorbing,left,16.0,15.0,211.0,192.0,804.0,803.0,1607.0,10.0,0.0,22.0,64,4,38692,1256,222,56,,,,,
5739.301980816061,absorbing,left,16.0,16.0,211.0,192.0,804.0,803.0,1607.0,12.0,0.0,22.0,64,4,34888,1124,222,56,,,,,
5739.66660519992,absorbing,left,17.0,16.0,211.0,192.0,805.0,803.0,1608.0,11.0,1.0,23.0,64,4,28956,1222,222,56,,,,,
5740.046428026864,absorbing,left,17.0,17.0,211.0,192.0,805.0,803.0,1608.0,11.0,0.0,23.0,64,4,21900,1060,222,56,,,,,
5740.420701521914,absorbing,left,18.0,17.0,211.0,192.0,805.0,803.0,1608.0,12.0,0.0,23.0,64,4,24840,1154,222,56,,,,,
5740.809398737038,absorbing,left,18.0,18.0,211.0,192.0,805.0,803.0,1608.0,10.0,0.0,23.0,64,4,24036,1106,222,56,,,,,
5741.190039482899,absorbing,left,18.0,19.0,211.0,192.0,805.0,803.0,1608.0,9.0,0.0,23.0,64,4,19080,1010,222,56,,,,,
5741.557007585885,absorbing,left,19.0,19.0,211.0,192.0,806.0,803.0,1609.0,11.0,1.0,24.0,16,4,17340,1040,222,56,,,,,
5741.948408531025,absorbing,left,19.0,20.0,211.0,192.0,806.0,804.0,1610.0,10.0,1.0,25.0,16,4,13804,972,222,56,,,,,
5742.308820503065,absorbing,left,19.0,21.0,211.0,192.0,806.0,806.0,1612.0,10.0,2.0,27.0,16,4,13388,966,222,56,,,,,
5742.6507637868635,absorbing,left,19.0,22.0,211.0,192.0,806.0,809.0,1615.0,8.0,3.0,30.0,16,4,14172,1000,222,56,,,,,
5742.987287912983,absorbing,left,20.0,22.0,211.0,192.0,808.0,809.0,1617.0,12.0,2.0,32.0,16,4,16000,1016,222,56,,,,,
5743.31859237398,absorbing,left,20.0,23.0,211.0,192.0,808.0,809.0,1617.0,10.0,0.0,32.0,64,4,21532,1104,222,56,,,,,
5743.688166565029,absorbing,left,21.0,23.0,211.0,192.0,809.0,809.0,1618.0,11.0,1.0,33.0,64,4,26168,1192,222,56,,,,,
5744.079969453858,absorbing,left,22.0,23.0,211.0,192.0,811.0,809.0,1620.0,12.0,2.0,35.0,64,4,41196,1424,222,56,,,,,
5744.469090601895,absorbing,left,22.0,24.0,211.0,192.0,811.0,810.0,1621.0,9.0,1.0,36.0,64,4,39532,1248,222,56,,,,,
5744.823229060974,absorbing,left,22.0,25.0,211.0,192.0,811.0,811.0,1622.0,10.0,1.0,37.0,64,4,37876,1188,222,56,,,,,
5745.167101929896,absorbing,left,22.0,26.0,211.0,192.0,811.0,811.0,1622.0,12.0,0.0,37.0,64,4,36016,1146,222,56,,,,,
5745.495058026863,absorbing,left,23.0,26.0,211.0,192.0,811.0,811.0,1622.0,13.0,0.0,37.0,64,4,34836,1124,222,56,,,,,
5745.833768201992,absorbing,left,24.0,26.0,211.0,192.0,811.0,811.0,1622.0,12.0,0.0,37.0,64,4,19380,1054,222,56,,,,,
5746.202465921873,absorbing,left,25.0,26.0,211.0,192.0,811.0,811.0,1622.0,11.0,0.0,37.0,16,4,14292,1016,222,56,,,,,
5746.580850525992,absorbing,left,25.0,27.0,211.0,192.0,811.0,812.0,1623.0,13.0,1.0,38.0,16,4,14004,962,222,56,,,,,
5746.923945700983,absorbing,left,26.0,27.0,211.0,192.0,812.0,812.0,1624.0,12.0,1.0,39.0,16,4,14544,970,222,56,,,,,
5747.301897766069,absorbing,left,26.0,28.0,211.0,192.0,812.0,812.0,1624.0,12.0,0.0,39.0,64,4,18264,982,222,56,,,,,
5747.659727921011,absorbing,left,26.0,29.0,211.0,192.0,812.0,814.0,1626.0,11.0,2.0,41.0,64,4,33424,1082,222,56,,,,,
5747.998611283954,absorbing,left,27.0,29.0,211.0,192.0,813.0,814.0,1627.0,13.0,1.0,42.0,64,4,33136,1068,222,56,,,,,
5748.589932227042,absorbing,left,27.0,30.0,211.0,192.0,813.0,815.0,1628.0,11.0,1.0,43.0,64,4,34128,1094,222,56,,,,,
5748.957398854895,absorbing,left,27.0,31.0,211.0,192.0,813.0,816.0,1629.0,12.0,1.0,44.0,64,4,40248,1184,222,56,,,,,
5749.305779052898,absorbing,left,28.0,31.0,211.0,192.0,813.0,816.0,1629.0,16.0,0.0,44.0,64,4,56628,1310,222,56,,,,,
5749.781814012909,absorbing,left,28.0,32.0,211.0,192.0,813.0,817.0,1630.0,13.0,1.0,45.0,64,4,72528,1406,222,56,,,,,
5750.364881143905,absorbing,left,28.0,33.0,211.0,192.0,813.0,818.0,1631.0,11.0,1.0,46.0,64,4,77648,1438,222,56,,,,,
5751.007744821953,absorbing,left,28.0,34.0,211.0,192.0,813.0,819.0,1632.0,10.0,1.0,47.0,64,4,51632,1344,222,56,,,,,
5751.4419219440315,absorbing,left,29.0,34.0,211.0,192.0,817.0,819.0,1636.0,12.0,4.0,51.0,64,4,43020,1276,222,56,,,,,
5751.911122404039,absorbing,left,30.0,34.0,211.0,192.0,818.0,819.0,1637.0,12.0,1.0,52.0,64,4,24752,1156,222,56,,,,,
5752.3606087299995,absorbing,left,31.0,34.0,211.0,192.0,820.0,819.0,1639.0,13.0,2.0,54.0,64,4,24120,1136,222,56,,,,,
5752.812981483992,absorbing,left,31.0,35.0,211.0,192.0,820.0,819.0,1639.0,12.0,0.0,54.0,64,4,24312,1160,222,56,,,,,
5753.239200351061,absorbing,left,32.0,35.0,211.0,192.0,821.0,819.0,1640.0,10.0,1.0,55.0,64,4,39292,1266,222,56,,,,,
5753.672743042,absorbing,left,33.0,35.0,211.0,192.0,821.0,819.0,1640.0,12.0,0.0,55.0,64,4,40084,1272,222,56,,,,,
5754.088297510054,absorbing,left,34.0,35.0,211.0,192.0,821.0,819.0,1640.0,10.0,0.0,55.0,64,4,30960,1256,222,56,,,,,
5754.529830988031,absorbing,left,35.0,35.0,211.0,192.0,822.0,819.0,1641.0,8.0,1.0,56.0,64,4,38064,1432,222,56,,,,,
5754.961391499033,absorbing,left,35.0,36.0,211.0,192.0,822.0,820.0,1642.0,14.0,1.0,57.0,64,4,32176,1320,222,56,,,,,
5755.381241876865,absorbing,left,35.0,37.0,211.0,192.0,822.0,823.0,1645.0,12.0,3.0,60.0,64,4,31088,1264,222,56,,,,,
5755.793510882882,absorbing,left,35.0,38.0,211.0,192.0,822.0,824.0,1646.0,11.0,1.0,61.0,64,4,31400,1288,222,56,,,,,
5756.193782056915,absorbing,left,36.0,38.0,211.0,192.0,822.0,824.0,1646.0,8.0,0.0,61.0,64,4,40232,1264,222,56,,,,,
5756.612756324932,absorbing,left,36.0,39.0,211.0,192.0,822.0,825.0,1647.0,13.0,1.0,62.0,64,4,31348,1290,222,56,,,,,
5757.031725150999,absorbing,left,37.0,39.0,211.0,192.0,823.0,825.0,1648.0,8.0,1.0,63.0,64,4,40980,1256,222,56,,,,,
5757.422412564047,absorbing,left,38.0,39.0,211.0,192.0,824.0,825.0,1649.0,6.0,1.0,64.0,64,4,38964,1238,222,56,,,,,
5757.777562543983,absorbing,left,39.0,39.0,211.0,192.0,825.0,825.0,1650.0,7.0,1.0,65.0,64,4,38064,1220,222,56,,,,,
5758.159336891025,absorbing,left,40.0,39.0,211.0,192.0,825.0,825.0,1650.0,11.0,0.0,65.0,64,4,34860,1202,222,56,,,,,
5758.53442553198,absorbing,left,40.0,40.0,211.0,192.0,825.0,827.0,1652.0,12.0,2.0,67.0,64,4,34672,1132,222,56,,,,,
5758.900753876893,absorbing,left,40.0,41.0,211.0,192.0,825.0,827.0,1652.0,10.0,0.0,67.0,64,4,20020,1110,222,56,,,,,
5759.274417297915,absorbing,left,41.0,41.0,211.0,192.0,826.0,827.0,1653.0,11.0,1.0,68.0,64,4,16628,982,222,56,,,,,
5759.646304277005,absorbing,left,41.0,42.0,211.0,192.0,826.0,828.0,1654.0,10.0,1.0,69.0,16,4,11256,944,222,56,,,,,
5759.985229699872,absorbing,left,42.0,42.0,211.0,192.0,826.0,828.0,1654.0,11.0,0.0,69.0,16,4,11096,884,222,56,,,,,
5760.317540812073,absorbing,left,42.0,43.0,211.0,192.0,826.0,829.0,1655.0,9.0,1.0,70.0,16,4,13532,998,222,56,,,,,
5760.658150154864,absorbing,left,43.0,43.0,211.0,192.0,826.0,829.0,1655.0,11.0,0.0,70.0,64,4,20892,1078,222,56,,,,,
5761.036636505043,absorbing,left,44.0,43.0,211.0,192.0,827.0,829.0,1656.0,10.0,1.0,71.0,64,4,31132,1262,222,56,,,,,
5761.4186464790255,absorbing,left,44.0,44.0,211.0,192.0,827.0,829.0,1656.0,9.0,0.0,71.0,64,4,51292,1406,222,56,,,,,
5761.786103280028,absorbing,left,45.0,44.0,211.0,192.0,830.0,829.0,1659.0,8.0,3.0,74.0,64,4,78168,1588,222,56,,,,,
5762.214128458872,absorbing,left,46.0,44.0,211.0,192.0,832.0,829.0,1661.0,7.0,2.0,76.0,64,4,97748,1794,222,56,,,,,
5762.933861589059,absorbing,left,47.0,44.0,211.0,192.0,833.0,829.0,1662.0,6.0,1.0,77.0,128,4,153616,2112,222,56,,,,,
5763.547887057997,absorbing,left,48.0,44.0,211.0,192.0,833.0,829.0,1662.0,10.0,0.0,77.0,128,4,154636,2222,222,56,,,,,
5764.175288749859,absorbing,left,49.0,44.0,211.0,192.0,833.0,829.0,1662.0,10.0,0.0,77.0,128,4,186376,2444,222,56,,,,,
5765.040624957997,absorbing,left,49.0,45.0,211.0,192.0,833.0,830.0,1663.0,8.0,1.0,78.0,256,4,265216,2670,222,56,,,,,
5766.0117235130165,absorbing,left,49.0,46.0,211.0,192.0,833.0,830.0,1663.0,9.0,0.0,78.0,256,4,221224,2548,222,56,,,,,
5766.748676402029,absorbing,left,49.0,47.0,211.0,192.0,833.0,831.0,1664.0,9.0,1.0,79.0,64,4,129900,2086,222,56,,,,,
5767.502078145044,absorbing,left,49.0,48.0,211.0,192.0,833.0,831.0,1664.0,10.0,0.0,79.0,64,4,127400,2076,222,56,,,,,
5768.084744350053,absorbing,left,50.0,48.0,211.0,192.0,834.0,831.0,1665.0,9.0,1.0,80.0,64,4,140356,2224,222,56,,,,,
5768.602882538922,absorbing,left,51.0,48.0,211.0,192.0,835.0,831.0,1666.0,10.0,1.0,81.0,64,4,143424,2326,222,56,,,,,
5769.415431454079,absorbing,left,52.0,48.0,211.0,192.0,836.0,831.0,1667.0,8.0,1.0,82.0,64,4,128672,2412,222,56,,,,,
5769.916175710037,absorbing,left,52.0,49.0,211.0,192.0,836.0,832.0,1668.0,12.0,1.0,83.0,64,4,121952,2436,222,56,,,,,
5770.57288393192,absorbing,left,52.0,50.0,211.0,192.0,836.0,832.0,1668.0,12.0,0.0,83.0,64,4,149792,2444,222,56,,,,,
5771.214626767905,absorbing,left,52.0,51.0,211.0,192.0,836.0,834.0,1670.0,11.0,2.0,85.0,256,4,241376,2708,222,56,,,,,
5771.984932496911,absorbing,left,53.0,51.0,211.0,192.0,836.0,834.0,1670.0,10.0,0.0,85.0,256,4,240416,2836,222,56,,,,,
5772.59899085504,absorbing,left,53.0,52.0,211.0,192.0,836.0,835.0,1671.0,11.0,1.0,86.0,256,4,253088,2868,222,56,,,,,
5773.225394431967,absorbing,left,54.0,52.0,211.0,192.0,836.0,835.0,1671.0,11.0,0.0,86.0,256,4,293312,3274,222,56,,,,,
5773.896078217076,absorbing,left,54.0,53.0,211.0,192.0,836.0,837.0,1673.0,11.0,2.0,88.0,256,4,339072,3498,222,56,,,,,
5774.561330653029,absorbing,left,54.0,54.0,211.0,192.0,836.0,838.0,1674.0,11.0,1.0,89.0,256,4,378432,3634,222,56,,,,,
5775.269534043968,absorbing,left,54.0,55.0,211.0,192.0,836.0,839.0,1675.0,12.0,1.0,90.0,64,4,243520,3090,222,56,,,,,
5776.011946718907,absorbing,left,54.0,56.0,211.0,192.0,836.0,840.0,1676.0,12.0,1.0,91.0,64,4,267008,3274,222,56,,,,,
5776.8595025970135,absorbing,left,55.0,56.0,211.0,192.0,836.0,840.0,1676.0,8.0,0.0,91.0,256,4,380768,3760,222,56,,,,,
5777.709349915851,absorbing,left,55.0,57.0,211.0,192.0,836.0,842.0,1678.0,12.0,2.0,93.0,256,4,465760,4104,222,56,,,,,
5778.508097281912,absorbing,left,55.0,58.0,211.0,192.0,836.0,843.0,1679.0,13.0,1.0,94.0,256,4,603680,4104,222,56,,,,,
5779.445594161982,absorbing,left,55.0,59.0,211.0,192.0,836.0,843.0,1679.0,14.0,0.0,94.0,256,4,849248,4576,222,56,,,,,
5780.465435252059,absorbing,left,56.0,59.0,211.0,192.0,839.0,843.0,1682.0,5.0,3.0,97.0,256,4,862432,4464,222,56,,,,,
5781.407885455992,absorbing,left,57.0,59.0,211.0,192.0,840.0,843.0,1683.0,8.0,1.0,98.0,256,4,856480,4376,222,56,,,,,
5784.260600758018,absorbing,left,58.0,59.0,211.0,192.0,841.0,843.0,1684.0,8.0,1.0,99.0,256,4,462688,3960,222,56,,,,,
5785.0245628850535,absorbing,left,59.0,59.0,211.0,192.0,841.0,843.0,1684.0,10.0,0.0,99.0,256,4,464608,4008,222,56,,,,,
5786.0487159229815,absorbing,left,60.0,59.0,211.0,192.0,841.0,843.0,1684.0,9.0,0.0,99.0,256,4,449312,4104,222,56,,,,,
5786.940864469856,absorbing,left,61.0,59.0,211.0,192.0,841.0,843.0,1684.0,8.0,0.0,99.0,256,4,392992,3976,222,56,,,,,
5787.954740665853,absorbing,left,62.0,59.0,211.0,192.0,841.0,843.0,1684.0,7.0,0.0,99.0,256,4,385696,3864,222,56,,,,,
5788.80336930207,absorbing,left,63.0,59.0,211.0,192.0,842.0,843.0,1685.0,7.0,1.0,100.0,128,4,309856,3696,222,56,,,,,
5789.6594756930135,absorbing,left,64.0,59.0,211.0,192.0,842.0,843.0,1685.0,7.0,0.0,100.0,128,4,335392,4008,222,56,,,,,
5790.429921605857,absorbing,left,65.0,59.0,211.0,192.0,843.0,843.0,1686.0,7.0,1.0,101.0,128,4,355424,4096,222,56,,,,,
5791.207461806014,absorbing,left,65.0,60.0,211.0,192.0,843.0,843.0,1686.0,14.0,0.0,101.0,256,4,379808,4048,222,56,,,,,
5791.993957211962,absorbing,left,66.0,60.0,211.0,192.0,843.0,843.0,1686.0,9.0,0.0,101.0,256,4,390560,4216,222,56,,,,,
5792.953722137958,absorbing,left,67.0,60.0,211.0,192.0,845.0,843.0,1688.0,8.0,2.0,103.0,256,4,472608,4568,222,56,,,,,
5793.94714692398,absorbing,left,68.0,60.0,211.0,192.0,847.0,843.0,1690.0,5.0,2.0,105.0,256,4,466976,4480,222,56,,,,,
5794.928823750932,absorbing,left,69.0,60.0,211.0,192.0,849.0,843.0,1692.0,7.0,2.0,107.0,256,4,421920,4328,222,56,,,,,
5795.72008419293,absorbing,left,69.0,61.0,211.0,192.0,849.0,846.0,1695.0,12.0,3.0,110.0,256,4,391264,4192,222,56,,,,,
5796.589805233991,absorbing,left,70.0,61.0,211.0,192.0,849.0,846.0,1695.0,7.0,0.0,110.0,256,4,405088,4296,222,56,,,,,
5797.347037669038,absorbing,left,71.0,61.0,211.0,192.0,850.0,846.0,1696.0,7.0,1.0,111.0,128,4,306912,3896,222,56,,,,,
5798.089268750045,absorbing,left,72.0,61.0,211.0,192.0,851.0,846.0,1697.0,6.0,1.0,112.0,128,4,311040,3914,222,56,,,,,
5798.678925907938,absorbing,left,72.0,62.0,211.0,192.0,851.0,848.0,1699.0,14.0,2.0,114.0,128,4,295104,3642,222,56,,,,,
5799.230298836948,absorbing,left,73.0,62.0,211.0,192.0,852.0,848.0,1700.0,6.0,1.0,115.0,128,4,298696,3678,222,56,,,,,
5799.797465322074,absorbing,left,74.0,62.0,211.0,192.0,853.0,848.0,1701.0,6.0,1.0,116.0,128,4,311008,3844,222,56,,,,,
5800.355923434021,absorbing,left,75.0,62.0,211.0,192.0,854.0,848.0,1702.0,8.0,1.0,117.0,128,4,351040,4042,222,56,,,,,
5801.016588280909,absorbing,left,76.0,62.0,211.0,192.0,854.0,848.0,1702.0,10.0,0.0,117.0,128,4,392896,4282,222,56,,,,,
5802.623332743999,absorbing,left,76.0,63.0,211.0,192.0,854.0,849.0,1703.0,15.0,1.0,118.0,128,4,375488,4186,222,56,,,,,
5803.992407670943,absorbing,left,77.0,63.0,211.0,192.0,855.0,849.0,1704.0,12.0,1.0,119.0,128,4,450272,4472,222,56,,,,,
5805.947135434952,absorbing,left,77.0,64.0,211.0,192.0,855.0,850.0,1705.0,13.0,1.0,120.0,128,4,439648,4336,222,56,,,,,
5807.153452184983,absorbing,left,77.0,65.0,211.0,192.0,855.0,852.0,1707.0,8.0,2.0,122.0,256,4,496160,4584,222,56,,,,,
5808.677809323883,absorbing,left,77.0,66.0,211.0,192.0,855.0,853.0,1708.0,9.0,1.0,123.0,256,4,427620,4306,222,56,,,,,
5809.9990946939215,absorbing,left,78.0,66.0,211.0,192.0,855.0,853.0,1708.0,11.0,0.0,123.0,64,4,355236,4066,222,56,,,,,
5811.128095614025,absorbing,left,78.0,67.0,211.0,192.0,855.0,854.0,1709.0,11.0,1.0,124.0,64,4,323976,3838,222,56,,,,,
5812.038379234029,absorbing,left,78.0,68.0,211.0,192.0,855.0,854.0,1709.0,10.0,0.0,124.0,256,4,382320,3928,222,56,,,,,
5813.091506862082,absorbing,left,78.0,69.0,211.0,192.0,855.0,855.0,1710.0,9.0,1.0,125.0,256,4,464304,4160,222,56,,,,,
5814.362217817921,absorbing,left,78.0,70.0,211.0,192.0,855.0,856.0,1711.0,9.0,1.0,126.0,256,4,458736,4128,222,56,,,,,
5815.396528701996,absorbing,left,78.0,71.0,211.0,192.0,855.0,858.0,1713.0,7.0,2.0,128.0,256,4,466224,4272,222,56,,,,,
5816.405383003876,absorbing,left,78.0,72.0,211.0,192.0,855.0,858.0,1713.0,6.0,0.0,128.0,256,4,423216,4272,222,56,,,,,
5817.72884204099,absorbing,left,79.0,72.0,211.0,192.0,855.0,858.0,1713.0,13.0,0.0,128.0,256,4,531696,4680,222,56,,,,,
5818.854381307028,absorbing,left,79.0,73.0,211.0,192.0,855.0,858.0,1713.0,7.0,0.0,128.0,256,4,656112,5152,222,56,,,,,
5820.260296253022,absorbing,left,79.0,74.0,211.0,192.0,855.0,859.0,1714.0,7.0,1.0,129.0,256,4,934128,5784,222,56,,,,,
5821.380058719078,absorbing,left,79.0,75.0,211.0,192.0,855.0,860.0,1715.0,6.0,1.0,130.0,256,4,983280,6040,222,56,,,,,
5831.1403443398885,unswapping,,,,,,,,,,,,256,4,1181364,6042,222,56,0.0,both,0.0,7.0,7.0
5838.654041344067,unswapping,,,,,,,,,,,,256,4,920768,4790,222,56,0.0,both,1.0,11.0,18.0
5839.94143462996,unswapping,,,,,,,,,,,,256,4,879668,4252,222,56,0.0,left,0.0,9.0,27.0
5844.716767476872,unswapping,,,,,,,,,,,,252,4,387032,3298,222,56,0.0,left,1.0,12.0,39.0
5845.829224823043,unswapping,,,,,,,,,,,,64,4,177784,2386,222,56,0.0,right,0.0,6.0,45.0
5846.8184157300275,unswapping,,,,,,,,,,,,64,4,104312,1910,222,56,0.0,right,1.0,8.0,53.0
5848.327747172909,unswapping,,,,,,,,,,,,64,4,57700,1356,222,56,1.0,both,0.0,12.0,12.0
5849.251597773982,unswapping,,,,,,,,,,,,64,4,38680,1132,222,56,1.0,both,1.0,7.0,19.0
5849.733791331062,unswapping,,,,,,,,,,,,64,4,18012,952,222,56,1.0,left,0.0,8.0,27.0
5850.17846545903,unswapping,,,,,,,,,,,,16,4,9460,788,222,56,1.0,left,1.0,6.0,33.0
5850.580237954855,unswapping,,,,,,,,,,,,16,4,9340,776,222,56,1.0,right,0.0,2.0,35.0
5851.003149001859,unswapping,,,,,,,,,,,,16,4,7744,746,222,56,1.0,right,1.0,2.0,37.0
5851.796273733955,unswapping,,,,,,,,,,,,16,4,4368,640,222,56,2.0,both,0.0,6.0,6.0
5852.568574027857,unswapping,,,,,,,,,,,,16,4,2832,576,222,56,2.0,both,1.0,5.0,11.0
5852.950594098074,unswapping,,,,,,,,,,,,8,4,2352,544,222,56,2.0,left,0.0,2.0,13.0
5853.331181993941,unswapping,,,,,,,,,,,,8,4,2208,534,222,56,2.0,left,1.0,2.0,15.0
5853.711156239966,unswapping,,,,,,,,,,,,8,4,1964,512,222,56,2.0,right,0.0,4.0,19.0
5854.090694535989,unswapping,,,,,,,,,,,,8,4,1724,490,222,56,2.0,right,1.0,4.0,23.0
5854.835151434876,unswapping,,,,,,,,,,,,8,4,1532,470,222,56,3.0,both,0.0,4.0,4.0
5855.568280847976,unswapping,,,,,,,,,,,,8,4,1292,446,222,56,3.0,both,1.0,4.0,8.0
5855.931749854935,unswapping,,,,,,,,,,,,8,4,1268,440,222,56,3.0,left,0.0,1.0,9.0
5856.153953543864,unswapping,,,,,,,,,,,,8,4,1268,440,222,56,3.0,left,1.0,0.0,9.0
5856.519811525941,unswapping,,,,,,,,,,,,8,4,1160,430,222,56,3.0,right,0.0,2.0,11.0
5856.878990167053,unswapping,,,,,,,,,,,,8,4,1100,424,222,56,3.0,right,1.0,1.0,12.0
5857.60985994502,unswapping,,,,,,,,,,,,8,4,848,402,222,56,4.0,both,0.0,4.0,4.0
5858.539452000987,unswapping,,,,,,,,,,,,8,4,676,392,222,56,4.0,both,1.0,2.0,6.0
5858.761566910893,unswapping,,,,,,,,,,,,8,4,676,392,222,56,4.0,left,0.0,0.0,6.0
5859.121441046009,unswapping,,,,,,,,,,,,8,4,616,380,222,56,4.0,left,1.0,2.0,8.0
5859.479974413058,unswapping,,,,,,,,,,,,4,4,488,372,222,56,4.0,right,0.0,1.0,9.0
5859.837530486053,unswapping,,,,,,,,,,,,4,4,416,366,222,56,4.0,right,1.0,1.0,10.0
5860.272846448934,unswapping,,,,,,,,,,,,4,4,416,366,222,56,5.0,both,0.0,0.0,0.0
5860.697770169936,unswapping,,,,,,,,,,,,4,4,416,366,222,56,5.0,both,1.0,0.0,0.0
5860.914501321968,unswapping,,,,,,,,,,,,4,4,416,366,222,56,5.0,left,0.0,0.0,0.0
5861.128818636993,unswapping,,,,,,,,,,,,4,4,416,366,222,56,5.0,left,1.0,0.0,0.0
5861.485733208945,unswapping,,,,,,,,,,,,4,4,376,362,222,56,5.0,right,0.0,1.0,1.0
5861.837208153913,unswapping,,,,,,,,,,,,2,4,328,356,222,56,5.0,right,1.0,1.0,2.0
5862.267743036849,unswapping,,,,,,,,,,,,2,4,328,356,222,56,6.0,both,0.0,0.0,0.0
5862.693070420995,unswapping,,,,,,,,,,,,2,4,328,356,222,56,6.0,both,1.0,0.0,0.0
5862.907456845976,unswapping,,,,,,,,,,,,2,4,328,356,222,56,6.0,left,0.0,0.0,0.0
5863.120445644949,unswapping,,,,,,,,,,,,2,4,328,356,222,56,6.0,left,1.0,0.0,0.0
5863.338269979926,unswapping,,,,,,,,,,,,2,4,328,356,222,56,6.0,right,0.0,0.0,0.0
5863.554772946052,unswapping,,,,,,,,,,,,2,4,328,356,222,56,6.0,right,1.0,0.0,0.0
5864.811582589988,absorbing,left,1.0,0.0,133.0,102.0,859.0,860.0,1719.0,12.0,4.0,4.0,2,4,296,348,222,56,,,,,
5865.117096150061,absorbing,left,1.0,1.0,133.0,102.0,859.0,861.0,1720.0,12.0,1.0,5.0,5,4,612,418,222,56,,,,,
5865.422719645081,absorbing,left,2.0,1.0,133.0,102.0,859.0,861.0,1720.0,14.0,0.0,5.0,4,4,436,382,222,56,,,,,
5865.733980488963,absorbing,left,3.0,1.0,133.0,102.0,860.0,861.0,1721.0,11.0,1.0,6.0,5,4,904,456,222,56,,,,,
5866.0490702439565,absorbing,left,3.0,2.0,133.0,102.0,860.0,861.0,1721.0,16.0,0.0,6.0,6,4,972,442,222,56,,,,,
5866.3633122248575,absorbing,left,3.0,3.0,133.0,102.0,860.0,862.0,1722.0,13.0,1.0,7.0,6,4,1456,508,222,56,,,,,
5866.674526924966,absorbing,left,4.0,3.0,133.0,102.0,860.0,862.0,1722.0,8.0,0.0,7.0,16,4,2056,516,222,56,,,,,
5866.9934918258805,absorbing,left,4.0,4.0,133.0,102.0,860.0,862.0,1722.0,11.0,0.0,7.0,16,4,3196,576,222,56,,,,,
5867.319918289082,absorbing,left,5.0,4.0,133.0,102.0,862.0,862.0,1724.0,5.0,2.0,9.0,16,4,3064,554,222,56,,,,,
5867.6365836479235,absorbing,left,6.0,4.0,133.0,102.0,862.0,862.0,1724.0,8.0,0.0,9.0,16,4,3060,564,222,56,,,,,
5867.952152428916,absorbing,left,7.0,4.0,133.0,102.0,862.0,862.0,1724.0,9.0,0.0,9.0,16,4,3152,574,222,56,,,,,
5868.276415820932,absorbing,left,7.0,5.0,133.0,102.0,862.0,865.0,1727.0,7.0,3.0,12.0,16,4,3644,604,222,56,,,,,
5868.587724891957,absorbing,left,8.0,5.0,133.0,102.0,862.0,865.0,1727.0,8.0,0.0,12.0,16,4,4016,634,222,56,,,,,
5868.905469432939,absorbing,left,8.0,6.0,133.0,102.0,862.0,865.0,1727.0,9.0,0.0,12.0,16,4,5432,646,222,56,,,,,
5869.5808651119005,absorbing,left,8.0,7.0,133.0,102.0,862.0,867.0,1729.0,7.0,2.0,14.0,16,4,5404,642,222,56,,,,,
5869.906809011009,absorbing,left,8.0,8.0,133.0,102.0,862.0,868.0,1730.0,10.0,1.0,15.0,16,4,5748,670,222,56,,,,,
5870.231120452983,absorbing,left,9.0,8.0,133.0,102.0,863.0,868.0,1731.0,7.0,1.0,16.0,16,4,6696,700,222,56,,,,,
5870.560183946043,absorbing,left,10.0,8.0,133.0,102.0,863.0,868.0,1731.0,7.0,0.0,16.0,16,4,7824,724,222,56,,,,,
5870.911041124025,absorbing,left,11.0,8.0,133.0,102.0,864.0,868.0,1732.0,7.0,1.0,17.0,16,4,8260,762,222,56,,,,,
5871.280044823885,absorbing,left,11.0,9.0,133.0,102.0,864.0,868.0,1732.0,12.0,0.0,17.0,16,4,8948,796,222,56,,,,,
5871.640631987946,absorbing,left,11.0,10.0,133.0,102.0,864.0,868.0,1732.0,9.0,0.0,17.0,16,4,10544,826,222,56,,,,,
5872.004581665853,absorbing,left,12.0,10.0,133.0,102.0,865.0,868.0,1733.0,7.0,1.0,18.0,64,4,16768,930,222,56,,,,,
5872.396922827,absorbing,left,12.0,11.0,133.0,102.0,865.0,868.0,1733.0,11.0,0.0,18.0,64,4,18532,966,222,56,,,,,
5872.787670471007,absorbing,left,13.0,11.0,133.0,102.0,866.0,868.0,1734.0,7.0,1.0,19.0,64,4,18876,992,222,56,,,,,
5873.206815022975,absorbing,left,14.0,11.0,133.0,102.0,867.0,868.0,1735.0,9.0,1.0,20.0,64,4,17304,1004,222,56,,,,,
5873.592680074973,absorbing,left,14.0,12.0,133.0,102.0,867.0,868.0,1735.0,12.0,0.0,20.0,16,4,13684,924,222,56,,,,,
5873.975972302025,absorbing,left,15.0,12.0,133.0,102.0,868.0,868.0,1736.0,11.0,1.0,21.0,16,4,11604,922,222,56,,,,,
5874.333969722036,absorbing,left,15.0,13.0,133.0,102.0,868.0,870.0,1738.0,12.0,2.0,23.0,16,4,12336,914,222,56,,,,,
5874.723690341925,absorbing,left,16.0,13.0,133.0,102.0,868.0,870.0,1738.0,9.0,0.0,23.0,16,4,12468,928,222,56,,,,,
5875.106261013076,absorbing,left,17.0,13.0,133.0,102.0,869.0,870.0,1739.0,7.0,1.0,24.0,64,4,16556,984,222,56,,,,,
5875.4674321860075,absorbing,left,17.0,14.0,133.0,102.0,869.0,870.0,1739.0,15.0,0.0,24.0,16,4,13832,976,222,56,,,,,
5875.849979510065,absorbing,left,18.0,14.0,133.0,102.0,869.0,870.0,1739.0,10.0,0.0,24.0,16,4,12044,922,222,56,,,,,
5876.226681821048,absorbing,left,19.0,14.0,133.0,102.0,869.0,870.0,1739.0,11.0,0.0,24.0,16,4,11564,888,222,56,,,,,
5876.6121838889085,absorbing,left,20.0,14.0,133.0,102.0,871.0,870.0,1741.0,8.0,2.0,26.0,16,4,12100,910,222,56,,,,,
5876.998591770884,absorbing,left,20.0,15.0,133.0,102.0,871.0,871.0,1742.0,15.0,1.0,27.0,64,4,15692,980,222,56,,,,,
5877.375770498067,absorbing,left,21.0,15.0,133.0,102.0,872.0,871.0,1743.0,8.0,1.0,28.0,64,4,15688,976,222,56,,,,,
5877.730957829859,absorbing,left,22.0,15.0,133.0,102.0,873.0,871.0,1744.0,8.0,1.0,29.0,64,4,16096,1006,222,56,,,,,
5878.098648079904,absorbing,left,22.0,16.0,133.0,102.0,873.0,873.0,1746.0,13.0,2.0,31.0,64,4,15408,958,222,56,,,,,
5878.451219701907,absorbing,left,23.0,16.0,133.0,102.0,874.0,873.0,1747.0,8.0,1.0,32.0,64,4,17924,1002,222,56,,,,,
5878.826474505942,absorbing,left,23.0,17.0,133.0,102.0,874.0,875.0,1749.0,13.0,2.0,34.0,64,4,25296,1112,222,56,,,,,
5879.20601813402,absorbing,left,24.0,17.0,133.0,102.0,874.0,875.0,1749.0,8.0,0.0,34.0,64,4,41224,1246,222,56,,,,,
5879.591143979924,absorbing,left,25.0,17.0,133.0,102.0,875.0,875.0,1750.0,8.0,1.0,35.0,64,4,37188,1216,222,56,,,,,
5879.978860354051,absorbing,left,25.0,18.0,133.0,102.0,875.0,878.0,1753.0,11.0,3.0,38.0,64,4,42576,1298,222,56,,,,,
5880.362607454881,absorbing,left,26.0,18.0,133.0,102.0,876.0,878.0,1754.0,9.0,1.0,39.0,64,4,44580,1358,222,56,,,,,
5880.75008640904,absorbing,left,27.0,18.0,133.0,102.0,876.0,878.0,1754.0,12.0,0.0,39.0,64,4,53956,1548,222,56,,,,,
5881.184063284891,absorbing,left,27.0,19.0,133.0,102.0,876.0,878.0,1754.0,13.0,0.0,39.0,64,4,62792,1522,222,56,,,,,
5881.603317851899,absorbing,left,27.0,20.0,133.0,102.0,876.0,881.0,1757.0,9.0,3.0,42.0,64,4,66928,1524,222,56,,,,,
5881.986567307962,absorbing,left,27.0,21.0,133.0,102.0,876.0,883.0,1759.0,8.0,2.0,44.0,64,4,76972,1578,222,56,,,,,
5882.366662479937,absorbing,left,28.0,21.0,133.0,102.0,877.0,883.0,1760.0,11.0,1.0,45.0,64,4,82088,1720,222,56,,,,,
5882.790703452891,absorbing,left,28.0,22.0,133.0,102.0,877.0,883.0,1760.0,9.0,0.0,45.0,64,4,97288,1794,222,56,,,,,
5883.21443492407,absorbing,left,28.0,23.0,133.0,102.0,877.0,883.0,1760.0,11.0,0.0,45.0,64,4,113008,1924,222,56,,,,,
5883.649719974957,absorbing,left,28.0,24.0,133.0,102.0,877.0,885.0,1762.0,7.0,2.0,47.0,64,4,117360,2004,222,56,,,,,
5884.431753946934,absorbing,left,29.0,24.0,133.0,102.0,879.0,885.0,1764.0,10.0,2.0,49.0,64,4,129164,2224,222,56,,,,,
5885.059835182037,absorbing,left,30.0,24.0,133.0,102.0,881.0,885.0,1766.0,8.0,2.0,51.0,64,4,123660,2240,222,56,,,,,
5885.627271438949,absorbing,left,31.0,24.0,133.0,102.0,882.0,885.0,1767.0,9.0,1.0,52.0,64,4,145740,2336,222,56,,,,,
5886.3635745719075,absorbing,left,31.0,25.0,133.0,102.0,882.0,888.0,1770.0,7.0,3.0,55.0,256,4,271052,2872,222,56,,,,,
5887.317429611925,absorbing,left,32.0,25.0,133.0,102.0,882.0,888.0,1770.0,9.0,0.0,55.0,256,4,309964,3096,222,56,,,,,
5888.19174368307,absorbing,left,32.0,26.0,133.0,102.0,882.0,888.0,1770.0,9.0,0.0,55.0,256,4,552652,3368,222,56,,,,,
5889.108449676074,absorbing,left,32.0,27.0,133.0,102.0,882.0,889.0,1771.0,10.0,1.0,56.0,256,4,568800,3442,222,56,,,,,
5889.93681701296,absorbing,left,32.0,28.0,133.0,102.0,882.0,889.0,1771.0,13.0,0.0,56.0,256,4,612708,3696,222,56,,,,,
5890.926726776874,absorbing,left,32.0,29.0,133.0,102.0,882.0,890.0,1772.0,10.0,1.0,57.0,256,4,637120,3752,222,56,,,,,
5891.984690804966,absorbing,left,32.0,30.0,133.0,102.0,882.0,891.0,1773.0,9.0,1.0,58.0,256,4,702820,4012,222,56,,,,,
5893.116180568002,absorbing,left,33.0,30.0,133.0,102.0,882.0,891.0,1773.0,9.0,0.0,58.0,256,4,782308,4116,222,56,,,,,
5893.91086654691,absorbing,left,33.0,31.0,133.0,102.0,882.0,891.0,1773.0,10.0,0.0,58.0,256,4,810572,4290,222,56,,,,,
5895.001758961007,absorbing,left,33.0,32.0,133.0,102.0,882.0,892.0,1774.0,10.0,1.0,59.0,256,4,788684,4434,222,56,,,,,
5902.217615169939,unswapping,,,,,,,,,,,,510,4,708876,3790,222,56,0.0,both,0.0,8.0,8.0
5906.205812362023,unswapping,,,,,,,,,,,,128,4,188368,2452,222,56,0.0,both,1.0,8.0,16.0
5907.285036999965,unswapping,,,,,,,,,,,,64,4,119124,2054,222,56,0.0,left,0.0,7.0,23.0
5909.641613313928,unswapping,,,,,,,,,,,,64,4,83640,1752,222,56,0.0,left,1.0,10.0,33.0
5910.27222571196,unswapping,,,,,,,,,,,,64,4,59312,1420,222,56,0.0,right,0.0,9.0,42.0
5910.878075649962,unswapping,,,,,,,,,,,,64,4,49856,1296,222,56,0.0,right,1.0,4.0,46.0
5911.901578854071,unswapping,,,,,,,,,,,,64,4,33992,1148,222,56,1.0,both,0.0,6.0,6.0
5913.030747776851,unswapping,,,,,,,,,,,,32,4,20376,984,222,56,1.0,both,1.0,8.0,14.0
5913.483656344004,unswapping,,,,,,,,,,,,32,4,18408,928,222,56,1.0,left,0.0,4.0,18.0
5914.038489433937,unswapping,,,,,,,,,,,,32,4,12968,864,222,56,1.0,left,1.0,3.0,21.0
5914.478727313923,unswapping,,,,,,,,,,,,32,4,9512,768,222,56,1.0,right,0.0,4.0,25.0
5914.909439516952,unswapping,,,,,,,,,,,,32,4,8672,736,222,56,1.0,right,1.0,3.0,28.0
5916.1214856998995,unswapping,,,,,,,,,,,,32,4,7424,696,222,56,2.0,both,0.0,4.0,4.0
5916.965142715955,unswapping,,,,,,,,,,,,32,4,5936,660,222,56,2.0,both,1.0,5.0,9.0
5917.3861813589465,unswapping,,,,,,,,,,,,16,4,4400,628,222,56,2.0,left,0.0,1.0,10.0
5917.799911896,unswapping,,,,,,,,,,,,16,4,3632,612,222,56,2.0,left,1.0,1.0,11.0
5918.208504116861,unswapping,,,,,,,,,,,,8,4,2864,588,222,56,2.0,right,0.0,1.0,12.0
5918.61241118703,unswapping,,,,,,,,,,,,8,4,2672,580,222,56,2.0,right,1.0,1.0,13.0
5919.430267767981,unswapping,,,,,,,,,,,,8,4,2448,564,222,56,3.0,both,0.0,3.0,3.0
5920.231725958874,unswapping,,,,,,,,,,,,8,4,2352,556,222,56,3.0,both,1.0,2.0,5.0
5920.639201770071,unswapping,,,,,,,,,,,,8,4,2280,550,222,56,3.0,left,0.0,1.0,6.0
5921.047235074919,unswapping,,,,,,,,,,,,8,4,2184,544,222,56,3.0,left,1.0,1.0,7.0
5921.300186245935,unswapping,,,,,,,,,,,,8,4,2184,544,222,56,3.0,right,0.0,0.0,7.0
5921.548237311887,unswapping,,,,,,,,,,,,8,4,2184,544,222,56,3.0,right,1.0,0.0,7.0
5922.368694975972,unswapping,,,,,,,,,,,,8,4,2036,530,222,56,4.0,both,0.0,3.0,3.0
5923.179011804052,unswapping,,,,,,,,,,,,8,4,1892,518,222,56,4.0,both,1.0,3.0,6.0
5923.585465962067,unswapping,,,,,,,,,,,,8,4,1796,510,222,56,4.0,left,0.0,1.0,7.0
5923.999013202032,unswapping,,,,,,,,,,,,8,4,1700,502,222,56,4.0,left,1.0,2.0,9.0
5924.401462619891,unswapping,,,,,,,,,,,,8,4,1628,496,222,56,4.0,right,0.0,1.0,10.0
5924.6428272279445,unswapping,,,,,,,,,,,,8,4,1628,496,222,56,4.0,right,1.0,0.0,10.0
5925.433794351062,unswapping,,,,,,,,,,,,8,4,1556,488,222,56,5.0,both,0.0,2.0,2.0
5926.560427651973,unswapping,,,,,,,,,,,,8,4,1484,480,222,56,5.0,both,1.0,2.0,4.0
5926.962585341884,unswapping,,,,,,,,,,,,8,4,1372,470,222,56,5.0,left,0.0,2.0,6.0
5927.204327252926,unswapping,,,,,,,,,,,,8,4,1372,470,222,56,5.0,left,1.0,0.0,6.0
5927.448455699021,unswapping,,,,,,,,,,,,8,4,1372,470,222,56,5.0,right,0.0,0.0,6.0
5927.840336729074,unswapping,,,,,,,,,,,,8,4,1312,464,222,56,5.0,right,1.0,1.0,7.0
5928.638094811933,unswapping,,,,,,,,,,,,8,4,1240,456,222,56,6.0,both,0.0,2.0,2.0
5929.433893223992,unswapping,,,,,,,,,,,,8,4,1060,438,222,56,6.0,both,1.0,4.0,6.0
5929.8290224010125,unswapping,,,,,,,,,,,,8,4,1012,434,222,56,6.0,left,0.0,1.0,7.0
5930.2229245489,unswapping,,,,,,,,,,,,8,4,964,430,222,56,6.0,left,1.0,1.0,8.0
5930.61010340089,unswapping,,,,,,,,,,,,8,4,904,424,222,56,6.0,right,0.0,1.0,9.0
5930.844983279007,unswapping,,,,,,,,,,,,8,4,904,424,222,56,6.0,right,1.0,0.0,9.0
5931.630925236968,unswapping,,,,,,,,,,,,8,4,820,414,222,56,7.0,both,0.0,3.0,3.0
5932.393406667048,unswapping,,,,,,,,,,,,8,4,808,412,222,56,7.0,both,1.0,1.0,4.0
5932.633978100028,unswapping,,,,,,,,,,,,8,4,808,412,222,56,7.0,left,0.0,0.0,4.0
5933.019857927924,unswapping,,,,,,,,,,,,8,4,784,406,222,56,7.0,left,1.0,1.0,5.0
5933.260139216902,unswapping,,,,,,,,,,,,8,4,784,406,222,56,7.0,right,0.0,0.0,5.0
5933.493725819979,unswapping,,,,,,,,,,,,8,4,784,406,222,56,7.0,right,1.0,0.0,5.0
5934.263622652041,unswapping,,,,,,,,,,,,8,4,772,404,222,56,8.0,both,0.0,1.0,1.0
5934.731428140076,unswapping,,,,,,,,,,,,8,4,772,404,222,56,8.0,both,1.0,0.0,1.0
5934.970161098987,unswapping,,,,,,,,,,,,8,4,772,404,222,56,8.0,left,0.0,0.0,1.0
5935.202201555017,unswapping,,,,,,,,,,,,8,4,772,404,222,56,8.0,left,1.0,0.0,1.0
5935.437651521992,unswapping,,,,,,,,,,,,8,4,772,404,222,56,8.0,right,0.0,0.0,1.0
5935.669051256962,unswapping,,,,,,,,,,,,8,4,772,404,222,56,8.0,right,1.0,0.0,1.0
5936.477581592975,unswapping,,,,,,,,,,,,8,4,772,404,222,56,9.0,both,0.0,0.0,0.0
5936.934679793892,unswapping,,,,,,,,,,,,8,4,772,404,222,56,9.0,both,1.0,0.0,0.0
5937.177080251044,unswapping,,,,,,,,,,,,8,4,772,404,222,56,9.0,left,0.0,0.0,0.0
5937.415114931995,unswapping,,,,,,,,,,,,8,4,772,404,222,56,9.0,left,1.0,0.0,0.0
5937.653163454961,unswapping,,,,,,,,,,,,8,4,772,404,222,56,9.0,right,0.0,0.0,0.0
5937.888692546869,unswapping,,,,,,,,,,,,8,4,772,404,222,56,9.0,right,1.0,0.0,0.0
5938.861036388902,absorbing,left,1.0,0.0,131.0,68.0,884.0,892.0,1776.0,11.0,2.0,2.0,8,4,740,400,222,56,,,,,
5939.169540022034,absorbing,left,1.0,1.0,131.0,68.0,884.0,893.0,1777.0,7.0,1.0,3.0,8,4,876,440,222,56,,,,,
5939.4780790670775,absorbing,left,2.0,1.0,131.0,68.0,885.0,893.0,1778.0,11.0,1.0,4.0,4,4,888,432,222,56,,,,,
5939.784194682026,absorbing,left,3.0,1.0,131.0,68.0,885.0,893.0,1778.0,15.0,0.0,4.0,8,4,1572,504,222,56,,,,,
5940.100048745051,absorbing,left,3.0,2.0,131.0,68.0,885.0,893.0,1778.0,8.0,0.0,4.0,16,4,1932,516,222,56,,,,,
5940.419168984983,absorbing,left,3.0,3.0,131.0,68.0,885.0,893.0,1778.0,9.0,0.0,4.0,16,4,2664,588,222,56,,,,,
5940.745228936896,absorbing,left,3.0,4.0,131.0,68.0,885.0,894.0,1779.0,8.0,1.0,5.0,16,4,4688,664,222,56,,,,,
5941.079155510059,absorbing,left,4.0,4.0,131.0,68.0,887.0,894.0,1781.0,13.0,2.0,7.0,32,4,7836,746,222,56,,,,,
5941.437239160994,absorbing,left,4.0,5.0,131.0,68.0,887.0,894.0,1781.0,10.0,0.0,7.0,32,4,13344,862,222,56,,,,,
5941.802339625079,absorbing,left,4.0,6.0,131.0,68.0,887.0,895.0,1782.0,10.0,1.0,8.0,32,4,16392,982,222,56,,,,,
5942.183275209041,absorbing,left,4.0,7.0,131.0,68.0,887.0,895.0,1782.0,11.0,0.0,8.0,64,4,25056,1162,222,56,,,,,
5942.57410182897,absorbing,left,4.0,8.0,131.0,68.0,887.0,896.0,1783.0,9.0,1.0,9.0,64,4,32768,1362,222,56,,,,,
5943.005467770854,absorbing,left,5.0,8.0,131.0,68.0,888.0,896.0,1784.0,13.0,1.0,10.0,64,4,41420,1476,222,56,,,,,
5943.462388213957,absorbing,left,5.0,9.0,131.0,68.0,888.0,897.0,1785.0,10.0,1.0,11.0,64,4,59084,1784,222,56,,,,,
5943.926973322872,absorbing,left,5.0,10.0,131.0,68.0,888.0,897.0,1785.0,10.0,0.0,11.0,64,4,72092,1948,222,56,,,,,
5944.393443813082,absorbing,left,5.0,11.0,131.0,68.0,888.0,899.0,1787.0,7.0,2.0,13.0,64,4,78908,2062,222,56,,,,,
5944.885862055002,absorbing,left,5.0,12.0,131.0,68.0,888.0,900.0,1788.0,8.0,1.0,14.0,64,4,88444,2230,222,56,,,,,
5945.407780868933,absorbing,left,6.0,12.0,131.0,68.0,888.0,900.0,1788.0,15.0,0.0,14.0,64,4,128680,2440,222,56,,,,,
5946.076012365986,absorbing,left,6.0,13.0,131.0,68.0,888.0,900.0,1788.0,12.0,0.0,14.0,64,4,178408,2992,222,56,,,,,
5946.894740391988,absorbing,left,7.0,13.0,131.0,68.0,888.0,900.0,1788.0,15.0,0.0,14.0,256,4,284836,3322,222,56,,,,,
5947.880543645006,absorbing,left,8.0,13.0,131.0,68.0,888.0,900.0,1788.0,12.0,0.0,14.0,256,4,547492,3682,222,56,,,,,
5948.632189550903,absorbing,left,9.0,13.0,131.0,68.0,888.0,900.0,1788.0,10.0,0.0,14.0,256,4,890212,4402,222,56,,,,,
5960.596830203896,unswapping,,,,,,,,,,,,256,4,1259428,4414,222,56,0.0,both,0.0,10.0,10.0
5967.2827000299,unswapping,,,,,,,,,,,,255,4,738444,3360,222,56,0.0,both,1.0,10.0,20.0
5968.214741263073,unswapping,,,,,,,,,,,,254,4,700384,3146,222,56,0.0,left,0.0,7.0,27.0
5972.754176626913,unswapping,,,,,,,,,,,,253,4,296804,2524,222,56,0.0,left,1.0,11.0,38.0
5974.021421080921,unswapping,,,,,,,,,,,,64,4,85724,1580,222,56,0.0,right,0.0,7.0,45.0
5974.709139895858,unswapping,,,,,,,,,,,,64,4,50716,1274,222,56,0.0,right,1.0,10.0,55.0
5975.734542954946,unswapping,,,,,,,,,,,,63,4,17276,950,222,56,1.0,both,0.0,10.0,10.0
5976.6535385430325,unswapping,,,,,,,,,,,,16,4,9660,826,222,56,1.0,both,1.0,2.0,12.0
5977.095614464022,unswapping,,,,,,,,,,,,16,4,9312,800,222,56,1.0,left,0.0,3.0,15.0
5977.583690401865,unswapping,,,,,,,,,,,,16,4,7272,748,222,56,1.0,left,1.0,5.0,20.0
5978.029272727901,unswapping,,,,,,,,,,,,16,4,6112,688,222,56,1.0,right,0.0,4.0,24.0
5978.456819132902,unswapping,,,,,,,,,,,,16,4,5932,674,222,56,1.0,right,1.0,3.0,27.0
5979.313614802901,unswapping,,,,,,,,,,,,16,4,5136,640,222,56,2.0,both,0.0,5.0,5.0
5980.127323153894,unswapping,,,,,,,,,,,,16,4,4176,616,222,56,2.0,both,1.0,1.0,6.0
5980.543574088952,unswapping,,,,,,,,,,,,16,4,3840,596,222,56,2.0,left,0.0,3.0,9.0
5980.976457485929,unswapping,,,,,,,,,,,,16,4,2880,566,222,56,2.0,left,1.0,4.0,13.0
5981.378198124003,unswapping,,,,,,,,,,,,9,4,2304,542,222,56,2.0,right,0.0,1.0,14.0
5981.781943053938,unswapping,,,,,,,,,,,,9,4,2244,536,222,56,2.0,right,1.0,1.0,15.0
5982.591799644986,unswapping,,,,,,,,,,,,8,4,2024,526,222,56,3.0,both,0.0,2.0,2.0
5983.395390826976,unswapping,,,,,,,,,,,,8,4,1736,506,222,56,3.0,both,1.0,3.0,5.0
5983.803094463889,unswapping,,,,,,,,,,,,8,4,1664,494,222,56,3.0,left,0.0,2.0,7.0
5984.050826268038,unswapping,,,,,,,,,,,,8,4,1664,494,222,56,3.0,left,1.0,0.0,7.0
5984.789232184878,unswapping,,,,,,,,,,,,8,4,1532,482,222,56,3.0,right,0.0,2.0,9.0
5985.192074941937,unswapping,,,,,,,,,,,,8,4,1472,476,222,56,3.0,right,1.0,1.0,10.0
5985.68079596688,unswapping,,,,,,,,,,,,8,4,1472,476,222,56,4.0,both,0.0,0.0,0.0
5986.477841173066,unswapping,,,,,,,,,,,,8,4,1436,472,222,56,4.0,both,1.0,2.0,2.0
5986.728207356064,unswapping,,,,,,,,,,,,8,4,1436,472,222,56,4.0,left,0.0,0.0,2.0
5986.977659323951,unswapping,,,,,,,,,,,,8,4,1436,472,222,56,4.0,left,1.0,0.0,2.0
5987.381916937884,unswapping,,,,,,,,,,,,8,4,1376,466,222,56,4.0,right,0.0,1.0,3.0
5987.785063477,unswapping,,,,,,,,,,,,8,4,1316,460,222,56,4.0,right,1.0,1.0,4.0
5988.5911704069,unswapping,,,,,,,,,,,,8,4,1276,456,222,56,5.0,both,0.0,2.0,2.0
5989.3906635940075,unswapping,,,,,,,,,,,,8,4,1256,454,222,56,5.0,both,1.0,1.0,3.0
5989.642042175867,unswapping,,,,,,,,,,,,8,4,1256,454,222,56,5.0,left,0.0,0.0,3.0
5989.893308894942,unswapping,,,,,,,,,,,,8,4,1256,454,222,56,5.0,left,1.0,0.0,3.0
5990.297568366863,unswapping,,,,,,,,,,,,8,4,1196,448,222,56,5.0,right,0.0,1.0,4.0
5990.544093977893,unswapping,,,,,,,,,,,,8,4,1196,448,222,56,5.0,right,1.0,0.0,4.0
5991.027263104916,unswapping,,,,,,,,,,,,8,4,1196,448,222,56,6.0,both,0.0,0.0,0.0
5991.811625279952,unswapping,,,,,,,,,,,,8,4,1136,442,222,56,6.0,both,1.0,1.0,1.0
5992.059298692038,unswapping,,,,,,,,,,,,8,4,1136,442,222,56,6.0,left,0.0,0.0,1.0
5992.3038583549205,unswapping,,,,,,,,,,,,8,4,1136,442,222,56,6.0,left,1.0,0.0,1.0
5992.549131094944,unswapping,,,,,,,,,,,,8,4,1136,442,222,56,6.0,right,0.0,0.0,1.0
5992.794657952851,unswapping,,,,,,,,,,,,8,4,1136,442,222,56,6.0,right,1.0,0.0,1.0
5993.589990159031,unswapping,,,,,,,,,,,,8,4,1076,436,222,56,7.0,both,0.0,1.0,1.0
5994.0696544649545,unswapping,,,,,,,,,,,,8,4,1076,436,222,56,7.0,both,1.0,0.0,1.0
5994.667493732879,unswapping,,,,,,,,,,,,8,4,1076,436,222,56,7.0,left,0.0,0.0,1.0
5995.065951697994,unswapping,,,,,,,,,,,,8,4,1016,430,222,56,7.0,left,1.0,1.0,2.0
5995.312149128877,unswapping,,,,,,,,,,,,8,4,1016,430,222,56,7.0,right,0.0,0.0,2.0
5995.555405366002,unswapping,,,,,,,,,,,,8,4,1016,430,222,56,7.0,right,1.0,0.0,2.0
5996.3473367518745,unswapping,,,,,,,,,,,,8,4,956,424,222,56,8.0,both,0.0,1.0,1.0
5997.133724276908,unswapping,,,,,,,,,,,,8,4,896,418,222,56,8.0,both,1.0,1.0,2.0
5997.534804804949,unswapping,,,,,,,,,,,,8,4,824,414,222,56,8.0,left,0.0,1.0,3.0
5997.935437706066,unswapping,,,,,,,,,,,,4,4,728,406,222,56,8.0,left,1.0,1.0,4.0
5998.175599260954,unswapping,,,,,,,,,,,,4,4,728,406,222,56,8.0,right,0.0,0.0,4.0
5998.412232444854,unswapping,,,,,,,,,,,,4,4,728,406,222,56,8.0,right,1.0,0.0,4.0
5998.895817580866,unswapping,,,,,,,,,,,,4,4,728,406,222,56,9.0,both,0.0,0.0,0.0
5999.37610760401,unswapping,,,,,,,,,,,,4,4,728,406,222,56,9.0,both,1.0,0.0,0.0
5999.773318694904,unswapping,,,,,,,,,,,,4,4,680,402,222,56,9.0,left,0.0,1.0,1.0
6000.017137025949,unswapping,,,,,,,,,,,,4,4,680,402,222,56,9.0,left,1.0,0.0,1.0
6000.259460655041,unswapping,,,,,,,,,,,,4,4,680,402,222,56,9.0,right,0.0,0.0,1.0
6000.501832197886,unswapping,,,,,,,,,,,,4,4,680,402,222,56,9.0,right,1.0,0.0,1.0
6000.986783592962,unswapping,,,,,,,,,,,,4,4,680,402,222,56,10.0,both,0.0,0.0,0.0
6001.4647230228875,unswapping,,,,,,,,,,,,4,4,680,402,222,56,10.0,both,1.0,0.0,0.0
6001.70851048897,unswapping,,,,,,,,,,,,4,4,680,402,222,56,10.0,left,0.0,0.0,0.0
6001.951902661007,unswapping,,,,,,,,,,,,4,4,680,402,222,56,10.0,left,1.0,0.0,0.0
6002.193593129981,unswapping,,,,,,,,,,,,4,4,680,402,222,56,10.0,right,0.0,0.0,0.0
6002.4292630278505,unswapping,,,,,,,,,,,,4,4,680,402,222,56,10.0,right,1.0,0.0,0.0
6003.312494488899,absorbing,left,1.0,0.0,104.0,61.0,890.0,900.0,1790.0,11.0,2.0,2.0,4,4,640,396,222,56,,,,,
6003.634042531019,absorbing,left,1.0,1.0,104.0,61.0,890.0,900.0,1790.0,11.0,0.0,2.0,8,4,1104,472,222,56,,,,,
6003.957750787027,absorbing,left,2.0,1.0,104.0,61.0,891.0,900.0,1791.0,13.0,1.0,3.0,8,4,1224,460,222,56,,,,,
6004.2784806268755,absorbing,left,3.0,1.0,104.0,61.0,891.0,900.0,1791.0,16.0,0.0,3.0,8,4,1940,530,222,56,,,,,
6004.954244161956,absorbing,left,3.0,2.0,104.0,61.0,891.0,901.0,1792.0,9.0,1.0,4.0,22,4,2936,576,222,56,,,,,
6005.284144388977,absorbing,left,3.0,3.0,104.0,61.0,891.0,901.0,1792.0,7.0,0.0,4.0,16,4,3796,616,222,56,,,,,
6005.61459905887,absorbing,left,3.0,4.0,104.0,61.0,891.0,901.0,1792.0,7.0,0.0,4.0,16,4,5104,668,222,56,,,,,
6005.958132534055,absorbing,left,4.0,4.0,104.0,61.0,892.0,901.0,1793.0,13.0,1.0,5.0,16,4,6820,750,222,56,,,,,
6006.317706222879,absorbing,left,4.0,5.0,104.0,61.0,892.0,901.0,1793.0,6.0,0.0,5.0,16,4,8036,784,222,56,,,,,
6006.659037441015,absorbing,left,5.0,5.0,104.0,61.0,893.0,901.0,1794.0,11.0,1.0,6.0,32,4,12572,952,222,56,,,,,
6007.022253202973,absorbing,left,6.0,5.0,104.0,61.0,893.0,901.0,1794.0,12.0,0.0,6.0,32,4,20600,1156,222,56,,,,,
6007.422998612979,absorbing,left,6.0,6.0,104.0,61.0,893.0,901.0,1794.0,8.0,0.0,6.0,64,4,33752,1354,222,56,,,,,
6007.8581129738595,absorbing,left,7.0,6.0,104.0,61.0,893.0,901.0,1794.0,11.0,0.0,6.0,128,4,63496,1638,222,56,,,,,
6008.312464216957,absorbing,left,8.0,6.0,104.0,61.0,895.0,901.0,1796.0,8.0,2.0,8.0,128,4,80424,1780,222,56,,,,,
6008.760898509063,absorbing,left,9.0,6.0,104.0,61.0,895.0,901.0,1796.0,9.0,0.0,8.0,64,4,98088,1868,222,56,,,,,
6009.318172921892,absorbing,left,9.0,7.0,104.0,61.0,895.0,901.0,1796.0,11.0,0.0,8.0,128,4,129504,2102,222,56,,,,,
6009.812120818067,absorbing,left,9.0,8.0,104.0,61.0,895.0,902.0,1797.0,10.0,1.0,9.0,128,4,168904,2354,222,56,,,,,
6010.37608303898,absorbing,left,9.0,9.0,104.0,61.0,895.0,904.0,1799.0,9.0,2.0,11.0,64,4,174920,2562,222,56,,,,,
6011.11020177207,absorbing,left,10.0,9.0,104.0,61.0,896.0,904.0,1800.0,9.0,1.0,12.0,256,4,259272,2850,222,56,,,,,
6011.9910897868685,absorbing,left,10.0,10.0,104.0,61.0,896.0,904.0,1800.0,10.0,0.0,12.0,256,4,307908,3192,222,56,,,,,
6012.878704831004,absorbing,left,11.0,10.0,104.0,61.0,896.0,904.0,1800.0,7.0,0.0,12.0,256,4,313604,3232,222,56,,,,,
6013.880237141857,absorbing,left,12.0,10.0,104.0,61.0,896.0,904.0,1800.0,6.0,0.0,12.0,256,4,279812,3136,222,56,,,,,
6014.570809864905,absorbing,left,13.0,10.0,104.0,61.0,897.0,904.0,1801.0,5.0,1.0,13.0,256,4,284212,3084,222,56,,,,,
6015.394324816065,absorbing,left,14.0,10.0,104.0,61.0,897.0,904.0,1801.0,6.0,0.0,13.0,256,4,298036,3156,222,56,,,,,
6016.0512831520755,absorbing,left,15.0,10.0,104.0,61.0,898.0,904.0,1802.0,5.0,1.0,14.0,256,4,318240,3272,222,56,,,,,
6016.7319122808985,absorbing,left,16.0,10.0,104.0,61.0,898.0,904.0,1802.0,7.0,0.0,14.0,256,4,335136,3428,222,56,,,,,
6017.454780502012,absorbing,left,17.0,10.0,104.0,61.0,899.0,904.0,1803.0,6.0,1.0,15.0,256,4,339232,3532,222,56,,,,,
6018.235018567881,absorbing,left,18.0,10.0,104.0,61.0,899.0,904.0,1803.0,6.0,0.0,15.0,256,4,371488,3780,222,56,,,,,
6018.978243839927,absorbing,left,19.0,10.0,104.0,61.0,899.0,904.0,1803.0,7.0,0.0,15.0,256,4,402268,3978,222,56,,,,,
6020.056226582034,absorbing,left,20.0,10.0,104.0,61.0,900.0,904.0,1804.0,8.0,1.0,16.0,256,4,443196,4200,222,56,,,,,
6021.345467881067,absorbing,left,21.0,10.0,104.0,61.0,900.0,904.0,1804.0,10.0,0.0,16.0,256,4,689404,5216,222,56,,,,,
6028.445912729949,unswapping,,,,,,,,,,,,256,4,1230076,5920,222,56,0.0,both,0.0,4.0,4.0
6031.49756137887,unswapping,,,,,,,,,,,,256,4,969308,5256,222,56,0.0,both,1.0,7.0,11.0
6033.703521210933,unswapping,,,,,,,,,,,,256,4,460920,3938,222,56,0.0,left,0.0,8.0,19.0
6035.75961320987,unswapping,,,,,,,,,,,,127,4,324860,3226,222,56,0.0,left,1.0,12.0,31.0
6037.53055851697,unswapping,,,,,,,,,,,,126,4,287420,2972,222,56,0.0,right,0.0,10.0,41.0
6038.867730129976,unswapping,,,,,,,,,,,,64,4,221884,2656,222,56,0.0,right,1.0,3.0,44.0
6040.764559630072,unswapping,,,,,,,,,,,,64,4,172612,2276,222,56,1.0,both,0.0,10.0,10.0
6043.212492714869,unswapping,,,,,,,,,,,,64,4,132424,1910,222,56,1.0,both,1.0,8.0,18.0
6044.256124668056,unswapping,,,,,,,,,,,,64,4,98536,1644,222,56,1.0,left,0.0,7.0,25.0
6045.04055819707,unswapping,,,,,,,,,,,,64,4,63976,1414,222,56,1.0,left,1.0,8.0,33.0
6045.597000080859,unswapping,,,,,,,,,,,,64,4,55912,1278,222,56,1.0,right,0.0,4.0,37.0
6046.148134158924,unswapping,,,,,,,,,,,,64,4,53416,1238,222,56,1.0,right,1.0,2.0,39.0
6047.1708668880165,unswapping,,,,,,,,,,,,64,4,37048,1114,222,56,2.0,both,0.0,3.0,3.0
6048.1990468460135,unswapping,,,,,,,,,,,,62,4,28360,966,222,56,2.0,both,1.0,3.0,6.0
6048.691411326872,unswapping,,,,,,,,,,,,62,4,23944,894,222,56,2.0,left,0.0,2.0,8.0
6049.144844461,unswapping,,,,,,,,,,,,62,4,19464,862,222,56,2.0,left,1.0,1.0,9.0
6049.413606734015,unswapping,,,,,,,,,,,,62,4,19464,862,222,56,2.0,right,0.0,0.0,9.0
6049.697070896858,unswapping,,,,,,,,,,,,62,4,19464,862,222,56,2.0,right,1.0,0.0,9.0
6050.6307148130145,unswapping,,,,,,,,,,,,32,4,11736,750,222,56,3.0,both,0.0,4.0,4.0
6051.499242029851,unswapping,,,,,,,,,,,,32,4,11112,714,222,56,3.0,both,1.0,3.0,7.0
6051.773642610991,unswapping,,,,,,,,,,,,32,4,11112,714,222,56,3.0,left,0.0,0.0,7.0
6052.2314374218695,unswapping,,,,,,,,,,,,32,4,6504,666,222,56,3.0,left,1.0,1.0,8.0
6052.6511301759165,unswapping,,,,,,,,,,,,16,4,4968,634,222,56,3.0,right,0.0,1.0,9.0
6052.91902371496,unswapping,,,,,,,,,,,,16,4,4968,634,222,56,3.0,right,1.0,0.0,9.0
6054.103422053857,unswapping,,,,,,,,,,,,16,4,4152,606,222,56,4.0,both,0.0,2.0,2.0
6054.925944062881,unswapping,,,,,,,,,,,,16,4,3912,590,222,56,4.0,both,1.0,2.0,4.0
6055.341880236054,unswapping,,,,,,,,,,,,16,4,3864,586,222,56,4.0,left,0.0,1.0,5.0
6055.754464201862,unswapping,,,,,,,,,,,,16,4,3816,582,222,56,4.0,left,1.0,1.0,6.0
6056.0074609650765,unswapping,,,,,,,,,,,,16,4,3816,582,222,56,4.0,right,0.0,0.0,6.0
6056.258532847976,unswapping,,,,,,,,,,,,16,4,3816,582,222,56,4.0,right,1.0,0.0,6.0
6057.0861773958895,unswapping,,,,,,,,,,,,16,4,3768,578,222,56,5.0,both,0.0,1.0,1.0
6057.594082485884,unswapping,,,,,,,,,,,,16,4,3768,578,222,56,5.0,both,1.0,0.0,1.0
6057.852409637999,unswapping,,,,,,,,,,,,16,4,3768,578,222,56,5.0,left,0.0,0.0,1.0
6058.264790795976,unswapping,,,,,,,,,,,,16,4,3720,574,222,56,5.0,left,1.0,1.0,2.0
6058.518860295881,unswapping,,,,,,,,,,,,16,4,3720,574,222,56,5.0,right,0.0,0.0,2.0
6058.770376426866,unswapping,,,,,,,,,,,,16,4,3720,574,222,56,5.0,right,1.0,0.0,2.0
6059.5894020819105,unswapping,,,,,,,,,,,,16,4,3672,570,222,56,6.0,both,0.0,1.0,1.0
6060.096018281998,unswapping,,,,,,,,,,,,16,4,3672,570,222,56,6.0,both,1.0,0.0,1.0
6060.354264182039,unswapping,,,,,,,,,,,,16,4,3672,570,222,56,6.0,left,0.0,0.0,1.0
6060.604626595043,unswapping,,,,,,,,,,,,16,4,3672,570,222,56,6.0,left,1.0,0.0,1.0
6060.857750969008,unswapping,,,,,,,,,,,,16,4,3672,570,222,56,6.0,right,0.0,0.0,1.0
6061.109784948872,unswapping,,,,,,,,,,,,16,4,3672,570,222,56,6.0,right,1.0,0.0,1.0
6061.612147209002,unswapping,,,,,,,,,,,,16,4,3672,570,222,56,7.0,both,0.0,0.0,0.0
6062.111662355019,unswapping,,,,,,,,,,,,16,4,3672,570,222,56,7.0,both,1.0,0.0,0.0
6062.368410126073,unswapping,,,,,,,,,,,,16,4,3672,570,222,56,7.0,left,0.0,0.0,0.0
6062.619732925901,unswapping,,,,,,,,,,,,16,4,3672,570,222,56,7.0,left,1.0,0.0,0.0
6062.870863968041,unswapping,,,,,,,,,,,,16,4,3672,570,222,56,7.0,right,0.0,0.0,0.0
6063.121872432996,unswapping,,,,,,,,,,,,16,4,3672,570,222,56,7.0,right,1.0,0.0,0.0
6064.3274398690555,absorbing,left,1.0,0.0,95.0,51.0,900.0,904.0,1804.0,11.0,0.0,0.0,16,4,3672,570,222,56,,,,,
6064.654502192978,absorbing,left,1.0,1.0,95.0,51.0,900.0,907.0,1807.0,9.0,3.0,3.0,16,4,4820,670,222,56,,,,,
6064.994013883872,absorbing,left,2.0,1.0,95.0,51.0,900.0,907.0,1807.0,16.0,0.0,3.0,16,4,4880,674,222,56,,,,,
6065.33503397787,absorbing,left,2.0,2.0,95.0,51.0,900.0,908.0,1808.0,13.0,1.0,4.0,16,4,7132,776,222,56,,,,,
6065.682204827899,absorbing,left,3.0,2.0,95.0,51.0,901.0,908.0,1809.0,16.0,1.0,5.0,16,4,9940,856,222,56,,,,,
6066.059055665042,absorbing,left,3.0,3.0,95.0,51.0,901.0,908.0,1809.0,14.0,0.0,5.0,16,4,11308,904,222,56,,,,,
6066.456075528869,absorbing,left,4.0,3.0,95.0,51.0,902.0,908.0,1810.0,13.0,1.0,6.0,32,4,20852,1148,222,56,,,,,
6066.9140010389965,absorbing,left,5.0,3.0,95.0,51.0,902.0,908.0,1810.0,11.0,0.0,6.0,32,4,28048,1290,222,56,,,,,
6067.357453747885,absorbing,left,5.0,4.0,95.0,51.0,902.0,908.0,1810.0,15.0,0.0,6.0,64,4,38068,1456,222,56,,,,,
6067.832808954874,absorbing,left,5.0,5.0,95.0,51.0,902.0,909.0,1811.0,14.0,1.0,7.0,64,4,55192,1532,222,56,,,,,
6068.283890414983,absorbing,left,5.0,6.0,95.0,51.0,902.0,910.0,1812.0,12.0,1.0,8.0,64,4,70024,1732,222,56,,,,,
6068.771689693909,absorbing,left,6.0,6.0,95.0,51.0,903.0,910.0,1813.0,9.0,1.0,9.0,128,4,93888,1902,222,56,,,,,
6069.244575484889,absorbing,left,7.0,6.0,95.0,51.0,903.0,910.0,1813.0,12.0,0.0,9.0,128,4,120192,2078,222,56,,,,,
6069.778258983046,absorbing,left,7.0,7.0,95.0,51.0,903.0,910.0,1813.0,11.0,0.0,9.0,128,4,148768,2190,222,56,,,,,
6070.316689247033,absorbing,left,8.0,7.0,95.0,51.0,903.0,910.0,1813.0,7.0,0.0,9.0,64,4,175344,2490,222,56,,,,,
6071.149586858926,absorbing,left,8.0,8.0,95.0,51.0,903.0,911.0,1814.0,11.0,1.0,10.0,128,4,212672,2702,222,56,,,,,
6071.7948341870215,absorbing,left,8.0,9.0,95.0,51.0,903.0,912.0,1815.0,12.0,1.0,11.0,128,4,248336,3014,222,56,,,,,
6072.710841548862,absorbing,left,9.0,9.0,95.0,51.0,903.0,912.0,1815.0,7.0,0.0,11.0,128,4,292784,3258,222,56,,,,,
6073.871226259042,absorbing,left,10.0,9.0,95.0,51.0,903.0,912.0,1815.0,8.0,0.0,11.0,256,4,481088,3958,222,56,,,,,
6075.052226840984,absorbing,left,11.0,9.0,95.0,51.0,905.0,912.0,1817.0,6.0,2.0,13.0,256,4,644676,4548,222,56,,,,,
6075.84153985302,absorbing,left,12.0,9.0,95.0,51.0,905.0,912.0,1817.0,7.0,0.0,13.0,256,4,646452,4576,222,56,,,,,
6076.735520721879,absorbing,left,13.0,9.0,95.0,51.0,906.0,912.0,1818.0,7.0,1.0,14.0,256,4,714072,4846,222,56,,,,,
6077.483927293913,absorbing,left,14.0,9.0,95.0,51.0,906.0,912.0,1818.0,7.0,0.0,14.0,256,4,820152,5204,222,56,,,,,
6085.794028379954,unswapping,,,,,,,,,,,,256,4,1156792,5630,222,56,0.0,both,0.0,3.0,3.0
6092.946779629914,unswapping,,,,,,,,,,,,256,4,903976,4714,222,56,0.0,both,1.0,10.0,13.0
6094.43744119606,unswapping,,,,,,,,,,,,241,4,343240,3490,222,56,0.0,left,0.0,9.0,22.0
6096.277410754934,unswapping,,,,,,,,,,,,64,4,112056,2206,222,56,0.0,left,1.0,15.0,37.0
6096.978833622998,unswapping,,,,,,,,,,,,64,4,89376,1842,222,56,0.0,right,0.0,9.0,46.0
6097.789849025896,unswapping,,,,,,,,,,,,64,4,83760,1750,222,56,0.0,right,1.0,4.0,50.0
6099.378425016068,unswapping,,,,,,,,,,,,64,4,54804,1400,222,56,1.0,both,0.0,12.0,12.0
6100.483093811898,unswapping,,,,,,,,,,,,64,4,36156,1216,222,56,1.0,both,1.0,7.0,19.0
6101.017638887046,unswapping,,,,,,,,,,,,32,4,24348,1036,222,56,1.0,left,0.0,7.0,26.0
6101.518542703008,unswapping,,,,,,,,,,,,32,4,16764,916,222,56,1.0,left,1.0,5.0,31.0
6102.012100232998,unswapping,,,,,,,,,,,,32,4,12764,832,222,56,1.0,right,0.0,4.0,35.0
6102.473761840956,unswapping,,,,,,,,,,,,32,4,7132,740,222,56,1.0,right,1.0,3.0,38.0
6103.332689446863,unswapping,,,,,,,,,,,,16,4,4204,652,222,56,2.0,both,0.0,3.0,3.0
6104.188264996046,unswapping,,,,,,,,,,,,16,4,3388,608,222,56,2.0,both,1.0,6.0,9.0
6104.615582261002,unswapping,,,,,,,,,,,,16,4,3004,584,222,56,2.0,left,0.0,2.0,11.0
6105.036200098926,unswapping,,,,,,,,,,,,8,4,2620,560,222,56,2.0,left,1.0,1.0,12.0
6105.294609077973,unswapping,,,,,,,,,,,,8,4,2620,560,222,56,2.0,right,0.0,0.0,12.0
6105.709736032877,unswapping,,,,,,,,,,,,8,4,2380,548,222,56,2.0,right,1.0,1.0,13.0
6106.553476077039,unswapping,,,,,,,,,,,,8,4,1996,524,222,56,3.0,both,0.0,4.0,4.0
6107.371619513957,unswapping,,,,,,,,,,,,8,4,1900,516,222,56,3.0,both,1.0,2.0,6.0
6107.625574419042,unswapping,,,,,,,,,,,,8,4,1900,516,222,56,3.0,left,0.0,0.0,6.0
6108.035950656049,unswapping,,,,,,,,,,,,8,4,1804,504,222,56,3.0,left,1.0,1.0,7.0
6108.285877801012,unswapping,,,,,,,,,,,,8,4,1804,504,222,56,3.0,right,0.0,0.0,7.0
6108.6889570700005,unswapping,,,,,,,,,,,,8,4,1756,500,222,56,3.0,right,1.0,1.0,8.0
6109.853318562033,unswapping,,,,,,,,,,,,8,4,1660,492,222,56,4.0,both,0.0,2.0,2.0
6110.661757996073,unswapping,,,,,,,,,,,,8,4,1564,484,222,56,4.0,both,1.0,2.0,4.0
6110.912477941951,unswapping,,,,,,,,,,,,8,4,1564,484,222,56,4.0,left,0.0,0.0,4.0
6111.162668461911,unswapping,,,,,,,,,,,,8,4,1564,484,222,56,4.0,left,1.0,0.0,4.0
6111.409406499937,unswapping,,,,,,,,,,,,8,4,1564,484,222,56,4.0,right,0.0,0.0,4.0
6111.656333817868,unswapping,,,,,,,,,,,,8,4,1564,484,222,56,4.0,right,1.0,0.0,4.0
6112.465328102,unswapping,,,,,,,,,,,,8,4,1468,476,222,56,5.0,both,0.0,2.0,2.0
6112.955888368888,unswapping,,,,,,,,,,,,8,4,1468,476,222,56,5.0,both,1.0,0.0,2.0
6113.2060763880145,unswapping,,,,,,,,,,,,8,4,1468,476,222,56,5.0,left,0.0,0.0,2.0
6113.455742218997,unswapping,,,,,,,,,,,,8,4,1468,476,222,56,5.0,left,1.0,0.0,2.0
6113.703927859897,unswapping,,,,,,,,,,,,8,4,1468,476,222,56,5.0,right,0.0,0.0,2.0
6113.947203652002,unswapping,,,,,,,,,,,,8,4,1468,476,222,56,5.0,right,1.0,0.0,2.0
6114.440836396068,unswapping,,,,,,,,,,,,8,4,1468,476,222,56,6.0,both,0.0,0.0,0.0
6114.927959989989,unswapping,,,,,,,,,,,,8,4,1468,476,222,56,6.0,both,1.0,0.0,0.0
6115.17985642585,unswapping,,,,,,,,,,,,8,4,1468,476,222,56,6.0,left,0.0,0.0,0.0
6115.428279228043,unswapping,,,,,,,,,,,,8,4,1468,476,222,56,6.0,left,1.0,0.0,0.0
6115.671387590002,unswapping,,,,,,,,,,,,8,4,1468,476,222,56,6.0,right,0.0,0.0,0.0
6115.91530511505,unswapping,,,,,,,,,,,,8,4,1468,476,222,56,6.0,right,1.0,0.0,0.0
6116.600738978945,absorbing,left,1.0,0.0,68.0,49.0,906.0,912.0,1818.0,12.0,0.0,0.0,8,4,1468,476,222,56,,,,,
6116.932592310011,absorbing,left,2.0,0.0,68.0,49.0,907.0,912.0,1819.0,12.0,1.0,1.0,8,4,2432,590,222,56,,,,,
6117.258822228992,absorbing,left,2.0,1.0,68.0,49.0,907.0,914.0,1821.0,11.0,2.0,3.0,8,4,2884,602,222,56,,,,,
6117.5897455420345,absorbing,left,2.0,2.0,68.0,49.0,907.0,916.0,1823.0,9.0,2.0,5.0,16,4,4532,690,222,56,,,,,
6117.923256729031,absorbing,left,3.0,2.0,68.0,49.0,907.0,916.0,1823.0,15.0,0.0,5.0,8,4,4332,682,222,56,,,,,
6118.256664152024,absorbing,left,3.0,3.0,68.0,49.0,907.0,917.0,1824.0,10.0,1.0,6.0,16,4,5652,756,222,56,,,,,
6118.593264946947,absorbing,left,4.0,3.0,68.0,49.0,908.0,917.0,1825.0,9.0,1.0,7.0,16,4,5880,760,222,56,,,,,
6118.929805035936,absorbing,left,4.0,4.0,68.0,49.0,908.0,917.0,1825.0,13.0,0.0,7.0,32,4,10128,916,222,56,,,,,
6119.281883172924,absorbing,left,5.0,4.0,68.0,49.0,909.0,917.0,1826.0,10.0,1.0,8.0,32,4,10896,888,222,56,,,,,
6119.645781469066,absorbing,left,5.0,5.0,68.0,49.0,909.0,917.0,1826.0,13.0,0.0,8.0,32,4,19536,1122,222,56,,,,,
6120.023971810937,absorbing,left,6.0,5.0,68.0,49.0,912.0,917.0,1829.0,7.0,3.0,11.0,32,4,23960,1120,222,56,,,,,
6120.435207197908,absorbing,left,6.0,6.0,68.0,49.0,912.0,918.0,1830.0,9.0,1.0,12.0,64,4,33944,1216,222,56,,,,,
6121.193654402858,absorbing,left,7.0,6.0,68.0,49.0,913.0,918.0,1831.0,7.0,1.0,13.0,128,4,54024,1398,222,56,,,,,
6121.626460274914,absorbing,left,7.0,7.0,68.0,49.0,913.0,918.0,1831.0,13.0,0.0,13.0,64,4,40136,1394,222,56,,,,,
6122.071189756971,absorbing,left,8.0,7.0,68.0,49.0,914.0,918.0,1832.0,7.0,1.0,14.0,64,4,44488,1380,222,56,,,,,
6122.507738520857,absorbing,left,9.0,7.0,68.0,49.0,915.0,918.0,1833.0,8.0,1.0,15.0,64,4,41592,1320,222,56,,,,,
6122.935039784061,absorbing,left,10.0,7.0,68.0,49.0,918.0,918.0,1836.0,5.0,3.0,18.0,64,4,44984,1354,222,56,,,,,
6123.367442907998,absorbing,left,11.0,7.0,68.0,49.0,918.0,918.0,1836.0,6.0,0.0,18.0,64,4,43928,1346,222,56,,,,,
6123.782136623049,absorbing,left,11.0,8.0,68.0,49.0,918.0,920.0,1838.0,13.0,2.0,20.0,32,4,45472,1446,222,56,,,,,
6124.178366099019,absorbing,left,12.0,8.0,68.0,49.0,918.0,920.0,1838.0,8.0,0.0,20.0,32,4,46768,1494,222,56,,,,,
6124.62019324908,absorbing,left,13.0,8.0,68.0,49.0,920.0,920.0,1840.0,6.0,2.0,22.0,64,4,61144,1624,222,56,,,,,
6125.057683735853,absorbing,left,14.0,8.0,68.0,49.0,922.0,920.0,1842.0,7.0,2.0,24.0,64,4,60064,1620,222,56,,,,,
6125.502651771065,absorbing,left,15.0,8.0,68.0,49.0,922.0,920.0,1842.0,9.0,0.0,24.0,128,4,85168,1854,222,56,,,,,
6126.021541791037,absorbing,left,16.0,8.0,68.0,49.0,923.0,920.0,1843.0,9.0,1.0,25.0,128,4,90416,1948,222,56,,,,,
6126.541872555856,absorbing,left,17.0,8.0,68.0,49.0,925.0,920.0,1845.0,8.0,2.0,27.0,64,4,86192,1932,222,56,,,,,
6127.040591981029,absorbing,left,18.0,8.0,68.0,49.0,925.0,920.0,1845.0,9.0,0.0,27.0,64,4,100660,2014,222,56,,,,,
6127.5561840569135,absorbing,left,18.0,9.0,68.0,49.0,925.0,923.0,1848.0,11.0,3.0,30.0,128,4,138164,2186,222,56,,,,,
6128.185063363984,absorbing,left,18.0,10.0,68.0,49.0,925.0,927.0,1852.0,12.0,4.0,34.0,128,4,176772,2326,222,56,,,,,
6128.748741484946,absorbing,left,18.0,11.0,68.0,49.0,925.0,929.0,1854.0,11.0,2.0,36.0,128,4,198420,2572,222,56,,,,,
6129.623893959913,absorbing,left,18.0,12.0,68.0,49.0,925.0,930.0,1855.0,11.0,1.0,37.0,128,4,290580,3148,222,56,,,,,
6130.509623327991,absorbing,left,19.0,12.0,68.0,49.0,927.0,930.0,1857.0,7.0,2.0,39.0,128,4,303576,3094,222,56,,,,,
6131.451386051951,absorbing,left,20.0,12.0,68.0,49.0,927.0,930.0,1857.0,8.0,0.0,39.0,128,4,304152,3086,222,56,,,,,
6132.402728416957,absorbing,left,21.0,12.0,68.0,49.0,927.0,930.0,1857.0,8.0,0.0,39.0,128,4,284184,2958,222,56,,,,,
6133.349482269026,absorbing,left,22.0,12.0,68.0,49.0,927.0,930.0,1857.0,6.0,0.0,39.0,128,4,299000,3094,222,56,,,,,
6134.305812008912,absorbing,left,23.0,12.0,68.0,49.0,928.0,930.0,1858.0,6.0,1.0,40.0,128,4,382584,3358,222,56,,,,,
6135.407453255029,absorbing,left,23.0,13.0,68.0,49.0,928.0,930.0,1858.0,9.0,0.0,40.0,511,4,728824,3892,222,56,,,,,
6136.479747694917,absorbing,left,23.0,14.0,68.0,49.0,928.0,930.0,1858.0,10.0,0.0,40.0,510,4,736600,3910,222,56,,,,,
6137.403035246069,absorbing,left,23.0,15.0,68.0,49.0,928.0,931.0,1859.0,8.0,1.0,41.0,509,4,847704,4436,222,56,,,,,
6143.235169938067,unswapping,,,,,,,,,,,,508,4,826520,4250,222,56,0.0,both,0.0,5.0,5.0
6147.038634769851,unswapping,,,,,,,,,,,,128,4,130520,2284,222,56,0.0,both,1.0,8.0,13.0
6147.809444013052,unswapping,,,,,,,,,,,,64,4,57892,1672,222,56,0.0,left,0.0,9.0,22.0
6148.644645784982,unswapping,,,,,,,,,,,,32,4,38844,1400,222,56,0.0,left,1.0,10.0,32.0
6149.226466754917,unswapping,,,,,,,,,,,,32,4,27972,1142,222,56,0.0,right,0.0,9.0,41.0
6150.079879279947,unswapping,,,,,,,,,,,,32,4,25620,1074,222,56,0.0,right,1.0,4.0,45.0
6151.09365964192,unswapping,,,,,,,,,,,,32,4,19772,970,222,56,1.0,both,0.0,5.0,5.0
6152.026579410071,unswapping,,,,,,,,,,,,32,4,10352,808,222,56,1.0,both,1.0,8.0,13.0
6152.479280148866,unswapping,,,,,,,,,,,,16,4,6800,720,222,56,1.0,left,0.0,4.0,17.0
6152.909473570995,unswapping,,,,,,,,,,,,16,4,5168,664,222,56,1.0,left,1.0,4.0,21.0
6153.325691140024,unswapping,,,,,,,,,,,,16,4,4484,614,222,56,1.0,right,0.0,4.0,25.0
6153.576928607887,unswapping,,,,,,,,,,,,16,4,4484,614,222,56,1.0,right,1.0,0.0,25.0
6154.415793489898,unswapping,,,,,,,,,,,,16,4,3128,564,222,56,2.0,both,0.0,6.0,6.0
6155.247593236854,unswapping,,,,,,,,,,,,8,4,2084,498,222,56,2.0,both,1.0,8.0,14.0
6155.646326076938,unswapping,,,,,,,,,,,,8,4,2036,494,222,56,2.0,left,0.0,1.0,15.0
6155.893474438926,unswapping,,,,,,,,,,,,8,4,2036,494,222,56,2.0,left,1.0,0.0,15.0
6156.296052617952,unswapping,,,,,,,,,,,,8,4,1588,470,222,56,2.0,right,0.0,3.0,18.0
6156.691718167858,unswapping,,,,,,,,,,,,8,4,1492,460,222,56,2.0,right,1.0,2.0,20.0
6157.490849566879,unswapping,,,,,,,,,,,,8,4,1360,446,222,56,3.0,both,0.0,5.0,5.0
6158.287873992929,unswapping,,,,,,,,,,,,8,4,844,416,222,56,3.0,both,1.0,6.0,11.0
6158.680599261075,unswapping,,,,,,,,,,,,4,4,700,404,222,56,3.0,left,0.0,2.0,13.0
6159.070777690038,unswapping,,,,,,,,,,,,4,4,668,400,222,56,3.0,left,1.0,1.0,14.0
6159.311137197074,unswapping,,,,,,,,,,,,4,4,668,400,222,56,3.0,right,0.0,0.0,14.0
6159.884598653996,unswapping,,,,,,,,,,,,4,4,668,400,222,56,3.0,right,1.0,0.0,14.0
6160.685441264883,unswapping,,,,,,,,,,,,4,4,536,386,222,56,4.0,both,0.0,5.0,5.0
6161.456869977061,unswapping,,,,,,,,,,,,4,4,500,380,222,56,4.0,both,1.0,3.0,8.0
6161.697305673966,unswapping,,,,,,,,,,,,4,4,500,380,222,56,4.0,left,0.0,0.0,8.0
6162.083463012008,unswapping,,,,,,,,,,,,2,4,468,376,222,56,4.0,left,1.0,1.0,9.0
6162.322045401903,unswapping,,,,,,,,,,,,2,4,468,376,222,56,4.0,right,0.0,0.0,9.0
6162.5572815369815,unswapping,,,,,,,,,,,,2,4,468,376,222,56,4.0,right,1.0,0.0,9.0
6163.33194613806,unswapping,,,,,,,,,,,,2,4,444,372,222,56,5.0,both,0.0,2.0,2.0
6164.097067066934,unswapping,,,,,,,,,,,,2,4,420,368,222,56,5.0,both,1.0,2.0,4.0
6164.334787766915,unswapping,,,,,,,,,,,,2,4,420,368,222,56,5.0,left,0.0,0.0,4.0
6164.570172375999,unswapping,,,,,,,,,,,,2,4,420,368,222,56,5.0,left,1.0,0.0,4.0
6164.807451931061,unswapping,,,,,,,,,,,,2,4,420,368,222,56,5.0,right,0.0,0.0,4.0
6165.042311997851,unswapping,,,,,,,,,,,,2,4,420,368,222,56,5.0,right,1.0,0.0,4.0
6165.817718948005,unswapping,,,,,,,,,,,,2,4,396,364,222,56,6.0,both,0.0,2.0,2.0
6166.5835878360085,unswapping,,,,,,,,,,,,2,4,372,360,222,56,6.0,both,1.0,2.0,4.0
6166.824756589951,unswapping,,,,,,,,,,,,2,4,372,360,222,56,6.0,left,0.0,0.0,4.0
6167.060028953012,unswapping,,,,,,,,,,,,2,4,372,360,222,56,6.0,left,1.0,0.0,4.0
6167.296377057908,unswapping,,,,,,,,,,,,2,4,372,360,222,56,6.0,right,0.0,0.0,4.0
6167.530624520965,unswapping,,,,,,,,,,,,2,4,372,360,222,56,6.0,right,1.0,0.0,4.0
6168.300637586974,unswapping,,,,,,,,,,,,2,4,348,356,222,56,7.0,both,0.0,2.0,2.0
6169.06065260293,unswapping,,,,,,,,,,,,2,4,336,354,222,56,7.0,both,1.0,1.0,3.0
6169.640473040985,unswapping,,,,,,,,,,,,2,4,336,354,222,56,7.0,left,0.0,0.0,3.0
6169.875586750917,unswapping,,,,,,,,,,,,2,4,336,354,222,56,7.0,left,1.0,0.0,3.0
6170.110952596879,unswapping,,,,,,,,,,,,2,4,336,354,222,56,7.0,right,0.0,0.0,3.0
6170.341811575927,unswapping,,,,,,,,,,,,2,4,336,354,222,56,7.0,right,1.0,0.0,3.0
6171.104881396983,unswapping,,,,,,,,,,,,2,4,324,352,222,56,8.0,both,0.0,1.0,1.0
6171.563478750875,unswapping,,,,,,,,,,,,2,4,324,352,222,56,8.0,both,1.0,0.0,1.0
6171.799620392965,unswapping,,,,,,,,,,,,2,4,324,352,222,56,8.0,left,0.0,0.0,1.0
6172.03143539303,unswapping,,,,,,,,,,,,2,4,324,352,222,56,8.0,left,1.0,0.0,1.0
6172.266336600063,unswapping,,,,,,,,,,,,2,4,324,352,222,56,8.0,right,0.0,0.0,1.0
6172.495427106973,unswapping,,,,,,,,,,,,2,4,324,352,222,56,8.0,right,1.0,0.0,1.0
6172.962689273059,unswapping,,,,,,,,,,,,2,4,324,352,222,56,9.0,both,0.0,0.0,0.0
6173.419494591886,unswapping,,,,,,,,,,,,2,4,324,352,222,56,9.0,both,1.0,0.0,0.0
6173.655330322916,unswapping,,,,,,,,,,,,2,4,324,352,222,56,9.0,left,0.0,0.0,0.0
6173.888058376964,unswapping,,,,,,,,,,,,2,4,324,352,222,56,9.0,left,1.0,0.0,0.0
6174.122279562987,unswapping,,,,,,,,,,,,2,4,324,352,222,56,9.0,right,0.0,0.0,0.0
6174.353004913079,unswapping,,,,,,,,,,,,2,4,324,352,222,56,9.0,right,1.0,0.0,0.0
6174.866014064988,absorbing,left,1.0,0.0,31.0,31.0,930.0,931.0,1861.0,6.0,2.0,2.0,2,4,300,348,222,56,,,,,
6175.168988094898,absorbing,left,2.0,0.0,31.0,31.0,931.0,931.0,1862.0,6.0,1.0,3.0,4,4,444,380,222,56,,,,,
6175.467827888904,absorbing,left,2.0,1.0,31.0,31.0,931.0,931.0,1862.0,7.0,0.0,3.0,4,4,372,362,222,56,,,,,
6175.767698477022,absorbing,left,3.0,1.0,31.0,31.0,931.0,931.0,1862.0,7.0,0.0,3.0,4,4,516,396,222,56,,,,,
6176.07252190588,absorbing,left,3.0,2.0,31.0,31.0,931.0,931.0,1862.0,8.0,0.0,3.0,4,4,660,396,222,56,,,,,
6176.374472493073,absorbing,left,4.0,2.0,31.0,31.0,931.0,931.0,1862.0,9.0,0.0,3.0,4,4,708,418,222,56,,,,,
6176.679541694932,absorbing,left,4.0,3.0,31.0,31.0,931.0,931.0,1862.0,8.0,0.0,3.0,4,4,828,412,222,56,,,,,
6176.982707084855,absorbing,left,5.0,3.0,31.0,31.0,932.0,931.0,1863.0,7.0,1.0,4.0,4,4,844,432,222,56,,,,,
6177.283473071875,absorbing,left,5.0,4.0,31.0,31.0,932.0,931.0,1863.0,10.0,0.0,4.0,4,4,1060,432,222,56,,,,,
6177.592760734959,absorbing,left,6.0,4.0,31.0,31.0,932.0,931.0,1863.0,8.0,0.0,4.0,4,4,1012,438,222,56,,,,,
6177.904080630047,absorbing,left,7.0,4.0,31.0,31.0,933.0,931.0,1864.0,6.0,1.0,5.0,4,4,980,424,222,56,,,,,
6178.210472085979,absorbing,left,7.0,5.0,31.0,31.0,933.0,931.0,1864.0,9.0,0.0,5.0,16,4,1424,454,222,56,,,,,
6178.519852783997,absorbing,left,8.0,5.0,31.0,31.0,934.0,931.0,1865.0,3.0,1.0,6.0,16,4,1480,456,222,56,,,,,
6178.829893599963,absorbing,left,9.0,5.0,31.0,31.0,934.0,931.0,1865.0,3.0,0.0,6.0,16,4,1924,486,222,56,,,,,
6179.135765709914,absorbing,left,10.0,5.0,31.0,31.0,934.0,931.0,1865.0,4.0,0.0,6.0,16,4,2020,498,222,56,,,,,
6179.442866957048,absorbing,left,11.0,5.0,31.0,31.0,934.0,931.0,1865.0,5.0,0.0,6.0,16,4,2264,520,222,56,,,,,
6179.752970288042,absorbing,left,12.0,5.0,31.0,31.0,934.0,931.0,1865.0,5.0,0.0,6.0,16,4,3440,562,222,56,,,,,
6180.070994938957,absorbing,left,13.0,5.0,31.0,31.0,935.0,931.0,1866.0,4.0,1.0,7.0,16,4,4432,608,222,56,,,,,
6180.722820472904,absorbing,left,13.0,6.0,31.0,31.0,935.0,931.0,1866.0,9.0,0.0,7.0,16,4,5776,656,222,56,,,,,
6181.050009679049,absorbing,left,14.0,6.0,31.0,31.0,935.0,931.0,1866.0,5.0,0.0,7.0,16,4,7120,704,222,56,,,,,
6181.3822445650585,absorbing,left,15.0,6.0,31.0,31.0,936.0,931.0,1867.0,4.0,1.0,8.0,16,4,9360,768,222,56,,,,,
6181.713705177885,absorbing,left,16.0,6.0,31.0,31.0,936.0,931.0,1867.0,5.0,0.0,8.0,16,4,12752,856,222,56,,,,,
6182.062634294853,absorbing,left,17.0,6.0,31.0,31.0,936.0,931.0,1867.0,5.0,0.0,8.0,64,4,22800,1024,222,56,,,,,
6182.460965794977,absorbing,left,18.0,6.0,31.0,31.0,937.0,931.0,1868.0,4.0,1.0,9.0,64,4,32400,1192,222,56,,,,,
6182.8520849428605,absorbing,left,19.0,6.0,31.0,31.0,937.0,931.0,1868.0,4.0,0.0,9.0,64,4,43152,1208,222,56,,,,,
6183.273588690907,absorbing,left,19.0,7.0,31.0,31.0,937.0,931.0,1868.0,9.0,0.0,9.0,64,4,54352,1392,222,56,,,,,
6183.71023234888,absorbing,left,20.0,7.0,31.0,31.0,938.0,931.0,1869.0,3.0,1.0,10.0,64,4,48720,1304,222,56,,,,,
6184.140791697893,absorbing,left,21.0,7.0,31.0,31.0,938.0,931.0,1869.0,4.0,0.0,10.0,64,4,47184,1280,222,56,,,,,
6184.607182500884,absorbing,left,22.0,7.0,31.0,31.0,938.0,931.0,1869.0,4.0,0.0,10.0,64,4,41616,1192,222,56,,,,,
6185.032686651917,absorbing,left,23.0,7.0,31.0,31.0,938.0,931.0,1869.0,4.0,0.0,10.0,64,4,40656,1160,222,56,,,,,
6185.4411845728755,absorbing,left,23.0,8.0,31.0,31.0,938.0,932.0,1870.0,8.0,1.0,11.0,64,4,53328,1328,222,56,,,,,
6185.873787035933,absorbing,left,23.0,9.0,31.0,31.0,938.0,932.0,1870.0,8.0,0.0,11.0,64,4,59280,1424,222,56,,,,,
6186.300091839861,absorbing,left,23.0,10.0,31.0,31.0,938.0,932.0,1870.0,6.0,0.0,11.0,64,4,72592,1464,222,56,,,,,
6186.688562281895,absorbing,left,23.0,11.0,31.0,31.0,938.0,932.0,1870.0,5.0,0.0,11.0,64,4,95188,1506,222,56,,,,,
6187.106223989977,absorbing,left,23.0,12.0,31.0,31.0,938.0,933.0,1871.0,5.0,1.0,12.0,64,4,93268,1458,222,56,,,,,
6187.490301226033,absorbing,left,23.0,13.0,31.0,31.0,938.0,934.0,1872.0,5.0,1.0,13.0,64,4,103508,1522,222,56,,,,,
6187.937275704928,absorbing,left,23.0,14.0,31.0,31.0,938.0,935.0,1873.0,5.0,1.0,14.0,256,4,186904,1812,222,56,,,,,
6188.52056374494,absorbing,left,23.0,15.0,31.0,31.0,938.0,935.0,1873.0,6.0,0.0,14.0,256,4,185884,1790,222,56,,,,,
6189.098375539994,absorbing,left,23.0,16.0,31.0,31.0,938.0,937.0,1875.0,3.0,2.0,16.0,256,4,185760,1784,222,56,,,,,
6189.525308066979,absorbing,left,23.0,17.0,31.0,31.0,938.0,938.0,1876.0,1.0,1.0,17.0,256,4,185760,1784,222,56,,,,,
6189.946470287861,absorbing,left,23.0,18.0,31.0,31.0,938.0,938.0,1876.0,1.0,0.0,17.0,256,4,185760,1784,222,56,,,,,
6190.369562740903,absorbing,left,23.0,19.0,31.0,31.0,938.0,938.0,1876.0,1.0,0.0,17.0,256,4,185760,1784,222,56,,,,,
6190.821832282934,absorbing,left,23.0,20.0,31.0,31.0,938.0,938.0,1876.0,1.0,0.0,17.0,64,4,87456,1400,222,56,,,,,
6191.344991413876,absorbing,left,23.0,21.0,31.0,31.0,938.0,938.0,1876.0,1.0,0.0,17.0,64,4,87456,1400,222,56,,,,,
6191.976408831077,absorbing,left,23.0,22.0,31.0,31.0,938.0,938.0,1876.0,1.0,0.0,17.0,64,4,87456,1400,222,56,,,,,
6192.450554464944,absorbing,left,24.0,22.0,31.0,31.0,939.0,938.0,1877.0,1.0,1.0,18.0,64,4,80544,1268,222,56,,,,,
6192.777584691998,absorbing,left,24.0,23.0,31.0,31.0,939.0,938.0,1877.0,1.0,0.0,18.0,64,4,80544,1268,222,56,,,,,
6193.110762231052,absorbing,left,25.0,23.0,31.0,31.0,939.0,938.0,1877.0,2.0,0.0,18.0,64,4,80544,1268,222,56,,,,,
6193.610260115005,absorbing,left,26.0,23.0,31.0,31.0,940.0,938.0,1878.0,2.0,1.0,19.0,64,4,80544,1268,222,56,,,,,
6193.9525830459315,absorbing,left,27.0,23.0,31.0,31.0,940.0,938.0,1878.0,3.0,0.0,19.0,64,4,65056,1164,222,56,,,,,
6194.300803558901,absorbing,left,28.0,23.0,31.0,31.0,940.0,938.0,1878.0,2.0,0.0,19.0,64,4,65344,1182,222,56,,,,,
6194.641461001011,absorbing,left,28.0,24.0,31.0,31.0,940.0,938.0,1878.0,1.0,0.0,19.0,64,4,65344,1182,222,56,,,,,
6194.972905636067,absorbing,left,28.0,25.0,31.0,31.0,940.0,939.0,1879.0,0.0,1.0,20.0,64,4,65344,1182,222,56,,,,,
6195.300222225022,absorbing,left,28.0,26.0,31.0,31.0,940.0,940.0,1880.0,0.0,1.0,21.0,64,4,65344,1182,222,56,,,,,
6195.6293033058755,absorbing,left,28.0,27.0,31.0,31.0,940.0,940.0,1880.0,1.0,0.0,21.0,64,4,65344,1182,222,56,,,,,
6195.960690344917,absorbing,left,28.0,28.0,31.0,31.0,940.0,941.0,1881.0,0.0,1.0,22.0,64,4,65344,1182,222,56,,,,,
6196.285109266872,absorbing,left,29.0,28.0,31.0,31.0,940.0,941.0,1881.0,2.0,0.0,22.0,64,4,65344,1182,222,56,,,,,
6196.943308183923,absorbing,left,29.0,29.0,31.0,31.0,940.0,941.0,1881.0,1.0,0.0,22.0,64,4,65440,1190,222,56,,,,,
6197.272970557911,absorbing,left,29.0,30.0,31.0,31.0,940.0,942.0,1882.0,0.0,1.0,23.0,64,4,65440,1190,222,56,,,,,
6197.607891577063,absorbing,left,29.0,31.0,31.0,31.0,940.0,943.0,1883.0,0.0,1.0,24.0,64,4,65344,1182,222,56,,,,,
6197.78352098586,absorbing,left,30.0,31.0,31.0,31.0,941.0,943.0,1884.0,1.0,1.0,25.0,64,4,66808,1200,222,56,,,,,
6197.9505706590135,absorbing,left,31.0,31.0,31.0,31.0,942.0,943.0,1885.0,0.0,1.0,26.0,64,4,66848,1204,222,56,,,,,
