prover,scope,item,leaked,automation_provable
goedel_v2,own corpora,test/mathd_algebra_478,False,False
goedel_v2,own corpora,test/numbertheory_4x3m7y3neq2003,False,False
goedel_v2,own corpora,test/aime_1983_p1,False,False
goedel_v2,own corpora,test/amc12_2001_p5,False,False
goedel_v2,own corpora,test/mathd_algebra_141,False,True
goedel_v2,own corpora,test/mathd_numbertheory_3,False,True
goedel_v2,own corpora,test/imo_1969_p2,False,False
goedel_v2,own corpora,test/mathd_algebra_209,False,False
goedel_v2,own corpora,test/mathd_numbertheory_1124,False,False
goedel_v2,own corpora,test/imo_1983_p6,True,False
goedel_v2,own corpora,test/mathd_numbertheory_237,False,True
goedel_v2,own corpora,test/mathd_algebra_33,False,False
goedel_v2,own corpora,test/amc12b_2021_p3,True,False
goedel_v2,own corpora,test/mathd_numbertheory_299,False,True
goedel_v2,own corpora,test/amc12b_2020_p2,False,True
goedel_v2,own corpora,test/algebra_sqineq_unitcircatbpabsamblt1,False,False
goedel_v2,own corpora,test/imo_1977_p6,True,False
goedel_v2,own corpora,test/mathd_algebra_419,False,False
goedel_v2,own corpora,test/amc12a_2020_p10,False,False
goedel_v2,own corpora,test/imo_1960_p2,False,False
goedel_v2,own corpora,test/mathd_numbertheory_427,False,False
goedel_v2,own corpora,test/numbertheory_x5neqy2p4,False,False
goedel_v2,own corpora,test/imosl_2007_algebra_p6,False,False
goedel_v2,own corpora,test/mathd_algebra_398,False,False
goedel_v2,own corpora,test/imo_1963_p5,True,False
goedel_v2,own corpora,test/mathd_numbertheory_430,False,False
goedel_v2,own corpora,test/mathd_algebra_459,False,False
goedel_v2,own corpora,test/induction_12dvd4expnp1p20,False,False
goedel_v2,own corpora,test/mathd_algebra_320,False,False
goedel_v2,own corpora,test/mathd_algebra_137,False,False
goedel_v2,own corpora,test/imo_1997_p5,True,False
goedel_v2,own corpora,test/mathd_numbertheory_277,False,False
goedel_v2,own corpora,test/mathd_numbertheory_559,False,False
goedel_v2,own corpora,test/mathd_algebra_160,False,False
goedel_v2,own corpora,test/mathd_algebra_24,False,True
goedel_v2,own corpora,test/mathd_algebra_176,False,False
goedel_v2,own corpora,test/induction_nfactltnexpnm1ngt3,False,False
goedel_v2,own corpora,test/mathd_algebra_208,False,False
goedel_v2,own corpora,test/mathd_numbertheory_353,False,False
goedel_v2,own corpora,test/numbertheory_notequiv2i2jasqbsqdiv8,False,False
goedel_v2,own corpora,test/mathd_algebra_156,False,False
goedel_v2,own corpora,test/mathd_numbertheory_12,False,True
goedel_v2,own corpora,test/mathd_numbertheory_345,False,True
goedel_v2,own corpora,test/mathd_numbertheory_447,False,True
goedel_v2,own corpora,test/mathd_numbertheory_328,False,True
goedel_v2,own corpora,test/mathd_numbertheory_451,False,False
goedel_v2,own corpora,test/aime_1997_p9,False,False
goedel_v2,own corpora,test/algebra_sqineq_at2malt1,False,False
goedel_v2,own corpora,test/algebra_apbmpcneq0_aeq0anbeq0anceq0,False,False
goedel_v2,own corpora,test/mathd_algebra_171,False,False
goedel_v2,own corpora,test/mathd_numbertheory_227,False,False
goedel_v2,own corpora,test/mathd_algebra_188,False,True
goedel_v2,own corpora,test/mathd_numbertheory_765,False,False
goedel_v2,own corpora,test/imo_1959_p1,True,False
goedel_v2,own corpora,test/mathd_numbertheory_175,False,True
goedel_v2,own corpora,test/induction_sumkexp3eqsumksq,True,False
goedel_v2,own corpora,test/numbertheory_fxeq4powxp6powxp9powx_f2powmdvdf2pown,False,False
goedel_v2,own corpora,test/imo_1992_p1,False,False
goedel_v2,own corpora,test/imo_1982_p1,False,False
goedel_v2,own corpora,test/aime_1987_p5,False,False
goedel_v2,own corpora,test/mathd_algebra_346,False,False
goedel_v2,own corpora,test/mathd_algebra_487,False,False
goedel_v2,own corpora,test/mathd_numbertheory_728,False,True
goedel_v2,own corpora,test/mathd_algebra_184,False,False
goedel_v2,own corpora,test/mathd_numbertheory_552,False,False
goedel_v2,own corpora,test/amc12b_2021_p9,True,False
goedel_v2,own corpora,test/aime_1994_p3,True,False
goedel_v2,own corpora,test/mathd_algebra_44,False,False
goedel_v2,own corpora,test/mathd_algebra_215,False,False
goedel_v2,own corpora,test/mathd_numbertheory_293,False,False
goedel_v2,own corpora,test/mathd_numbertheory_769,False,True
goedel_v2,own corpora,test/mathd_algebra_452,False,False
goedel_v2,own corpora,test/mathd_numbertheory_5,False,False
goedel_v2,own corpora,test/mathd_numbertheory_207,False,True
goedel_v2,own corpora,test/mathd_numbertheory_342,False,True
goedel_v2,own corpora,test/mathd_numbertheory_483,False,True
goedel_v2,own corpora,test/amc12b_2020_p21,False,False
goedel_v2,own corpora,test/amc12a_2003_p5,False,False
goedel_v2,own corpora,test/mathd_numbertheory_495,False,False
goedel_v2,own corpora,test/mathd_algebra_296,False,False
goedel_v2,own corpora,test/algebra_abpbcpcageq3_sumaonsqrtapbgeq3onsqrt2,False,False
goedel_v2,own corpora,test/algebra_2varlineareq_fp3zeq11_3tfm1m5zeqn68_feqn10_zeq7,False,False
goedel_v2,own corpora,test/mathd_numbertheory_247,False,False
goedel_v2,own corpora,test/induction_pord1p1on2powklt5on2,False,False
goedel_v2,own corpora,test/mathd_algebra_107,False,False
goedel_v2,own corpora,test/numbertheory_2pownm1prime_nprime,True,False
goedel_v2,own corpora,test/mathd_algebra_412,False,False
goedel_v2,own corpora,test/amc12a_2013_p4,False,False
goedel_v2,own corpora,test/mathd_algebra_392,False,False
goedel_v2,own corpora,test/mathd_numbertheory_314,False,False
goedel_v2,own corpora,test/induction_prod1p1onk3le3m1onn,False,False
goedel_v2,own corpora,test/mathd_numbertheory_343,False,True
goedel_v2,own corpora,test/mathd_algebra_756,False,False
goedel_v2,own corpora,test/amc12b_2002_p7,False,False
goedel_v2,own corpora,test/mathd_algebra_80,False,False
goedel_v2,own corpora,test/mathd_numbertheory_457,False,False
goedel_v2,own corpora,test/amc12_2000_p12,False,False
goedel_v2,own corpora,test/mathd_numbertheory_135,False,False
goedel_v2,own corpora,test/mathd_algebra_275,False,False
goedel_v2,own corpora,test/mathd_algebra_388,False,False
goedel_v2,own corpora,test/amc12a_2020_p7,False,False
goedel_v2,own corpora,test/imo_1981_p6,True,False
goedel_v2,own corpora,test/mathd_algebra_263,False,False
goedel_v2,own corpora,test/mathd_numbertheory_34,False,False
goedel_v2,own corpora,test/mathd_numbertheory_764,False,False
goedel_v2,own corpora,test/amc12b_2021_p4,False,False
goedel_v2,own corpora,test/imo_1962_p2,True,False
goedel_v2,own corpora,test/mathd_algebra_170,False,False
goedel_v2,own corpora,test/mathd_algebra_432,False,True
goedel_v2,own corpora,test/mathd_algebra_598,True,False
goedel_v2,own corpora,test/algebra_bleqa_apbon2msqrtableqambsqon8b,True,False
goedel_v2,own corpora,test/mathd_algebra_276,False,False
goedel_v2,own corpora,test/amc12a_2021_p14,True,False
goedel_v2,own corpora,test/algebra_sum1onsqrt2to1onsqrt10000lt198,False,False
goedel_v2,own corpora,test/mathd_numbertheory_618,False,False
goedel_v2,own corpora,test/amc12a_2020_p4,False,False
goedel_v2,own corpora,test/amc12b_2020_p6,False,False
goedel_v2,own corpora,test/mathd_numbertheory_435,False,False
goedel_v2,own corpora,test/algebra_others_exirrpowirrrat,False,False
goedel_v2,own corpora,test/mathd_algebra_427,False,True
goedel_v2,own corpora,test/mathd_algebra_76,False,False
goedel_v2,own corpora,test/mathd_numbertheory_99,False,False
goedel_v2,own corpora,test/algebra_9onxpypzleqsum2onxpy,False,False
goedel_v2,own corpora,test/mathd_numbertheory_233,False,False
goedel_v2,own corpora,test/algebra_absapbon1pabsapbleqsumabsaon1pabsa,True,False
goedel_v2,own corpora,test/imo_1984_p6,True,False
goedel_v2,own corpora,test/imo_2001_p6,False,False
goedel_v2,own corpora,test/mathd_numbertheory_321,False,False
goedel_v2,own corpora,test/mathd_algebra_17,False,False
goedel_v2,own corpora,test/mathd_algebra_153,False,False
goedel_v2,own corpora,test/algebra_sqineq_unitcircatbpamblt1,False,False
goedel_v2,own corpora,test/amc12a_2021_p18,True,False
goedel_v2,own corpora,test/mathd_algebra_329,False,False
goedel_v2,own corpora,test/induction_pprime_pdvdapowpma,False,False
goedel_v2,own corpora,test/amc12a_2021_p9,False,True
goedel_v2,own corpora,test/aime_1984_p1,False,False
goedel_v2,own corpora,test/amc12a_2021_p22,False,False
goedel_v2,own corpora,test/mathd_numbertheory_229,False,True
goedel_v2,own corpora,test/mathd_numbertheory_100,False,False
goedel_v2,own corpora,test/mathd_algebra_313,False,False
goedel_v2,own corpora,test/amc12b_2002_p4,False,False
goedel_v2,own corpora,test/amc12a_2002_p6,False,False
goedel_v2,own corpora,test/amc12a_2003_p23,False,False
goedel_v2,own corpora,test/mathd_algebra_129,False,False
goedel_v2,own corpora,test/amc12b_2021_p18,False,False
goedel_v2,own corpora,test/mathd_algebra_484,False,False
goedel_v2,own corpora,test/mathd_numbertheory_551,False,True
goedel_v2,own corpora,test/mathd_algebra_304,False,False
goedel_v2,own corpora,test/amc12a_2021_p8,True,False
goedel_v2,own corpora,test/algebra_ineq_nto1onlt2m1on,False,False
goedel_v2,own corpora,test/amc12b_2002_p19,True,False
goedel_v2,own corpora,test/mathd_numbertheory_341,False,True
goedel_v2,own corpora,test/mathd_numbertheory_711,False,False
goedel_v2,own corpora,test/amc12b_2020_p22,True,False
goedel_v2,own corpora,test/mathd_algebra_113,True,False
goedel_v2,own corpora,test/amc12a_2020_p9,False,False
goedel_v2,own corpora,test/amc12_2000_p1,False,False
goedel_v2,own corpora,test/amc12a_2021_p19,False,False
goedel_v2,own corpora,test/algebra_amgm_sumasqdivbgeqsuma,True,False
goedel_v2,own corpora,test/mathd_numbertheory_212,False,True
goedel_v2,own corpora,test/mathd_numbertheory_320,False,False
goedel_v2,own corpora,test/mathd_algebra_125,False,False
goedel_v2,own corpora,test/induction_1pxpownlt1pnx,True,False
goedel_v2,own corpora,test/mathd_algebra_148,False,False
goedel_v2,own corpora,test/amc12a_2019_p12,True,False
goedel_v2,own corpora,test/induction_11div10tonmn1ton,False,False
goedel_v2,own corpora,test/algebra_amgm_sum1toneqn_prod1tonleq1,False,False
goedel_v2,own corpora,test/imo_1985_p6,False,False
goedel_v2,own corpora,test/amc12a_2020_p15,False,False
goedel_v2,own corpora,test/mathd_algebra_332,False,False
goedel_v2,own corpora,test/algebra_cubrtrp1oncubrtreq3_rcubp1onrcubeq5778,False,False
goedel_v2,own corpora,test/mathd_algebra_293,False,False
goedel_v2,own corpora,test/mathd_algebra_440,False,False
goedel_v2,own corpora,test/mathd_numbertheory_254,False,True
goedel_v2,own corpora,test/amc12_2000_p6,False,False
goedel_v2,own corpora,test/aime_1988_p8,False,False
goedel_v2,own corpora,test/mathd_algebra_114,False,False
goedel_v2,own corpora,test/imo_2019_p1,True,False
goedel_v2,own corpora,test/mathd_algebra_513,False,False
goedel_v2,own corpora,test/mathd_algebra_143,False,False
goedel_v2,own corpora,test/mathd_algebra_354,False,True
goedel_v2,own corpora,test/aime_1984_p7,True,False
goedel_v2,own corpora,test/mathd_algebra_246,True,False
goedel_v2,own corpora,test/aime_1983_p3,False,False
goedel_v2,own corpora,test/numbertheory_3pow2pownm1mod2pownp3eq2pownp2,False,False
goedel_v2,own corpora,test/mathd_numbertheory_85,False,True
goedel_v2,own corpora,test/amc12_2001_p21,False,False
goedel_v2,own corpora,test/mathd_numbertheory_239,False,True
goedel_v2,own corpora,test/amc12b_2002_p2,False,True
goedel_v2,own corpora,test/mathd_algebra_196,False,False
goedel_v2,own corpora,test/mathd_algebra_342,False,False
goedel_v2,own corpora,test/mathd_numbertheory_517,False,True
goedel_v2,own corpora,test/amc12a_2009_p7,False,False
goedel_v2,own corpora,test/mathd_algebra_270,False,False
goedel_v2,own corpora,test/amc12a_2021_p12,False,False
goedel_v2,own corpora,test/mathd_algebra_362,False,False
goedel_v2,own corpora,test/mathd_numbertheory_521,False,False
goedel_v2,own corpora,test/amc12a_2002_p13,False,False
goedel_v2,own corpora,test/imo_1964_p2,True,False
goedel_v2,own corpora,test/mathd_algebra_289,False,False
goedel_v2,own corpora,test/amc12a_2021_p3,False,False
goedel_v2,own corpora,test/amc12a_2008_p25,True,False
goedel_v2,own corpora,test/algebra_apbpceq2_abpbcpcaeq1_aleq1on3anbleq1ancleq4on3,False,False
goedel_v2,own corpora,test/mathd_numbertheory_66,False,True
goedel_v2,own corpora,test/amc12b_2021_p1,False,False
goedel_v2,own corpora,test/algebra_apbon2pownleqapownpbpowon2,False,False
goedel_v2,own corpora,test/imo_1968_p5_1,True,False
goedel_v2,own corpora,test/aime_1990_p15,True,False
goedel_v2,own corpora,test/mathd_numbertheory_235,False,True
goedel_v2,own corpora,test/amc12b_2020_p13,True,False
goedel_v2,own corpora,test/amc12b_2021_p13,False,False
goedel_v2,own corpora,test/mathd_numbertheory_234,False,False
goedel_v2,own corpora,test/numbertheory_aoddbdiv4asqpbsqmod8eq1,False,False
goedel_v2,own corpora,test/mathd_numbertheory_222,False,False
goedel_v2,own corpora,test/aime_1999_p11,False,False
goedel_v2,own corpora,test/mathd_algebra_359,False,False
goedel_v2,own corpora,test/imo_1965_p2,False,False
goedel_v2,own corpora,test/mathd_algebra_288,False,False
goedel_v2,own corpora,test/mathd_numbertheory_127,False,True
goedel_v2,own corpora,test/imo_1974_p3,True,False
goedel_v2,own corpora,test/aime_1991_p9,False,False
goedel_v2,own corpora,test/amc12a_2009_p6,False,False
goedel_v2,own corpora,test/mathd_algebra_158,False,False
goedel_v2,own corpora,test/algebra_absxm1pabsxpabsxp1eqxp2_0leqxleq1,False,False
goedel_v2,own corpora,test/aime_1990_p4,False,False
goedel_v2,own corpora,test/mathd_numbertheory_541,False,False
goedel_v2,own corpora,test/mathd_algebra_314,False,False
goedel_v2,own corpora,test/amc12_2000_p20,True,False
goedel_v2,own corpora,test/mathd_algebra_302,False,False
goedel_v2,own corpora,test/aime_1983_p2,True,False
goedel_v2,own corpora,test/mathd_algebra_139,False,False
goedel_v2,own corpora,test/amc12a_2021_p25,False,False
goedel_v2,own corpora,test/amc12a_2020_p25,False,False
goedel_v2,own corpora,test/mathd_numbertheory_150,False,False
goedel_v2,own corpora,test/aime_1989_p8,False,False
goedel_v2,own corpora,test/mathd_numbertheory_296,False,False
goedel_v2,own corpora,test/mathd_algebra_142,False,False
goedel_v2,own corpora,test/numbertheory_exk2powkeqapb2mulbpa2_aeq1,False,False
goedel_v2,own corpora,test/mathd_algebra_400,False,False
goedel_v2,own corpora,test/aime_1995_p7,False,False
goedel_v2,own corpora,test/mathd_numbertheory_185,False,False
goedel_v2,own corpora,test/mathd_algebra_441,False,False
goedel_v2,own corpora,test/mathd_numbertheory_582,False,False
goedel_v2,own corpora,test/mathd_algebra_338,False,False
goedel_v2,own corpora,valid/amc12a_2019_p21,True,False
goedel_v2,own corpora,valid/amc12a_2015_p10,True,False
goedel_v2,own corpora,valid/amc12a_2008_p8,False,False
goedel_v2,own corpora,valid/mathd_algebra_182,False,False
goedel_v2,own corpora,valid/aime_1984_p5,False,False
goedel_v2,own corpora,valid/mathd_numbertheory_780,False,False
goedel_v2,own corpora,valid/mathd_algebra_116,False,False
goedel_v2,own corpora,valid/mathd_numbertheory_13,False,False
goedel_v2,own corpora,valid/mathd_numbertheory_169,False,True
goedel_v2,own corpora,valid/amc12a_2009_p9,True,False
goedel_v2,own corpora,valid/amc12a_2019_p9,False,False
goedel_v2,own corpora,valid/mathd_algebra_13,False,False
goedel_v2,own corpora,valid/induction_sum2kp1npqsqm1,False,False
goedel_v2,own corpora,valid/aime_1991_p6,False,False
goedel_v2,own corpora,valid/mathd_numbertheory_149,False,True
goedel_v2,own corpora,valid/imo_1984_p2,False,False
goedel_v2,own corpora,valid/amc12a_2008_p4,False,False
goedel_v2,own corpora,valid/imo_2006_p3,False,False
goedel_v2,own corpora,valid/mathd_algebra_462,False,False
goedel_v2,own corpora,valid/imo_1964_p1_2,True,False
goedel_v2,own corpora,valid/mathd_numbertheory_221,False,False
goedel_v2,own corpora,valid/mathd_numbertheory_64,False,False
goedel_v2,own corpora,valid/imo_1987_p4,True,False
goedel_v2,own corpora,valid/mathd_numbertheory_33,True,False
goedel_v2,own corpora,valid/amc12_2001_p9,False,False
goedel_v2,own corpora,valid/imo_1965_p1,False,False
goedel_v2,own corpora,valid/mathd_numbertheory_48,False,False
goedel_v2,own corpora,valid/numbertheory_sqmod4in01d,True,False
goedel_v2,own corpora,valid/mathd_numbertheory_466,False,True
goedel_v2,own corpora,valid/mathd_algebra_48,False,False
goedel_v2,own corpora,valid/amc12_2000_p15,False,False
goedel_v2,own corpora,valid/mathd_numbertheory_132,False,True
goedel_v2,own corpora,valid/amc12a_2009_p5,False,False
goedel_v2,own corpora,valid/mathd_numbertheory_188,False,True
goedel_v2,own corpora,valid/mathd_algebra_224,False,False
goedel_v2,own corpora,valid/induction_divisibility_3divnto3m2n,False,False
goedel_v2,own corpora,valid/induction_sum_1oktkp1,True,False
goedel_v2,own corpora,valid/mathd_numbertheory_32,True,False
goedel_v2,own corpora,valid/mathd_algebra_422,False,False
goedel_v2,own corpora,valid/amc12b_2002_p11,False,False
goedel_v2,own corpora,valid/mathd_algebra_73,False,False
goedel_v2,own corpora,valid/mathd_numbertheory_109,False,True
goedel_v2,own corpora,valid/algebra_xmysqpymzsqpzmxsqeqxyz_xpypzp6dvdx3y3z3,True,False
goedel_v2,own corpora,valid/imo_1962_p4,False,False
goedel_v2,own corpora,valid/mathd_numbertheory_236,False,True
goedel_v2,own corpora,valid/mathd_numbertheory_24,False,True
goedel_v2,own corpora,valid/algebra_amgm_prod1toneq1_sum1tongeqn,False,False
goedel_v2,own corpora,valid/mathd_algebra_101,True,False
goedel_v2,own corpora,valid/mathd_numbertheory_257,False,False
goedel_v2,own corpora,valid/amc12_2000_p5,True,False
goedel_v2,own corpora,valid/mathd_algebra_547,True,False
goedel_v2,own corpora,valid/mathd_numbertheory_200,False,True
goedel_v2,own corpora,valid/mathd_algebra_510,True,False
goedel_v2,own corpora,valid/mathd_algebra_140,False,False
goedel_v2,own corpora,valid/mathd_algebra_455,False,True
goedel_v2,own corpora,valid/mathd_numbertheory_45,False,True
goedel_v2,own corpora,valid/aime_1994_p4,True,False
goedel_v2,own corpora,valid/mathd_numbertheory_739,False,True
goedel_v2,own corpora,valid/mathd_algebra_245,False,False
goedel_v2,own corpora,valid/algebra_apb4leq8ta4pb4,True,False
goedel_v2,own corpora,valid/mathd_algebra_28,False,False
goedel_v2,own corpora,valid/mathd_numbertheory_543,False,False
goedel_v2,own corpora,valid/mathd_algebra_480,False,False
goedel_v2,own corpora,valid/mathd_algebra_69,False,False
goedel_v2,own corpora,valid/mathd_algebra_433,False,False
goedel_v2,own corpora,valid/mathd_algebra_126,False,False
goedel_v2,own corpora,valid/aimeII_2020_p6,False,False
goedel_v2,own corpora,valid/amc12a_2008_p2,False,False
goedel_v2,own corpora,valid/mathd_algebra_35,False,False
goedel_v2,own corpora,valid/algebra_amgm_faxinrrp2msqrt2geq2mxm1div2x,False,False
goedel_v2,own corpora,valid/mathd_numbertheory_335,False,False
goedel_v2,own corpora,valid/mathd_numbertheory_35,False,False
goedel_v2,own corpora,valid/amc12a_2021_p7,True,False
goedel_v2,own corpora,valid/mathd_algebra_327,False,False
goedel_v2,own corpora,valid/aime_1984_p15,True,False
goedel_v2,own corpora,valid/algebra_amgm_sqrtxymulxmyeqxpy_xpygeq4,True,False
goedel_v2,own corpora,valid/amc12a_2002_p21,False,False
goedel_v2,own corpora,valid/mathd_algebra_192,False,False
goedel_v2,own corpora,valid/amc12b_2002_p6,False,False
goedel_v2,own corpora,valid/mathd_numbertheory_102,False,True
goedel_v2,own corpora,valid/amc12a_2010_p22,False,False
goedel_v2,own corpora,valid/mathd_numbertheory_81,False,True
goedel_v2,own corpora,valid/mathd_numbertheory_155,False,True
goedel_v2,own corpora,valid/imo_1978_p5,False,False
goedel_v2,own corpora,valid/amc12a_2017_p7,False,False
goedel_v2,own corpora,valid/mathd_numbertheory_42,False,False
goedel_v2,own corpora,valid/mathd_algebra_110,False,False
goedel_v2,own corpora,valid/amc12b_2021_p21,False,False
goedel_v2,own corpora,valid/mathd_algebra_405,False,False
goedel_v2,own corpora,valid/numbertheory_sumkmulnckeqnmul2pownm1,True,False
goedel_v2,own corpora,valid/mathd_algebra_393,True,False
goedel_v2,own corpora,valid/amc12b_2004_p3,True,False
goedel_v2,own corpora,valid/mathd_numbertheory_303,False,False
goedel_v2,own corpora,valid/mathd_algebra_151,True,False
goedel_v2,own corpora,valid/amc12a_2011_p18,False,False
goedel_v2,own corpora,valid/mathd_algebra_15,False,True
goedel_v2,own corpora,valid/mathd_numbertheory_211,False,True
goedel_v2,own corpora,valid/mathd_numbertheory_640,False,True
goedel_v2,own corpora,valid/amc12b_2003_p6,False,False
goedel_v2,own corpora,valid/algebra_2rootsintpoly_am10tap11eqasqpam110,False,False
goedel_v2,own corpora,valid/aime_1991_p1,False,False
goedel_v2,own corpora,valid/mathd_algebra_43,False,False
goedel_v2,own corpora,valid/imo_1988_p6,False,False
goedel_v2,own corpora,valid/aime_1996_p5,False,False
goedel_v2,own corpora,valid/mathd_algebra_55,False,False
goedel_v2,own corpora,valid/algebra_sqineq_2at2pclta2c2p41pc,False,False
goedel_v2,own corpora,valid/mathd_numbertheory_43,False,False
goedel_v2,own corpora,valid/mathd_algebra_214,False,False
goedel_v2,own corpora,valid/mathd_algebra_96,False,False
goedel_v2,own corpora,valid/amc12_2001_p2,True,False
goedel_v2,own corpora,valid/mathd_algebra_185,False,False
goedel_v2,own corpora,valid/algebra_binomnegdiscrineq_10alt28asqp1,False,False
goedel_v2,own corpora,valid/mathd_numbertheory_284,False,False
goedel_v2,own corpora,valid/amc12a_2009_p2,False,False
goedel_v2,own corpora,valid/mathd_numbertheory_709,True,False
goedel_v2,own corpora,valid/amc12a_2013_p8,True,False
goedel_v2,own corpora,valid/mathd_numbertheory_461,False,True
goedel_v2,own corpora,valid/mathd_algebra_59,False,False
goedel_v2,own corpora,valid/mathd_algebra_234,False,False
goedel_v2,own corpora,valid/imo_1973_p3,True,False
goedel_v2,own corpora,valid/amc12b_2020_p5,False,False
goedel_v2,own corpora,valid/numbertheory_sqmod3in01d,True,False
goedel_v2,own corpora,valid/mathd_algebra_131,False,False
goedel_v2,own corpora,valid/amc12b_2003_p17,True,False
goedel_v2,own corpora,valid/mathd_algebra_536,False,False
goedel_v2,own corpora,valid/mathd_algebra_22,False,False
goedel_v2,own corpora,valid/numbertheory_xsqpysqintdenomeq,False,False
goedel_v2,own corpora,valid/aimeII_2001_p3,False,False
goedel_v2,own corpora,valid/mathd_numbertheory_22,False,False
goedel_v2,own corpora,valid/aime_1987_p8,False,False
goedel_v2,own corpora,valid/mathd_numbertheory_136,False,False
goedel_v2,own corpora,valid/amc12_2000_p11,True,False
goedel_v2,own corpora,valid/amc12b_2003_p9,False,False
goedel_v2,own corpora,valid/algebra_2complexrootspoly_xsqp49eqxp7itxpn7i,True,False
goedel_v2,own corpora,valid/mathd_numbertheory_198,False,True
goedel_v2,own corpora,valid/mathd_algebra_149,True,False
goedel_v2,own corpora,valid/mathd_algebra_132,False,False
goedel_v2,own corpora,valid/mathd_numbertheory_37,False,True
goedel_v2,own corpora,valid/aime_1983_p9,True,False
goedel_v2,own corpora,valid/mathd_algebra_37,False,True
goedel_v2,own corpora,valid/mathd_numbertheory_458,False,False
goedel_v2,own corpora,valid/amc12a_2008_p15,False,False
goedel_v2,own corpora,valid/mathd_numbertheory_301,False,False
goedel_v2,own corpora,valid/amc12a_2009_p15,False,False
goedel_v2,own corpora,valid/algebra_sqineq_36azm9asqle36zsq,False,False
goedel_v2,own corpora,valid/amc12a_2013_p7,False,False
goedel_v2,own corpora,valid/mathd_algebra_104,False,True
goedel_v2,own corpora,valid/mathd_numbertheory_252,False,True
goedel_v2,own corpora,valid/amc12a_2020_p21,False,False
goedel_v2,own corpora,valid/mathd_algebra_493,False,False
goedel_v2,own corpora,valid/numbertheory_nckeqnm1ckpnm1ckm1,True,False
goedel_v2,own corpora,valid/algebra_3rootspoly_amdtamctambeqnasqmbpctapcbtdpasqmbpctapcbta,False,False
goedel_v2,own corpora,valid/mathd_numbertheory_403,False,True
goedel_v2,own corpora,valid/mathd_algebra_190,False,True
goedel_v2,own corpora,valid/mathd_numbertheory_269,False,True
goedel_v2,own corpora,valid/aime_1990_p2,True,False
goedel_v2,own corpora,valid/mathd_numbertheory_101,False,True
goedel_v2,own corpora,valid/algebra_sqineq_4bap1lt4bsqpap1sq,False,False
goedel_v2,own corpora,valid/mathd_numbertheory_156,False,False
goedel_v2,own corpora,valid/mathd_algebra_451,True,False
goedel_v2,own corpora,valid/mathd_algebra_144,False,False
goedel_v2,own corpora,valid/mathd_algebra_282,False,False
goedel_v2,own corpora,valid/mathd_algebra_410,False,False
goedel_v2,own corpora,valid/mathd_numbertheory_232,False,False
goedel_v2,own corpora,valid/mathd_algebra_77,True,False
goedel_v2,own corpora,valid/imo_1974_p5,True,False
goedel_v2,own corpora,valid/aime_1988_p3,False,False
goedel_v2,own corpora,valid/mathd_numbertheory_530,False,False
goedel_v2,own corpora,valid/mathd_algebra_109,False,False
goedel_v2,own corpora,valid/imo_1967_p3,False,False
goedel_v2,own corpora,valid/mathd_algebra_11,True,False
goedel_v2,own corpora,valid/amc12a_2003_p1,False,False
goedel_v2,own corpora,valid/numbertheory_aneqprodakp4_anmsqrtanp1eq2,False,False
goedel_v2,own corpora,valid/algebra_2rootspoly_apatapbeq2asqp2ab,True,False
goedel_v2,own corpora,valid/induction_sum_odd,False,False
goedel_v2,own corpora,valid/mathd_algebra_568,False,True
goedel_v2,own corpora,valid/mathd_algebra_616,False,True
goedel_v2,own corpora,valid/mathd_numbertheory_690,False,False
goedel_v2,own corpora,valid/amc12a_2016_p2,True,False
goedel_v2,own corpora,valid/mathd_numbertheory_405,False,False
goedel_v2,own corpora,valid/mathd_numbertheory_110,True,False
goedel_v2,own corpora,valid/amc12a_2003_p25,False,False
goedel_v2,own corpora,valid/amc12a_2010_p10,False,False
goedel_v2,own corpora,valid/mathd_algebra_509,False,False
goedel_v2,own corpora,valid/mathd_algebra_159,False,False
goedel_v2,own corpora,valid/aime_1997_p11,False,False
goedel_v2,own corpora,valid/aimeI_2000_p7,False,False
goedel_v2,own corpora,valid/aime_1988_p4,True,False
goedel_v2,own corpora,valid/induction_divisibility_9div10tonm1,True,False
goedel_v2,own corpora,valid/mathd_numbertheory_126,False,False
goedel_v2,own corpora,valid/mathd_algebra_323,True,False
goedel_v2,own corpora,valid/mathd_algebra_421,False,False
goedel_v2,own corpora,valid/imo_1987_p6,False,False
goedel_v2,own corpora,valid/amc12a_2009_p25,False,False
goedel_v2,own corpora,valid/imo_1961_p1,False,False
goedel_v2,own corpora,valid/mathd_algebra_31,False,False
goedel_v2,own corpora,valid/algebra_manipexpr_apbeq2cceqiacpbceqm2,False,False
goedel_v2,own corpora,valid/mathd_numbertheory_370,True,False
goedel_v2,own corpora,valid/mathd_algebra_437,False,False
goedel_v2,own corpora,valid/imo_1966_p5,False,False
goedel_v2,own corpora,valid/mathd_algebra_89,False,False
goedel_v2,own corpora,valid/imo_1966_p4,True,False
goedel_v2,own corpora,valid/mathd_algebra_67,False,False
goedel_v2,own corpora,valid/mathd_numbertheory_326,False,False
goedel_v2,own corpora,valid/induction_divisibility_3div2tooddnp1,False,False
goedel_v2,own corpora,valid/mathd_algebra_123,False,False
goedel_v2,own corpora,valid/algebra_2varlineareq_xpeeq7_2xpeeq3_eeq11_xeqn4,False,False
goedel_v2,own corpora,valid/imo_1993_p5,True,False
goedel_v2,own corpora,valid/numbertheory_prmdvsneqnsqmodpeq0,True,False
goedel_v2,own corpora,valid/imo_1964_p1_1,True,False
goedel_v2,own corpora,valid/imo_1990_p3,False,False
goedel_v2,own corpora,valid/induction_ineq_nsqlefactn,False,False
goedel_v2,own corpora,valid/mathd_numbertheory_30,False,True
goedel_v2,own corpora,valid/mathd_algebra_267,False,False
goedel_v2,own corpora,valid/mathd_numbertheory_961,False,True
goedel_v2,own corpora,valid/induction_seq_mul2pnp1,False,False
goedel_v2,own corpora,valid/amc12a_2002_p12,False,False
goedel_v2,own corpora,valid/algebra_manipexpr_2erprsqpesqeqnrpnesq,False,False
goedel_v2,own corpora,valid/mathd_algebra_119,False,True
goedel_v2,own corpora,valid/amc12a_2020_p13,False,False
goedel_v2,own corpora,valid/imo_1977_p5,False,False
goedel_v2,own corpora,valid/numbertheory_2dvd4expn,True,False
goedel_v2,own corpora,valid/amc12a_2010_p11,False,False
goedel_v2,own corpora,valid/amc12a_2003_p24,False,False
goedel_v2,own corpora,valid/amc12a_2002_p1,False,False
goedel_v2,own corpora,valid/mathd_algebra_206,False,False
goedel_v2,own corpora,valid/mathd_numbertheory_92,False,False
goedel_v2,own corpora,valid/mathd_algebra_482,False,False
goedel_v2,own corpora,valid/amc12b_2002_p3,False,False
goedel_v2,own corpora,valid/mathd_numbertheory_668,False,False
goedel_v2,own corpora,valid/mathd_algebra_251,False,False
goedel_v2,own corpora,valid/mathd_numbertheory_84,False,False
goedel_v2,own corpora,valid/mathd_numbertheory_412,True,False
goedel_v2,own corpora,valid/mathd_algebra_181,False,False
goedel_v2,own corpora,valid/amc12a_2016_p3,False,False
goedel_v2,own corpora,valid/mathd_algebra_247,False,False
goedel_v2,own corpora,valid/algebra_sqineq_2unitcircatblt1,False,False
goedel_v2,own corpora,valid/mathd_numbertheory_629,False,False
goedel_v2,own corpora,valid/amc12a_2017_p2,True,False
goedel_v2,own corpora,valid/algebra_amgm_sumasqdivbsqgeqsumbdiva,False,False
goedel_v2,own corpora,valid/mathd_numbertheory_202,False,True
goedel_v2,own corpora,valid/imo_1979_p1,False,False
goedel_v2,own corpora,valid/mathd_algebra_51,False,False
goedel_v2,own corpora,valid/mathd_algebra_10,False,True
goedel_v2,all corpora,test/mathd_algebra_478,False,False
goedel_v2,all corpora,test/numbertheory_4x3m7y3neq2003,False,False
goedel_v2,all corpora,test/aime_1983_p1,False,False
goedel_v2,all corpora,test/amc12_2001_p5,False,False
goedel_v2,all corpora,test/mathd_algebra_141,False,True
goedel_v2,all corpora,test/mathd_numbertheory_3,False,True
goedel_v2,all corpora,test/imo_1969_p2,False,False
goedel_v2,all corpora,test/mathd_algebra_209,False,False
goedel_v2,all corpora,test/mathd_numbertheory_1124,True,False
goedel_v2,all corpora,test/imo_1983_p6,True,False
goedel_v2,all corpora,test/mathd_numbertheory_237,False,True
goedel_v2,all corpora,test/mathd_algebra_33,False,False
goedel_v2,all corpora,test/amc12b_2021_p3,True,False
goedel_v2,all corpora,test/mathd_numbertheory_299,False,True
goedel_v2,all corpora,test/amc12b_2020_p2,False,True
goedel_v2,all corpora,test/algebra_sqineq_unitcircatbpabsamblt1,False,False
goedel_v2,all corpora,test/imo_1977_p6,True,False
goedel_v2,all corpora,test/mathd_algebra_419,False,False
goedel_v2,all corpora,test/amc12a_2020_p10,False,False
goedel_v2,all corpora,test/imo_1960_p2,False,False
goedel_v2,all corpora,test/mathd_numbertheory_427,False,False
goedel_v2,all corpora,test/numbertheory_x5neqy2p4,False,False
goedel_v2,all corpora,test/imosl_2007_algebra_p6,False,False
goedel_v2,all corpora,test/mathd_algebra_398,True,False
goedel_v2,all corpora,test/imo_1963_p5,True,False
goedel_v2,all corpora,test/mathd_numbertheory_430,True,False
goedel_v2,all corpora,test/mathd_algebra_459,False,False
goedel_v2,all corpora,test/induction_12dvd4expnp1p20,False,False
goedel_v2,all corpora,test/mathd_algebra_320,False,False
goedel_v2,all corpora,test/mathd_algebra_137,False,False
goedel_v2,all corpora,test/imo_1997_p5,True,False
goedel_v2,all corpora,test/mathd_numbertheory_277,False,False
goedel_v2,all corpora,test/mathd_numbertheory_559,False,False
goedel_v2,all corpora,test/mathd_algebra_160,False,False
goedel_v2,all corpora,test/mathd_algebra_24,False,True
goedel_v2,all corpora,test/mathd_algebra_176,False,False
goedel_v2,all corpora,test/induction_nfactltnexpnm1ngt3,False,False
goedel_v2,all corpora,test/mathd_algebra_208,False,False
goedel_v2,all corpora,test/mathd_numbertheory_353,False,False
goedel_v2,all corpora,test/numbertheory_notequiv2i2jasqbsqdiv8,False,False
goedel_v2,all corpora,test/mathd_algebra_156,False,False
goedel_v2,all corpora,test/mathd_numbertheory_12,False,True
goedel_v2,all corpora,test/mathd_numbertheory_345,False,True
goedel_v2,all corpora,test/mathd_numbertheory_447,False,True
goedel_v2,all corpora,test/mathd_numbertheory_328,False,True
goedel_v2,all corpora,test/mathd_numbertheory_451,False,False
goedel_v2,all corpora,test/aime_1997_p9,False,False
goedel_v2,all corpora,test/algebra_sqineq_at2malt1,False,False
goedel_v2,all corpora,test/algebra_apbmpcneq0_aeq0anbeq0anceq0,False,False
goedel_v2,all corpora,test/mathd_algebra_171,False,False
goedel_v2,all corpora,test/mathd_numbertheory_227,False,False
goedel_v2,all corpora,test/mathd_algebra_188,False,True
goedel_v2,all corpora,test/mathd_numbertheory_765,False,False
goedel_v2,all corpora,test/imo_1959_p1,True,False
goedel_v2,all corpora,test/mathd_numbertheory_175,False,True
goedel_v2,all corpora,test/induction_sumkexp3eqsumksq,True,False
goedel_v2,all corpora,test/numbertheory_fxeq4powxp6powxp9powx_f2powmdvdf2pown,False,False
goedel_v2,all corpora,test/imo_1992_p1,True,False
goedel_v2,all corpora,test/imo_1982_p1,False,False
goedel_v2,all corpora,test/aime_1987_p5,False,False
goedel_v2,all corpora,test/mathd_algebra_346,False,False
goedel_v2,all corpora,test/mathd_algebra_487,False,False
goedel_v2,all corpora,test/mathd_numbertheory_728,False,True
goedel_v2,all corpora,test/mathd_algebra_184,False,False
goedel_v2,all corpora,test/mathd_numbertheory_552,False,False
goedel_v2,all corpora,test/amc12b_2021_p9,True,False
goedel_v2,all corpora,test/aime_1994_p3,True,False
goedel_v2,all corpora,test/mathd_algebra_44,False,False
goedel_v2,all corpora,test/mathd_algebra_215,False,False
goedel_v2,all corpora,test/mathd_numbertheory_293,False,False
goedel_v2,all corpora,test/mathd_numbertheory_769,False,True
goedel_v2,all corpora,test/mathd_algebra_452,False,False
goedel_v2,all corpora,test/mathd_numbertheory_5,False,False
goedel_v2,all corpora,test/mathd_numbertheory_207,False,True
goedel_v2,all corpora,test/mathd_numbertheory_342,False,True
goedel_v2,all corpora,test/mathd_numbertheory_483,False,True
goedel_v2,all corpora,test/amc12b_2020_p21,False,False
goedel_v2,all corpora,test/amc12a_2003_p5,False,False
goedel_v2,all corpora,test/mathd_numbertheory_495,False,False
goedel_v2,all corpora,test/mathd_algebra_296,False,False
goedel_v2,all corpora,test/algebra_abpbcpcageq3_sumaonsqrtapbgeq3onsqrt2,True,False
goedel_v2,all corpora,test/algebra_2varlineareq_fp3zeq11_3tfm1m5zeqn68_feqn10_zeq7,False,False
goedel_v2,all corpora,test/mathd_numbertheory_247,True,False
goedel_v2,all corpora,test/induction_pord1p1on2powklt5on2,True,False
goedel_v2,all corpora,test/mathd_algebra_107,False,False
goedel_v2,all corpora,test/numbertheory_2pownm1prime_nprime,True,False
goedel_v2,all corpora,test/mathd_algebra_412,False,False
goedel_v2,all corpora,test/amc12a_2013_p4,False,False
goedel_v2,all corpora,test/mathd_algebra_392,False,False
goedel_v2,all corpora,test/mathd_numbertheory_314,False,False
goedel_v2,all corpora,test/induction_prod1p1onk3le3m1onn,False,False
goedel_v2,all corpora,test/mathd_numbertheory_343,False,True
goedel_v2,all corpora,test/mathd_algebra_756,True,False
goedel_v2,all corpora,test/amc12b_2002_p7,False,False
goedel_v2,all corpora,test/mathd_algebra_80,False,False
goedel_v2,all corpora,test/mathd_numbertheory_457,False,False
goedel_v2,all corpora,test/amc12_2000_p12,False,False
goedel_v2,all corpora,test/mathd_numbertheory_135,False,False
goedel_v2,all corpora,test/mathd_algebra_275,False,False
goedel_v2,all corpora,test/mathd_algebra_388,True,False
goedel_v2,all corpora,test/amc12a_2020_p7,False,False
goedel_v2,all corpora,test/imo_1981_p6,True,False
goedel_v2,all corpora,test/mathd_algebra_263,False,False
goedel_v2,all corpora,test/mathd_numbertheory_34,False,False
goedel_v2,all corpora,test/mathd_numbertheory_764,False,False
goedel_v2,all corpora,test/amc12b_2021_p4,False,False
goedel_v2,all corpora,test/imo_1962_p2,True,False
goedel_v2,all corpora,test/mathd_algebra_170,False,False
goedel_v2,all corpora,test/mathd_algebra_432,True,True
goedel_v2,all corpora,test/mathd_algebra_598,True,False
goedel_v2,all corpora,test/algebra_bleqa_apbon2msqrtableqambsqon8b,True,False
goedel_v2,all corpora,test/mathd_algebra_276,False,False
goedel_v2,all corpora,test/amc12a_2021_p14,True,False
goedel_v2,all corpora,test/algebra_sum1onsqrt2to1onsqrt10000lt198,False,False
goedel_v2,all corpora,test/mathd_numbertheory_618,False,False
goedel_v2,all corpora,test/amc12a_2020_p4,False,False
goedel_v2,all corpora,test/amc12b_2020_p6,False,False
goedel_v2,all corpora,test/mathd_numbertheory_435,False,False
goedel_v2,all corpora,test/algebra_others_exirrpowirrrat,False,False
goedel_v2,all corpora,test/mathd_algebra_427,True,True
goedel_v2,all corpora,test/mathd_algebra_76,False,False
goedel_v2,all corpora,test/mathd_numbertheory_99,False,False
goedel_v2,all corpora,test/algebra_9onxpypzleqsum2onxpy,False,False
goedel_v2,all corpora,test/mathd_numbertheory_233,False,False
goedel_v2,all corpora,test/algebra_absapbon1pabsapbleqsumabsaon1pabsa,True,False
goedel_v2,all corpora,test/imo_1984_p6,True,False
goedel_v2,all corpora,test/imo_2001_p6,False,False
goedel_v2,all corpora,test/mathd_numbertheory_321,False,False
goedel_v2,all corpora,test/mathd_algebra_17,False,False
goedel_v2,all corpora,test/mathd_algebra_153,False,False
goedel_v2,all corpora,test/algebra_sqineq_unitcircatbpamblt1,False,False
goedel_v2,all corpora,test/amc12a_2021_p18,True,False
goedel_v2,all corpora,test/mathd_algebra_329,True,False
goedel_v2,all corpora,test/induction_pprime_pdvdapowpma,False,False
goedel_v2,all corpora,test/amc12a_2021_p9,False,True
goedel_v2,all corpora,test/aime_1984_p1,False,False
goedel_v2,all corpora,test/amc12a_2021_p22,False,False
goedel_v2,all corpora,test/mathd_numbertheory_229,False,True
goedel_v2,all corpora,test/mathd_numbertheory_100,False,False
goedel_v2,all corpora,test/mathd_algebra_313,False,False
goedel_v2,all corpora,test/amc12b_2002_p4,False,False
goedel_v2,all corpora,test/amc12a_2002_p6,False,False
goedel_v2,all corpora,test/amc12a_2003_p23,False,False
goedel_v2,all corpora,test/mathd_algebra_129,False,False
goedel_v2,all corpora,test/amc12b_2021_p18,False,False
goedel_v2,all corpora,test/mathd_algebra_484,False,False
goedel_v2,all corpora,test/mathd_numbertheory_551,False,True
goedel_v2,all corpora,test/mathd_algebra_304,False,False
goedel_v2,all corpora,test/amc12a_2021_p8,True,False
goedel_v2,all corpora,test/algebra_ineq_nto1onlt2m1on,False,False
goedel_v2,all corpora,test/amc12b_2002_p19,True,False
goedel_v2,all corpora,test/mathd_numbertheory_341,False,True
goedel_v2,all corpora,test/mathd_numbertheory_711,False,False
goedel_v2,all corpora,test/amc12b_2020_p22,True,False
goedel_v2,all corpora,test/mathd_algebra_113,True,False
goedel_v2,all corpora,test/amc12a_2020_p9,False,False
goedel_v2,all corpora,test/amc12_2000_p1,False,False
goedel_v2,all corpora,test/amc12a_2021_p19,False,False
goedel_v2,all corpora,test/algebra_amgm_sumasqdivbgeqsuma,True,False
goedel_v2,all corpora,test/mathd_numbertheory_212,False,True
goedel_v2,all corpora,test/mathd_numbertheory_320,True,False
goedel_v2,all corpora,test/mathd_algebra_125,False,False
goedel_v2,all corpora,test/induction_1pxpownlt1pnx,True,False
goedel_v2,all corpora,test/mathd_algebra_148,True,False
goedel_v2,all corpora,test/amc12a_2019_p12,True,False
goedel_v2,all corpora,test/induction_11div10tonmn1ton,False,False
goedel_v2,all corpora,test/algebra_amgm_sum1toneqn_prod1tonleq1,False,False
goedel_v2,all corpora,test/imo_1985_p6,False,False
goedel_v2,all corpora,test/amc12a_2020_p15,False,False
goedel_v2,all corpora,test/mathd_algebra_332,True,False
goedel_v2,all corpora,test/algebra_cubrtrp1oncubrtreq3_rcubp1onrcubeq5778,False,False
goedel_v2,all corpora,test/mathd_algebra_293,True,False
goedel_v2,all corpora,test/mathd_algebra_440,False,False
goedel_v2,all corpora,test/mathd_numbertheory_254,False,True
goedel_v2,all corpora,test/amc12_2000_p6,False,False
goedel_v2,all corpora,test/aime_1988_p8,False,False
goedel_v2,all corpora,test/mathd_algebra_114,True,False
goedel_v2,all corpora,test/imo_2019_p1,True,False
goedel_v2,all corpora,test/mathd_algebra_513,False,False
goedel_v2,all corpora,test/mathd_algebra_143,False,False
goedel_v2,all corpora,test/mathd_algebra_354,True,True
goedel_v2,all corpora,test/aime_1984_p7,True,False
goedel_v2,all corpora,test/mathd_algebra_246,True,False
goedel_v2,all corpora,test/aime_1983_p3,False,False
goedel_v2,all corpora,test/numbertheory_3pow2pownm1mod2pownp3eq2pownp2,False,False
goedel_v2,all corpora,test/mathd_numbertheory_85,False,True
goedel_v2,all corpora,test/amc12_2001_p21,False,False
goedel_v2,all corpora,test/mathd_numbertheory_239,False,True
goedel_v2,all corpora,test/amc12b_2002_p2,False,True
goedel_v2,all corpora,test/mathd_algebra_196,False,False
goedel_v2,all corpora,test/mathd_algebra_342,False,False
goedel_v2,all corpora,test/mathd_numbertheory_517,False,True
goedel_v2,all corpora,test/amc12a_2009_p7,False,False
goedel_v2,all corpora,test/mathd_algebra_270,False,False
goedel_v2,all corpora,test/amc12a_2021_p12,False,False
goedel_v2,all corpora,test/mathd_algebra_362,True,False
goedel_v2,all corpora,test/mathd_numbertheory_521,False,False
goedel_v2,all corpora,test/amc12a_2002_p13,False,False
goedel_v2,all corpora,test/imo_1964_p2,True,False
goedel_v2,all corpora,test/mathd_algebra_289,False,False
goedel_v2,all corpora,test/amc12a_2021_p3,False,False
goedel_v2,all corpora,test/amc12a_2008_p25,True,False
goedel_v2,all corpora,test/algebra_apbpceq2_abpbcpcaeq1_aleq1on3anbleq1ancleq4on3,False,False
goedel_v2,all corpora,test/mathd_numbertheory_66,False,True
goedel_v2,all corpora,test/amc12b_2021_p1,False,False
goedel_v2,all corpora,test/algebra_apbon2pownleqapownpbpowon2,True,False
goedel_v2,all corpora,test/imo_1968_p5_1,True,False
goedel_v2,all corpora,test/aime_1990_p15,True,False
goedel_v2,all corpora,test/mathd_numbertheory_235,False,True
goedel_v2,all corpora,test/amc12b_2020_p13,True,False
goedel_v2,all corpora,test/amc12b_2021_p13,False,False
goedel_v2,all corpora,test/mathd_numbertheory_234,False,False
goedel_v2,all corpora,test/numbertheory_aoddbdiv4asqpbsqmod8eq1,False,False
goedel_v2,all corpora,test/mathd_numbertheory_222,False,False
goedel_v2,all corpora,test/aime_1999_p11,False,False
goedel_v2,all corpora,test/mathd_algebra_359,False,False
goedel_v2,all corpora,test/imo_1965_p2,False,False
goedel_v2,all corpora,test/mathd_algebra_288,False,False
goedel_v2,all corpora,test/mathd_numbertheory_127,False,True
goedel_v2,all corpora,test/imo_1974_p3,True,False
goedel_v2,all corpora,test/aime_1991_p9,False,False
goedel_v2,all corpora,test/amc12a_2009_p6,False,False
goedel_v2,all corpora,test/mathd_algebra_158,False,False
goedel_v2,all corpora,test/algebra_absxm1pabsxpabsxp1eqxp2_0leqxleq1,False,False
goedel_v2,all corpora,test/aime_1990_p4,True,False
goedel_v2,all corpora,test/mathd_numbertheory_541,False,False
goedel_v2,all corpora,test/mathd_algebra_314,False,False
goedel_v2,all corpora,test/amc12_2000_p20,True,False
goedel_v2,all corpora,test/mathd_algebra_302,False,False
goedel_v2,all corpora,test/aime_1983_p2,True,False
goedel_v2,all corpora,test/mathd_algebra_139,False,False
goedel_v2,all corpora,test/amc12a_2021_p25,True,False
goedel_v2,all corpora,test/amc12a_2020_p25,False,False
goedel_v2,all corpora,test/mathd_numbertheory_150,False,False
goedel_v2,all corpora,test/aime_1989_p8,False,False
goedel_v2,all corpora,test/mathd_numbertheory_296,False,False
goedel_v2,all corpora,test/mathd_algebra_142,False,False
goedel_v2,all corpora,test/numbertheory_exk2powkeqapb2mulbpa2_aeq1,False,False
goedel_v2,all corpora,test/mathd_algebra_400,False,False
goedel_v2,all corpora,test/aime_1995_p7,False,False
goedel_v2,all corpora,test/mathd_numbertheory_185,True,False
goedel_v2,all corpora,test/mathd_algebra_441,False,False
goedel_v2,all corpora,test/mathd_numbertheory_582,True,False
goedel_v2,all corpora,test/mathd_algebra_338,True,False
goedel_v2,all corpora,valid/amc12a_2019_p21,True,False
goedel_v2,all corpora,valid/amc12a_2015_p10,True,False
goedel_v2,all corpora,valid/amc12a_2008_p8,True,False
goedel_v2,all corpora,valid/mathd_algebra_182,True,False
goedel_v2,all corpora,valid/aime_1984_p5,False,False
goedel_v2,all corpora,valid/mathd_numbertheory_780,True,False
goedel_v2,all corpora,valid/mathd_algebra_116,True,False
goedel_v2,all corpora,valid/mathd_numbertheory_13,False,False
goedel_v2,all corpora,valid/mathd_numbertheory_169,True,True
goedel_v2,all corpora,valid/amc12a_2009_p9,True,False
goedel_v2,all corpora,valid/amc12a_2019_p9,False,False
goedel_v2,all corpora,valid/mathd_algebra_13,True,False
goedel_v2,all corpora,valid/induction_sum2kp1npqsqm1,True,False
goedel_v2,all corpora,valid/aime_1991_p6,False,False
goedel_v2,all corpora,valid/mathd_numbertheory_149,True,True
goedel_v2,all corpora,valid/imo_1984_p2,True,False
goedel_v2,all corpora,valid/amc12a_2008_p4,True,False
goedel_v2,all corpora,valid/imo_2006_p3,False,False
goedel_v2,all corpora,valid/mathd_algebra_462,True,False
goedel_v2,all corpora,valid/imo_1964_p1_2,True,False
goedel_v2,all corpora,valid/mathd_numbertheory_221,False,False
goedel_v2,all corpora,valid/mathd_numbertheory_64,True,False
goedel_v2,all corpora,valid/imo_1987_p4,True,False
goedel_v2,all corpora,valid/mathd_numbertheory_33,True,False
goedel_v2,all corpora,valid/amc12_2001_p9,True,False
goedel_v2,all corpora,valid/imo_1965_p1,False,False
goedel_v2,all corpora,valid/mathd_numbertheory_48,True,False
goedel_v2,all corpora,valid/numbertheory_sqmod4in01d,True,False
goedel_v2,all corpora,valid/mathd_numbertheory_466,True,True
goedel_v2,all corpora,valid/mathd_algebra_48,True,False
goedel_v2,all corpora,valid/amc12_2000_p15,False,False
goedel_v2,all corpora,valid/mathd_numbertheory_132,True,True
goedel_v2,all corpora,valid/amc12a_2009_p5,True,False
goedel_v2,all corpora,valid/mathd_numbertheory_188,True,True
goedel_v2,all corpora,valid/mathd_algebra_224,False,False
goedel_v2,all corpora,valid/induction_divisibility_3divnto3m2n,True,False
goedel_v2,all corpora,valid/induction_sum_1oktkp1,True,False
goedel_v2,all corpora,valid/mathd_numbertheory_32,True,False
goedel_v2,all corpora,valid/mathd_algebra_422,True,False
goedel_v2,all corpora,valid/amc12b_2002_p11,False,False
goedel_v2,all corpora,valid/mathd_algebra_73,True,False
goedel_v2,all corpora,valid/mathd_numbertheory_109,True,True
goedel_v2,all corpora,valid/algebra_xmysqpymzsqpzmxsqeqxyz_xpypzp6dvdx3y3z3,True,False
goedel_v2,all corpora,valid/imo_1962_p4,False,False
goedel_v2,all corpora,valid/mathd_numbertheory_236,True,True
goedel_v2,all corpora,valid/mathd_numbertheory_24,True,True
goedel_v2,all corpora,valid/algebra_amgm_prod1toneq1_sum1tongeqn,False,False
goedel_v2,all corpora,valid/mathd_algebra_101,True,False
goedel_v2,all corpora,valid/mathd_numbertheory_257,True,False
goedel_v2,all corpora,valid/amc12_2000_p5,True,False
goedel_v2,all corpora,valid/mathd_algebra_547,True,False
goedel_v2,all corpora,valid/mathd_numbertheory_200,True,True
goedel_v2,all corpora,valid/mathd_algebra_510,True,False
goedel_v2,all corpora,valid/mathd_algebra_140,True,False
goedel_v2,all corpora,valid/mathd_algebra_455,True,True
goedel_v2,all corpora,valid/mathd_numbertheory_45,True,True
goedel_v2,all corpora,valid/aime_1994_p4,True,False
goedel_v2,all corpora,valid/mathd_numbertheory_739,True,True
goedel_v2,all corpora,valid/mathd_algebra_245,True,False
goedel_v2,all corpora,valid/algebra_apb4leq8ta4pb4,True,False
goedel_v2,all corpora,valid/mathd_algebra_28,True,False
goedel_v2,all corpora,valid/mathd_numbertheory_543,False,False
goedel_v2,all corpora,valid/mathd_algebra_480,False,False
goedel_v2,all corpora,valid/mathd_algebra_69,True,False
goedel_v2,all corpora,valid/mathd_algebra_433,False,False
goedel_v2,all corpora,valid/mathd_algebra_126,True,False
goedel_v2,all corpora,valid/aimeII_2020_p6,False,False
goedel_v2,all corpora,valid/amc12a_2008_p2,True,False
goedel_v2,all corpora,valid/mathd_algebra_35,True,False
goedel_v2,all corpora,valid/algebra_amgm_faxinrrp2msqrt2geq2mxm1div2x,True,False
goedel_v2,all corpora,valid/mathd_numbertheory_335,True,False
goedel_v2,all corpora,valid/mathd_numbertheory_35,True,False
goedel_v2,all corpora,valid/amc12a_2021_p7,True,False
goedel_v2,all corpora,valid/mathd_algebra_327,True,False
goedel_v2,all corpora,valid/aime_1984_p15,True,False
goedel_v2,all corpora,valid/algebra_amgm_sqrtxymulxmyeqxpy_xpygeq4,True,False
goedel_v2,all corpora,valid/amc12a_2002_p21,False,False
goedel_v2,all corpora,valid/mathd_algebra_192,True,False
goedel_v2,all corpora,valid/amc12b_2002_p6,True,False
goedel_v2,all corpora,valid/mathd_numbertheory_102,True,True
goedel_v2,all corpora,valid/amc12a_2010_p22,False,False
goedel_v2,all corpora,valid/mathd_numbertheory_81,True,True
goedel_v2,all corpora,valid/mathd_numbertheory_155,True,True
goedel_v2,all corpora,valid/imo_1978_p5,False,False
goedel_v2,all corpora,valid/amc12a_2017_p7,False,False
goedel_v2,all corpora,valid/mathd_numbertheory_42,False,False
goedel_v2,all corpora,valid/mathd_algebra_110,True,False
goedel_v2,all corpora,valid/amc12b_2021_p21,False,False
goedel_v2,all corpora,valid/mathd_algebra_405,True,False
goedel_v2,all corpora,valid/numbertheory_sumkmulnckeqnmul2pownm1,True,False
goedel_v2,all corpora,valid/mathd_algebra_393,True,False
goedel_v2,all corpora,valid/amc12b_2004_p3,True,False
goedel_v2,all corpora,valid/mathd_numbertheory_303,True,False
goedel_v2,all corpora,valid/mathd_algebra_151,True,False
goedel_v2,all corpora,valid/amc12a_2011_p18,True,False
goedel_v2,all corpora,valid/mathd_algebra_15,True,True
goedel_v2,all corpora,valid/mathd_numbertheory_211,True,True
goedel_v2,all corpora,valid/mathd_numbertheory_640,True,True
goedel_v2,all corpora,valid/amc12b_2003_p6,True,False
goedel_v2,all corpora,valid/algebra_2rootsintpoly_am10tap11eqasqpam110,True,False
goedel_v2,all corpora,valid/aime_1991_p1,True,False
goedel_v2,all corpora,valid/mathd_algebra_43,True,False
goedel_v2,all corpora,valid/imo_1988_p6,False,False
goedel_v2,all corpora,valid/aime_1996_p5,False,False
goedel_v2,all corpora,valid/mathd_algebra_55,True,False
goedel_v2,all corpora,valid/algebra_sqineq_2at2pclta2c2p41pc,True,False
goedel_v2,all corpora,valid/mathd_numbertheory_43,False,False
goedel_v2,all corpora,valid/mathd_algebra_214,True,False
goedel_v2,all corpora,valid/mathd_algebra_96,True,False
goedel_v2,all corpora,valid/amc12_2001_p2,True,False
goedel_v2,all corpora,valid/mathd_algebra_185,True,False
goedel_v2,all corpora,valid/algebra_binomnegdiscrineq_10alt28asqp1,True,False
goedel_v2,all corpora,valid/mathd_numbertheory_284,True,False
goedel_v2,all corpora,valid/amc12a_2009_p2,True,False
goedel_v2,all corpora,valid/mathd_numbertheory_709,True,False
goedel_v2,all corpora,valid/amc12a_2013_p8,True,False
goedel_v2,all corpora,valid/mathd_numbertheory_461,True,True
goedel_v2,all corpora,valid/mathd_algebra_59,True,False
goedel_v2,all corpora,valid/mathd_algebra_234,True,False
goedel_v2,all corpora,valid/imo_1973_p3,True,False
goedel_v2,all corpora,valid/amc12b_2020_p5,True,False
goedel_v2,all corpora,valid/numbertheory_sqmod3in01d,True,False
goedel_v2,all corpora,valid/mathd_algebra_131,True,False
goedel_v2,all corpora,valid/amc12b_2003_p17,True,False
goedel_v2,all corpora,valid/mathd_algebra_536,True,False
goedel_v2,all corpora,valid/mathd_algebra_22,True,False
goedel_v2,all corpora,valid/numbertheory_xsqpysqintdenomeq,False,False
goedel_v2,all corpora,valid/aimeII_2001_p3,False,False
goedel_v2,all corpora,valid/mathd_numbertheory_22,True,False
goedel_v2,all corpora,valid/aime_1987_p8,False,False
goedel_v2,all corpora,valid/mathd_numbertheory_136,True,False
goedel_v2,all corpora,valid/amc12_2000_p11,True,False
goedel_v2,all corpora,valid/amc12b_2003_p9,True,False
goedel_v2,all corpora,valid/algebra_2complexrootspoly_xsqp49eqxp7itxpn7i,True,False
goedel_v2,all corpora,valid/mathd_numbertheory_198,True,True
goedel_v2,all corpora,valid/mathd_algebra_149,True,False
goedel_v2,all corpora,valid/mathd_algebra_132,True,False
goedel_v2,all corpora,valid/mathd_numbertheory_37,True,True
goedel_v2,all corpora,valid/aime_1983_p9,True,False
goedel_v2,all corpora,valid/mathd_algebra_37,True,True
goedel_v2,all corpora,valid/mathd_numbertheory_458,True,False
goedel_v2,all corpora,valid/amc12a_2008_p15,True,False
goedel_v2,all corpora,valid/mathd_numbertheory_301,True,False
goedel_v2,all corpora,valid/amc12a_2009_p15,True,False
goedel_v2,all corpora,valid/algebra_sqineq_36azm9asqle36zsq,True,False
goedel_v2,all corpora,valid/amc12a_2013_p7,True,False
goedel_v2,all corpora,valid/mathd_algebra_104,True,True
goedel_v2,all corpora,valid/mathd_numbertheory_252,True,True
goedel_v2,all corpora,valid/amc12a_2020_p21,False,False
goedel_v2,all corpora,valid/mathd_algebra_493,True,False
goedel_v2,all corpora,valid/numbertheory_nckeqnm1ckpnm1ckm1,True,False
goedel_v2,all corpora,valid/algebra_3rootspoly_amdtamctambeqnasqmbpctapcbtdpasqmbpctapcbta,True,False
goedel_v2,all corpora,valid/mathd_numbertheory_403,True,True
goedel_v2,all corpora,valid/mathd_algebra_190,True,True
goedel_v2,all corpora,valid/mathd_numbertheory_269,True,True
goedel_v2,all corpora,valid/aime_1990_p2,True,False
goedel_v2,all corpora,valid/mathd_numbertheory_101,True,True
goedel_v2,all corpora,valid/algebra_sqineq_4bap1lt4bsqpap1sq,True,False
goedel_v2,all corpora,valid/mathd_numbertheory_156,False,False
goedel_v2,all corpora,valid/mathd_algebra_451,True,False
goedel_v2,all corpora,valid/mathd_algebra_144,True,False
goedel_v2,all corpora,valid/mathd_algebra_282,False,False
goedel_v2,all corpora,valid/mathd_algebra_410,True,False
goedel_v2,all corpora,valid/mathd_numbertheory_232,True,False
goedel_v2,all corpora,valid/mathd_algebra_77,True,False
goedel_v2,all corpora,valid/imo_1974_p5,True,False
goedel_v2,all corpora,valid/aime_1988_p3,True,False
goedel_v2,all corpora,valid/mathd_numbertheory_530,False,False
goedel_v2,all corpora,valid/mathd_algebra_109,True,False
goedel_v2,all corpora,valid/imo_1967_p3,False,False
goedel_v2,all corpora,valid/mathd_algebra_11,True,False
goedel_v2,all corpora,valid/amc12a_2003_p1,True,False
goedel_v2,all corpora,valid/numbertheory_aneqprodakp4_anmsqrtanp1eq2,False,False
goedel_v2,all corpora,valid/algebra_2rootspoly_apatapbeq2asqp2ab,True,False
goedel_v2,all corpora,valid/induction_sum_odd,False,False
goedel_v2,all corpora,valid/mathd_algebra_568,True,True
goedel_v2,all corpora,valid/mathd_algebra_616,True,True
goedel_v2,all corpora,valid/mathd_numbertheory_690,True,False
goedel_v2,all corpora,valid/amc12a_2016_p2,True,False
goedel_v2,all corpora,valid/mathd_numbertheory_405,False,False
goedel_v2,all corpora,valid/mathd_numbertheory_110,True,False
goedel_v2,all corpora,valid/amc12a_2003_p25,True,False
goedel_v2,all corpora,valid/amc12a_2010_p10,False,False
goedel_v2,all corpora,valid/mathd_algebra_509,True,False
goedel_v2,all corpora,valid/mathd_algebra_159,True,False
goedel_v2,all corpora,valid/aime_1997_p11,False,False
goedel_v2,all corpora,valid/aimeI_2000_p7,False,False
goedel_v2,all corpora,valid/aime_1988_p4,True,False
goedel_v2,all corpora,valid/induction_divisibility_9div10tonm1,True,False
goedel_v2,all corpora,valid/mathd_numbertheory_126,False,False
goedel_v2,all corpora,valid/mathd_algebra_323,True,False
goedel_v2,all corpora,valid/mathd_algebra_421,True,False
goedel_v2,all corpora,valid/imo_1987_p6,False,False
goedel_v2,all corpora,valid/amc12a_2009_p25,False,False
goedel_v2,all corpora,valid/imo_1961_p1,True,False
goedel_v2,all corpora,valid/mathd_algebra_31,False,False
goedel_v2,all corpora,valid/algebra_manipexpr_apbeq2cceqiacpbceqm2,True,False
goedel_v2,all corpora,valid/mathd_numbertheory_370,True,False
goedel_v2,all corpora,valid/mathd_algebra_437,True,False
goedel_v2,all corpora,valid/imo_1966_p5,False,False
goedel_v2,all corpora,valid/mathd_algebra_89,True,False
goedel_v2,all corpora,valid/imo_1966_p4,True,False
goedel_v2,all corpora,valid/mathd_algebra_67,True,False
goedel_v2,all corpora,valid/mathd_numbertheory_326,True,False
goedel_v2,all corpora,valid/induction_divisibility_3div2tooddnp1,True,False
goedel_v2,all corpora,valid/mathd_algebra_123,True,False
goedel_v2,all corpora,valid/algebra_2varlineareq_xpeeq7_2xpeeq3_eeq11_xeqn4,True,False
goedel_v2,all corpora,valid/imo_1993_p5,True,False
goedel_v2,all corpora,valid/numbertheory_prmdvsneqnsqmodpeq0,True,False
goedel_v2,all corpora,valid/imo_1964_p1_1,True,False
goedel_v2,all corpora,valid/imo_1990_p3,False,False
goedel_v2,all corpora,valid/induction_ineq_nsqlefactn,True,False
goedel_v2,all corpora,valid/mathd_numbertheory_30,True,True
goedel_v2,all corpora,valid/mathd_algebra_267,True,False
goedel_v2,all corpora,valid/mathd_numbertheory_961,True,True
goedel_v2,all corpora,valid/induction_seq_mul2pnp1,True,False
goedel_v2,all corpora,valid/amc12a_2002_p12,False,False
goedel_v2,all corpora,valid/algebra_manipexpr_2erprsqpesqeqnrpnesq,True,False
goedel_v2,all corpora,valid/mathd_algebra_119,True,True
goedel_v2,all corpora,valid/amc12a_2020_p13,False,False
goedel_v2,all corpora,valid/imo_1977_p5,False,False
goedel_v2,all corpora,valid/numbertheory_2dvd4expn,True,False
goedel_v2,all corpora,valid/amc12a_2010_p11,False,False
goedel_v2,all corpora,valid/amc12a_2003_p24,False,False
goedel_v2,all corpora,valid/amc12a_2002_p1,False,False
goedel_v2,all corpora,valid/mathd_algebra_206,True,False
goedel_v2,all corpora,valid/mathd_numbertheory_92,True,False
goedel_v2,all corpora,valid/mathd_algebra_482,False,False
goedel_v2,all corpora,valid/amc12b_2002_p3,False,False
goedel_v2,all corpora,valid/mathd_numbertheory_668,True,False
goedel_v2,all corpora,valid/mathd_algebra_251,True,False
goedel_v2,all corpora,valid/mathd_numbertheory_84,True,False
goedel_v2,all corpora,valid/mathd_numbertheory_412,True,False
goedel_v2,all corpora,valid/mathd_algebra_181,True,False
goedel_v2,all corpora,valid/amc12a_2016_p3,True,False
goedel_v2,all corpora,valid/mathd_algebra_247,False,False
goedel_v2,all corpora,valid/algebra_sqineq_2unitcircatblt1,True,False
goedel_v2,all corpora,valid/mathd_numbertheory_629,True,False
goedel_v2,all corpora,valid/amc12a_2017_p2,True,False
goedel_v2,all corpora,valid/algebra_amgm_sumasqdivbsqgeqsumbdiva,True,False
goedel_v2,all corpora,valid/mathd_numbertheory_202,True,True
goedel_v2,all corpora,valid/imo_1979_p1,False,False
goedel_v2,all corpora,valid/mathd_algebra_51,True,False
goedel_v2,all corpora,valid/mathd_algebra_10,True,True
kimina,own corpora,test/mathd_algebra_478,False,False
kimina,own corpora,test/numbertheory_4x3m7y3neq2003,False,False
kimina,own corpora,test/aime_1983_p1,False,False
kimina,own corpora,test/amc12_2001_p5,False,False
kimina,own corpora,test/mathd_algebra_141,False,True
kimina,own corpora,test/mathd_numbertheory_3,False,True
kimina,own corpora,test/imo_1969_p2,False,False
kimina,own corpora,test/mathd_algebra_209,False,False
kimina,own corpora,test/mathd_numbertheory_1124,False,False
kimina,own corpora,test/imo_1983_p6,True,False
kimina,own corpora,test/mathd_numbertheory_237,False,True
kimina,own corpora,test/mathd_algebra_33,False,False
kimina,own corpora,test/amc12b_2021_p3,False,False
kimina,own corpora,test/mathd_numbertheory_299,False,True
kimina,own corpora,test/amc12b_2020_p2,False,True
kimina,own corpora,test/algebra_sqineq_unitcircatbpabsamblt1,False,False
kimina,own corpora,test/imo_1977_p6,False,False
kimina,own corpora,test/mathd_algebra_419,False,False
kimina,own corpora,test/amc12a_2020_p10,False,False
kimina,own corpora,test/imo_1960_p2,False,False
kimina,own corpora,test/mathd_numbertheory_427,False,False
kimina,own corpora,test/numbertheory_x5neqy2p4,False,False
kimina,own corpora,test/imosl_2007_algebra_p6,False,False
kimina,own corpora,test/mathd_algebra_398,False,False
kimina,own corpora,test/imo_1963_p5,True,False
kimina,own corpora,test/mathd_numbertheory_430,True,False
kimina,own corpora,test/mathd_algebra_459,False,False
kimina,own corpora,test/induction_12dvd4expnp1p20,False,False
kimina,own corpora,test/mathd_algebra_320,False,False
kimina,own corpora,test/mathd_algebra_137,False,False
kimina,own corpora,test/imo_1997_p5,False,False
kimina,own corpora,test/mathd_numbertheory_277,False,False
kimina,own corpora,test/mathd_numbertheory_559,False,False
kimina,own corpora,test/mathd_algebra_160,False,False
kimina,own corpora,test/mathd_algebra_24,False,True
kimina,own corpora,test/mathd_algebra_176,False,False
kimina,own corpora,test/induction_nfactltnexpnm1ngt3,False,False
kimina,own corpora,test/mathd_algebra_208,False,False
kimina,own corpora,test/mathd_numbertheory_353,False,False
kimina,own corpora,test/numbertheory_notequiv2i2jasqbsqdiv8,False,False
kimina,own corpora,test/mathd_algebra_156,False,False
kimina,own corpora,test/mathd_numbertheory_12,False,True
kimina,own corpora,test/mathd_numbertheory_345,False,True
kimina,own corpora,test/mathd_numbertheory_447,False,True
kimina,own corpora,test/mathd_numbertheory_328,False,True
kimina,own corpora,test/mathd_numbertheory_451,False,False
kimina,own corpora,test/aime_1997_p9,False,False
kimina,own corpora,test/algebra_sqineq_at2malt1,False,False
kimina,own corpora,test/algebra_apbmpcneq0_aeq0anbeq0anceq0,False,False
kimina,own corpora,test/mathd_algebra_171,False,False
kimina,own corpora,test/mathd_numbertheory_227,False,False
kimina,own corpora,test/mathd_algebra_188,False,True
kimina,own corpora,test/mathd_numbertheory_765,False,False
kimina,own corpora,test/imo_1959_p1,True,False
kimina,own corpora,test/mathd_numbertheory_175,False,True
kimina,own corpora,test/induction_sumkexp3eqsumksq,False,False
kimina,own corpora,test/numbertheory_fxeq4powxp6powxp9powx_f2powmdvdf2pown,False,False
kimina,own corpora,test/imo_1992_p1,True,False
kimina,own corpora,test/imo_1982_p1,False,False
kimina,own corpora,test/aime_1987_p5,False,False
kimina,own corpora,test/mathd_algebra_346,False,False
kimina,own corpora,test/mathd_algebra_487,False,False
kimina,own corpora,test/mathd_numbertheory_728,False,True
kimina,own corpora,test/mathd_algebra_184,False,False
kimina,own corpora,test/mathd_numbertheory_552,False,False
kimina,own corpora,test/amc12b_2021_p9,False,False
kimina,own corpora,test/aime_1994_p3,False,False
kimina,own corpora,test/mathd_algebra_44,False,False
kimina,own corpora,test/mathd_algebra_215,False,False
kimina,own corpora,test/mathd_numbertheory_293,False,False
kimina,own corpora,test/mathd_numbertheory_769,False,True
kimina,own corpora,test/mathd_algebra_452,False,False
kimina,own corpora,test/mathd_numbertheory_5,False,False
kimina,own corpora,test/mathd_numbertheory_207,False,True
kimina,own corpora,test/mathd_numbertheory_342,False,True
kimina,own corpora,test/mathd_numbertheory_483,False,True
kimina,own corpora,test/amc12b_2020_p21,False,False
kimina,own corpora,test/amc12a_2003_p5,False,False
kimina,own corpora,test/mathd_numbertheory_495,False,False
kimina,own corpora,test/mathd_algebra_296,False,False
kimina,own corpora,test/algebra_abpbcpcageq3_sumaonsqrtapbgeq3onsqrt2,False,False
kimina,own corpora,test/algebra_2varlineareq_fp3zeq11_3tfm1m5zeqn68_feqn10_zeq7,False,False
kimina,own corpora,test/mathd_numbertheory_247,True,False
kimina,own corpora,test/induction_pord1p1on2powklt5on2,False,False
kimina,own corpora,test/mathd_algebra_107,False,False
kimina,own corpora,test/numbertheory_2pownm1prime_nprime,True,False
kimina,own corpora,test/mathd_algebra_412,False,False
kimina,own corpora,test/amc12a_2013_p4,False,False
kimina,own corpora,test/mathd_algebra_392,False,False
kimina,own corpora,test/mathd_numbertheory_314,False,False
kimina,own corpora,test/induction_prod1p1onk3le3m1onn,False,False
kimina,own corpora,test/mathd_numbertheory_343,False,True
kimina,own corpora,test/mathd_algebra_756,True,False
kimina,own corpora,test/amc12b_2002_p7,False,False
kimina,own corpora,test/mathd_algebra_80,False,False
kimina,own corpora,test/mathd_numbertheory_457,False,False
kimina,own corpora,test/amc12_2000_p12,False,False
kimina,own corpora,test/mathd_numbertheory_135,False,False
kimina,own corpora,test/mathd_algebra_275,False,False
kimina,own corpora,test/mathd_algebra_388,True,False
kimina,own corpora,test/amc12a_2020_p7,False,False
kimina,own corpora,test/imo_1981_p6,False,False
kimina,own corpora,test/mathd_algebra_263,False,False
kimina,own corpora,test/mathd_numbertheory_34,False,False
kimina,own corpora,test/mathd_numbertheory_764,False,False
kimina,own corpora,test/amc12b_2021_p4,False,False
kimina,own corpora,test/imo_1962_p2,False,False
kimina,own corpora,test/mathd_algebra_170,False,False
kimina,own corpora,test/mathd_algebra_432,True,True
kimina,own corpora,test/mathd_algebra_598,True,False
kimina,own corpora,test/algebra_bleqa_apbon2msqrtableqambsqon8b,False,False
kimina,own corpora,test/mathd_algebra_276,False,False
kimina,own corpora,test/amc12a_2021_p14,False,False
kimina,own corpora,test/algebra_sum1onsqrt2to1onsqrt10000lt198,False,False
kimina,own corpora,test/mathd_numbertheory_618,False,False
kimina,own corpora,test/amc12a_2020_p4,False,False
kimina,own corpora,test/amc12b_2020_p6,False,False
kimina,own corpora,test/mathd_numbertheory_435,False,False
kimina,own corpora,test/algebra_others_exirrpowirrrat,False,False
kimina,own corpora,test/mathd_algebra_427,True,True
kimina,own corpora,test/mathd_algebra_76,False,False
kimina,own corpora,test/mathd_numbertheory_99,False,False
kimina,own corpora,test/algebra_9onxpypzleqsum2onxpy,False,False
kimina,own corpora,test/mathd_numbertheory_233,False,False
kimina,own corpora,test/algebra_absapbon1pabsapbleqsumabsaon1pabsa,True,False
kimina,own corpora,test/imo_1984_p6,False,False
kimina,own corpora,test/imo_2001_p6,False,False
kimina,own corpora,test/mathd_numbertheory_321,False,False
kimina,own corpora,test/mathd_algebra_17,False,False
kimina,own corpora,test/mathd_algebra_153,False,False
kimina,own corpora,test/algebra_sqineq_unitcircatbpamblt1,False,False
kimina,own corpora,test/amc12a_2021_p18,False,False
kimina,own corpora,test/mathd_algebra_329,True,False
kimina,own corpora,test/induction_pprime_pdvdapowpma,False,False
kimina,own corpora,test/amc12a_2021_p9,False,True
kimina,own corpora,test/aime_1984_p1,False,False
kimina,own corpora,test/amc12a_2021_p22,False,False
kimina,own corpora,test/mathd_numbertheory_229,False,True
kimina,own corpora,test/mathd_numbertheory_100,False,False
kimina,own corpora,test/mathd_algebra_313,False,False
kimina,own corpora,test/amc12b_2002_p4,False,False
kimina,own corpora,test/amc12a_2002_p6,False,False
kimina,own corpora,test/amc12a_2003_p23,False,False
kimina,own corpora,test/mathd_algebra_129,False,False
kimina,own corpora,test/amc12b_2021_p18,False,False
kimina,own corpora,test/mathd_algebra_484,False,False
kimina,own corpora,test/mathd_numbertheory_551,False,True
kimina,own corpora,test/mathd_algebra_304,False,False
kimina,own corpora,test/amc12a_2021_p8,False,False
kimina,own corpora,test/algebra_ineq_nto1onlt2m1on,False,False
kimina,own corpora,test/amc12b_2002_p19,False,False
kimina,own corpora,test/mathd_numbertheory_341,False,True
kimina,own corpora,test/mathd_numbertheory_711,False,False
kimina,own corpora,test/amc12b_2020_p22,False,False
kimina,own corpora,test/mathd_algebra_113,False,False
kimina,own corpora,test/amc12a_2020_p9,False,False
kimina,own corpora,test/amc12_2000_p1,False,False
kimina,own corpora,test/amc12a_2021_p19,False,False
kimina,own corpora,test/algebra_amgm_sumasqdivbgeqsuma,False,False
kimina,own corpora,test/mathd_numbertheory_212,False,True
kimina,own corpora,test/mathd_numbertheory_320,False,False
kimina,own corpora,test/mathd_algebra_125,False,False
kimina,own corpora,test/induction_1pxpownlt1pnx,True,False
kimina,own corpora,test/mathd_algebra_148,False,False
kimina,own corpora,test/amc12a_2019_p12,False,False
kimina,own corpora,test/induction_11div10tonmn1ton,False,False
kimina,own corpora,test/algebra_amgm_sum1toneqn_prod1tonleq1,False,False
kimina,own corpora,test/imo_1985_p6,False,False
kimina,own corpora,test/amc12a_2020_p15,False,False
kimina,own corpora,test/mathd_algebra_332,True,False
kimina,own corpora,test/algebra_cubrtrp1oncubrtreq3_rcubp1onrcubeq5778,False,False
kimina,own corpora,test/mathd_algebra_293,True,False
kimina,own corpora,test/mathd_algebra_440,False,False
kimina,own corpora,test/mathd_numbertheory_254,False,True
kimina,own corpora,test/amc12_2000_p6,False,False
kimina,own corpora,test/aime_1988_p8,False,False
kimina,own corpora,test/mathd_algebra_114,True,False
kimina,own corpora,test/imo_2019_p1,False,False
kimina,own corpora,test/mathd_algebra_513,False,False
kimina,own corpora,test/mathd_algebra_143,False,False
kimina,own corpora,test/mathd_algebra_354,True,True
kimina,own corpora,test/aime_1984_p7,True,False
kimina,own corpora,test/mathd_algebra_246,True,False
kimina,own corpora,test/aime_1983_p3,False,False
kimina,own corpora,test/numbertheory_3pow2pownm1mod2pownp3eq2pownp2,False,False
kimina,own corpora,test/mathd_numbertheory_85,False,True
kimina,own corpora,test/amc12_2001_p21,False,False
kimina,own corpora,test/mathd_numbertheory_239,False,True
kimina,own corpora,test/amc12b_2002_p2,False,True
kimina,own corpora,test/mathd_algebra_196,False,False
kimina,own corpora,test/mathd_algebra_342,False,False
kimina,own corpora,test/mathd_numbertheory_517,False,True
kimina,own corpora,test/amc12a_2009_p7,False,False
kimina,own corpora,test/mathd_algebra_270,False,False
kimina,own corpora,test/amc12a_2021_p12,False,False
kimina,own corpora,test/mathd_algebra_362,True,False
kimina,own corpora,test/mathd_numbertheory_521,False,False
kimina,own corpora,test/amc12a_2002_p13,False,False
kimina,own corpora,test/imo_1964_p2,True,False
kimina,own corpora,test/mathd_algebra_289,False,False
kimina,own corpora,test/amc12a_2021_p3,False,False
kimina,own corpora,test/amc12a_2008_p25,True,False
kimina,own corpora,test/algebra_apbpceq2_abpbcpcaeq1_aleq1on3anbleq1ancleq4on3,False,False
kimina,own corpora,test/mathd_numbertheory_66,False,True
kimina,own corpora,test/amc12b_2021_p1,False,False
kimina,own corpora,test/algebra_apbon2pownleqapownpbpowon2,False,False
kimina,own corpora,test/imo_1968_p5_1,True,False
kimina,own corpora,test/aime_1990_p15,True,False
kimina,own corpora,test/mathd_numbertheory_235,False,True
kimina,own corpora,test/amc12b_2020_p13,False,False
kimina,own corpora,test/amc12b_2021_p13,False,False
kimina,own corpora,test/mathd_numbertheory_234,False,False
kimina,own corpora,test/numbertheory_aoddbdiv4asqpbsqmod8eq1,False,False
kimina,own corpora,test/mathd_numbertheory_222,False,False
kimina,own corpora,test/aime_1999_p11,False,False
kimina,own corpora,test/mathd_algebra_359,False,False
kimina,own corpora,test/imo_1965_p2,False,False
kimina,own corpora,test/mathd_algebra_288,False,False
kimina,own corpora,test/mathd_numbertheory_127,False,True
kimina,own corpora,test/imo_1974_p3,True,False
kimina,own corpora,test/aime_1991_p9,False,False
kimina,own corpora,test/amc12a_2009_p6,False,False
kimina,own corpora,test/mathd_algebra_158,False,False
kimina,own corpora,test/algebra_absxm1pabsxpabsxp1eqxp2_0leqxleq1,False,False
kimina,own corpora,test/aime_1990_p4,True,False
kimina,own corpora,test/mathd_numbertheory_541,False,False
kimina,own corpora,test/mathd_algebra_314,False,False
kimina,own corpora,test/amc12_2000_p20,False,False
kimina,own corpora,test/mathd_algebra_302,False,False
kimina,own corpora,test/aime_1983_p2,False,False
kimina,own corpora,test/mathd_algebra_139,False,False
kimina,own corpora,test/amc12a_2021_p25,False,False
kimina,own corpora,test/amc12a_2020_p25,False,False
kimina,own corpora,test/mathd_numbertheory_150,False,False
kimina,own corpora,test/aime_1989_p8,False,False
kimina,own corpora,test/mathd_numbertheory_296,False,False
kimina,own corpora,test/mathd_algebra_142,False,False
kimina,own corpora,test/numbertheory_exk2powkeqapb2mulbpa2_aeq1,False,False
kimina,own corpora,test/mathd_algebra_400,False,False
kimina,own corpora,test/aime_1995_p7,False,False
kimina,own corpora,test/mathd_numbertheory_185,False,False
kimina,own corpora,test/mathd_algebra_441,False,False
kimina,own corpora,test/mathd_numbertheory_582,False,False
kimina,own corpora,test/mathd_algebra_338,True,False
kimina,own corpora,valid/amc12a_2019_p21,False,False
kimina,own corpora,valid/amc12a_2015_p10,True,False
kimina,own corpora,valid/amc12a_2008_p8,False,False
kimina,own corpora,valid/mathd_algebra_182,False,False
kimina,own corpora,valid/aime_1984_p5,False,False
kimina,own corpora,valid/mathd_numbertheory_780,False,False
kimina,own corpora,valid/mathd_algebra_116,False,False
kimina,own corpora,valid/mathd_numbertheory_13,False,False
kimina,own corpora,valid/mathd_numbertheory_169,False,True
kimina,own corpora,valid/amc12a_2009_p9,True,False
kimina,own corpora,valid/amc12a_2019_p9,False,False
kimina,own corpora,valid/mathd_algebra_13,False,False
kimina,own corpora,valid/induction_sum2kp1npqsqm1,False,False
kimina,own corpora,valid/aime_1991_p6,False,False
kimina,own corpora,valid/mathd_numbertheory_149,False,True
kimina,own corpora,valid/imo_1984_p2,False,False
kimina,own corpora,valid/amc12a_2008_p4,False,False
kimina,own corpora,valid/imo_2006_p3,False,False
kimina,own corpora,valid/mathd_algebra_462,False,False
kimina,own corpora,valid/imo_1964_p1_2,False,False
kimina,own corpora,valid/mathd_numbertheory_221,False,False
kimina,own corpora,valid/mathd_numbertheory_64,False,False
kimina,own corpora,valid/imo_1987_p4,True,False
kimina,own corpora,valid/mathd_numbertheory_33,False,False
kimina,own corpora,valid/amc12_2001_p9,False,False
kimina,own corpora,valid/imo_1965_p1,False,False
kimina,own corpora,valid/mathd_numbertheory_48,False,False
kimina,own corpora,valid/numbertheory_sqmod4in01d,False,False
kimina,own corpora,valid/mathd_numbertheory_466,False,True
kimina,own corpora,valid/mathd_algebra_48,False,False
kimina,own corpora,valid/amc12_2000_p15,False,False
kimina,own corpora,valid/mathd_numbertheory_132,False,True
kimina,own corpora,valid/amc12a_2009_p5,False,False
kimina,own corpora,valid/mathd_numbertheory_188,False,True
kimina,own corpora,valid/mathd_algebra_224,False,False
kimina,own corpora,valid/induction_divisibility_3divnto3m2n,False,False
kimina,own corpora,valid/induction_sum_1oktkp1,False,False
kimina,own corpora,valid/mathd_numbertheory_32,False,False
kimina,own corpora,valid/mathd_algebra_422,False,False
kimina,own corpora,valid/amc12b_2002_p11,False,False
kimina,own corpora,valid/mathd_algebra_73,False,False
kimina,own corpora,valid/mathd_numbertheory_109,False,True
kimina,own corpora,valid/algebra_xmysqpymzsqpzmxsqeqxyz_xpypzp6dvdx3y3z3,False,False
kimina,own corpora,valid/imo_1962_p4,False,False
kimina,own corpora,valid/mathd_numbertheory_236,False,True
kimina,own corpora,valid/mathd_numbertheory_24,False,True
kimina,own corpora,valid/algebra_amgm_prod1toneq1_sum1tongeqn,False,False
kimina,own corpora,valid/mathd_algebra_101,False,False
kimina,own corpora,valid/mathd_numbertheory_257,False,False
kimina,own corpora,valid/amc12_2000_p5,True,False
kimina,own corpora,valid/mathd_algebra_547,False,False
kimina,own corpora,valid/mathd_numbertheory_200,False,True
kimina,own corpora,valid/mathd_algebra_510,True,False
kimina,own corpora,valid/mathd_algebra_140,False,False
kimina,own corpora,valid/mathd_algebra_455,False,True
kimina,own corpora,valid/mathd_numbertheory_45,False,True
kimina,own corpora,valid/aime_1994_p4,True,False
kimina,own corpora,valid/mathd_numbertheory_739,False,True
kimina,own corpora,valid/mathd_algebra_245,False,False
kimina,own corpora,valid/algebra_apb4leq8ta4pb4,True,False
kimina,own corpora,valid/mathd_algebra_28,False,False
kimina,own corpora,valid/mathd_numbertheory_543,False,False
kimina,own corpora,valid/mathd_algebra_480,False,False
kimina,own corpora,valid/mathd_algebra_69,False,False
kimina,own corpora,valid/mathd_algebra_433,False,False
kimina,own corpora,valid/mathd_algebra_126,False,False
kimina,own corpora,valid/aimeII_2020_p6,False,False
kimina,own corpora,valid/amc12a_2008_p2,False,False
kimina,own corpora,valid/mathd_algebra_35,False,False
kimina,own corpora,valid/algebra_amgm_faxinrrp2msqrt2geq2mxm1div2x,False,False
kimina,own corpora,valid/mathd_numbertheory_335,True,False
kimina,own corpora,valid/mathd_numbertheory_35,False,False
kimina,own corpora,valid/amc12a_2021_p7,False,False
kimina,own corpora,valid/mathd_algebra_327,False,False
kimina,own corpora,valid/aime_1984_p15,False,False
kimina,own corpora,valid/algebra_amgm_sqrtxymulxmyeqxpy_xpygeq4,False,False
kimina,own corpora,valid/amc12a_2002_p21,False,False
kimina,own corpora,valid/mathd_algebra_192,False,False
kimina,own corpora,valid/amc12b_2002_p6,False,False
kimina,own corpora,valid/mathd_numbertheory_102,False,True
kimina,own corpora,valid/amc12a_2010_p22,False,False
kimina,own corpora,valid/mathd_numbertheory_81,False,True
kimina,own corpora,valid/mathd_numbertheory_155,False,True
kimina,own corpora,valid/imo_1978_p5,False,False
kimina,own corpora,valid/amc12a_2017_p7,False,False
kimina,own corpora,valid/mathd_numbertheory_42,False,False
kimina,own corpora,valid/mathd_algebra_110,False,False
kimina,own corpora,valid/amc12b_2021_p21,False,False
kimina,own corpora,valid/mathd_algebra_405,False,False
kimina,own corpora,valid/numbertheory_sumkmulnckeqnmul2pownm1,False,False
kimina,own corpora,valid/mathd_algebra_393,False,False
kimina,own corpora,valid/amc12b_2004_p3,False,False
kimina,own corpora,valid/mathd_numbertheory_303,False,False
kimina,own corpora,valid/mathd_algebra_151,False,False
kimina,own corpora,valid/amc12a_2011_p18,True,False
kimina,own corpora,valid/mathd_algebra_15,False,True
kimina,own corpora,valid/mathd_numbertheory_211,False,True
kimina,own corpora,valid/mathd_numbertheory_640,False,True
kimina,own corpora,valid/amc12b_2003_p6,False,False
kimina,own corpora,valid/algebra_2rootsintpoly_am10tap11eqasqpam110,False,False
kimina,own corpora,valid/aime_1991_p1,False,False
kimina,own corpora,valid/mathd_algebra_43,False,False
kimina,own corpora,valid/imo_1988_p6,False,False
kimina,own corpora,valid/aime_1996_p5,False,False
kimina,own corpora,valid/mathd_algebra_55,False,False
kimina,own corpora,valid/algebra_sqineq_2at2pclta2c2p41pc,False,False
kimina,own corpora,valid/mathd_numbertheory_43,False,False
kimina,own corpora,valid/mathd_algebra_214,False,False
kimina,own corpora,valid/mathd_algebra_96,False,False
kimina,own corpora,valid/amc12_2001_p2,False,False
kimina,own corpora,valid/mathd_algebra_185,False,False
kimina,own corpora,valid/algebra_binomnegdiscrineq_10alt28asqp1,False,False
kimina,own corpora,valid/mathd_numbertheory_284,False,False
kimina,own corpora,valid/amc12a_2009_p2,True,False
kimina,own corpora,valid/mathd_numbertheory_709,True,False
kimina,own corpora,valid/amc12a_2013_p8,True,False
kimina,own corpora,valid/mathd_numbertheory_461,False,True
kimina,own corpora,valid/mathd_algebra_59,False,False
kimina,own corpora,valid/mathd_algebra_234,False,False
kimina,own corpora,valid/imo_1973_p3,True,False
kimina,own corpora,valid/amc12b_2020_p5,False,False
kimina,own corpora,valid/numbertheory_sqmod3in01d,False,False
kimina,own corpora,valid/mathd_algebra_131,False,False
kimina,own corpora,valid/amc12b_2003_p17,False,False
kimina,own corpora,valid/mathd_algebra_536,False,False
kimina,own corpora,valid/mathd_algebra_22,False,False
kimina,own corpora,valid/numbertheory_xsqpysqintdenomeq,False,False
kimina,own corpora,valid/aimeII_2001_p3,False,False
kimina,own corpora,valid/mathd_numbertheory_22,False,False
kimina,own corpora,valid/aime_1987_p8,False,False
kimina,own corpora,valid/mathd_numbertheory_136,False,False
kimina,own corpora,valid/amc12_2000_p11,True,False
kimina,own corpora,valid/amc12b_2003_p9,False,False
kimina,own corpora,valid/algebra_2complexrootspoly_xsqp49eqxp7itxpn7i,False,False
kimina,own corpora,valid/mathd_numbertheory_198,False,True
kimina,own corpora,valid/mathd_algebra_149,False,False
kimina,own corpora,valid/mathd_algebra_132,False,False
kimina,own corpora,valid/mathd_numbertheory_37,False,True
kimina,own corpora,valid/aime_1983_p9,False,False
kimina,own corpora,valid/mathd_algebra_37,False,True
kimina,own corpora,valid/mathd_numbertheory_458,False,False
kimina,own corpora,valid/amc12a_2008_p15,True,False
kimina,own corpora,valid/mathd_numbertheory_301,False,False
kimina,own corpora,valid/amc12a_2009_p15,True,False
kimina,own corpora,valid/algebra_sqineq_36azm9asqle36zsq,False,False
kimina,own corpora,valid/amc12a_2013_p7,False,False
kimina,own corpora,valid/mathd_algebra_104,False,True
kimina,own corpora,valid/mathd_numbertheory_252,False,True
kimina,own corpora,valid/amc12a_2020_p21,False,False
kimina,own corpora,valid/mathd_algebra_493,False,False
kimina,own corpora,valid/numbertheory_nckeqnm1ckpnm1ckm1,False,False
kimina,own corpora,valid/algebra_3rootspoly_amdtamctambeqnasqmbpctapcbtdpasqmbpctapcbta,False,False
kimina,own corpora,valid/mathd_numbertheory_403,False,True
kimina,own corpora,valid/mathd_algebra_190,False,True
kimina,own corpora,valid/mathd_numbertheory_269,False,True
kimina,own corpora,valid/aime_1990_p2,False,False
kimina,own corpora,valid/mathd_numbertheory_101,False,True
kimina,own corpora,valid/algebra_sqineq_4bap1lt4bsqpap1sq,False,False
kimina,own corpora,valid/mathd_numbertheory_156,False,False
kimina,own corpora,valid/mathd_algebra_451,False,False
kimina,own corpora,valid/mathd_algebra_144,False,False
kimina,own corpora,valid/mathd_algebra_282,False,False
kimina,own corpora,valid/mathd_algebra_410,False,False
kimina,own corpora,valid/mathd_numbertheory_232,False,False
kimina,own corpora,valid/mathd_algebra_77,False,False
kimina,own corpora,valid/imo_1974_p5,True,False
kimina,own corpora,valid/aime_1988_p3,True,False
kimina,own corpora,valid/mathd_numbertheory_530,False,False
kimina,own corpora,valid/mathd_algebra_109,False,False
kimina,own corpora,valid/imo_1967_p3,False,False
kimina,own corpora,valid/mathd_algebra_11,False,False
kimina,own corpora,valid/amc12a_2003_p1,False,False
kimina,own corpora,valid/numbertheory_aneqprodakp4_anmsqrtanp1eq2,False,False
kimina,own corpora,valid/algebra_2rootspoly_apatapbeq2asqp2ab,False,False
kimina,own corpora,valid/induction_sum_odd,False,False
kimina,own corpora,valid/mathd_algebra_568,False,True
kimina,own corpora,valid/mathd_algebra_616,False,True
kimina,own corpora,valid/mathd_numbertheory_690,False,False
kimina,own corpora,valid/amc12a_2016_p2,False,False
kimina,own corpora,valid/mathd_numbertheory_405,False,False
kimina,own corpora,valid/mathd_numbertheory_110,False,False
kimina,own corpora,valid/amc12a_2003_p25,False,False
kimina,own corpora,valid/amc12a_2010_p10,False,False
kimina,own corpora,valid/mathd_algebra_509,True,False
kimina,own corpora,valid/mathd_algebra_159,False,False
kimina,own corpora,valid/aime_1997_p11,False,False
kimina,own corpora,valid/aimeI_2000_p7,False,False
kimina,own corpora,valid/aime_1988_p4,False,False
kimina,own corpora,valid/induction_divisibility_9div10tonm1,False,False
kimina,own corpora,valid/mathd_numbertheory_126,False,False
kimina,own corpora,valid/mathd_algebra_323,False,False
kimina,own corpora,valid/mathd_algebra_421,False,False
kimina,own corpora,valid/imo_1987_p6,False,False
kimina,own corpora,valid/amc12a_2009_p25,False,False
kimina,own corpora,valid/imo_1961_p1,False,False
kimina,own corpora,valid/mathd_algebra_31,False,False
kimina,own corpora,valid/algebra_manipexpr_apbeq2cceqiacpbceqm2,False,False
kimina,own corpora,valid/mathd_numbertheory_370,True,False
kimina,own corpora,valid/mathd_algebra_437,False,False
kimina,own corpora,valid/imo_1966_p5,False,False
kimina,own corpora,valid/mathd_algebra_89,False,False
kimina,own corpora,valid/imo_1966_p4,False,False
kimina,own corpora,valid/mathd_algebra_67,False,False
kimina,own corpora,valid/mathd_numbertheory_326,False,False
kimina,own corpora,valid/induction_divisibility_3div2tooddnp1,False,False
kimina,own corpora,valid/mathd_algebra_123,False,False
kimina,own corpora,valid/algebra_2varlineareq_xpeeq7_2xpeeq3_eeq11_xeqn4,False,False
kimina,own corpora,valid/imo_1993_p5,True,False
kimina,own corpora,valid/numbertheory_prmdvsneqnsqmodpeq0,False,False
kimina,own corpora,valid/imo_1964_p1_1,True,False
kimina,own corpora,valid/imo_1990_p3,False,False
kimina,own corpora,valid/induction_ineq_nsqlefactn,False,False
kimina,own corpora,valid/mathd_numbertheory_30,False,True
kimina,own corpora,valid/mathd_algebra_267,False,False
kimina,own corpora,valid/mathd_numbertheory_961,False,True
kimina,own corpora,valid/induction_seq_mul2pnp1,False,False
kimina,own corpora,valid/amc12a_2002_p12,False,False
kimina,own corpora,valid/algebra_manipexpr_2erprsqpesqeqnrpnesq,False,False
kimina,own corpora,valid/mathd_algebra_119,False,True
kimina,own corpora,valid/amc12a_2020_p13,False,False
kimina,own corpora,valid/imo_1977_p5,False,False
kimina,own corpora,valid/numbertheory_2dvd4expn,False,False
kimina,own corpora,valid/amc12a_2010_p11,False,False
kimina,own corpora,valid/amc12a_2003_p24,False,False
kimina,own corpora,valid/amc12a_2002_p1,False,False
kimina,own corpora,valid/mathd_algebra_206,False,False
kimina,own corpora,valid/mathd_numbertheory_92,False,False
kimina,own corpora,valid/mathd_algebra_482,False,False
kimina,own corpora,valid/amc12b_2002_p3,False,False
kimina,own corpora,valid/mathd_numbertheory_668,False,False
kimina,own corpora,valid/mathd_algebra_251,False,False
kimina,own corpora,valid/mathd_numbertheory_84,False,False
kimina,own corpora,valid/mathd_numbertheory_412,True,False
kimina,own corpora,valid/mathd_algebra_181,False,False
kimina,own corpora,valid/amc12a_2016_p3,False,False
kimina,own corpora,valid/mathd_algebra_247,False,False
kimina,own corpora,valid/algebra_sqineq_2unitcircatblt1,False,False
kimina,own corpora,valid/mathd_numbertheory_629,True,False
kimina,own corpora,valid/amc12a_2017_p2,False,False
kimina,own corpora,valid/algebra_amgm_sumasqdivbsqgeqsumbdiva,False,False
kimina,own corpora,valid/mathd_numbertheory_202,False,True
kimina,own corpora,valid/imo_1979_p1,False,False
kimina,own corpora,valid/mathd_algebra_51,True,False
kimina,own corpora,valid/mathd_algebra_10,False,True
kimina,all corpora,test/mathd_algebra_478,False,False
kimina,all corpora,test/numbertheory_4x3m7y3neq2003,False,False
kimina,all corpora,test/aime_1983_p1,False,False
kimina,all corpora,test/amc12_2001_p5,False,False
kimina,all corpora,test/mathd_algebra_141,False,True
kimina,all corpora,test/mathd_numbertheory_3,False,True
kimina,all corpora,test/imo_1969_p2,False,False
kimina,all corpora,test/mathd_algebra_209,False,False
kimina,all corpora,test/mathd_numbertheory_1124,True,False
kimina,all corpora,test/imo_1983_p6,True,False
kimina,all corpora,test/mathd_numbertheory_237,False,True
kimina,all corpora,test/mathd_algebra_33,False,False
kimina,all corpora,test/amc12b_2021_p3,True,False
kimina,all corpora,test/mathd_numbertheory_299,False,True
kimina,all corpora,test/amc12b_2020_p2,False,True
kimina,all corpora,test/algebra_sqineq_unitcircatbpabsamblt1,False,False
kimina,all corpora,test/imo_1977_p6,True,False
kimina,all corpora,test/mathd_algebra_419,False,False
kimina,all corpora,test/amc12a_2020_p10,False,False
kimina,all corpora,test/imo_1960_p2,False,False
kimina,all corpora,test/mathd_numbertheory_427,False,False
kimina,all corpora,test/numbertheory_x5neqy2p4,False,False
kimina,all corpora,test/imosl_2007_algebra_p6,False,False
kimina,all corpora,test/mathd_algebra_398,True,False
kimina,all corpora,test/imo_1963_p5,True,False
kimina,all corpora,test/mathd_numbertheory_430,True,False
kimina,all corpora,test/mathd_algebra_459,False,False
kimina,all corpora,test/induction_12dvd4expnp1p20,False,False
kimina,all corpora,test/mathd_algebra_320,False,False
kimina,all corpora,test/mathd_algebra_137,False,False
kimina,all corpora,test/imo_1997_p5,True,False
kimina,all corpora,test/mathd_numbertheory_277,False,False
kimina,all corpora,test/mathd_numbertheory_559,False,False
kimina,all corpora,test/mathd_algebra_160,False,False
kimina,all corpora,test/mathd_algebra_24,False,True
kimina,all corpora,test/mathd_algebra_176,False,False
kimina,all corpora,test/induction_nfactltnexpnm1ngt3,False,False
kimina,all corpora,test/mathd_algebra_208,False,False
kimina,all corpora,test/mathd_numbertheory_353,False,False
kimina,all corpora,test/numbertheory_notequiv2i2jasqbsqdiv8,False,False
kimina,all corpora,test/mathd_algebra_156,False,False
kimina,all corpora,test/mathd_numbertheory_12,False,True
kimina,all corpora,test/mathd_numbertheory_345,False,True
kimina,all corpora,test/mathd_numbertheory_447,False,True
kimina,all corpora,test/mathd_numbertheory_328,False,True
kimina,all corpora,test/mathd_numbertheory_451,False,False
kimina,all corpora,test/aime_1997_p9,False,False
kimina,all corpora,test/algebra_sqineq_at2malt1,False,False
kimina,all corpora,test/algebra_apbmpcneq0_aeq0anbeq0anceq0,False,False
kimina,all corpora,test/mathd_algebra_171,False,False
kimina,all corpora,test/mathd_numbertheory_227,False,False
kimina,all corpora,test/mathd_algebra_188,False,True
kimina,all corpora,test/mathd_numbertheory_765,False,False
kimina,all corpora,test/imo_1959_p1,True,False
kimina,all corpora,test/mathd_numbertheory_175,False,True
kimina,all corpora,test/induction_sumkexp3eqsumksq,True,False
kimina,all corpora,test/numbertheory_fxeq4powxp6powxp9powx_f2powmdvdf2pown,False,False
kimina,all corpora,test/imo_1992_p1,True,False
kimina,all corpora,test/imo_1982_p1,False,False
kimina,all corpora,test/aime_1987_p5,False,False
kimina,all corpora,test/mathd_algebra_346,False,False
kimina,all corpora,test/mathd_algebra_487,False,False
kimina,all corpora,test/mathd_numbertheory_728,False,True
kimina,all corpora,test/mathd_algebra_184,False,False
kimina,all corpora,test/mathd_numbertheory_552,False,False
kimina,all corpora,test/amc12b_2021_p9,True,False
kimina,all corpora,test/aime_1994_p3,True,False
kimina,all corpora,test/mathd_algebra_44,False,False
kimina,all corpora,test/mathd_algebra_215,False,False
kimina,all corpora,test/mathd_numbertheory_293,False,False
kimina,all corpora,test/mathd_numbertheory_769,False,True
kimina,all corpora,test/mathd_algebra_452,False,False
kimina,all corpora,test/mathd_numbertheory_5,False,False
kimina,all corpora,test/mathd_numbertheory_207,False,True
kimina,all corpora,test/mathd_numbertheory_342,False,True
kimina,all corpora,test/mathd_numbertheory_483,False,True
kimina,all corpora,test/amc12b_2020_p21,False,False
kimina,all corpora,test/amc12a_2003_p5,False,False
kimina,all corpora,test/mathd_numbertheory_495,False,False
kimina,all corpora,test/mathd_algebra_296,False,False
kimina,all corpora,test/algebra_abpbcpcageq3_sumaonsqrtapbgeq3onsqrt2,True,False
kimina,all corpora,test/algebra_2varlineareq_fp3zeq11_3tfm1m5zeqn68_feqn10_zeq7,False,False
kimina,all corpora,test/mathd_numbertheory_247,True,False
kimina,all corpora,test/induction_pord1p1on2powklt5on2,True,False
kimina,all corpora,test/mathd_algebra_107,False,False
kimina,all corpora,test/numbertheory_2pownm1prime_nprime,True,False
kimina,all corpora,test/mathd_algebra_412,False,False
kimina,all corpora,test/amc12a_2013_p4,False,False
kimina,all corpora,test/mathd_algebra_392,False,False
kimina,all corpora,test/mathd_numbertheory_314,False,False
kimina,all corpora,test/induction_prod1p1onk3le3m1onn,False,False
kimina,all corpora,test/mathd_numbertheory_343,False,True
kimina,all corpora,test/mathd_algebra_756,True,False
kimina,all corpora,test/amc12b_2002_p7,False,False
kimina,all corpora,test/mathd_algebra_80,False,False
kimina,all corpora,test/mathd_numbertheory_457,False,False
kimina,all corpora,test/amc12_2000_p12,False,False
kimina,all corpora,test/mathd_numbertheory_135,False,False
kimina,all corpora,test/mathd_algebra_275,False,False
kimina,all corpora,test/mathd_algebra_388,True,False
kimina,all corpora,test/amc12a_2020_p7,False,False
kimina,all corpora,test/imo_1981_p6,True,False
kimina,all corpora,test/mathd_algebra_263,False,False
kimina,all corpora,test/mathd_numbertheory_34,False,False
kimina,all corpora,test/mathd_numbertheory_764,False,False
kimina,all corpora,test/amc12b_2021_p4,False,False
kimina,all corpora,test/imo_1962_p2,True,False
kimina,all corpora,test/mathd_algebra_170,False,False
kimina,all corpora,test/mathd_algebra_432,True,True
kimina,all corpora,test/mathd_algebra_598,True,False
kimina,all corpora,test/algebra_bleqa_apbon2msqrtableqambsqon8b,True,False
kimina,all corpora,test/mathd_algebra_276,False,False
kimina,all corpora,test/amc12a_2021_p14,True,False
kimina,all corpora,test/algebra_sum1onsqrt2to1onsqrt10000lt198,False,False
kimina,all corpora,test/mathd_numbertheory_618,False,False
kimina,all corpora,test/amc12a_2020_p4,False,False
kimina,all corpora,test/amc12b_2020_p6,False,False
kimina,all corpora,test/mathd_numbertheory_435,False,False
kimina,all corpora,test/algebra_others_exirrpowirrrat,False,False
kimina,all corpora,test/mathd_algebra_427,True,True
kimina,all corpora,test/mathd_algebra_76,False,False
kimina,all corpora,test/mathd_numbertheory_99,False,False
kimina,all corpora,test/algebra_9onxpypzleqsum2onxpy,False,False
kimina,all corpora,test/mathd_numbertheory_233,False,False
kimina,all corpora,test/algebra_absapbon1pabsapbleqsumabsaon1pabsa,True,False
kimina,all corpora,test/imo_1984_p6,True,False
kimina,all corpora,test/imo_2001_p6,False,False
kimina,all corpora,test/mathd_numbertheory_321,False,False
kimina,all corpora,test/mathd_algebra_17,False,False
kimina,all corpora,test/mathd_algebra_153,False,False
kimina,all corpora,test/algebra_sqineq_unitcircatbpamblt1,False,False
kimina,all corpora,test/amc12a_2021_p18,True,False
kimina,all corpora,test/mathd_algebra_329,True,False
kimina,all corpora,test/induction_pprime_pdvdapowpma,False,False
kimina,all corpora,test/amc12a_2021_p9,False,True
kimina,all corpora,test/aime_1984_p1,False,False
kimina,all corpora,test/amc12a_2021_p22,False,False
kimina,all corpora,test/mathd_numbertheory_229,False,True
kimina,all corpora,test/mathd_numbertheory_100,False,False
kimina,all corpora,test/mathd_algebra_313,False,False
kimina,all corpora,test/amc12b_2002_p4,False,False
kimina,all corpora,test/amc12a_2002_p6,False,False
kimina,all corpora,test/amc12a_2003_p23,False,False
kimina,all corpora,test/mathd_algebra_129,False,False
kimina,all corpora,test/amc12b_2021_p18,False,False
kimina,all corpora,test/mathd_algebra_484,False,False
kimina,all corpora,test/mathd_numbertheory_551,False,True
kimina,all corpora,test/mathd_algebra_304,False,False
kimina,all corpora,test/amc12a_2021_p8,True,False
kimina,all corpora,test/algebra_ineq_nto1onlt2m1on,False,False
kimina,all corpora,test/amc12b_2002_p19,True,False
kimina,all corpora,test/mathd_numbertheory_341,False,True
kimina,all corpora,test/mathd_numbertheory_711,False,False
kimina,all corpora,test/amc12b_2020_p22,True,False
kimina,all corpora,test/mathd_algebra_113,True,False
kimina,all corpora,test/amc12a_2020_p9,False,False
kimina,all corpora,test/amc12_2000_p1,False,False
kimina,all corpora,test/amc12a_2021_p19,False,False
kimina,all corpora,test/algebra_amgm_sumasqdivbgeqsuma,True,False
kimina,all corpora,test/mathd_numbertheory_212,False,True
kimina,all corpora,test/mathd_numbertheory_320,True,False
kimina,all corpora,test/mathd_algebra_125,False,False
kimina,all corpora,test/induction_1pxpownlt1pnx,True,False
kimina,all corpora,test/mathd_algebra_148,True,False
kimina,all corpora,test/amc12a_2019_p12,True,False
kimina,all corpora,test/induction_11div10tonmn1ton,False,False
kimina,all corpora,test/algebra_amgm_sum1toneqn_prod1tonleq1,False,False
kimina,all corpora,test/imo_1985_p6,False,False
kimina,all corpora,test/amc12a_2020_p15,False,False
kimina,all corpora,test/mathd_algebra_332,True,False
kimina,all corpora,test/algebra_cubrtrp1oncubrtreq3_rcubp1onrcubeq5778,False,False
kimina,all corpora,test/mathd_algebra_293,True,False
kimina,all corpora,test/mathd_algebra_440,False,False
kimina,all corpora,test/mathd_numbertheory_254,False,True
kimina,all corpora,test/amc12_2000_p6,False,False
kimina,all corpora,test/aime_1988_p8,False,False
kimina,all corpora,test/mathd_algebra_114,True,False
kimina,all corpora,test/imo_2019_p1,True,False
kimina,all corpora,test/mathd_algebra_513,False,False
kimina,all corpora,test/mathd_algebra_143,False,False
kimina,all corpora,test/mathd_algebra_354,True,True
kimina,all corpora,test/aime_1984_p7,True,False
kimina,all corpora,test/mathd_algebra_246,True,False
kimina,all corpora,test/aime_1983_p3,False,False
kimina,all corpora,test/numbertheory_3pow2pownm1mod2pownp3eq2pownp2,False,False
kimina,all corpora,test/mathd_numbertheory_85,False,True
kimina,all corpora,test/amc12_2001_p21,False,False
kimina,all corpora,test/mathd_numbertheory_239,False,True
kimina,all corpora,test/amc12b_2002_p2,False,True
kimina,all corpora,test/mathd_algebra_196,False,False
kimina,all corpora,test/mathd_algebra_342,False,False
kimina,all corpora,test/mathd_numbertheory_517,False,True
kimina,all corpora,test/amc12a_2009_p7,False,False
kimina,all corpora,test/mathd_algebra_270,False,False
kimina,all corpora,test/amc12a_2021_p12,False,False
kimina,all corpora,test/mathd_algebra_362,True,False
kimina,all corpora,test/mathd_numbertheory_521,False,False
kimina,all corpora,test/amc12a_2002_p13,False,False
kimina,all corpora,test/imo_1964_p2,True,False
kimina,all corpora,test/mathd_algebra_289,False,False
kimina,all corpora,test/amc12a_2021_p3,False,False
kimina,all corpora,test/amc12a_2008_p25,True,False
kimina,all corpora,test/algebra_apbpceq2_abpbcpcaeq1_aleq1on3anbleq1ancleq4on3,False,False
kimina,all corpora,test/mathd_numbertheory_66,False,True
kimina,all corpora,test/amc12b_2021_p1,False,False
kimina,all corpora,test/algebra_apbon2pownleqapownpbpowon2,True,False
kimina,all corpora,test/imo_1968_p5_1,True,False
kimina,all corpora,test/aime_1990_p15,True,False
kimina,all corpora,test/mathd_numbertheory_235,False,True
kimina,all corpora,test/amc12b_2020_p13,True,False
kimina,all corpora,test/amc12b_2021_p13,False,False
kimina,all corpora,test/mathd_numbertheory_234,False,False
kimina,all corpora,test/numbertheory_aoddbdiv4asqpbsqmod8eq1,False,False
kimina,all corpora,test/mathd_numbertheory_222,False,False
kimina,all corpora,test/aime_1999_p11,False,False
kimina,all corpora,test/mathd_algebra_359,False,False
kimina,all corpora,test/imo_1965_p2,False,False
kimina,all corpora,test/mathd_algebra_288,False,False
kimina,all corpora,test/mathd_numbertheory_127,False,True
kimina,all corpora,test/imo_1974_p3,True,False
kimina,all corpora,test/aime_1991_p9,False,False
kimina,all corpora,test/amc12a_2009_p6,False,False
kimina,all corpora,test/mathd_algebra_158,False,False
kimina,all corpora,test/algebra_absxm1pabsxpabsxp1eqxp2_0leqxleq1,False,False
kimina,all corpora,test/aime_1990_p4,True,False
kimina,all corpora,test/mathd_numbertheory_541,False,False
kimina,all corpora,test/mathd_algebra_314,False,False
kimina,all corpora,test/amc12_2000_p20,True,False
kimina,all corpora,test/mathd_algebra_302,False,False
kimina,all corpora,test/aime_1983_p2,True,False
kimina,all corpora,test/mathd_algebra_139,False,False
kimina,all corpora,test/amc12a_2021_p25,True,False
kimina,all corpora,test/amc12a_2020_p25,False,False
kimina,all corpora,test/mathd_numbertheory_150,False,False
kimina,all corpora,test/aime_1989_p8,False,False
kimina,all corpora,test/mathd_numbertheory_296,False,False
kimina,all corpora,test/mathd_algebra_142,False,False
kimina,all corpora,test/numbertheory_exk2powkeqapb2mulbpa2_aeq1,False,False
kimina,all corpora,test/mathd_algebra_400,False,False
kimina,all corpora,test/aime_1995_p7,False,False
kimina,all corpora,test/mathd_numbertheory_185,True,False
kimina,all corpora,test/mathd_algebra_441,False,False
kimina,all corpora,test/mathd_numbertheory_582,True,False
kimina,all corpora,test/mathd_algebra_338,True,False
kimina,all corpora,valid/amc12a_2019_p21,True,False
kimina,all corpora,valid/amc12a_2015_p10,True,False
kimina,all corpora,valid/amc12a_2008_p8,True,False
kimina,all corpora,valid/mathd_algebra_182,True,False
kimina,all corpora,valid/aime_1984_p5,False,False
kimina,all corpora,valid/mathd_numbertheory_780,True,False
kimina,all corpora,valid/mathd_algebra_116,True,False
kimina,all corpora,valid/mathd_numbertheory_13,False,False
kimina,all corpora,valid/mathd_numbertheory_169,True,True
kimina,all corpora,valid/amc12a_2009_p9,True,False
kimina,all corpora,valid/amc12a_2019_p9,False,False
kimina,all corpora,valid/mathd_algebra_13,True,False
kimina,all corpora,valid/induction_sum2kp1npqsqm1,True,False
kimina,all corpora,valid/aime_1991_p6,False,False
kimina,all corpora,valid/mathd_numbertheory_149,True,True
kimina,all corpora,valid/imo_1984_p2,True,False
kimina,all corpora,valid/amc12a_2008_p4,True,False
kimina,all corpora,valid/imo_2006_p3,False,False
kimina,all corpora,valid/mathd_algebra_462,True,False
kimina,all corpora,valid/imo_1964_p1_2,True,False
kimina,all corpora,valid/mathd_numbertheory_221,False,False
kimina,all corpora,valid/mathd_numbertheory_64,True,False
kimina,all corpora,valid/imo_1987_p4,True,False
kimina,all corpora,valid/mathd_numbertheory_33,True,False
kimina,all corpora,valid/amc12_2001_p9,True,False
kimina,all corpora,valid/imo_1965_p1,False,False
kimina,all corpora,valid/mathd_numbertheory_48,True,False
kimina,all corpora,valid/numbertheory_sqmod4in01d,True,False
kimina,all corpora,valid/mathd_numbertheory_466,True,True
kimina,all corpora,valid/mathd_algebra_48,True,False
kimina,all corpora,valid/amc12_2000_p15,False,False
kimina,all corpora,valid/mathd_numbertheory_132,True,True
kimina,all corpora,valid/amc12a_2009_p5,True,False
kimina,all corpora,valid/mathd_numbertheory_188,True,True
kimina,all corpora,valid/mathd_algebra_224,False,False
kimina,all corpora,valid/induction_divisibility_3divnto3m2n,True,False
kimina,all corpora,valid/induction_sum_1oktkp1,True,False
kimina,all corpora,valid/mathd_numbertheory_32,True,False
kimina,all corpora,valid/mathd_algebra_422,True,False
kimina,all corpora,valid/amc12b_2002_p11,False,False
kimina,all corpora,valid/mathd_algebra_73,True,False
kimina,all corpora,valid/mathd_numbertheory_109,True,True
kimina,all corpora,valid/algebra_xmysqpymzsqpzmxsqeqxyz_xpypzp6dvdx3y3z3,True,False
kimina,all corpora,valid/imo_1962_p4,False,False
kimina,all corpora,valid/mathd_numbertheory_236,True,True
kimina,all corpora,valid/mathd_numbertheory_24,True,True
kimina,all corpora,valid/algebra_amgm_prod1toneq1_sum1tongeqn,False,False
kimina,all corpora,valid/mathd_algebra_101,True,False
kimina,all corpora,valid/mathd_numbertheory_257,True,False
kimina,all corpora,valid/amc12_2000_p5,True,False
kimina,all corpora,valid/mathd_algebra_547,True,False
kimina,all corpora,valid/mathd_numbertheory_200,True,True
kimina,all corpora,valid/mathd_algebra_510,True,False
kimina,all corpora,valid/mathd_algebra_140,True,False
kimina,all corpora,valid/mathd_algebra_455,True,True
kimina,all corpora,valid/mathd_numbertheory_45,True,True
kimina,all corpora,valid/aime_1994_p4,True,False
kimina,all corpora,valid/mathd_numbertheory_739,True,True
kimina,all corpora,valid/mathd_algebra_245,True,False
kimina,all corpora,valid/algebra_apb4leq8ta4pb4,True,False
kimina,all corpora,valid/mathd_algebra_28,True,False
kimina,all corpora,valid/mathd_numbertheory_543,False,False
kimina,all corpora,valid/mathd_algebra_480,False,False
kimina,all corpora,valid/mathd_algebra_69,True,False
kimina,all corpora,valid/mathd_algebra_433,False,False
kimina,all corpora,valid/mathd_algebra_126,True,False
kimina,all corpora,valid/aimeII_2020_p6,False,False
kimina,all corpora,valid/amc12a_2008_p2,True,False
kimina,all corpora,valid/mathd_algebra_35,True,False
kimina,all corpora,valid/algebra_amgm_faxinrrp2msqrt2geq2mxm1div2x,True,False
kimina,all corpora,valid/mathd_numbertheory_335,True,False
kimina,all corpora,valid/mathd_numbertheory_35,True,False
kimina,all corpora,valid/amc12a_2021_p7,True,False
kimina,all corpora,valid/mathd_algebra_327,True,False
kimina,all corpora,valid/aime_1984_p15,True,False
kimina,all corpora,valid/algebra_amgm_sqrtxymulxmyeqxpy_xpygeq4,True,False
kimina,all corpora,valid/amc12a_2002_p21,False,False
kimina,all corpora,valid/mathd_algebra_192,True,False
kimina,all corpora,valid/amc12b_2002_p6,True,False
kimina,all corpora,valid/mathd_numbertheory_102,True,True
kimina,all corpora,valid/amc12a_2010_p22,False,False
kimina,all corpora,valid/mathd_numbertheory_81,True,True
kimina,all corpora,valid/mathd_numbertheory_155,True,True
kimina,all corpora,valid/imo_1978_p5,False,False
kimina,all corpora,valid/amc12a_2017_p7,False,False
kimina,all corpora,valid/mathd_numbertheory_42,False,False
kimina,all corpora,valid/mathd_algebra_110,True,False
kimina,all corpora,valid/amc12b_2021_p21,False,False
kimina,all corpora,valid/mathd_algebra_405,True,False
kimina,all corpora,valid/numbertheory_sumkmulnckeqnmul2pownm1,True,False
kimina,all corpora,valid/mathd_algebra_393,True,False
kimina,all corpora,valid/amc12b_2004_p3,True,False
kimina,all corpora,valid/mathd_numbertheory_303,True,False
kimina,all corpora,valid/mathd_algebra_151,True,False
kimina,all corpora,valid/amc12a_2011_p18,True,False
kimina,all corpora,valid/mathd_algebra_15,True,True
kimina,all corpora,valid/mathd_numbertheory_211,True,True
kimina,all corpora,valid/mathd_numbertheory_640,True,True
kimina,all corpora,valid/amc12b_2003_p6,True,False
kimina,all corpora,valid/algebra_2rootsintpoly_am10tap11eqasqpam110,True,False
kimina,all corpora,valid/aime_1991_p1,True,False
kimina,all corpora,valid/mathd_algebra_43,True,False
kimina,all corpora,valid/imo_1988_p6,False,False
kimina,all corpora,valid/aime_1996_p5,False,False
kimina,all corpora,valid/mathd_algebra_55,True,False
kimina,all corpora,valid/algebra_sqineq_2at2pclta2c2p41pc,True,False
kimina,all corpora,valid/mathd_numbertheory_43,False,False
kimina,all corpora,valid/mathd_algebra_214,True,False
kimina,all corpora,valid/mathd_algebra_96,True,False
kimina,all corpora,valid/amc12_2001_p2,True,False
kimina,all corpora,valid/mathd_algebra_185,True,False
kimina,all corpora,valid/algebra_binomnegdiscrineq_10alt28asqp1,True,False
kimina,all corpora,valid/mathd_numbertheory_284,True,False
kimina,all corpora,valid/amc12a_2009_p2,True,False
kimina,all corpora,valid/mathd_numbertheory_709,True,False
kimina,all corpora,valid/amc12a_2013_p8,True,False
kimina,all corpora,valid/mathd_numbertheory_461,True,True
kimina,all corpora,valid/mathd_algebra_59,True,False
kimina,all corpora,valid/mathd_algebra_234,True,False
kimina,all corpora,valid/imo_1973_p3,True,False
kimina,all corpora,valid/amc12b_2020_p5,True,False
kimina,all corpora,valid/numbertheory_sqmod3in01d,True,False
kimina,all corpora,valid/mathd_algebra_131,True,False
kimina,all corpora,valid/amc12b_2003_p17,True,False
kimina,all corpora,valid/mathd_algebra_536,True,False
kimina,all corpora,valid/mathd_algebra_22,True,False
kimina,all corpora,valid/numbertheory_xsqpysqintdenomeq,False,False
kimina,all corpora,valid/aimeII_2001_p3,False,False
kimina,all corpora,valid/mathd_numbertheory_22,True,False
kimina,all corpora,valid/aime_1987_p8,False,False
kimina,all corpora,valid/mathd_numbertheory_136,True,False
kimina,all corpora,valid/amc12_2000_p11,True,False
kimina,all corpora,valid/amc12b_2003_p9,True,False
kimina,all corpora,valid/algebra_2complexrootspoly_xsqp49eqxp7itxpn7i,True,False
kimina,all corpora,valid/mathd_numbertheory_198,True,True
kimina,all corpora,valid/mathd_algebra_149,True,False
kimina,all corpora,valid/mathd_algebra_132,True,False
kimina,all corpora,valid/mathd_numbertheory_37,True,True
kimina,all corpora,valid/aime_1983_p9,True,False
kimina,all corpora,valid/mathd_algebra_37,True,True
kimina,all corpora,valid/mathd_numbertheory_458,True,False
kimina,all corpora,valid/amc12a_2008_p15,True,False
kimina,all corpora,valid/mathd_numbertheory_301,True,False
kimina,all corpora,valid/amc12a_2009_p15,True,False
kimina,all corpora,valid/algebra_sqineq_36azm9asqle36zsq,True,False
kimina,all corpora,valid/amc12a_2013_p7,True,False
kimina,all corpora,valid/mathd_algebra_104,True,True
kimina,all corpora,valid/mathd_numbertheory_252,True,True
kimina,all corpora,valid/amc12a_2020_p21,False,False
kimina,all corpora,valid/mathd_algebra_493,True,False
kimina,all corpora,valid/numbertheory_nckeqnm1ckpnm1ckm1,True,False
kimina,all corpora,valid/algebra_3rootspoly_amdtamctambeqnasqmbpctapcbtdpasqmbpctapcbta,True,False
kimina,all corpora,valid/mathd_numbertheory_403,True,True
kimina,all corpora,valid/mathd_algebra_190,True,True
kimina,all corpora,valid/mathd_numbertheory_269,True,True
kimina,all corpora,valid/aime_1990_p2,True,False
kimina,all corpora,valid/mathd_numbertheory_101,True,True
kimina,all corpora,valid/algebra_sqineq_4bap1lt4bsqpap1sq,True,False
kimina,all corpora,valid/mathd_numbertheory_156,False,False
kimina,all corpora,valid/mathd_algebra_451,True,False
kimina,all corpora,valid/mathd_algebra_144,True,False
kimina,all corpora,valid/mathd_algebra_282,False,False
kimina,all corpora,valid/mathd_algebra_410,True,False
kimina,all corpora,valid/mathd_numbertheory_232,True,False
kimina,all corpora,valid/mathd_algebra_77,True,False
kimina,all corpora,valid/imo_1974_p5,True,False
kimina,all corpora,valid/aime_1988_p3,True,False
kimina,all corpora,valid/mathd_numbertheory_530,False,False
kimina,all corpora,valid/mathd_algebra_109,True,False
kimina,all corpora,valid/imo_1967_p3,False,False
kimina,all corpora,valid/mathd_algebra_11,True,False
kimina,all corpora,valid/amc12a_2003_p1,True,False
kimina,all corpora,valid/numbertheory_aneqprodakp4_anmsqrtanp1eq2,False,False
kimina,all corpora,valid/algebra_2rootspoly_apatapbeq2asqp2ab,True,False
kimina,all corpora,valid/induction_sum_odd,False,False
kimina,all corpora,valid/mathd_algebra_568,True,True
kimina,all corpora,valid/mathd_algebra_616,True,True
kimina,all corpora,valid/mathd_numbertheory_690,True,False
kimina,all corpora,valid/amc12a_2016_p2,True,False
kimina,all corpora,valid/mathd_numbertheory_405,False,False
kimina,all corpora,valid/mathd_numbertheory_110,True,False
kimina,all corpora,valid/amc12a_2003_p25,True,False
kimina,all corpora,valid/amc12a_2010_p10,False,False
kimina,all corpora,valid/mathd_algebra_509,True,False
kimina,all corpora,valid/mathd_algebra_159,True,False
kimina,all corpora,valid/aime_1997_p11,False,False
kimina,all corpora,valid/aimeI_2000_p7,False,False
kimina,all corpora,valid/aime_1988_p4,True,False
kimina,all corpora,valid/induction_divisibility_9div10tonm1,True,False
kimina,all corpora,valid/mathd_numbertheory_126,False,False
kimina,all corpora,valid/mathd_algebra_323,True,False
kimina,all corpora,valid/mathd_algebra_421,True,False
kimina,all corpora,valid/imo_1987_p6,False,False
kimina,all corpora,valid/amc12a_2009_p25,False,False
kimina,all corpora,valid/imo_1961_p1,True,False
kimina,all corpora,valid/mathd_algebra_31,False,False
kimina,all corpora,valid/algebra_manipexpr_apbeq2cceqiacpbceqm2,True,False
kimina,all corpora,valid/mathd_numbertheory_370,True,False
kimina,all corpora,valid/mathd_algebra_437,True,False
kimina,all corpora,valid/imo_1966_p5,False,False
kimina,all corpora,valid/mathd_algebra_89,True,False
kimina,all corpora,valid/imo_1966_p4,True,False
kimina,all corpora,valid/mathd_algebra_67,True,False
kimina,all corpora,valid/mathd_numbertheory_326,True,False
kimina,all corpora,valid/induction_divisibility_3div2tooddnp1,True,False
kimina,all corpora,valid/mathd_algebra_123,True,False
kimina,all corpora,valid/algebra_2varlineareq_xpeeq7_2xpeeq3_eeq11_xeqn4,True,False
kimina,all corpora,valid/imo_1993_p5,True,False
kimina,all corpora,valid/numbertheory_prmdvsneqnsqmodpeq0,True,False
kimina,all corpora,valid/imo_1964_p1_1,True,False
kimina,all corpora,valid/imo_1990_p3,False,False
kimina,all corpora,valid/induction_ineq_nsqlefactn,True,False
kimina,all corpora,valid/mathd_numbertheory_30,True,True
kimina,all corpora,valid/mathd_algebra_267,True,False
kimina,all corpora,valid/mathd_numbertheory_961,True,True
kimina,all corpora,valid/induction_seq_mul2pnp1,True,False
kimina,all corpora,valid/amc12a_2002_p12,False,False
kimina,all corpora,valid/algebra_manipexpr_2erprsqpesqeqnrpnesq,True,False
kimina,all corpora,valid/mathd_algebra_119,True,True
kimina,all corpora,valid/amc12a_2020_p13,False,False
kimina,all corpora,valid/imo_1977_p5,False,False
kimina,all corpora,valid/numbertheory_2dvd4expn,True,False
kimina,all corpora,valid/amc12a_2010_p11,False,False
kimina,all corpora,valid/amc12a_2003_p24,False,False
kimina,all corpora,valid/amc12a_2002_p1,False,False
kimina,all corpora,valid/mathd_algebra_206,True,False
kimina,all corpora,valid/mathd_numbertheory_92,True,False
kimina,all corpora,valid/mathd_algebra_482,False,False
kimina,all corpora,valid/amc12b_2002_p3,False,False
kimina,all corpora,valid/mathd_numbertheory_668,True,False
kimina,all corpora,valid/mathd_algebra_251,True,False
kimina,all corpora,valid/mathd_numbertheory_84,True,False
kimina,all corpora,valid/mathd_numbertheory_412,True,False
kimina,all corpora,valid/mathd_algebra_181,True,False
kimina,all corpora,valid/amc12a_2016_p3,True,False
kimina,all corpora,valid/mathd_algebra_247,False,False
kimina,all corpora,valid/algebra_sqineq_2unitcircatblt1,True,False
kimina,all corpora,valid/mathd_numbertheory_629,True,False
kimina,all corpora,valid/amc12a_2017_p2,True,False
kimina,all corpora,valid/algebra_amgm_sumasqdivbsqgeqsumbdiva,True,False
kimina,all corpora,valid/mathd_numbertheory_202,True,True
kimina,all corpora,valid/imo_1979_p1,False,False
kimina,all corpora,valid/mathd_algebra_51,True,False
kimina,all corpora,valid/mathd_algebra_10,True,True
dsp_v2,own corpora,test/mathd_algebra_478,False,False
dsp_v2,own corpora,test/numbertheory_4x3m7y3neq2003,False,False
dsp_v2,own corpora,test/aime_1983_p1,False,False
dsp_v2,own corpora,test/amc12_2001_p5,False,False
dsp_v2,own corpora,test/mathd_algebra_141,False,True
dsp_v2,own corpora,test/mathd_numbertheory_3,False,True
dsp_v2,own corpora,test/imo_1969_p2,False,False
dsp_v2,own corpora,test/mathd_algebra_209,False,False
dsp_v2,own corpora,test/mathd_numbertheory_1124,True,False
dsp_v2,own corpora,test/imo_1983_p6,False,False
dsp_v2,own corpora,test/mathd_numbertheory_237,False,True
dsp_v2,own corpora,test/mathd_algebra_33,False,False
dsp_v2,own corpora,test/amc12b_2021_p3,False,False
dsp_v2,own corpora,test/mathd_numbertheory_299,False,True
dsp_v2,own corpora,test/amc12b_2020_p2,False,True
dsp_v2,own corpora,test/algebra_sqineq_unitcircatbpabsamblt1,False,False
dsp_v2,own corpora,test/imo_1977_p6,False,False
dsp_v2,own corpora,test/mathd_algebra_419,False,False
dsp_v2,own corpora,test/amc12a_2020_p10,False,False
dsp_v2,own corpora,test/imo_1960_p2,False,False
dsp_v2,own corpora,test/mathd_numbertheory_427,False,False
dsp_v2,own corpora,test/numbertheory_x5neqy2p4,False,False
dsp_v2,own corpora,test/imosl_2007_algebra_p6,False,False
dsp_v2,own corpora,test/mathd_algebra_398,True,False
dsp_v2,own corpora,test/imo_1963_p5,False,False
dsp_v2,own corpora,test/mathd_numbertheory_430,False,False
dsp_v2,own corpora,test/mathd_algebra_459,False,False
dsp_v2,own corpora,test/induction_12dvd4expnp1p20,False,False
dsp_v2,own corpora,test/mathd_algebra_320,False,False
dsp_v2,own corpora,test/mathd_algebra_137,False,False
dsp_v2,own corpora,test/imo_1997_p5,False,False
dsp_v2,own corpora,test/mathd_numbertheory_277,False,False
dsp_v2,own corpora,test/mathd_numbertheory_559,False,False
dsp_v2,own corpora,test/mathd_algebra_160,False,False
dsp_v2,own corpora,test/mathd_algebra_24,False,True
dsp_v2,own corpora,test/mathd_algebra_176,False,False
dsp_v2,own corpora,test/induction_nfactltnexpnm1ngt3,False,False
dsp_v2,own corpora,test/mathd_algebra_208,False,False
dsp_v2,own corpora,test/mathd_numbertheory_353,False,False
dsp_v2,own corpora,test/numbertheory_notequiv2i2jasqbsqdiv8,False,False
dsp_v2,own corpora,test/mathd_algebra_156,False,False
dsp_v2,own corpora,test/mathd_numbertheory_12,False,True
dsp_v2,own corpora,test/mathd_numbertheory_345,False,True
dsp_v2,own corpora,test/mathd_numbertheory_447,False,True
dsp_v2,own corpora,test/mathd_numbertheory_328,False,True
dsp_v2,own corpora,test/mathd_numbertheory_451,False,False
dsp_v2,own corpora,test/aime_1997_p9,False,False
dsp_v2,own corpora,test/algebra_sqineq_at2malt1,False,False
dsp_v2,own corpora,test/algebra_apbmpcneq0_aeq0anbeq0anceq0,False,False
dsp_v2,own corpora,test/mathd_algebra_171,False,False
dsp_v2,own corpora,test/mathd_numbertheory_227,False,False
dsp_v2,own corpora,test/mathd_algebra_188,False,True
dsp_v2,own corpora,test/mathd_numbertheory_765,False,False
dsp_v2,own corpora,test/imo_1959_p1,False,False
dsp_v2,own corpora,test/mathd_numbertheory_175,False,True
dsp_v2,own corpora,test/induction_sumkexp3eqsumksq,False,False
dsp_v2,own corpora,test/numbertheory_fxeq4powxp6powxp9powx_f2powmdvdf2pown,False,False
dsp_v2,own corpora,test/imo_1992_p1,False,False
dsp_v2,own corpora,test/imo_1982_p1,False,False
dsp_v2,own corpora,test/aime_1987_p5,False,False
dsp_v2,own corpora,test/mathd_algebra_346,False,False
dsp_v2,own corpora,test/mathd_algebra_487,False,False
dsp_v2,own corpora,test/mathd_numbertheory_728,False,True
dsp_v2,own corpora,test/mathd_algebra_184,False,False
dsp_v2,own corpora,test/mathd_numbertheory_552,False,False
dsp_v2,own corpora,test/amc12b_2021_p9,False,False
dsp_v2,own corpora,test/aime_1994_p3,False,False
dsp_v2,own corpora,test/mathd_algebra_44,False,False
dsp_v2,own corpora,test/mathd_algebra_215,False,False
dsp_v2,own corpora,test/mathd_numbertheory_293,False,False
dsp_v2,own corpora,test/mathd_numbertheory_769,False,True
dsp_v2,own corpora,test/mathd_algebra_452,False,False
dsp_v2,own corpora,test/mathd_numbertheory_5,False,False
dsp_v2,own corpora,test/mathd_numbertheory_207,False,True
dsp_v2,own corpora,test/mathd_numbertheory_342,False,True
dsp_v2,own corpora,test/mathd_numbertheory_483,False,True
dsp_v2,own corpora,test/amc12b_2020_p21,False,False
dsp_v2,own corpora,test/amc12a_2003_p5,False,False
dsp_v2,own corpora,test/mathd_numbertheory_495,False,False
dsp_v2,own corpora,test/mathd_algebra_296,False,False
dsp_v2,own corpora,test/algebra_abpbcpcageq3_sumaonsqrtapbgeq3onsqrt2,False,False
dsp_v2,own corpora,test/algebra_2varlineareq_fp3zeq11_3tfm1m5zeqn68_feqn10_zeq7,False,False
dsp_v2,own corpora,test/mathd_numbertheory_247,False,False
dsp_v2,own corpora,test/induction_pord1p1on2powklt5on2,False,False
dsp_v2,own corpora,test/mathd_algebra_107,False,False
dsp_v2,own corpora,test/numbertheory_2pownm1prime_nprime,False,False
dsp_v2,own corpora,test/mathd_algebra_412,False,False
dsp_v2,own corpora,test/amc12a_2013_p4,False,False
dsp_v2,own corpora,test/mathd_algebra_392,False,False
dsp_v2,own corpora,test/mathd_numbertheory_314,False,False
dsp_v2,own corpora,test/induction_prod1p1onk3le3m1onn,False,False
dsp_v2,own corpora,test/mathd_numbertheory_343,False,True
dsp_v2,own corpora,test/mathd_algebra_756,False,False
dsp_v2,own corpora,test/amc12b_2002_p7,False,False
dsp_v2,own corpora,test/mathd_algebra_80,False,False
dsp_v2,own corpora,test/mathd_numbertheory_457,False,False
dsp_v2,own corpora,test/amc12_2000_p12,False,False
dsp_v2,own corpora,test/mathd_numbertheory_135,False,False
dsp_v2,own corpora,test/mathd_algebra_275,False,False
dsp_v2,own corpora,test/mathd_algebra_388,False,False
dsp_v2,own corpora,test/amc12a_2020_p7,False,False
dsp_v2,own corpora,test/imo_1981_p6,False,False
dsp_v2,own corpora,test/mathd_algebra_263,False,False
dsp_v2,own corpora,test/mathd_numbertheory_34,False,False
dsp_v2,own corpora,test/mathd_numbertheory_764,False,False
dsp_v2,own corpora,test/amc12b_2021_p4,False,False
dsp_v2,own corpora,test/imo_1962_p2,False,False
dsp_v2,own corpora,test/mathd_algebra_170,False,False
dsp_v2,own corpora,test/mathd_algebra_432,False,True
dsp_v2,own corpora,test/mathd_algebra_598,False,False
dsp_v2,own corpora,test/algebra_bleqa_apbon2msqrtableqambsqon8b,False,False
dsp_v2,own corpora,test/mathd_algebra_276,False,False
dsp_v2,own corpora,test/amc12a_2021_p14,False,False
dsp_v2,own corpora,test/algebra_sum1onsqrt2to1onsqrt10000lt198,False,False
dsp_v2,own corpora,test/mathd_numbertheory_618,False,False
dsp_v2,own corpora,test/amc12a_2020_p4,False,False
dsp_v2,own corpora,test/amc12b_2020_p6,False,False
dsp_v2,own corpora,test/mathd_numbertheory_435,False,False
dsp_v2,own corpora,test/algebra_others_exirrpowirrrat,False,False
dsp_v2,own corpora,test/mathd_algebra_427,False,True
dsp_v2,own corpora,test/mathd_algebra_76,False,False
dsp_v2,own corpora,test/mathd_numbertheory_99,False,False
dsp_v2,own corpora,test/algebra_9onxpypzleqsum2onxpy,False,False
dsp_v2,own corpora,test/mathd_numbertheory_233,False,False
dsp_v2,own corpora,test/algebra_absapbon1pabsapbleqsumabsaon1pabsa,False,False
dsp_v2,own corpora,test/imo_1984_p6,False,False
dsp_v2,own corpora,test/imo_2001_p6,False,False
dsp_v2,own corpora,test/mathd_numbertheory_321,False,False
dsp_v2,own corpora,test/mathd_algebra_17,False,False
dsp_v2,own corpora,test/mathd_algebra_153,False,False
dsp_v2,own corpora,test/algebra_sqineq_unitcircatbpamblt1,False,False
dsp_v2,own corpora,test/amc12a_2021_p18,False,False
dsp_v2,own corpora,test/mathd_algebra_329,False,False
dsp_v2,own corpora,test/induction_pprime_pdvdapowpma,False,False
dsp_v2,own corpora,test/amc12a_2021_p9,False,True
dsp_v2,own corpora,test/aime_1984_p1,False,False
dsp_v2,own corpora,test/amc12a_2021_p22,False,False
dsp_v2,own corpora,test/mathd_numbertheory_229,False,True
dsp_v2,own corpora,test/mathd_numbertheory_100,False,False
dsp_v2,own corpora,test/mathd_algebra_313,False,False
dsp_v2,own corpora,test/amc12b_2002_p4,False,False
dsp_v2,own corpora,test/amc12a_2002_p6,False,False
dsp_v2,own corpora,test/amc12a_2003_p23,False,False
dsp_v2,own corpora,test/mathd_algebra_129,False,False
dsp_v2,own corpora,test/amc12b_2021_p18,False,False
dsp_v2,own corpora,test/mathd_algebra_484,False,False
dsp_v2,own corpora,test/mathd_numbertheory_551,False,True
dsp_v2,own corpora,test/mathd_algebra_304,False,False
dsp_v2,own corpora,test/amc12a_2021_p8,False,False
dsp_v2,own corpora,test/algebra_ineq_nto1onlt2m1on,False,False
dsp_v2,own corpora,test/amc12b_2002_p19,True,False
dsp_v2,own corpora,test/mathd_numbertheory_341,False,True
dsp_v2,own corpora,test/mathd_numbertheory_711,False,False
dsp_v2,own corpora,test/amc12b_2020_p22,False,False
dsp_v2,own corpora,test/mathd_algebra_113,False,False
dsp_v2,own corpora,test/amc12a_2020_p9,False,False
dsp_v2,own corpora,test/amc12_2000_p1,False,False
dsp_v2,own corpora,test/amc12a_2021_p19,False,False
dsp_v2,own corpora,test/algebra_amgm_sumasqdivbgeqsuma,False,False
dsp_v2,own corpora,test/mathd_numbertheory_212,False,True
dsp_v2,own corpora,test/mathd_numbertheory_320,True,False
dsp_v2,own corpora,test/mathd_algebra_125,False,False
dsp_v2,own corpora,test/induction_1pxpownlt1pnx,False,False
dsp_v2,own corpora,test/mathd_algebra_148,True,False
dsp_v2,own corpora,test/amc12a_2019_p12,False,False
dsp_v2,own corpora,test/induction_11div10tonmn1ton,False,False
dsp_v2,own corpora,test/algebra_amgm_sum1toneqn_prod1tonleq1,False,False
dsp_v2,own corpora,test/imo_1985_p6,False,False
dsp_v2,own corpora,test/amc12a_2020_p15,False,False
dsp_v2,own corpora,test/mathd_algebra_332,False,False
dsp_v2,own corpora,test/algebra_cubrtrp1oncubrtreq3_rcubp1onrcubeq5778,False,False
dsp_v2,own corpora,test/mathd_algebra_293,False,False
dsp_v2,own corpora,test/mathd_algebra_440,False,False
dsp_v2,own corpora,test/mathd_numbertheory_254,False,True
dsp_v2,own corpora,test/amc12_2000_p6,False,False
dsp_v2,own corpora,test/aime_1988_p8,False,False
dsp_v2,own corpora,test/mathd_algebra_114,False,False
dsp_v2,own corpora,test/imo_2019_p1,False,False
dsp_v2,own corpora,test/mathd_algebra_513,False,False
dsp_v2,own corpora,test/mathd_algebra_143,False,False
dsp_v2,own corpora,test/mathd_algebra_354,False,True
dsp_v2,own corpora,test/aime_1984_p7,False,False
dsp_v2,own corpora,test/mathd_algebra_246,True,False
dsp_v2,own corpora,test/aime_1983_p3,False,False
dsp_v2,own corpora,test/numbertheory_3pow2pownm1mod2pownp3eq2pownp2,False,False
dsp_v2,own corpora,test/mathd_numbertheory_85,False,True
dsp_v2,own corpora,test/amc12_2001_p21,False,False
dsp_v2,own corpora,test/mathd_numbertheory_239,False,True
dsp_v2,own corpora,test/amc12b_2002_p2,False,True
dsp_v2,own corpora,test/mathd_algebra_196,False,False
dsp_v2,own corpora,test/mathd_algebra_342,False,False
dsp_v2,own corpora,test/mathd_numbertheory_517,False,True
dsp_v2,own corpora,test/amc12a_2009_p7,False,False
dsp_v2,own corpora,test/mathd_algebra_270,False,False
dsp_v2,own corpora,test/amc12a_2021_p12,False,False
dsp_v2,own corpora,test/mathd_algebra_362,False,False
dsp_v2,own corpora,test/mathd_numbertheory_521,False,False
dsp_v2,own corpora,test/amc12a_2002_p13,False,False
dsp_v2,own corpora,test/imo_1964_p2,False,False
dsp_v2,own corpora,test/mathd_algebra_289,False,False
dsp_v2,own corpora,test/amc12a_2021_p3,False,False
dsp_v2,own corpora,test/amc12a_2008_p25,False,False
dsp_v2,own corpora,test/algebra_apbpceq2_abpbcpcaeq1_aleq1on3anbleq1ancleq4on3,False,False
dsp_v2,own corpora,test/mathd_numbertheory_66,False,True
dsp_v2,own corpora,test/amc12b_2021_p1,False,False
dsp_v2,own corpora,test/algebra_apbon2pownleqapownpbpowon2,False,False
dsp_v2,own corpora,test/imo_1968_p5_1,False,False
dsp_v2,own corpora,test/aime_1990_p15,False,False
dsp_v2,own corpora,test/mathd_numbertheory_235,False,True
dsp_v2,own corpora,test/amc12b_2020_p13,False,False
dsp_v2,own corpora,test/amc12b_2021_p13,False,False
dsp_v2,own corpora,test/mathd_numbertheory_234,False,False
dsp_v2,own corpora,test/numbertheory_aoddbdiv4asqpbsqmod8eq1,False,False
dsp_v2,own corpora,test/mathd_numbertheory_222,False,False
dsp_v2,own corpora,test/aime_1999_p11,False,False
dsp_v2,own corpora,test/mathd_algebra_359,False,False
dsp_v2,own corpora,test/imo_1965_p2,False,False
dsp_v2,own corpora,test/mathd_algebra_288,False,False
dsp_v2,own corpora,test/mathd_numbertheory_127,False,True
dsp_v2,own corpora,test/imo_1974_p3,False,False
dsp_v2,own corpora,test/aime_1991_p9,False,False
dsp_v2,own corpora,test/amc12a_2009_p6,False,False
dsp_v2,own corpora,test/mathd_algebra_158,False,False
dsp_v2,own corpora,test/algebra_absxm1pabsxpabsxp1eqxp2_0leqxleq1,False,False
dsp_v2,own corpora,test/aime_1990_p4,False,False
dsp_v2,own corpora,test/mathd_numbertheory_541,False,False
dsp_v2,own corpora,test/mathd_algebra_314,False,False
dsp_v2,own corpora,test/amc12_2000_p20,False,False
dsp_v2,own corpora,test/mathd_algebra_302,False,False
dsp_v2,own corpora,test/aime_1983_p2,False,False
dsp_v2,own corpora,test/mathd_algebra_139,False,False
dsp_v2,own corpora,test/amc12a_2021_p25,False,False
dsp_v2,own corpora,test/amc12a_2020_p25,False,False
dsp_v2,own corpora,test/mathd_numbertheory_150,False,False
dsp_v2,own corpora,test/aime_1989_p8,False,False
dsp_v2,own corpora,test/mathd_numbertheory_296,False,False
dsp_v2,own corpora,test/mathd_algebra_142,False,False
dsp_v2,own corpora,test/numbertheory_exk2powkeqapb2mulbpa2_aeq1,False,False
dsp_v2,own corpora,test/mathd_algebra_400,False,False
dsp_v2,own corpora,test/aime_1995_p7,False,False
dsp_v2,own corpora,test/mathd_numbertheory_185,True,False
dsp_v2,own corpora,test/mathd_algebra_441,False,False
dsp_v2,own corpora,test/mathd_numbertheory_582,True,False
dsp_v2,own corpora,test/mathd_algebra_338,False,False
dsp_v2,own corpora,valid/amc12a_2019_p21,False,False
dsp_v2,own corpora,valid/amc12a_2015_p10,False,False
dsp_v2,own corpora,valid/amc12a_2008_p8,False,False
dsp_v2,own corpora,valid/mathd_algebra_182,False,False
dsp_v2,own corpora,valid/aime_1984_p5,False,False
dsp_v2,own corpora,valid/mathd_numbertheory_780,False,False
dsp_v2,own corpora,valid/mathd_algebra_116,False,False
dsp_v2,own corpora,valid/mathd_numbertheory_13,False,False
dsp_v2,own corpora,valid/mathd_numbertheory_169,False,True
dsp_v2,own corpora,valid/amc12a_2009_p9,False,False
dsp_v2,own corpora,valid/amc12a_2019_p9,False,False
dsp_v2,own corpora,valid/mathd_algebra_13,False,False
dsp_v2,own corpora,valid/induction_sum2kp1npqsqm1,False,False
dsp_v2,own corpora,valid/aime_1991_p6,False,False
dsp_v2,own corpora,valid/mathd_numbertheory_149,False,True
dsp_v2,own corpora,valid/imo_1984_p2,False,False
dsp_v2,own corpora,valid/amc12a_2008_p4,False,False
dsp_v2,own corpora,valid/imo_2006_p3,False,False
dsp_v2,own corpora,valid/mathd_algebra_462,False,False
dsp_v2,own corpora,valid/imo_1964_p1_2,False,False
dsp_v2,own corpora,valid/mathd_numbertheory_221,False,False
dsp_v2,own corpora,valid/mathd_numbertheory_64,False,False
dsp_v2,own corpora,valid/imo_1987_p4,False,False
dsp_v2,own corpora,valid/mathd_numbertheory_33,False,False
dsp_v2,own corpora,valid/amc12_2001_p9,False,False
dsp_v2,own corpora,valid/imo_1965_p1,False,False
dsp_v2,own corpora,valid/mathd_numbertheory_48,True,False
dsp_v2,own corpora,valid/numbertheory_sqmod4in01d,False,False
dsp_v2,own corpora,valid/mathd_numbertheory_466,False,True
dsp_v2,own corpora,valid/mathd_algebra_48,False,False
dsp_v2,own corpora,valid/amc12_2000_p15,False,False
dsp_v2,own corpora,valid/mathd_numbertheory_132,False,True
dsp_v2,own corpora,valid/amc12a_2009_p5,False,False
dsp_v2,own corpora,valid/mathd_numbertheory_188,False,True
dsp_v2,own corpora,valid/mathd_algebra_224,False,False
dsp_v2,own corpora,valid/induction_divisibility_3divnto3m2n,False,False
dsp_v2,own corpora,valid/induction_sum_1oktkp1,False,False
dsp_v2,own corpora,valid/mathd_numbertheory_32,False,False
dsp_v2,own corpora,valid/mathd_algebra_422,False,False
dsp_v2,own corpora,valid/amc12b_2002_p11,False,False
dsp_v2,own corpora,valid/mathd_algebra_73,False,False
dsp_v2,own corpora,valid/mathd_numbertheory_109,False,True
dsp_v2,own corpora,valid/algebra_xmysqpymzsqpzmxsqeqxyz_xpypzp6dvdx3y3z3,False,False
dsp_v2,own corpora,valid/imo_1962_p4,False,False
dsp_v2,own corpora,valid/mathd_numbertheory_236,False,True
dsp_v2,own corpora,valid/mathd_numbertheory_24,False,True
dsp_v2,own corpora,valid/algebra_amgm_prod1toneq1_sum1tongeqn,False,False
dsp_v2,own corpora,valid/mathd_algebra_101,False,False
dsp_v2,own corpora,valid/mathd_numbertheory_257,False,False
dsp_v2,own corpora,valid/amc12_2000_p5,False,False
dsp_v2,own corpora,valid/mathd_algebra_547,False,False
dsp_v2,own corpora,valid/mathd_numbertheory_200,False,True
dsp_v2,own corpora,valid/mathd_algebra_510,False,False
dsp_v2,own corpora,valid/mathd_algebra_140,False,False
dsp_v2,own corpora,valid/mathd_algebra_455,False,True
dsp_v2,own corpora,valid/mathd_numbertheory_45,False,True
dsp_v2,own corpora,valid/aime_1994_p4,False,False
dsp_v2,own corpora,valid/mathd_numbertheory_739,False,True
dsp_v2,own corpora,valid/mathd_algebra_245,False,False
dsp_v2,own corpora,valid/algebra_apb4leq8ta4pb4,False,False
dsp_v2,own corpora,valid/mathd_algebra_28,False,False
dsp_v2,own corpora,valid/mathd_numbertheory_543,False,False
dsp_v2,own corpora,valid/mathd_algebra_480,False,False
dsp_v2,own corpora,valid/mathd_algebra_69,False,False
dsp_v2,own corpora,valid/mathd_algebra_433,False,False
dsp_v2,own corpora,valid/mathd_algebra_126,False,False
dsp_v2,own corpora,valid/aimeII_2020_p6,False,False
dsp_v2,own corpora,valid/amc12a_2008_p2,False,False
dsp_v2,own corpora,valid/mathd_algebra_35,False,False
dsp_v2,own corpora,valid/algebra_amgm_faxinrrp2msqrt2geq2mxm1div2x,False,False
dsp_v2,own corpora,valid/mathd_numbertheory_335,True,False
dsp_v2,own corpora,valid/mathd_numbertheory_35,False,False
dsp_v2,own corpora,valid/amc12a_2021_p7,False,False
dsp_v2,own corpora,valid/mathd_algebra_327,False,False
dsp_v2,own corpora,valid/aime_1984_p15,False,False
dsp_v2,own corpora,valid/algebra_amgm_sqrtxymulxmyeqxpy_xpygeq4,False,False
dsp_v2,own corpora,valid/amc12a_2002_p21,False,False
dsp_v2,own corpora,valid/mathd_algebra_192,False,False
dsp_v2,own corpora,valid/amc12b_2002_p6,False,False
dsp_v2,own corpora,valid/mathd_numbertheory_102,False,True
dsp_v2,own corpora,valid/amc12a_2010_p22,False,False
dsp_v2,own corpora,valid/mathd_numbertheory_81,False,True
dsp_v2,own corpora,valid/mathd_numbertheory_155,False,True
dsp_v2,own corpora,valid/imo_1978_p5,False,False
dsp_v2,own corpora,valid/amc12a_2017_p7,False,False
dsp_v2,own corpora,valid/mathd_numbertheory_42,False,False
dsp_v2,own corpora,valid/mathd_algebra_110,False,False
dsp_v2,own corpora,valid/amc12b_2021_p21,False,False
dsp_v2,own corpora,valid/mathd_algebra_405,False,False
dsp_v2,own corpora,valid/numbertheory_sumkmulnckeqnmul2pownm1,False,False
dsp_v2,own corpora,valid/mathd_algebra_393,False,False
dsp_v2,own corpora,valid/amc12b_2004_p3,False,False
dsp_v2,own corpora,valid/mathd_numbertheory_303,False,False
dsp_v2,own corpora,valid/mathd_algebra_151,False,False
dsp_v2,own corpora,valid/amc12a_2011_p18,False,False
dsp_v2,own corpora,valid/mathd_algebra_15,False,True
dsp_v2,own corpora,valid/mathd_numbertheory_211,False,True
dsp_v2,own corpora,valid/mathd_numbertheory_640,False,True
dsp_v2,own corpora,valid/amc12b_2003_p6,False,False
dsp_v2,own corpora,valid/algebra_2rootsintpoly_am10tap11eqasqpam110,False,False
dsp_v2,own corpora,valid/aime_1991_p1,False,False
dsp_v2,own corpora,valid/mathd_algebra_43,False,False
dsp_v2,own corpora,valid/imo_1988_p6,False,False
dsp_v2,own corpora,valid/aime_1996_p5,False,False
dsp_v2,own corpora,valid/mathd_algebra_55,False,False
dsp_v2,own corpora,valid/algebra_sqineq_2at2pclta2c2p41pc,False,False
dsp_v2,own corpora,valid/mathd_numbertheory_43,False,False
dsp_v2,own corpora,valid/mathd_algebra_214,False,False
dsp_v2,own corpora,valid/mathd_algebra_96,False,False
dsp_v2,own corpora,valid/amc12_2001_p2,False,False
dsp_v2,own corpora,valid/mathd_algebra_185,False,False
dsp_v2,own corpora,valid/algebra_binomnegdiscrineq_10alt28asqp1,False,False
dsp_v2,own corpora,valid/mathd_numbertheory_284,True,False
dsp_v2,own corpora,valid/amc12a_2009_p2,False,False
dsp_v2,own corpora,valid/mathd_numbertheory_709,False,False
dsp_v2,own corpora,valid/amc12a_2013_p8,False,False
dsp_v2,own corpora,valid/mathd_numbertheory_461,False,True
dsp_v2,own corpora,valid/mathd_algebra_59,False,False
dsp_v2,own corpora,valid/mathd_algebra_234,False,False
dsp_v2,own corpora,valid/imo_1973_p3,False,False
dsp_v2,own corpora,valid/amc12b_2020_p5,False,False
dsp_v2,own corpora,valid/numbertheory_sqmod3in01d,False,False
dsp_v2,own corpora,valid/mathd_algebra_131,False,False
dsp_v2,own corpora,valid/amc12b_2003_p17,False,False
dsp_v2,own corpora,valid/mathd_algebra_536,False,False
dsp_v2,own corpora,valid/mathd_algebra_22,False,False
dsp_v2,own corpora,valid/numbertheory_xsqpysqintdenomeq,False,False
dsp_v2,own corpora,valid/aimeII_2001_p3,False,False
dsp_v2,own corpora,valid/mathd_numbertheory_22,False,False
dsp_v2,own corpora,valid/aime_1987_p8,False,False
dsp_v2,own corpora,valid/mathd_numbertheory_136,False,False
dsp_v2,own corpora,valid/amc12_2000_p11,False,False
dsp_v2,own corpora,valid/amc12b_2003_p9,False,False
dsp_v2,own corpora,valid/algebra_2complexrootspoly_xsqp49eqxp7itxpn7i,False,False
dsp_v2,own corpora,valid/mathd_numbertheory_198,False,True
dsp_v2,own corpora,valid/mathd_algebra_149,False,False
dsp_v2,own corpora,valid/mathd_algebra_132,False,False
dsp_v2,own corpora,valid/mathd_numbertheory_37,False,True
dsp_v2,own corpora,valid/aime_1983_p9,False,False
dsp_v2,own corpora,valid/mathd_algebra_37,False,True
dsp_v2,own corpora,valid/mathd_numbertheory_458,False,False
dsp_v2,own corpora,valid/amc12a_2008_p15,False,False
dsp_v2,own corpora,valid/mathd_numbertheory_301,True,False
dsp_v2,own corpora,valid/amc12a_2009_p15,False,False
dsp_v2,own corpora,valid/algebra_sqineq_36azm9asqle36zsq,False,False
dsp_v2,own corpora,valid/amc12a_2013_p7,True,False
dsp_v2,own corpora,valid/mathd_algebra_104,False,True
dsp_v2,own corpora,valid/mathd_numbertheory_252,False,True
dsp_v2,own corpora,valid/amc12a_2020_p21,False,False
dsp_v2,own corpora,valid/mathd_algebra_493,False,False
dsp_v2,own corpora,valid/numbertheory_nckeqnm1ckpnm1ckm1,False,False
dsp_v2,own corpora,valid/algebra_3rootspoly_amdtamctambeqnasqmbpctapcbtdpasqmbpctapcbta,False,False
dsp_v2,own corpora,valid/mathd_numbertheory_403,False,True
dsp_v2,own corpora,valid/mathd_algebra_190,False,True
dsp_v2,own corpora,valid/mathd_numbertheory_269,False,True
dsp_v2,own corpora,valid/aime_1990_p2,False,False
dsp_v2,own corpora,valid/mathd_numbertheory_101,False,True
dsp_v2,own corpora,valid/algebra_sqineq_4bap1lt4bsqpap1sq,False,False
dsp_v2,own corpora,valid/mathd_numbertheory_156,False,False
dsp_v2,own corpora,valid/mathd_algebra_451,False,False
dsp_v2,own corpora,valid/mathd_algebra_144,True,False
dsp_v2,own corpora,valid/mathd_algebra_282,False,False
dsp_v2,own corpora,valid/mathd_algebra_410,False,False
dsp_v2,own corpora,valid/mathd_numbertheory_232,False,False
dsp_v2,own corpora,valid/mathd_algebra_77,False,False
dsp_v2,own corpora,valid/imo_1974_p5,False,False
dsp_v2,own corpora,valid/aime_1988_p3,False,False
dsp_v2,own corpora,valid/mathd_numbertheory_530,False,False
dsp_v2,own corpora,valid/mathd_algebra_109,True,False
dsp_v2,own corpora,valid/imo_1967_p3,False,False
dsp_v2,own corpora,valid/mathd_algebra_11,False,False
dsp_v2,own corpora,valid/amc12a_2003_p1,False,False
dsp_v2,own corpora,valid/numbertheory_aneqprodakp4_anmsqrtanp1eq2,False,False
dsp_v2,own corpora,valid/algebra_2rootspoly_apatapbeq2asqp2ab,False,False
dsp_v2,own corpora,valid/induction_sum_odd,False,False
dsp_v2,own corpora,valid/mathd_algebra_568,False,True
dsp_v2,own corpora,valid/mathd_algebra_616,False,True
dsp_v2,own corpora,valid/mathd_numbertheory_690,False,False
dsp_v2,own corpora,valid/amc12a_2016_p2,False,False
dsp_v2,own corpora,valid/mathd_numbertheory_405,False,False
dsp_v2,own corpora,valid/mathd_numbertheory_110,False,False
dsp_v2,own corpora,valid/amc12a_2003_p25,False,False
dsp_v2,own corpora,valid/amc12a_2010_p10,False,False
dsp_v2,own corpora,valid/mathd_algebra_509,False,False
dsp_v2,own corpora,valid/mathd_algebra_159,False,False
dsp_v2,own corpora,valid/aime_1997_p11,False,False
dsp_v2,own corpora,valid/aimeI_2000_p7,False,False
dsp_v2,own corpora,valid/aime_1988_p4,False,False
dsp_v2,own corpora,valid/induction_divisibility_9div10tonm1,False,False
dsp_v2,own corpora,valid/mathd_numbertheory_126,False,False
dsp_v2,own corpora,valid/mathd_algebra_323,False,False
dsp_v2,own corpora,valid/mathd_algebra_421,False,False
dsp_v2,own corpora,valid/imo_1987_p6,False,False
dsp_v2,own corpora,valid/amc12a_2009_p25,False,False
dsp_v2,own corpora,valid/imo_1961_p1,False,False
dsp_v2,own corpora,valid/mathd_algebra_31,False,False
dsp_v2,own corpora,valid/algebra_manipexpr_apbeq2cceqiacpbceqm2,False,False
dsp_v2,own corpora,valid/mathd_numbertheory_370,True,False
dsp_v2,own corpora,valid/mathd_algebra_437,False,False
dsp_v2,own corpora,valid/imo_1966_p5,False,False
dsp_v2,own corpora,valid/mathd_algebra_89,False,False
dsp_v2,own corpora,valid/imo_1966_p4,False,False
dsp_v2,own corpora,valid/mathd_algebra_67,False,False
dsp_v2,own corpora,valid/mathd_numbertheory_326,False,False
dsp_v2,own corpora,valid/induction_divisibility_3div2tooddnp1,False,False
dsp_v2,own corpora,valid/mathd_algebra_123,False,False
dsp_v2,own corpora,valid/algebra_2varlineareq_xpeeq7_2xpeeq3_eeq11_xeqn4,False,False
dsp_v2,own corpora,valid/imo_1993_p5,False,False
dsp_v2,own corpora,valid/numbertheory_prmdvsneqnsqmodpeq0,False,False
dsp_v2,own corpora,valid/imo_1964_p1_1,False,False
dsp_v2,own corpora,valid/imo_1990_p3,False,False
dsp_v2,own corpora,valid/induction_ineq_nsqlefactn,False,False
dsp_v2,own corpora,valid/mathd_numbertheory_30,False,True
dsp_v2,own corpora,valid/mathd_algebra_267,False,False
dsp_v2,own corpora,valid/mathd_numbertheory_961,False,True
dsp_v2,own corpora,valid/induction_seq_mul2pnp1,False,False
dsp_v2,own corpora,valid/amc12a_2002_p12,False,False
dsp_v2,own corpora,valid/algebra_manipexpr_2erprsqpesqeqnrpnesq,False,False
dsp_v2,own corpora,valid/mathd_algebra_119,False,True
dsp_v2,own corpora,valid/amc12a_2020_p13,False,False
dsp_v2,own corpora,valid/imo_1977_p5,False,False
dsp_v2,own corpora,valid/numbertheory_2dvd4expn,False,False
dsp_v2,own corpora,valid/amc12a_2010_p11,False,False
dsp_v2,own corpora,valid/amc12a_2003_p24,False,False
dsp_v2,own corpora,valid/amc12a_2002_p1,False,False
dsp_v2,own corpora,valid/mathd_algebra_206,False,False
dsp_v2,own corpora,valid/mathd_numbertheory_92,False,False
dsp_v2,own corpora,valid/mathd_algebra_482,False,False
dsp_v2,own corpora,valid/amc12b_2002_p3,False,False
dsp_v2,own corpora,valid/mathd_numbertheory_668,False,False
dsp_v2,own corpora,valid/mathd_algebra_251,False,False
dsp_v2,own corpora,valid/mathd_numbertheory_84,False,False
dsp_v2,own corpora,valid/mathd_numbertheory_412,False,False
dsp_v2,own corpora,valid/mathd_algebra_181,False,False
dsp_v2,own corpora,valid/amc12a_2016_p3,False,False
dsp_v2,own corpora,valid/mathd_algebra_247,False,False
dsp_v2,own corpora,valid/algebra_sqineq_2unitcircatblt1,False,False
dsp_v2,own corpora,valid/mathd_numbertheory_629,False,False
dsp_v2,own corpora,valid/amc12a_2017_p2,False,False
dsp_v2,own corpora,valid/algebra_amgm_sumasqdivbsqgeqsumbdiva,False,False
dsp_v2,own corpora,valid/mathd_numbertheory_202,False,True
dsp_v2,own corpora,valid/imo_1979_p1,False,False
dsp_v2,own corpora,valid/mathd_algebra_51,False,False
dsp_v2,own corpora,valid/mathd_algebra_10,False,True
dsp_v2,all corpora,test/mathd_algebra_478,False,False
dsp_v2,all corpora,test/numbertheory_4x3m7y3neq2003,False,False
dsp_v2,all corpora,test/aime_1983_p1,False,False
dsp_v2,all corpora,test/amc12_2001_p5,False,False
dsp_v2,all corpora,test/mathd_algebra_141,False,True
dsp_v2,all corpora,test/mathd_numbertheory_3,False,True
dsp_v2,all corpora,test/imo_1969_p2,False,False
dsp_v2,all corpora,test/mathd_algebra_209,False,False
dsp_v2,all corpora,test/mathd_numbertheory_1124,True,False
dsp_v2,all corpora,test/imo_1983_p6,True,False
dsp_v2,all corpora,test/mathd_numbertheory_237,False,True
dsp_v2,all corpora,test/mathd_algebra_33,False,False
dsp_v2,all corpora,test/amc12b_2021_p3,True,False
dsp_v2,all corpora,test/mathd_numbertheory_299,False,True
dsp_v2,all corpora,test/amc12b_2020_p2,False,True
dsp_v2,all corpora,test/algebra_sqineq_unitcircatbpabsamblt1,False,False
dsp_v2,all corpora,test/imo_1977_p6,True,False
dsp_v2,all corpora,test/mathd_algebra_419,False,False
dsp_v2,all corpora,test/amc12a_2020_p10,False,False
dsp_v2,all corpora,test/imo_1960_p2,False,False
dsp_v2,all corpora,test/mathd_numbertheory_427,False,False
dsp_v2,all corpora,test/numbertheory_x5neqy2p4,False,False
dsp_v2,all corpora,test/imosl_2007_algebra_p6,False,False
dsp_v2,all corpora,test/mathd_algebra_398,True,False
dsp_v2,all corpora,test/imo_1963_p5,True,False
dsp_v2,all corpora,test/mathd_numbertheory_430,True,False
dsp_v2,all corpora,test/mathd_algebra_459,False,False
dsp_v2,all corpora,test/induction_12dvd4expnp1p20,False,False
dsp_v2,all corpora,test/mathd_algebra_320,False,False
dsp_v2,all corpora,test/mathd_algebra_137,False,False
dsp_v2,all corpora,test/imo_1997_p5,True,False
dsp_v2,all corpora,test/mathd_numbertheory_277,False,False
dsp_v2,all corpora,test/mathd_numbertheory_559,False,False
dsp_v2,all corpora,test/mathd_algebra_160,False,False
dsp_v2,all corpora,test/mathd_algebra_24,False,True
dsp_v2,all corpora,test/mathd_algebra_176,False,False
dsp_v2,all corpora,test/induction_nfactltnexpnm1ngt3,False,False
dsp_v2,all corpora,test/mathd_algebra_208,False,False
dsp_v2,all corpora,test/mathd_numbertheory_353,False,False
dsp_v2,all corpora,test/numbertheory_notequiv2i2jasqbsqdiv8,False,False
dsp_v2,all corpora,test/mathd_algebra_156,False,False
dsp_v2,all corpora,test/mathd_numbertheory_12,False,True
dsp_v2,all corpora,test/mathd_numbertheory_345,False,True
dsp_v2,all corpora,test/mathd_numbertheory_447,False,True
dsp_v2,all corpora,test/mathd_numbertheory_328,False,True
dsp_v2,all corpora,test/mathd_numbertheory_451,False,False
dsp_v2,all corpora,test/aime_1997_p9,False,False
dsp_v2,all corpora,test/algebra_sqineq_at2malt1,False,False
dsp_v2,all corpora,test/algebra_apbmpcneq0_aeq0anbeq0anceq0,False,False
dsp_v2,all corpora,test/mathd_algebra_171,False,False
dsp_v2,all corpora,test/mathd_numbertheory_227,False,False
dsp_v2,all corpora,test/mathd_algebra_188,False,True
dsp_v2,all corpora,test/mathd_numbertheory_765,False,False
dsp_v2,all corpora,test/imo_1959_p1,True,False
dsp_v2,all corpora,test/mathd_numbertheory_175,False,True
dsp_v2,all corpora,test/induction_sumkexp3eqsumksq,True,False
dsp_v2,all corpora,test/numbertheory_fxeq4powxp6powxp9powx_f2powmdvdf2pown,False,False
dsp_v2,all corpora,test/imo_1992_p1,True,False
dsp_v2,all corpora,test/imo_1982_p1,False,False
dsp_v2,all corpora,test/aime_1987_p5,False,False
dsp_v2,all corpora,test/mathd_algebra_346,False,False
dsp_v2,all corpora,test/mathd_algebra_487,False,False
dsp_v2,all corpora,test/mathd_numbertheory_728,False,True
dsp_v2,all corpora,test/mathd_algebra_184,False,False
dsp_v2,all corpora,test/mathd_numbertheory_552,False,False
dsp_v2,all corpora,test/amc12b_2021_p9,True,False
dsp_v2,all corpora,test/aime_1994_p3,True,False
dsp_v2,all corpora,test/mathd_algebra_44,False,False
dsp_v2,all corpora,test/mathd_algebra_215,False,False
dsp_v2,all corpora,test/mathd_numbertheory_293,False,False
dsp_v2,all corpora,test/mathd_numbertheory_769,False,True
dsp_v2,all corpora,test/mathd_algebra_452,False,False
dsp_v2,all corpora,test/mathd_numbertheory_5,False,False
dsp_v2,all corpora,test/mathd_numbertheory_207,False,True
dsp_v2,all corpora,test/mathd_numbertheory_342,False,True
dsp_v2,all corpora,test/mathd_numbertheory_483,False,True
dsp_v2,all corpora,test/amc12b_2020_p21,False,False
dsp_v2,all corpora,test/amc12a_2003_p5,False,False
dsp_v2,all corpora,test/mathd_numbertheory_495,False,False
dsp_v2,all corpora,test/mathd_algebra_296,False,False
dsp_v2,all corpora,test/algebra_abpbcpcageq3_sumaonsqrtapbgeq3onsqrt2,True,False
dsp_v2,all corpora,test/algebra_2varlineareq_fp3zeq11_3tfm1m5zeqn68_feqn10_zeq7,False,False
dsp_v2,all corpora,test/mathd_numbertheory_247,True,False
dsp_v2,all corpora,test/induction_pord1p1on2powklt5on2,True,False
dsp_v2,all corpora,test/mathd_algebra_107,False,False
dsp_v2,all corpora,test/numbertheory_2pownm1prime_nprime,True,False
dsp_v2,all corpora,test/mathd_algebra_412,False,False
dsp_v2,all corpora,test/amc12a_2013_p4,False,False
dsp_v2,all corpora,test/mathd_algebra_392,False,False
dsp_v2,all corpora,test/mathd_numbertheory_314,False,False
dsp_v2,all corpora,test/induction_prod1p1onk3le3m1onn,False,False
dsp_v2,all corpora,test/mathd_numbertheory_343,False,True
dsp_v2,all corpora,test/mathd_algebra_756,True,False
dsp_v2,all corpora,test/amc12b_2002_p7,False,False
dsp_v2,all corpora,test/mathd_algebra_80,False,False
dsp_v2,all corpora,test/mathd_numbertheory_457,False,False
dsp_v2,all corpora,test/amc12_2000_p12,False,False
dsp_v2,all corpora,test/mathd_numbertheory_135,False,False
dsp_v2,all corpora,test/mathd_algebra_275,False,False
dsp_v2,all corpora,test/mathd_algebra_388,True,False
dsp_v2,all corpora,test/amc12a_2020_p7,False,False
dsp_v2,all corpora,test/imo_1981_p6,True,False
dsp_v2,all corpora,test/mathd_algebra_263,False,False
dsp_v2,all corpora,test/mathd_numbertheory_34,False,False
dsp_v2,all corpora,test/mathd_numbertheory_764,False,False
dsp_v2,all corpora,test/amc12b_2021_p4,False,False
dsp_v2,all corpora,test/imo_1962_p2,True,False
dsp_v2,all corpora,test/mathd_algebra_170,False,False
dsp_v2,all corpora,test/mathd_algebra_432,True,True
dsp_v2,all corpora,test/mathd_algebra_598,True,False
dsp_v2,all corpora,test/algebra_bleqa_apbon2msqrtableqambsqon8b,True,False
dsp_v2,all corpora,test/mathd_algebra_276,False,False
dsp_v2,all corpora,test/amc12a_2021_p14,True,False
dsp_v2,all corpora,test/algebra_sum1onsqrt2to1onsqrt10000lt198,False,False
dsp_v2,all corpora,test/mathd_numbertheory_618,False,False
dsp_v2,all corpora,test/amc12a_2020_p4,False,False
dsp_v2,all corpora,test/amc12b_2020_p6,False,False
dsp_v2,all corpora,test/mathd_numbertheory_435,False,False
dsp_v2,all corpora,test/algebra_others_exirrpowirrrat,False,False
dsp_v2,all corpora,test/mathd_algebra_427,True,True
dsp_v2,all corpora,test/mathd_algebra_76,False,False
dsp_v2,all corpora,test/mathd_numbertheory_99,False,False
dsp_v2,all corpora,test/algebra_9onxpypzleqsum2onxpy,False,False
dsp_v2,all corpora,test/mathd_numbertheory_233,False,False
dsp_v2,all corpora,test/algebra_absapbon1pabsapbleqsumabsaon1pabsa,True,False
dsp_v2,all corpora,test/imo_1984_p6,True,False
dsp_v2,all corpora,test/imo_2001_p6,False,False
dsp_v2,all corpora,test/mathd_numbertheory_321,False,False
dsp_v2,all corpora,test/mathd_algebra_17,False,False
dsp_v2,all corpora,test/mathd_algebra_153,False,False
dsp_v2,all corpora,test/algebra_sqineq_unitcircatbpamblt1,False,False
dsp_v2,all corpora,test/amc12a_2021_p18,True,False
dsp_v2,all corpora,test/mathd_algebra_329,True,False
dsp_v2,all corpora,test/induction_pprime_pdvdapowpma,False,False
dsp_v2,all corpora,test/amc12a_2021_p9,False,True
dsp_v2,all corpora,test/aime_1984_p1,False,False
dsp_v2,all corpora,test/amc12a_2021_p22,False,False
dsp_v2,all corpora,test/mathd_numbertheory_229,False,True
dsp_v2,all corpora,test/mathd_numbertheory_100,False,False
dsp_v2,all corpora,test/mathd_algebra_313,False,False
dsp_v2,all corpora,test/amc12b_2002_p4,False,False
dsp_v2,all corpora,test/amc12a_2002_p6,False,False
dsp_v2,all corpora,test/amc12a_2003_p23,False,False
dsp_v2,all corpora,test/mathd_algebra_129,False,False
dsp_v2,all corpora,test/amc12b_2021_p18,False,False
dsp_v2,all corpora,test/mathd_algebra_484,False,False
dsp_v2,all corpora,test/mathd_numbertheory_551,False,True
dsp_v2,all corpora,test/mathd_algebra_304,False,False
dsp_v2,all corpora,test/amc12a_2021_p8,True,False
dsp_v2,all corpora,test/algebra_ineq_nto1onlt2m1on,False,False
dsp_v2,all corpora,test/amc12b_2002_p19,True,False
dsp_v2,all corpora,test/mathd_numbertheory_341,False,True
dsp_v2,all corpora,test/mathd_numbertheory_711,False,False
dsp_v2,all corpora,test/amc12b_2020_p22,True,False
dsp_v2,all corpora,test/mathd_algebra_113,True,False
dsp_v2,all corpora,test/amc12a_2020_p9,False,False
dsp_v2,all corpora,test/amc12_2000_p1,False,False
dsp_v2,all corpora,test/amc12a_2021_p19,False,False
dsp_v2,all corpora,test/algebra_amgm_sumasqdivbgeqsuma,True,False
dsp_v2,all corpora,test/mathd_numbertheory_212,False,True
dsp_v2,all corpora,test/mathd_numbertheory_320,True,False
dsp_v2,all corpora,test/mathd_algebra_125,False,False
dsp_v2,all corpora,test/induction_1pxpownlt1pnx,True,False
dsp_v2,all corpora,test/mathd_algebra_148,True,False
dsp_v2,all corpora,test/amc12a_2019_p12,True,False
dsp_v2,all corpora,test/induction_11div10tonmn1ton,False,False
dsp_v2,all corpora,test/algebra_amgm_sum1toneqn_prod1tonleq1,False,False
dsp_v2,all corpora,test/imo_1985_p6,False,False
dsp_v2,all corpora,test/amc12a_2020_p15,False,False
dsp_v2,all corpora,test/mathd_algebra_332,True,False
dsp_v2,all corpora,test/algebra_cubrtrp1oncubrtreq3_rcubp1onrcubeq5778,False,False
dsp_v2,all corpora,test/mathd_algebra_293,True,False
dsp_v2,all corpora,test/mathd_algebra_440,False,False
dsp_v2,all corpora,test/mathd_numbertheory_254,False,True
dsp_v2,all corpora,test/amc12_2000_p6,False,False
dsp_v2,all corpora,test/aime_1988_p8,False,False
dsp_v2,all corpora,test/mathd_algebra_114,True,False
dsp_v2,all corpora,test/imo_2019_p1,True,False
dsp_v2,all corpora,test/mathd_algebra_513,False,False
dsp_v2,all corpora,test/mathd_algebra_143,False,False
dsp_v2,all corpora,test/mathd_algebra_354,True,True
dsp_v2,all corpora,test/aime_1984_p7,True,False
dsp_v2,all corpora,test/mathd_algebra_246,True,False
dsp_v2,all corpora,test/aime_1983_p3,False,False
dsp_v2,all corpora,test/numbertheory_3pow2pownm1mod2pownp3eq2pownp2,False,False
dsp_v2,all corpora,test/mathd_numbertheory_85,False,True
dsp_v2,all corpora,test/amc12_2001_p21,False,False
dsp_v2,all corpora,test/mathd_numbertheory_239,False,True
dsp_v2,all corpora,test/amc12b_2002_p2,False,True
dsp_v2,all corpora,test/mathd_algebra_196,False,False
dsp_v2,all corpora,test/mathd_algebra_342,False,False
dsp_v2,all corpora,test/mathd_numbertheory_517,False,True
dsp_v2,all corpora,test/amc12a_2009_p7,False,False
dsp_v2,all corpora,test/mathd_algebra_270,False,False
dsp_v2,all corpora,test/amc12a_2021_p12,False,False
dsp_v2,all corpora,test/mathd_algebra_362,True,False
dsp_v2,all corpora,test/mathd_numbertheory_521,False,False
dsp_v2,all corpora,test/amc12a_2002_p13,False,False
dsp_v2,all corpora,test/imo_1964_p2,True,False
dsp_v2,all corpora,test/mathd_algebra_289,False,False
dsp_v2,all corpora,test/amc12a_2021_p3,False,False
dsp_v2,all corpora,test/amc12a_2008_p25,True,False
dsp_v2,all corpora,test/algebra_apbpceq2_abpbcpcaeq1_aleq1on3anbleq1ancleq4on3,False,False
dsp_v2,all corpora,test/mathd_numbertheory_66,False,True
dsp_v2,all corpora,test/amc12b_2021_p1,False,False
dsp_v2,all corpora,test/algebra_apbon2pownleqapownpbpowon2,True,False
dsp_v2,all corpora,test/imo_1968_p5_1,True,False
dsp_v2,all corpora,test/aime_1990_p15,True,False
dsp_v2,all corpora,test/mathd_numbertheory_235,False,True
dsp_v2,all corpora,test/amc12b_2020_p13,True,False
dsp_v2,all corpora,test/amc12b_2021_p13,False,False
dsp_v2,all corpora,test/mathd_numbertheory_234,False,False
dsp_v2,all corpora,test/numbertheory_aoddbdiv4asqpbsqmod8eq1,False,False
dsp_v2,all corpora,test/mathd_numbertheory_222,False,False
dsp_v2,all corpora,test/aime_1999_p11,False,False
dsp_v2,all corpora,test/mathd_algebra_359,False,False
dsp_v2,all corpora,test/imo_1965_p2,False,False
dsp_v2,all corpora,test/mathd_algebra_288,False,False
dsp_v2,all corpora,test/mathd_numbertheory_127,False,True
dsp_v2,all corpora,test/imo_1974_p3,True,False
dsp_v2,all corpora,test/aime_1991_p9,False,False
dsp_v2,all corpora,test/amc12a_2009_p6,False,False
dsp_v2,all corpora,test/mathd_algebra_158,False,False
dsp_v2,all corpora,test/algebra_absxm1pabsxpabsxp1eqxp2_0leqxleq1,False,False
dsp_v2,all corpora,test/aime_1990_p4,True,False
dsp_v2,all corpora,test/mathd_numbertheory_541,False,False
dsp_v2,all corpora,test/mathd_algebra_314,False,False
dsp_v2,all corpora,test/amc12_2000_p20,True,False
dsp_v2,all corpora,test/mathd_algebra_302,False,False
dsp_v2,all corpora,test/aime_1983_p2,True,False
dsp_v2,all corpora,test/mathd_algebra_139,False,False
dsp_v2,all corpora,test/amc12a_2021_p25,True,False
dsp_v2,all corpora,test/amc12a_2020_p25,False,False
dsp_v2,all corpora,test/mathd_numbertheory_150,False,False
dsp_v2,all corpora,test/aime_1989_p8,False,False
dsp_v2,all corpora,test/mathd_numbertheory_296,False,False
dsp_v2,all corpora,test/mathd_algebra_142,False,False
dsp_v2,all corpora,test/numbertheory_exk2powkeqapb2mulbpa2_aeq1,False,False
dsp_v2,all corpora,test/mathd_algebra_400,False,False
dsp_v2,all corpora,test/aime_1995_p7,False,False
dsp_v2,all corpora,test/mathd_numbertheory_185,True,False
dsp_v2,all corpora,test/mathd_algebra_441,False,False
dsp_v2,all corpora,test/mathd_numbertheory_582,True,False
dsp_v2,all corpora,test/mathd_algebra_338,True,False
dsp_v2,all corpora,valid/amc12a_2019_p21,True,False
dsp_v2,all corpora,valid/amc12a_2015_p10,True,False
dsp_v2,all corpora,valid/amc12a_2008_p8,True,False
dsp_v2,all corpora,valid/mathd_algebra_182,True,False
dsp_v2,all corpora,valid/aime_1984_p5,False,False
dsp_v2,all corpora,valid/mathd_numbertheory_780,True,False
dsp_v2,all corpora,valid/mathd_algebra_116,True,False
dsp_v2,all corpora,valid/mathd_numbertheory_13,False,False
dsp_v2,all corpora,valid/mathd_numbertheory_169,True,True
dsp_v2,all corpora,valid/amc12a_2009_p9,True,False
dsp_v2,all corpora,valid/amc12a_2019_p9,False,False
dsp_v2,all corpora,valid/mathd_algebra_13,True,False
dsp_v2,all corpora,valid/induction_sum2kp1npqsqm1,True,False
dsp_v2,all corpora,valid/aime_1991_p6,False,False
dsp_v2,all corpora,valid/mathd_numbertheory_149,True,True
dsp_v2,all corpora,valid/imo_1984_p2,True,False
dsp_v2,all corpora,valid/amc12a_2008_p4,True,False
dsp_v2,all corpora,valid/imo_2006_p3,False,False
dsp_v2,all corpora,valid/mathd_algebra_462,True,False
dsp_v2,all corpora,valid/imo_1964_p1_2,True,False
dsp_v2,all corpora,valid/mathd_numbertheory_221,False,False
dsp_v2,all corpora,valid/mathd_numbertheory_64,True,False
dsp_v2,all corpora,valid/imo_1987_p4,True,False
dsp_v2,all corpora,valid/mathd_numbertheory_33,True,False
dsp_v2,all corpora,valid/amc12_2001_p9,True,False
dsp_v2,all corpora,valid/imo_1965_p1,False,False
dsp_v2,all corpora,valid/mathd_numbertheory_48,True,False
dsp_v2,all corpora,valid/numbertheory_sqmod4in01d,True,False
dsp_v2,all corpora,valid/mathd_numbertheory_466,True,True
dsp_v2,all corpora,valid/mathd_algebra_48,True,False
dsp_v2,all corpora,valid/amc12_2000_p15,False,False
dsp_v2,all corpora,valid/mathd_numbertheory_132,True,True
dsp_v2,all corpora,valid/amc12a_2009_p5,True,False
dsp_v2,all corpora,valid/mathd_numbertheory_188,True,True
dsp_v2,all corpora,valid/mathd_algebra_224,False,False
dsp_v2,all corpora,valid/induction_divisibility_3divnto3m2n,True,False
dsp_v2,all corpora,valid/induction_sum_1oktkp1,True,False
dsp_v2,all corpora,valid/mathd_numbertheory_32,True,False
dsp_v2,all corpora,valid/mathd_algebra_422,True,False
dsp_v2,all corpora,valid/amc12b_2002_p11,False,False
dsp_v2,all corpora,valid/mathd_algebra_73,True,False
dsp_v2,all corpora,valid/mathd_numbertheory_109,True,True
dsp_v2,all corpora,valid/algebra_xmysqpymzsqpzmxsqeqxyz_xpypzp6dvdx3y3z3,True,False
dsp_v2,all corpora,valid/imo_1962_p4,False,False
dsp_v2,all corpora,valid/mathd_numbertheory_236,True,True
dsp_v2,all corpora,valid/mathd_numbertheory_24,True,True
dsp_v2,all corpora,valid/algebra_amgm_prod1toneq1_sum1tongeqn,False,False
dsp_v2,all corpora,valid/mathd_algebra_101,True,False
dsp_v2,all corpora,valid/mathd_numbertheory_257,True,False
dsp_v2,all corpora,valid/amc12_2000_p5,True,False
dsp_v2,all corpora,valid/mathd_algebra_547,True,False
dsp_v2,all corpora,valid/mathd_numbertheory_200,True,True
dsp_v2,all corpora,valid/mathd_algebra_510,True,False
dsp_v2,all corpora,valid/mathd_algebra_140,True,False
dsp_v2,all corpora,valid/mathd_algebra_455,True,True
dsp_v2,all corpora,valid/mathd_numbertheory_45,True,True
dsp_v2,all corpora,valid/aime_1994_p4,True,False
dsp_v2,all corpora,valid/mathd_numbertheory_739,True,True
dsp_v2,all corpora,valid/mathd_algebra_245,True,False
dsp_v2,all corpora,valid/algebra_apb4leq8ta4pb4,True,False
dsp_v2,all corpora,valid/mathd_algebra_28,True,False
dsp_v2,all corpora,valid/mathd_numbertheory_543,False,False
dsp_v2,all corpora,valid/mathd_algebra_480,False,False
dsp_v2,all corpora,valid/mathd_algebra_69,True,False
dsp_v2,all corpora,valid/mathd_algebra_433,False,False
dsp_v2,all corpora,valid/mathd_algebra_126,True,False
dsp_v2,all corpora,valid/aimeII_2020_p6,False,False
dsp_v2,all corpora,valid/amc12a_2008_p2,True,False
dsp_v2,all corpora,valid/mathd_algebra_35,True,False
dsp_v2,all corpora,valid/algebra_amgm_faxinrrp2msqrt2geq2mxm1div2x,True,False
dsp_v2,all corpora,valid/mathd_numbertheory_335,True,False
dsp_v2,all corpora,valid/mathd_numbertheory_35,True,False
dsp_v2,all corpora,valid/amc12a_2021_p7,True,False
dsp_v2,all corpora,valid/mathd_algebra_327,True,False
dsp_v2,all corpora,valid/aime_1984_p15,True,False
dsp_v2,all corpora,valid/algebra_amgm_sqrtxymulxmyeqxpy_xpygeq4,True,False
dsp_v2,all corpora,valid/amc12a_2002_p21,False,False
dsp_v2,all corpora,valid/mathd_algebra_192,True,False
dsp_v2,all corpora,valid/amc12b_2002_p6,True,False
dsp_v2,all corpora,valid/mathd_numbertheory_102,True,True
dsp_v2,all corpora,valid/amc12a_2010_p22,False,False
dsp_v2,all corpora,valid/mathd_numbertheory_81,True,True
dsp_v2,all corpora,valid/mathd_numbertheory_155,True,True
dsp_v2,all corpora,valid/imo_1978_p5,False,False
dsp_v2,all corpora,valid/amc12a_2017_p7,False,False
dsp_v2,all corpora,valid/mathd_numbertheory_42,False,False
dsp_v2,all corpora,valid/mathd_algebra_110,True,False
dsp_v2,all corpora,valid/amc12b_2021_p21,False,False
dsp_v2,all corpora,valid/mathd_algebra_405,True,False
dsp_v2,all corpora,valid/numbertheory_sumkmulnckeqnmul2pownm1,True,False
dsp_v2,all corpora,valid/mathd_algebra_393,True,False
dsp_v2,all corpora,valid/amc12b_2004_p3,True,False
dsp_v2,all corpora,valid/mathd_numbertheory_303,True,False
dsp_v2,all corpora,valid/mathd_algebra_151,True,False
dsp_v2,all corpora,valid/amc12a_2011_p18,True,False
dsp_v2,all corpora,valid/mathd_algebra_15,True,True
dsp_v2,all corpora,valid/mathd_numbertheory_211,True,True
dsp_v2,all corpora,valid/mathd_numbertheory_640,True,True
dsp_v2,all corpora,valid/amc12b_2003_p6,True,False
dsp_v2,all corpora,valid/algebra_2rootsintpoly_am10tap11eqasqpam110,True,False
dsp_v2,all corpora,valid/aime_1991_p1,True,False
dsp_v2,all corpora,valid/mathd_algebra_43,True,False
dsp_v2,all corpora,valid/imo_1988_p6,False,False
dsp_v2,all corpora,valid/aime_1996_p5,False,False
dsp_v2,all corpora,valid/mathd_algebra_55,True,False
dsp_v2,all corpora,valid/algebra_sqineq_2at2pclta2c2p41pc,True,False
dsp_v2,all corpora,valid/mathd_numbertheory_43,False,False
dsp_v2,all corpora,valid/mathd_algebra_214,True,False
dsp_v2,all corpora,valid/mathd_algebra_96,True,False
dsp_v2,all corpora,valid/amc12_2001_p2,True,False
dsp_v2,all corpora,valid/mathd_algebra_185,True,False
dsp_v2,all corpora,valid/algebra_binomnegdiscrineq_10alt28asqp1,True,False
dsp_v2,all corpora,valid/mathd_numbertheory_284,True,False
dsp_v2,all corpora,valid/amc12a_2009_p2,True,False
dsp_v2,all corpora,valid/mathd_numbertheory_709,True,False
dsp_v2,all corpora,valid/amc12a_2013_p8,True,False
dsp_v2,all corpora,valid/mathd_numbertheory_461,True,True
dsp_v2,all corpora,valid/mathd_algebra_59,True,False
dsp_v2,all corpora,valid/mathd_algebra_234,True,False
dsp_v2,all corpora,valid/imo_1973_p3,True,False
dsp_v2,all corpora,valid/amc12b_2020_p5,True,False
dsp_v2,all corpora,valid/numbertheory_sqmod3in01d,True,False
dsp_v2,all corpora,valid/mathd_algebra_131,True,False
dsp_v2,all corpora,valid/amc12b_2003_p17,True,False
dsp_v2,all corpora,valid/mathd_algebra_536,True,False
dsp_v2,all corpora,valid/mathd_algebra_22,True,False
dsp_v2,all corpora,valid/numbertheory_xsqpysqintdenomeq,False,False
dsp_v2,all corpora,valid/aimeII_2001_p3,False,False
dsp_v2,all corpora,valid/mathd_numbertheory_22,True,False
dsp_v2,all corpora,valid/aime_1987_p8,False,False
dsp_v2,all corpora,valid/mathd_numbertheory_136,True,False
dsp_v2,all corpora,valid/amc12_2000_p11,True,False
dsp_v2,all corpora,valid/amc12b_2003_p9,True,False
dsp_v2,all corpora,valid/algebra_2complexrootspoly_xsqp49eqxp7itxpn7i,True,False
dsp_v2,all corpora,valid/mathd_numbertheory_198,True,True
dsp_v2,all corpora,valid/mathd_algebra_149,True,False
dsp_v2,all corpora,valid/mathd_algebra_132,True,False
dsp_v2,all corpora,valid/mathd_numbertheory_37,True,True
dsp_v2,all corpora,valid/aime_1983_p9,True,False
dsp_v2,all corpora,valid/mathd_algebra_37,True,True
dsp_v2,all corpora,valid/mathd_numbertheory_458,True,False
dsp_v2,all corpora,valid/amc12a_2008_p15,True,False
dsp_v2,all corpora,valid/mathd_numbertheory_301,True,False
dsp_v2,all corpora,valid/amc12a_2009_p15,True,False
dsp_v2,all corpora,valid/algebra_sqineq_36azm9asqle36zsq,True,False
dsp_v2,all corpora,valid/amc12a_2013_p7,True,False
dsp_v2,all corpora,valid/mathd_algebra_104,True,True
dsp_v2,all corpora,valid/mathd_numbertheory_252,True,True
dsp_v2,all corpora,valid/amc12a_2020_p21,False,False
dsp_v2,all corpora,valid/mathd_algebra_493,True,False
dsp_v2,all corpora,valid/numbertheory_nckeqnm1ckpnm1ckm1,True,False
dsp_v2,all corpora,valid/algebra_3rootspoly_amdtamctambeqnasqmbpctapcbtdpasqmbpctapcbta,True,False
dsp_v2,all corpora,valid/mathd_numbertheory_403,True,True
dsp_v2,all corpora,valid/mathd_algebra_190,True,True
dsp_v2,all corpora,valid/mathd_numbertheory_269,True,True
dsp_v2,all corpora,valid/aime_1990_p2,True,False
dsp_v2,all corpora,valid/mathd_numbertheory_101,True,True
dsp_v2,all corpora,valid/algebra_sqineq_4bap1lt4bsqpap1sq,True,False
dsp_v2,all corpora,valid/mathd_numbertheory_156,False,False
dsp_v2,all corpora,valid/mathd_algebra_451,True,False
dsp_v2,all corpora,valid/mathd_algebra_144,True,False
dsp_v2,all corpora,valid/mathd_algebra_282,False,False
dsp_v2,all corpora,valid/mathd_algebra_410,True,False
dsp_v2,all corpora,valid/mathd_numbertheory_232,True,False
dsp_v2,all corpora,valid/mathd_algebra_77,True,False
dsp_v2,all corpora,valid/imo_1974_p5,True,False
dsp_v2,all corpora,valid/aime_1988_p3,True,False
dsp_v2,all corpora,valid/mathd_numbertheory_530,False,False
dsp_v2,all corpora,valid/mathd_algebra_109,True,False
dsp_v2,all corpora,valid/imo_1967_p3,False,False
dsp_v2,all corpora,valid/mathd_algebra_11,True,False
dsp_v2,all corpora,valid/amc12a_2003_p1,True,False
dsp_v2,all corpora,valid/numbertheory_aneqprodakp4_anmsqrtanp1eq2,False,False
dsp_v2,all corpora,valid/algebra_2rootspoly_apatapbeq2asqp2ab,True,False
dsp_v2,all corpora,valid/induction_sum_odd,False,False
dsp_v2,all corpora,valid/mathd_algebra_568,True,True
dsp_v2,all corpora,valid/mathd_algebra_616,True,True
dsp_v2,all corpora,valid/mathd_numbertheory_690,True,False
dsp_v2,all corpora,valid/amc12a_2016_p2,True,False
dsp_v2,all corpora,valid/mathd_numbertheory_405,False,False
dsp_v2,all corpora,valid/mathd_numbertheory_110,True,False
dsp_v2,all corpora,valid/amc12a_2003_p25,True,False
dsp_v2,all corpora,valid/amc12a_2010_p10,False,False
dsp_v2,all corpora,valid/mathd_algebra_509,True,False
dsp_v2,all corpora,valid/mathd_algebra_159,True,False
dsp_v2,all corpora,valid/aime_1997_p11,False,False
dsp_v2,all corpora,valid/aimeI_2000_p7,False,False
dsp_v2,all corpora,valid/aime_1988_p4,True,False
dsp_v2,all corpora,valid/induction_divisibility_9div10tonm1,True,False
dsp_v2,all corpora,valid/mathd_numbertheory_126,False,False
dsp_v2,all corpora,valid/mathd_algebra_323,True,False
dsp_v2,all corpora,valid/mathd_algebra_421,True,False
dsp_v2,all corpora,valid/imo_1987_p6,False,False
dsp_v2,all corpora,valid/amc12a_2009_p25,False,False
dsp_v2,all corpora,valid/imo_1961_p1,True,False
dsp_v2,all corpora,valid/mathd_algebra_31,False,False
dsp_v2,all corpora,valid/algebra_manipexpr_apbeq2cceqiacpbceqm2,True,False
dsp_v2,all corpora,valid/mathd_numbertheory_370,True,False
dsp_v2,all corpora,valid/mathd_algebra_437,True,False
dsp_v2,all corpora,valid/imo_1966_p5,False,False
dsp_v2,all corpora,valid/mathd_algebra_89,True,False
dsp_v2,all corpora,valid/imo_1966_p4,True,False
dsp_v2,all corpora,valid/mathd_algebra_67,True,False
dsp_v2,all corpora,valid/mathd_numbertheory_326,True,False
dsp_v2,all corpora,valid/induction_divisibility_3div2tooddnp1,True,False
dsp_v2,all corpora,valid/mathd_algebra_123,True,False
dsp_v2,all corpora,valid/algebra_2varlineareq_xpeeq7_2xpeeq3_eeq11_xeqn4,True,False
dsp_v2,all corpora,valid/imo_1993_p5,True,False
dsp_v2,all corpora,valid/numbertheory_prmdvsneqnsqmodpeq0,True,False
dsp_v2,all corpora,valid/imo_1964_p1_1,True,False
dsp_v2,all corpora,valid/imo_1990_p3,False,False
dsp_v2,all corpora,valid/induction_ineq_nsqlefactn,True,False
dsp_v2,all corpora,valid/mathd_numbertheory_30,True,True
dsp_v2,all corpora,valid/mathd_algebra_267,True,False
dsp_v2,all corpora,valid/mathd_numbertheory_961,True,True
dsp_v2,all corpora,valid/induction_seq_mul2pnp1,True,False
dsp_v2,all corpora,valid/amc12a_2002_p12,False,False
dsp_v2,all corpora,valid/algebra_manipexpr_2erprsqpesqeqnrpnesq,True,False
dsp_v2,all corpora,valid/mathd_algebra_119,True,True
dsp_v2,all corpora,valid/amc12a_2020_p13,False,False
dsp_v2,all corpora,valid/imo_1977_p5,False,False
dsp_v2,all corpora,valid/numbertheory_2dvd4expn,True,False
dsp_v2,all corpora,valid/amc12a_2010_p11,False,False
dsp_v2,all corpora,valid/amc12a_2003_p24,False,False
dsp_v2,all corpora,valid/amc12a_2002_p1,False,False
dsp_v2,all corpora,valid/mathd_algebra_206,True,False
dsp_v2,all corpora,valid/mathd_numbertheory_92,True,False
dsp_v2,all corpora,valid/mathd_algebra_482,False,False
dsp_v2,all corpora,valid/amc12b_2002_p3,False,False
dsp_v2,all corpora,valid/mathd_numbertheory_668,True,False
dsp_v2,all corpora,valid/mathd_algebra_251,True,False
dsp_v2,all corpora,valid/mathd_numbertheory_84,True,False
dsp_v2,all corpora,valid/mathd_numbertheory_412,True,False
dsp_v2,all corpora,valid/mathd_algebra_181,True,False
dsp_v2,all corpora,valid/amc12a_2016_p3,True,False
dsp_v2,all corpora,valid/mathd_algebra_247,False,False
dsp_v2,all corpora,valid/algebra_sqineq_2unitcircatblt1,True,False
dsp_v2,all corpora,valid/mathd_numbertheory_629,True,False
dsp_v2,all corpora,valid/amc12a_2017_p2,True,False
dsp_v2,all corpora,valid/algebra_amgm_sumasqdivbsqgeqsumbdiva,True,False
dsp_v2,all corpora,valid/mathd_numbertheory_202,True,True
dsp_v2,all corpora,valid/imo_1979_p1,False,False
dsp_v2,all corpora,valid/mathd_algebra_51,True,False
dsp_v2,all corpora,valid/mathd_algebra_10,True,True
