item,version,n,k,changed,truncated,pass32,rate,prover
test/aime_1983_p2,R1,32,18,0.0,0.3125,1.0,0.5625,dsp_v2
test/aime_1983_p2,R2,32,17,0.0,0.28125,1.0,0.53125,dsp_v2
test/aime_1983_p2,orig,32,27,0.0,0.0,1.0,0.84375,dsp_v2
test/aime_1987_p5,R1,32,1,0.0,0.15625,1.0,0.03125,dsp_v2
test/aime_1987_p5,R2,32,0,0.0,0.09375,0.0,0.0,dsp_v2
test/aime_1987_p5,orig,32,0,0.0,0.0,0.0,0.0,dsp_v2
test/aime_1988_p8,R1,32,0,0.0,0.6875,0.0,0.0,dsp_v2
test/aime_1988_p8,R2,32,0,0.03125,0.65625,0.0,0.0,dsp_v2
test/aime_1988_p8,orig,32,0,0.0,0.71875,0.0,0.0,dsp_v2
test/aime_1990_p4,R1,32,12,0.0,0.28125,1.0,0.375,dsp_v2
test/aime_1990_p4,R2,32,8,0.0,0.25,1.0,0.25,dsp_v2
test/aime_1990_p4,orig,32,14,0.0,0.1875,1.0,0.4375,dsp_v2
test/aime_1999_p11,R1,32,0,0.0,0.78125,0.0,0.0,dsp_v2
test/aime_1999_p11,R2,32,0,0.0,0.71875,0.0,0.0,dsp_v2
test/aime_1999_p11,orig,32,0,0.0,0.71875,0.0,0.0,dsp_v2
test/algebra_abpbcpcageq3_sumaonsqrtapbgeq3onsqrt2,R1,32,0,0.0,0.125,0.0,0.0,dsp_v2
test/algebra_abpbcpcageq3_sumaonsqrtapbgeq3onsqrt2,orig,32,0,0.0,0.09375,0.0,0.0,dsp_v2
test/algebra_amgm_sumasqdivbgeqsuma,R1,32,27,0.0,0.0,1.0,0.84375,dsp_v2
test/algebra_amgm_sumasqdivbgeqsuma,orig,32,31,0.0,0.0,1.0,0.96875,dsp_v2
test/algebra_apbon2pownleqapownpbpowon2,R1,32,0,0.0,0.0,0.0,0.0,dsp_v2
test/algebra_apbon2pownleqapownpbpowon2,orig,32,0,0.0,0.03125,0.0,0.0,dsp_v2
test/algebra_bleqa_apbon2msqrtableqambsqon8b,R1,32,14,0.0,0.21875,1.0,0.4375,dsp_v2
test/algebra_bleqa_apbon2msqrtableqambsqon8b,orig,32,10,0.0,0.125,1.0,0.3125,dsp_v2
test/algebra_ineq_nto1onlt2m1on,R1,32,0,0.0,0.28125,0.0,0.0,dsp_v2
test/algebra_ineq_nto1onlt2m1on,orig,32,0,0.0,0.125,0.0,0.0,dsp_v2
test/algebra_others_exirrpowirrrat,orig,32,0,0.0,0.125,0.0,0.0,dsp_v2
test/algebra_sqineq_at2malt1,R1,32,31,0.0,0.0,1.0,0.96875,dsp_v2
test/algebra_sqineq_at2malt1,orig,32,32,0.0,0.0,1.0,1.0,dsp_v2
test/algebra_sqineq_unitcircatbpabsamblt1,R1,32,25,0.0,0.09375,1.0,0.78125,dsp_v2
test/algebra_sqineq_unitcircatbpabsamblt1,R2,32,26,0.0,0.09375,1.0,0.8125,dsp_v2
test/algebra_sqineq_unitcircatbpabsamblt1,orig,32,31,0.0,0.03125,1.0,0.96875,dsp_v2
test/algebra_sum1onsqrt2to1onsqrt10000lt198,orig,32,0,0.0,0.25,0.0,0.0,dsp_v2
test/amc12_2000_p12,R1,32,32,0.0,0.0,1.0,1.0,dsp_v2
test/amc12_2000_p12,R2,32,32,0.0,0.0,1.0,1.0,dsp_v2
test/amc12_2000_p12,orig,32,31,0.0,0.03125,1.0,0.96875,dsp_v2
test/amc12_2000_p6,R1,32,32,0.0,0.0,1.0,1.0,dsp_v2
test/amc12_2000_p6,orig,32,32,0.0,0.0,1.0,1.0,dsp_v2
test/amc12_2001_p21,R1,32,1,0.0,0.34375,1.0,0.03125,dsp_v2
test/amc12_2001_p21,R2,32,0,0.0,0.46875,0.0,0.0,dsp_v2
test/amc12_2001_p21,orig,32,0,0.0,0.125,0.0,0.0,dsp_v2
test/amc12a_2002_p6,R1,32,32,0.0,0.0,1.0,1.0,dsp_v2
test/amc12a_2002_p6,orig,32,32,0.0,0.0,1.0,1.0,dsp_v2
test/amc12a_2003_p23,R1,32,0,0.0,0.5,0.0,0.0,dsp_v2
test/amc12a_2003_p23,R2,32,0,0.0,0.40625,0.0,0.0,dsp_v2
test/amc12a_2003_p23,orig,32,0,0.0,0.46875,0.0,0.0,dsp_v2
test/amc12a_2009_p7,R1,32,11,0.0,0.03125,1.0,0.34375,dsp_v2
test/amc12a_2009_p7,R2,32,3,0.0,0.03125,1.0,0.09375,dsp_v2
test/amc12a_2009_p7,orig,32,8,0.0,0.0,1.0,0.25,dsp_v2
test/amc12a_2020_p15,R1,32,0,0.0,0.84375,0.0,0.0,dsp_v2
test/amc12a_2020_p15,R2,32,0,0.0,0.8125,0.0,0.0,dsp_v2
test/amc12a_2020_p15,orig,32,0,0.0,0.53125,0.0,0.0,dsp_v2
test/amc12a_2021_p25,R1,32,0,0.0,0.6875,0.0,0.0,dsp_v2
test/amc12a_2021_p25,R2,32,0,0.0,0.59375,0.0,0.0,dsp_v2
test/amc12a_2021_p25,orig,32,0,0.0,0.75,0.0,0.0,dsp_v2
test/amc12a_2021_p3,R1,32,20,0.0,0.0,1.0,0.625,dsp_v2
test/amc12a_2021_p3,R2,32,14,0.0,0.0,1.0,0.4375,dsp_v2
test/amc12a_2021_p3,orig,32,29,0.0,0.0,1.0,0.90625,dsp_v2
test/amc12b_2002_p19,R1,32,21,0.0,0.03125,1.0,0.65625,dsp_v2
test/amc12b_2002_p19,R2,32,11,0.0,0.125,1.0,0.34375,dsp_v2
test/amc12b_2002_p19,orig,32,20,0.0,0.0625,1.0,0.625,dsp_v2
test/amc12b_2020_p13,R2,32,11,0.0,0.125,1.0,0.34375,dsp_v2
test/amc12b_2020_p13,orig,32,20,0.0,0.09375,1.0,0.625,dsp_v2
test/amc12b_2020_p2,R2,32,32,0.0,0.0,1.0,1.0,dsp_v2
test/amc12b_2020_p2,orig,32,32,0.0,0.0,1.0,1.0,dsp_v2
test/amc12b_2020_p21,R1,32,0,0.0,0.96875,0.0,0.0,dsp_v2
test/amc12b_2020_p21,R2,32,0,0.0,0.90625,0.0,0.0,dsp_v2
test/amc12b_2020_p21,orig,32,0,0.0,0.84375,0.0,0.0,dsp_v2
test/amc12b_2020_p22,R1,32,1,0.0,0.40625,1.0,0.03125,dsp_v2
test/amc12b_2020_p22,orig,32,4,0.0,0.25,1.0,0.125,dsp_v2
test/amc12b_2020_p6,R1,32,0,0.375,0.03125,0.0,0.0,dsp_v2
test/amc12b_2020_p6,orig,32,2,0.09375,0.0,1.0,0.0625,dsp_v2
test/imo_1960_p2,R1,32,1,0.0,0.59375,1.0,0.03125,dsp_v2
test/imo_1960_p2,orig,32,0,0.0,0.4375,0.0,0.0,dsp_v2
test/imo_1962_p2,R1,32,4,0.0,0.625,1.0,0.125,dsp_v2
test/imo_1962_p2,orig,32,1,0.0,0.4375,1.0,0.03125,dsp_v2
test/imo_1964_p2,R1,32,28,0.0,0.03125,1.0,0.875,dsp_v2
test/imo_1964_p2,orig,32,29,0.0,0.0,1.0,0.90625,dsp_v2
test/imo_1974_p3,R1,32,0,0.0,0.28125,0.0,0.0,dsp_v2
test/imo_1974_p3,orig,32,0,0.0,0.1875,0.0,0.0,dsp_v2
test/imo_1997_p5,R1,32,0,0.0,0.21875,0.0,0.0,dsp_v2
test/imo_1997_p5,R2,32,0,0.0625,0.09375,0.0,0.0,dsp_v2
test/imo_1997_p5,orig,32,0,0.0,0.0625,0.0,0.0,dsp_v2
test/imo_2019_p1,R1,32,0,0.0,0.0625,0.0,0.0,dsp_v2
test/imo_2019_p1,orig,32,0,0.0,0.125,0.0,0.0,dsp_v2
test/induction_pprime_pdvdapowpma,R1,32,1,0.0,0.0,1.0,0.03125,dsp_v2
test/induction_pprime_pdvdapowpma,orig,32,4,0.0,0.0,1.0,0.125,dsp_v2
test/induction_sumkexp3eqsumksq,R1,32,0,0.0,0.0,0.0,0.0,dsp_v2
test/induction_sumkexp3eqsumksq,R2,32,0,0.0,0.0,0.0,0.0,dsp_v2
test/induction_sumkexp3eqsumksq,orig,32,0,0.0,0.0,0.0,0.0,dsp_v2
test/mathd_algebra_114,R1,32,25,0.0,0.0,1.0,0.78125,dsp_v2
test/mathd_algebra_114,R2,32,21,0.0,0.0,1.0,0.65625,dsp_v2
test/mathd_algebra_114,orig,32,27,0.0,0.0,1.0,0.84375,dsp_v2
test/mathd_algebra_137,R1,32,27,0.0,0.0,1.0,0.84375,dsp_v2
test/mathd_algebra_137,R2,32,29,0.0,0.0,1.0,0.90625,dsp_v2
test/mathd_algebra_137,orig,32,30,0.0,0.0,1.0,0.9375,dsp_v2
test/mathd_algebra_139,R1,32,32,0.0,0.0,1.0,1.0,dsp_v2
test/mathd_algebra_139,R2,32,29,0.0,0.0,1.0,0.90625,dsp_v2
test/mathd_algebra_139,orig,32,31,0.0,0.0,1.0,0.96875,dsp_v2
test/mathd_algebra_148,R1,32,32,0.0,0.0,1.0,1.0,dsp_v2
test/mathd_algebra_148,R2,32,21,0.0,0.0,1.0,0.65625,dsp_v2
test/mathd_algebra_148,orig,32,32,0.0,0.0,1.0,1.0,dsp_v2
test/mathd_algebra_176,R1,32,32,0.0,0.0,1.0,1.0,dsp_v2
test/mathd_algebra_176,R2,32,32,0.0,0.0,1.0,1.0,dsp_v2
test/mathd_algebra_176,orig,32,32,0.0,0.0,1.0,1.0,dsp_v2
test/mathd_algebra_184,R1,32,0,0.0,0.0,0.0,0.0,dsp_v2
test/mathd_algebra_184,R2,32,1,0.0,0.0,1.0,0.03125,dsp_v2
test/mathd_algebra_184,orig,32,1,0.0,0.0,1.0,0.03125,dsp_v2
test/mathd_algebra_188,R1,32,17,0.0,0.03125,1.0,0.53125,dsp_v2
test/mathd_algebra_188,R2,32,14,0.0,0.0,1.0,0.4375,dsp_v2
test/mathd_algebra_188,orig,32,24,0.0,0.0,1.0,0.75,dsp_v2
test/mathd_algebra_209,R1,32,16,0.0,0.03125,1.0,0.5,dsp_v2
test/mathd_algebra_209,R2,32,12,0.0,0.0625,1.0,0.375,dsp_v2
test/mathd_algebra_209,orig,32,18,0.0,0.0,1.0,0.5625,dsp_v2
test/mathd_algebra_215,R1,32,32,0.0,0.0,1.0,1.0,dsp_v2
test/mathd_algebra_215,R2,32,32,0.0,0.0,1.0,1.0,dsp_v2
test/mathd_algebra_215,orig,32,32,0.0,0.0,1.0,1.0,dsp_v2
test/mathd_algebra_24,R1,32,32,0.0,0.0,1.0,1.0,dsp_v2
test/mathd_algebra_24,R2,32,28,0.0,0.0,1.0,0.875,dsp_v2
test/mathd_algebra_24,orig,32,32,0.0,0.0,1.0,1.0,dsp_v2
test/mathd_algebra_246,R1,32,32,0.0,0.0,1.0,1.0,dsp_v2
test/mathd_algebra_246,R2,32,28,0.0,0.0,1.0,0.875,dsp_v2
test/mathd_algebra_246,orig,32,32,0.0,0.0,1.0,1.0,dsp_v2
test/mathd_algebra_263,R1,32,32,0.0,0.0,1.0,1.0,dsp_v2
test/mathd_algebra_263,R2,32,25,0.0,0.0,1.0,0.78125,dsp_v2
test/mathd_algebra_263,orig,32,32,0.0,0.0,1.0,1.0,dsp_v2
test/mathd_algebra_276,R1,32,4,0.0,0.09375,1.0,0.125,dsp_v2
test/mathd_algebra_276,R2,32,4,0.0,0.03125,1.0,0.125,dsp_v2
test/mathd_algebra_276,orig,32,10,0.0,0.0,1.0,0.3125,dsp_v2
test/mathd_algebra_289,R1,32,0,0.0,0.21875,0.0,0.0,dsp_v2
test/mathd_algebra_289,R2,32,0,0.0,0.1875,0.0,0.0,dsp_v2
test/mathd_algebra_289,orig,32,0,0.0,0.0625,0.0,0.0,dsp_v2
test/mathd_algebra_304,R2,32,31,0.0,0.0,1.0,0.96875,dsp_v2
test/mathd_algebra_304,orig,32,32,0.0,0.0,1.0,1.0,dsp_v2
test/mathd_algebra_313,R1,32,16,0.0,0.03125,1.0,0.5,dsp_v2
test/mathd_algebra_313,R2,32,27,0.0,0.0,1.0,0.84375,dsp_v2
test/mathd_algebra_313,orig,32,13,0.0,0.03125,1.0,0.40625,dsp_v2
test/mathd_algebra_320,R1,32,0,0.0,0.5625,0.0,0.0,dsp_v2
test/mathd_algebra_320,R2,32,0,0.0,0.78125,0.0,0.0,dsp_v2
test/mathd_algebra_320,orig,32,0,0.0,0.25,0.0,0.0,dsp_v2
test/mathd_algebra_332,R1,32,32,0.0,0.0,1.0,1.0,dsp_v2
test/mathd_algebra_332,R2,32,30,0.0,0.0,1.0,0.9375,dsp_v2
test/mathd_algebra_332,orig,32,31,0.0,0.0,1.0,0.96875,dsp_v2
test/mathd_algebra_354,R1,32,32,0.0,0.0,1.0,1.0,dsp_v2
test/mathd_algebra_354,R2,32,29,0.0,0.0,1.0,0.90625,dsp_v2
test/mathd_algebra_354,orig,32,31,0.0,0.0,1.0,0.96875,dsp_v2
test/mathd_algebra_359,R1,32,32,0.0,0.0,1.0,1.0,dsp_v2
test/mathd_algebra_359,R2,32,28,0.0,0.0,1.0,0.875,dsp_v2
test/mathd_algebra_359,orig,32,32,0.0,0.0,1.0,1.0,dsp_v2
test/mathd_algebra_398,R1,32,32,0.0,0.0,1.0,1.0,dsp_v2
test/mathd_algebra_398,R2,32,32,0.0,0.0,1.0,1.0,dsp_v2
test/mathd_algebra_398,orig,32,31,0.0,0.0,1.0,0.96875,dsp_v2
test/mathd_algebra_440,R1,32,31,0.0,0.0,1.0,0.96875,dsp_v2
test/mathd_algebra_440,R2,32,27,0.0,0.0,1.0,0.84375,dsp_v2
test/mathd_algebra_440,orig,32,32,0.0,0.0,1.0,1.0,dsp_v2
test/mathd_algebra_478,R1,32,32,0.0,0.0,1.0,1.0,dsp_v2
test/mathd_algebra_478,R2,32,26,0.0,0.0,1.0,0.8125,dsp_v2
test/mathd_algebra_478,orig,32,32,0.0,0.0,1.0,1.0,dsp_v2
test/mathd_algebra_598,R1,32,31,0.0,0.0,1.0,0.96875,dsp_v2
test/mathd_algebra_598,R2,32,27,0.0,0.0,1.0,0.84375,dsp_v2
test/mathd_algebra_598,orig,32,28,0.0,0.0,1.0,0.875,dsp_v2
test/mathd_algebra_756,R1,32,31,0.0,0.0,1.0,0.96875,dsp_v2
test/mathd_algebra_756,R2,32,30,0.0,0.0,1.0,0.9375,dsp_v2
test/mathd_algebra_756,orig,32,32,0.0,0.0,1.0,1.0,dsp_v2
test/mathd_numbertheory_100,R1,32,30,0.0,0.0,1.0,0.9375,dsp_v2
test/mathd_numbertheory_100,R2,32,13,0.0,0.0,1.0,0.40625,dsp_v2
test/mathd_numbertheory_100,orig,32,32,0.0,0.0,1.0,1.0,dsp_v2
test/mathd_numbertheory_1124,R1,32,32,0.0,0.0,1.0,1.0,dsp_v2
test/mathd_numbertheory_1124,R2,32,30,0.0,0.0,1.0,0.9375,dsp_v2
test/mathd_numbertheory_1124,orig,32,32,0.0,0.0,1.0,1.0,dsp_v2
test/mathd_numbertheory_135,R1,32,6,0.0,0.53125,1.0,0.1875,dsp_v2
test/mathd_numbertheory_135,R2,32,4,0.0,0.28125,1.0,0.125,dsp_v2
test/mathd_numbertheory_135,orig,32,5,0.0,0.53125,1.0,0.15625,dsp_v2
test/mathd_numbertheory_175,R2,32,32,0.0,0.0,1.0,1.0,dsp_v2
test/mathd_numbertheory_175,orig,32,32,0.0,0.0,1.0,1.0,dsp_v2
test/mathd_numbertheory_185,R1,32,31,0.0,0.0,1.0,0.96875,dsp_v2
test/mathd_numbertheory_185,R2,32,32,0.0,0.0,1.0,1.0,dsp_v2
test/mathd_numbertheory_185,orig,32,32,0.0,0.0,1.0,1.0,dsp_v2
test/mathd_numbertheory_207,R2,32,32,0.0,0.0,1.0,1.0,dsp_v2
test/mathd_numbertheory_207,orig,32,31,0.0,0.0,1.0,0.96875,dsp_v2
test/mathd_numbertheory_227,R1,32,0,0.0,0.125,0.0,0.0,dsp_v2
test/mathd_numbertheory_227,R2,32,0,0.0,0.21875,0.0,0.0,dsp_v2
test/mathd_numbertheory_227,orig,32,0,0.0,0.0625,0.0,0.0,dsp_v2
test/mathd_numbertheory_229,R2,32,31,0.0,0.0,1.0,0.96875,dsp_v2
test/mathd_numbertheory_229,orig,32,32,0.0,0.0,1.0,1.0,dsp_v2
test/mathd_numbertheory_233,R1,32,31,0.0,0.0,1.0,0.96875,dsp_v2
test/mathd_numbertheory_233,R2,32,6,0.0,0.0,1.0,0.1875,dsp_v2
test/mathd_numbertheory_233,orig,32,29,0.0,0.03125,1.0,0.90625,dsp_v2
test/mathd_numbertheory_320,R1,32,32,0.0,0.0,1.0,1.0,dsp_v2
test/mathd_numbertheory_320,R2,32,26,0.0,0.03125,1.0,0.8125,dsp_v2
test/mathd_numbertheory_320,orig,32,32,0.0,0.0,1.0,1.0,dsp_v2
test/mathd_numbertheory_321,R1,32,32,0.0,0.0,1.0,1.0,dsp_v2
test/mathd_numbertheory_321,R2,32,19,0.0,0.03125,1.0,0.59375,dsp_v2
test/mathd_numbertheory_321,orig,32,26,0.0,0.03125,1.0,0.8125,dsp_v2
test/mathd_numbertheory_343,R2,32,31,0.0,0.0,1.0,0.96875,dsp_v2
test/mathd_numbertheory_343,orig,32,32,0.0,0.0,1.0,1.0,dsp_v2
test/mathd_numbertheory_435,R1,32,24,0.0,0.21875,1.0,0.75,dsp_v2
test/mathd_numbertheory_435,orig,32,30,0.0,0.03125,1.0,0.9375,dsp_v2
test/mathd_numbertheory_447,R2,32,31,0.0,0.03125,1.0,0.96875,dsp_v2
test/mathd_numbertheory_447,orig,32,30,0.0,0.0625,1.0,0.9375,dsp_v2
test/mathd_numbertheory_517,R2,32,32,0.0,0.0,1.0,1.0,dsp_v2
test/mathd_numbertheory_517,orig,32,32,0.0,0.0,1.0,1.0,dsp_v2
test/mathd_numbertheory_582,R1,32,31,0.0,0.0,1.0,0.96875,dsp_v2
test/mathd_numbertheory_582,R2,32,32,0.0,0.0,1.0,1.0,dsp_v2
test/mathd_numbertheory_582,orig,32,32,0.0,0.0,1.0,1.0,dsp_v2
test/mathd_numbertheory_711,R1,32,12,0.0,0.0,1.0,0.375,dsp_v2
test/mathd_numbertheory_711,R2,32,4,0.0,0.0,1.0,0.125,dsp_v2
test/mathd_numbertheory_711,orig,32,15,0.0,0.0,1.0,0.46875,dsp_v2
test/mathd_numbertheory_764,R1,32,0,0.0,0.28125,0.0,0.0,dsp_v2
test/mathd_numbertheory_764,R2,32,0,0.0,0.28125,0.0,0.0,dsp_v2
test/mathd_numbertheory_764,orig,32,0,0.0,0.28125,0.0,0.0,dsp_v2
test/mathd_numbertheory_85,R2,32,32,0.0,0.0,1.0,1.0,dsp_v2
test/mathd_numbertheory_85,orig,32,32,0.0,0.0,1.0,1.0,dsp_v2
test/mathd_numbertheory_99,R1,32,31,0.0,0.0,1.0,0.96875,dsp_v2
test/mathd_numbertheory_99,R2,32,22,0.0,0.0,1.0,0.6875,dsp_v2
test/mathd_numbertheory_99,orig,32,28,0.0,0.0,1.0,0.875,dsp_v2
test/numbertheory_exk2powkeqapb2mulbpa2_aeq1,R1,32,0,0.0,0.21875,0.0,0.0,dsp_v2
test/numbertheory_exk2powkeqapb2mulbpa2_aeq1,R2,32,0,0.0,0.15625,0.0,0.0,dsp_v2
test/numbertheory_exk2powkeqapb2mulbpa2_aeq1,orig,32,0,0.0,0.0625,0.0,0.0,dsp_v2
test/numbertheory_fxeq4powxp6powxp9powx_f2powmdvdf2pown,R1,32,0,0.0,0.53125,0.0,0.0,dsp_v2
test/numbertheory_fxeq4powxp6powxp9powx_f2powmdvdf2pown,orig,32,0,0.0,0.40625,0.0,0.0,dsp_v2
valid/aimeI_2000_p7,R1,32,2,0.0,0.46875,1.0,0.0625,dsp_v2
valid/aimeI_2000_p7,R2,32,2,0.0,0.09375,1.0,0.0625,dsp_v2
valid/aimeI_2000_p7,orig,32,5,0.0,0.28125,1.0,0.15625,dsp_v2
valid/aime_1984_p15,R2,32,22,0.0,0.09375,1.0,0.6875,dsp_v2
valid/aime_1984_p15,orig,32,19,0.0,0.1875,1.0,0.59375,dsp_v2
valid/aime_1988_p3,R1,32,0,0.0,0.40625,0.0,0.0,dsp_v2
valid/aime_1988_p3,R2,32,0,0.0,0.59375,0.0,0.0,dsp_v2
valid/aime_1988_p3,orig,32,0,0.0,0.21875,0.0,0.0,dsp_v2
valid/aime_1991_p6,R1,32,0,0.0,0.84375,0.0,0.0,dsp_v2
valid/aime_1991_p6,R2,32,0,0.0,0.78125,0.0,0.0,dsp_v2
valid/aime_1991_p6,orig,32,0,0.0,0.75,0.0,0.0,dsp_v2
valid/algebra_2complexrootspoly_xsqp49eqxp7itxpn7i,R1,32,30,0.0,0.0,1.0,0.9375,dsp_v2
valid/algebra_2complexrootspoly_xsqp49eqxp7itxpn7i,R2,32,31,0.0,0.0,1.0,0.96875,dsp_v2
valid/algebra_2complexrootspoly_xsqp49eqxp7itxpn7i,orig,32,30,0.0,0.0,1.0,0.9375,dsp_v2
valid/algebra_2rootspoly_apatapbeq2asqp2ab,R1,32,32,0.0,0.0,1.0,1.0,dsp_v2
valid/algebra_2rootspoly_apatapbeq2asqp2ab,R2,32,31,0.0,0.0,1.0,0.96875,dsp_v2
valid/algebra_2rootspoly_apatapbeq2asqp2ab,orig,32,32,0.0,0.0,1.0,1.0,dsp_v2
valid/algebra_2varlineareq_xpeeq7_2xpeeq3_eeq11_xeqn4,R1,32,26,0.0,0.0,1.0,0.8125,dsp_v2
valid/algebra_2varlineareq_xpeeq7_2xpeeq3_eeq11_xeqn4,R2,32,16,0.0,0.0,1.0,0.5,dsp_v2
valid/algebra_2varlineareq_xpeeq7_2xpeeq3_eeq11_xeqn4,orig,32,32,0.0,0.0,1.0,1.0,dsp_v2
valid/algebra_amgm_faxinrrp2msqrt2geq2mxm1div2x,orig,32,26,0.0,0.0,1.0,0.8125,dsp_v2
valid/algebra_amgm_sqrtxymulxmyeqxpy_xpygeq4,R1,32,7,0.0,0.5,1.0,0.21875,dsp_v2
valid/algebra_amgm_sqrtxymulxmyeqxpy_xpygeq4,R2,32,12,0.0,0.5625,1.0,0.375,dsp_v2
valid/algebra_amgm_sqrtxymulxmyeqxpy_xpygeq4,orig,32,11,0.0,0.375,1.0,0.34375,dsp_v2
valid/algebra_binomnegdiscrineq_10alt28asqp1,R1,32,32,0.0,0.0,1.0,1.0,dsp_v2
valid/algebra_binomnegdiscrineq_10alt28asqp1,orig,32,30,0.0,0.03125,1.0,0.9375,dsp_v2
valid/algebra_sqineq_2at2pclta2c2p41pc,R1,32,26,0.0,0.0,1.0,0.8125,dsp_v2
valid/algebra_sqineq_2at2pclta2c2p41pc,orig,32,26,0.0,0.0625,1.0,0.8125,dsp_v2
valid/algebra_sqineq_36azm9asqle36zsq,R1,32,27,0.0,0.0,1.0,0.84375,dsp_v2
valid/algebra_sqineq_36azm9asqle36zsq,orig,32,30,0.0,0.0,1.0,0.9375,dsp_v2
valid/algebra_sqineq_4bap1lt4bsqpap1sq,R1,32,32,0.0,0.0,1.0,1.0,dsp_v2
valid/algebra_sqineq_4bap1lt4bsqpap1sq,orig,32,32,0.0,0.0,1.0,1.0,dsp_v2
valid/algebra_xmysqpymzsqpzmxsqeqxyz_xpypzp6dvdx3y3z3,R1,32,8,0.0,0.46875,1.0,0.25,dsp_v2
valid/algebra_xmysqpymzsqpzmxsqeqxyz_xpypzp6dvdx3y3z3,R2,32,6,0.0,0.3125,1.0,0.1875,dsp_v2
valid/algebra_xmysqpymzsqpzmxsqeqxyz_xpypzp6dvdx3y3z3,orig,32,4,0.0,0.125,1.0,0.125,dsp_v2
valid/amc12_2000_p11,R1,32,22,0.0,0.15625,1.0,0.6875,dsp_v2
valid/amc12_2000_p11,R2,32,16,0.0,0.15625,1.0,0.5,dsp_v2
valid/amc12_2000_p11,orig,32,19,0.0,0.15625,1.0,0.59375,dsp_v2
valid/amc12_2000_p15,R1,32,0,0.0,0.09375,0.0,0.0,dsp_v2
valid/amc12_2000_p15,R2,32,1,0.0,0.21875,1.0,0.03125,dsp_v2
valid/amc12_2000_p15,orig,32,1,0.0,0.125,1.0,0.03125,dsp_v2
valid/amc12a_2002_p1,R1,32,9,0.0,0.0,1.0,0.28125,dsp_v2
valid/amc12a_2002_p1,R2,32,7,0.0,0.0,1.0,0.21875,dsp_v2
valid/amc12a_2002_p1,orig,32,0,0.0,0.0,0.0,0.0,dsp_v2
valid/amc12a_2002_p21,R1,32,0,0.0,0.125,0.0,0.0,dsp_v2
valid/amc12a_2002_p21,R2,32,0,0.0,0.375,0.0,0.0,dsp_v2
valid/amc12a_2002_p21,orig,32,0,0.0,0.125,0.0,0.0,dsp_v2
valid/amc12a_2003_p1,R1,32,16,0.0,0.03125,1.0,0.5,dsp_v2
valid/amc12a_2003_p1,orig,32,11,0.0,0.09375,1.0,0.34375,dsp_v2
valid/amc12a_2003_p24,orig,32,21,0.0,0.0,1.0,0.65625,dsp_v2
valid/amc12a_2003_p25,R1,32,0,0.0,0.6875,0.0,0.0,dsp_v2
valid/amc12a_2003_p25,R2,32,0,0.0,0.8125,0.0,0.0,dsp_v2
valid/amc12a_2003_p25,orig,32,0,0.0,0.4375,0.0,0.0,dsp_v2
valid/amc12a_2008_p2,R1,32,32,0.0,0.0,1.0,1.0,dsp_v2
valid/amc12a_2008_p2,R2,32,29,0.0,0.0,1.0,0.90625,dsp_v2
valid/amc12a_2008_p2,orig,32,32,0.0,0.0,1.0,1.0,dsp_v2
valid/amc12a_2009_p9,R1,32,31,0.0,0.0,1.0,0.96875,dsp_v2
valid/amc12a_2009_p9,R2,32,23,0.0,0.0,1.0,0.71875,dsp_v2
valid/amc12a_2009_p9,orig,32,32,0.0,0.0,1.0,1.0,dsp_v2
valid/amc12a_2010_p10,R1,32,12,0.0,0.25,1.0,0.375,dsp_v2
valid/amc12a_2010_p10,R2,32,10,0.0,0.21875,1.0,0.3125,dsp_v2
valid/amc12a_2010_p10,orig,32,11,0.0,0.0,1.0,0.34375,dsp_v2
valid/amc12a_2010_p22,R1,32,0,0.0,0.4375,0.0,0.0,dsp_v2
valid/amc12a_2010_p22,orig,32,0,0.0,0.28125,0.0,0.0,dsp_v2
valid/amc12a_2013_p7,R1,32,30,0.0,0.0,1.0,0.9375,dsp_v2
valid/amc12a_2013_p7,R2,32,14,0.0,0.0,1.0,0.4375,dsp_v2
valid/amc12a_2013_p7,orig,32,29,0.0,0.03125,1.0,0.90625,dsp_v2
valid/amc12a_2016_p2,R1,32,15,0.0,0.0,1.0,0.46875,dsp_v2
valid/amc12a_2016_p2,R2,32,24,0.0,0.0,1.0,0.75,dsp_v2
valid/amc12a_2016_p2,orig,32,14,0.0,0.0,1.0,0.4375,dsp_v2
valid/amc12a_2020_p13,R1,32,0,0.0,0.34375,0.0,0.0,dsp_v2
valid/amc12a_2020_p13,R2,32,0,0.0,0.4375,0.0,0.0,dsp_v2
valid/amc12a_2020_p13,orig,32,0,0.0,0.09375,0.0,0.0,dsp_v2
valid/amc12b_2003_p6,R1,32,21,0.0,0.0,1.0,0.65625,dsp_v2
valid/amc12b_2003_p6,R2,32,17,0.0,0.0,1.0,0.53125,dsp_v2
valid/amc12b_2003_p6,orig,32,26,0.0,0.0,1.0,0.8125,dsp_v2
valid/amc12b_2003_p9,R1,32,29,0.0,0.0,1.0,0.90625,dsp_v2
valid/amc12b_2003_p9,R2,32,29,0.0,0.0,1.0,0.90625,dsp_v2
valid/amc12b_2003_p9,orig,32,32,0.0,0.0,1.0,1.0,dsp_v2
valid/amc12b_2004_p3,R1,32,23,0.0,0.0,1.0,0.71875,dsp_v2
valid/amc12b_2004_p3,R2,32,25,0.0,0.0,1.0,0.78125,dsp_v2
valid/amc12b_2004_p3,orig,32,19,0.0,0.0,1.0,0.59375,dsp_v2
valid/imo_1962_p4,R1,32,0,0.0,1.0,0.0,0.0,dsp_v2
valid/imo_1962_p4,R2,32,0,0.0,0.71875,0.0,0.0,dsp_v2
valid/imo_1962_p4,orig,32,0,0.0,0.84375,0.0,0.0,dsp_v2
valid/imo_1964_p1_2,R1,32,31,0.0,0.0,1.0,0.96875,dsp_v2
valid/imo_1964_p1_2,orig,32,32,0.0,0.0,1.0,1.0,dsp_v2
valid/imo_1977_p5,R1,32,0,0.0,0.4375,0.0,0.0,dsp_v2
valid/imo_1977_p5,R2,32,0,0.0,0.40625,0.0,0.0,dsp_v2
valid/imo_1977_p5,orig,32,0,0.0,0.21875,0.0,0.0,dsp_v2
valid/imo_1979_p1,R1,32,0,0.0,0.0625,0.0,0.0,dsp_v2
valid/imo_1979_p1,R2,32,0,0.09375,0.21875,0.0,0.0,dsp_v2
valid/imo_1979_p1,orig,32,0,0.09375,0.0,0.0,0.0,dsp_v2
valid/imo_1987_p4,R1,32,0,0.0,0.65625,0.0,0.0,dsp_v2
valid/imo_1987_p4,orig,32,0,0.0,0.5,0.0,0.0,dsp_v2
valid/imo_1990_p3,R1,32,0,0.0,0.0,0.0,0.0,dsp_v2
valid/imo_1990_p3,R2,32,0,0.0,0.0,0.0,0.0,dsp_v2
valid/imo_1990_p3,orig,32,0,0.0,0.03125,0.0,0.0,dsp_v2
valid/mathd_algebra_109,R1,32,32,0.0,0.0,1.0,1.0,dsp_v2
valid/mathd_algebra_109,R2,32,27,0.0,0.0,1.0,0.84375,dsp_v2
valid/mathd_algebra_109,orig,32,32,0.0,0.0,1.0,1.0,dsp_v2
valid/mathd_algebra_116,R1,32,20,0.0,0.34375,1.0,0.625,dsp_v2
valid/mathd_algebra_116,R2,32,7,0.0,0.375,1.0,0.21875,dsp_v2
valid/mathd_algebra_116,orig,32,26,0.03125,0.0625,1.0,0.8125,dsp_v2
valid/mathd_algebra_123,R1,32,32,0.0,0.0,1.0,1.0,dsp_v2
valid/mathd_algebra_123,R2,32,31,0.0,0.0,1.0,0.96875,dsp_v2
valid/mathd_algebra_123,orig,32,32,0.0,0.0,1.0,1.0,dsp_v2
valid/mathd_algebra_140,R1,32,25,0.0,0.0625,1.0,0.78125,dsp_v2
valid/mathd_algebra_140,R2,32,23,0.0,0.0625,1.0,0.71875,dsp_v2
valid/mathd_algebra_140,orig,32,29,0.0,0.0,1.0,0.90625,dsp_v2
valid/mathd_algebra_144,R1,32,3,0.0,0.0625,1.0,0.09375,dsp_v2
valid/mathd_algebra_144,R2,32,4,0.0,0.3125,1.0,0.125,dsp_v2
valid/mathd_algebra_144,orig,32,28,0.0,0.03125,1.0,0.875,dsp_v2
valid/mathd_algebra_159,R1,32,32,0.0,0.0,1.0,1.0,dsp_v2
valid/mathd_algebra_159,R2,32,30,0.0,0.0,1.0,0.9375,dsp_v2
valid/mathd_algebra_159,orig,32,32,0.0,0.0,1.0,1.0,dsp_v2
valid/mathd_algebra_181,R1,32,28,0.0,0.0,1.0,0.875,dsp_v2
valid/mathd_algebra_181,R2,32,26,0.0,0.0,1.0,0.8125,dsp_v2
valid/mathd_algebra_181,orig,32,29,0.0,0.0,1.0,0.90625,dsp_v2
valid/mathd_algebra_182,R1,32,27,0.0,0.0,1.0,0.84375,dsp_v2
valid/mathd_algebra_182,R2,32,29,0.0,0.0,1.0,0.90625,dsp_v2
valid/mathd_algebra_182,orig,32,30,0.0,0.0,1.0,0.9375,dsp_v2
valid/mathd_algebra_190,R2,32,32,0.0,0.0,1.0,1.0,dsp_v2
valid/mathd_algebra_190,orig,32,31,0.0,0.0,1.0,0.96875,dsp_v2
valid/mathd_algebra_206,R1,32,16,0.0,0.09375,1.0,0.5,dsp_v2
valid/mathd_algebra_206,R2,32,8,0.0,0.0,1.0,0.25,dsp_v2
valid/mathd_algebra_206,orig,32,18,0.0,0.0,1.0,0.5625,dsp_v2
valid/mathd_algebra_245,R1,32,31,0.0,0.0,1.0,0.96875,dsp_v2
valid/mathd_algebra_245,R2,32,31,0.0,0.0,1.0,0.96875,dsp_v2
valid/mathd_algebra_245,orig,32,31,0.0,0.0,1.0,0.96875,dsp_v2
valid/mathd_algebra_267,R1,32,32,0.0,0.0,1.0,1.0,dsp_v2
valid/mathd_algebra_267,R2,32,28,0.0,0.0,1.0,0.875,dsp_v2
valid/mathd_algebra_267,orig,32,32,0.0,0.0,1.0,1.0,dsp_v2
valid/mathd_algebra_28,R1,32,31,0.0,0.0,1.0,0.96875,dsp_v2
valid/mathd_algebra_28,orig,32,32,0.0,0.0,1.0,1.0,dsp_v2
valid/mathd_algebra_327,R1,32,30,0.0,0.0,1.0,0.9375,dsp_v2
valid/mathd_algebra_327,orig,32,28,0.0,0.0,1.0,0.875,dsp_v2
valid/mathd_algebra_35,R1,32,31,0.0,0.0,1.0,0.96875,dsp_v2
valid/mathd_algebra_35,R2,32,27,0.0,0.0,1.0,0.84375,dsp_v2
valid/mathd_algebra_35,orig,32,32,0.0,0.0,1.0,1.0,dsp_v2
valid/mathd_algebra_405,R1,32,32,0.0,0.0,1.0,1.0,dsp_v2
valid/mathd_algebra_405,R2,32,32,0.0,0.0,1.0,1.0,dsp_v2
valid/mathd_algebra_405,orig,32,32,0.0,0.0,1.0,1.0,dsp_v2
valid/mathd_algebra_421,R1,32,21,0.0,0.03125,1.0,0.65625,dsp_v2
valid/mathd_algebra_421,R2,32,24,0.0,0.0625,1.0,0.75,dsp_v2
valid/mathd_algebra_421,orig,32,26,0.0,0.03125,1.0,0.8125,dsp_v2
valid/mathd_algebra_422,R1,32,20,0.0,0.0625,1.0,0.625,dsp_v2
valid/mathd_algebra_422,R2,32,11,0.0,0.03125,1.0,0.34375,dsp_v2
valid/mathd_algebra_422,orig,32,26,0.0,0.0,1.0,0.8125,dsp_v2
valid/mathd_algebra_455,R1,32,30,0.0,0.0,1.0,0.9375,dsp_v2
valid/mathd_algebra_455,R2,32,28,0.0,0.0,1.0,0.875,dsp_v2
valid/mathd_algebra_455,orig,32,29,0.0,0.0,1.0,0.90625,dsp_v2
valid/mathd_algebra_480,R1,32,31,0.0,0.0,1.0,0.96875,dsp_v2
valid/mathd_algebra_480,R2,32,24,0.0,0.0,1.0,0.75,dsp_v2
valid/mathd_algebra_480,orig,32,30,0.0,0.0,1.0,0.9375,dsp_v2
valid/mathd_algebra_96,R1,32,29,0.0,0.0,1.0,0.90625,dsp_v2
valid/mathd_algebra_96,R2,32,27,0.0,0.0,1.0,0.84375,dsp_v2
valid/mathd_algebra_96,orig,32,28,0.0,0.0,1.0,0.875,dsp_v2
valid/mathd_numbertheory_136,R1,32,27,0.0,0.0,1.0,0.84375,dsp_v2
valid/mathd_numbertheory_136,R2,32,27,0.0,0.0,1.0,0.84375,dsp_v2
valid/mathd_numbertheory_136,orig,32,26,0.0,0.0,1.0,0.8125,dsp_v2
valid/mathd_numbertheory_155,R2,32,31,0.0,0.0,1.0,0.96875,dsp_v2
valid/mathd_numbertheory_155,orig,32,31,0.0,0.0,1.0,0.96875,dsp_v2
valid/mathd_numbertheory_200,R2,32,31,0.0,0.0,1.0,0.96875,dsp_v2
valid/mathd_numbertheory_200,orig,32,32,0.0,0.0,1.0,1.0,dsp_v2
valid/mathd_numbertheory_24,R2,32,31,0.0,0.0,1.0,0.96875,dsp_v2
valid/mathd_numbertheory_24,orig,32,32,0.0,0.0,1.0,1.0,dsp_v2
valid/mathd_numbertheory_284,R1,32,28,0.0,0.0,1.0,0.875,dsp_v2
valid/mathd_numbertheory_284,R2,32,28,0.0,0.0,1.0,0.875,dsp_v2
valid/mathd_numbertheory_284,orig,32,31,0.0,0.0,1.0,0.96875,dsp_v2
valid/mathd_numbertheory_301,R1,32,30,0.0,0.0,1.0,0.9375,dsp_v2
valid/mathd_numbertheory_301,R2,32,32,0.0,0.0,1.0,1.0,dsp_v2
valid/mathd_numbertheory_301,orig,32,32,0.0,0.0,1.0,1.0,dsp_v2
valid/mathd_numbertheory_33,R1,32,32,0.0,0.0,1.0,1.0,dsp_v2
valid/mathd_numbertheory_33,R2,32,27,0.0,0.0,1.0,0.84375,dsp_v2
valid/mathd_numbertheory_33,orig,32,32,0.0,0.0,1.0,1.0,dsp_v2
valid/mathd_numbertheory_335,R1,32,32,0.0,0.0,1.0,1.0,dsp_v2
valid/mathd_numbertheory_335,R2,32,32,0.0,0.0,1.0,1.0,dsp_v2
valid/mathd_numbertheory_335,orig,32,31,0.0,0.0,1.0,0.96875,dsp_v2
valid/mathd_numbertheory_370,R1,32,31,0.0,0.0,1.0,0.96875,dsp_v2
valid/mathd_numbertheory_370,R2,32,29,0.0,0.0,1.0,0.90625,dsp_v2
valid/mathd_numbertheory_370,orig,32,31,0.0,0.0,1.0,0.96875,dsp_v2
valid/mathd_numbertheory_405,R1,32,0,0.0,0.375,0.0,0.0,dsp_v2
valid/mathd_numbertheory_405,R2,32,0,0.0,0.40625,0.0,0.0,dsp_v2
valid/mathd_numbertheory_405,orig,32,0,0.0,0.21875,0.0,0.0,dsp_v2
valid/mathd_numbertheory_42,R1,32,0,0.0,0.09375,0.0,0.0,dsp_v2
valid/mathd_numbertheory_42,R2,32,1,0.0,0.0625,1.0,0.03125,dsp_v2
valid/mathd_numbertheory_42,orig,32,0,0.0,0.125,0.0,0.0,dsp_v2
valid/mathd_numbertheory_43,orig,32,0,0.0,0.03125,0.0,0.0,dsp_v2
valid/mathd_numbertheory_45,R2,32,30,0.0,0.0,1.0,0.9375,dsp_v2
valid/mathd_numbertheory_45,orig,32,32,0.0,0.0,1.0,1.0,dsp_v2
valid/mathd_numbertheory_461,R1,32,32,0.0,0.0,1.0,1.0,dsp_v2
valid/mathd_numbertheory_461,R2,32,30,0.0,0.0,1.0,0.9375,dsp_v2
valid/mathd_numbertheory_461,orig,32,32,0.0,0.0,1.0,1.0,dsp_v2
valid/mathd_numbertheory_48,R1,32,32,0.0,0.0,1.0,1.0,dsp_v2
valid/mathd_numbertheory_48,R2,32,30,0.0,0.0,1.0,0.9375,dsp_v2
valid/mathd_numbertheory_48,orig,32,32,0.0,0.0,1.0,1.0,dsp_v2
valid/mathd_numbertheory_530,R1,32,0,0.0,0.34375,0.0,0.0,dsp_v2
valid/mathd_numbertheory_530,orig,32,0,0.0,0.21875,0.0,0.0,dsp_v2
valid/mathd_numbertheory_629,orig,32,32,0.0,0.0,1.0,1.0,dsp_v2
valid/mathd_numbertheory_640,R2,32,32,0.0,0.0,1.0,1.0,dsp_v2
valid/mathd_numbertheory_640,orig,32,31,0.0,0.0,1.0,0.96875,dsp_v2
valid/mathd_numbertheory_690,orig,32,30,0.0,0.03125,1.0,0.9375,dsp_v2
valid/mathd_numbertheory_709,R1,32,0,0.0,0.09375,0.0,0.0,dsp_v2
valid/mathd_numbertheory_709,R2,32,0,0.0,0.25,0.0,0.0,dsp_v2
valid/mathd_numbertheory_709,orig,32,0,0.0,0.1875,0.0,0.0,dsp_v2
valid/mathd_numbertheory_81,R2,32,32,0.0,0.0,1.0,1.0,dsp_v2
valid/mathd_numbertheory_81,orig,32,32,0.0,0.0,1.0,1.0,dsp_v2
valid/mathd_numbertheory_84,R2,32,31,0.0,0.0,1.0,0.96875,dsp_v2
valid/mathd_numbertheory_84,orig,32,32,0.0,0.0,1.0,1.0,dsp_v2
valid/numbertheory_2dvd4expn,R1,32,31,0.0,0.0,1.0,0.96875,dsp_v2
valid/numbertheory_2dvd4expn,orig,32,31,0.0,0.0,1.0,0.96875,dsp_v2
valid/numbertheory_prmdvsneqnsqmodpeq0,R1,32,19,0.09375,0.0,1.0,0.59375,dsp_v2
valid/numbertheory_prmdvsneqnsqmodpeq0,orig,32,24,0.09375,0.0,1.0,0.75,dsp_v2
test/aime_1983_p2,R1,32,31,0.0,0.0,1.0,0.96875,goedel_v2
test/aime_1983_p2,R2,32,29,0.0,0.03125,1.0,0.90625,goedel_v2
test/aime_1983_p2,orig,32,30,0.0,0.0,1.0,0.9375,goedel_v2
test/aime_1983_p3,R1,32,5,0.0,0.71875,1.0,0.15625,goedel_v2
test/aime_1983_p3,R2,32,1,0.0,0.71875,1.0,0.03125,goedel_v2
test/aime_1983_p3,orig,32,2,0.0,0.6875,1.0,0.0625,goedel_v2
test/aime_1984_p7,R1,32,0,0.0,0.96875,0.0,0.0,goedel_v2
test/aime_1984_p7,R2,32,0,0.0,0.9375,0.0,0.0,goedel_v2
test/aime_1984_p7,orig,32,0,0.0,0.96875,0.0,0.0,goedel_v2
test/aime_1987_p5,R1,32,4,0.0,0.3125,1.0,0.125,goedel_v2
test/aime_1987_p5,R2,32,1,0.0,0.28125,1.0,0.03125,goedel_v2
test/aime_1987_p5,orig,32,5,0.0,0.375,1.0,0.15625,goedel_v2
test/aime_1989_p8,R1,32,21,0.0,0.21875,1.0,0.65625,goedel_v2
test/aime_1989_p8,R2,32,22,0.0,0.21875,1.0,0.6875,goedel_v2
test/aime_1989_p8,orig,32,24,0.0,0.15625,1.0,0.75,goedel_v2
test/aime_1990_p15,R1,32,12,0.0,0.21875,1.0,0.375,goedel_v2
test/aime_1990_p15,R2,32,7,0.0,0.28125,1.0,0.21875,goedel_v2
test/aime_1990_p15,orig,32,15,0.0,0.25,1.0,0.46875,goedel_v2
test/aime_1991_p9,R1,32,1,0.0,0.9375,1.0,0.03125,goedel_v2
test/aime_1991_p9,R2,32,0,0.0,0.78125,0.0,0.0,goedel_v2
test/aime_1991_p9,orig,32,2,0.0,0.78125,1.0,0.0625,goedel_v2
test/aime_1994_p3,R1,32,1,0.0,0.8125,1.0,0.03125,goedel_v2
test/aime_1994_p3,R2,32,3,0.0,0.53125,1.0,0.09375,goedel_v2
test/aime_1994_p3,orig,32,1,0.0,0.75,1.0,0.03125,goedel_v2
test/algebra_2varlineareq_fp3zeq11_3tfm1m5zeqn68_feqn10_zeq7,R1,32,30,0.0,0.0,1.0,0.9375,goedel_v2
test/algebra_2varlineareq_fp3zeq11_3tfm1m5zeqn68_feqn10_zeq7,R2,32,21,0.0,0.03125,1.0,0.65625,goedel_v2
test/algebra_2varlineareq_fp3zeq11_3tfm1m5zeqn68_feqn10_zeq7,orig,32,29,0.03125,0.0,1.0,0.90625,goedel_v2
test/algebra_absapbon1pabsapbleqsumabsaon1pabsa,R1,32,29,0.0,0.0,1.0,0.90625,goedel_v2
test/algebra_absapbon1pabsapbleqsumabsaon1pabsa,orig,32,29,0.0,0.0,1.0,0.90625,goedel_v2
test/algebra_absxm1pabsxpabsxp1eqxp2_0leqxleq1,R1,32,29,0.0,0.0,1.0,0.90625,goedel_v2
test/algebra_absxm1pabsxpabsxp1eqxp2_0leqxleq1,R2,32,28,0.0,0.0,1.0,0.875,goedel_v2
test/algebra_absxm1pabsxpabsxp1eqxp2_0leqxleq1,orig,32,28,0.0,0.0,1.0,0.875,goedel_v2
test/algebra_amgm_sumasqdivbgeqsuma,R1,32,31,0.0,0.0,1.0,0.96875,goedel_v2
test/algebra_amgm_sumasqdivbgeqsuma,orig,32,32,0.0,0.0,1.0,1.0,goedel_v2
test/algebra_apbmpcneq0_aeq0anbeq0anceq0,R1,32,0,0.0,0.65625,0.0,0.0,goedel_v2
test/algebra_apbmpcneq0_aeq0anbeq0anceq0,R2,32,0,0.0,0.53125,0.0,0.0,goedel_v2
test/algebra_apbmpcneq0_aeq0anbeq0anceq0,orig,32,0,0.0,0.65625,0.0,0.0,goedel_v2
test/algebra_apbon2pownleqapownpbpowon2,R1,32,3,0.0,0.03125,1.0,0.09375,goedel_v2
test/algebra_apbon2pownleqapownpbpowon2,orig,32,4,0.0,0.03125,1.0,0.125,goedel_v2
test/algebra_bleqa_apbon2msqrtableqambsqon8b,R1,32,8,0.0,0.03125,1.0,0.25,goedel_v2
test/algebra_bleqa_apbon2msqrtableqambsqon8b,orig,32,10,0.0,0.0625,1.0,0.3125,goedel_v2
test/algebra_cubrtrp1oncubrtreq3_rcubp1onrcubeq5778,R1,32,3,0.0,0.1875,1.0,0.09375,goedel_v2
test/algebra_cubrtrp1oncubrtreq3_rcubp1onrcubeq5778,R2,32,0,0.0,0.28125,0.0,0.0,goedel_v2
test/algebra_cubrtrp1oncubrtreq3_rcubp1onrcubeq5778,orig,32,0,0.0,0.15625,0.0,0.0,goedel_v2
test/algebra_others_exirrpowirrrat,orig,32,3,0.0,0.28125,1.0,0.09375,goedel_v2
test/algebra_sqineq_at2malt1,R1,32,32,0.0,0.0,1.0,1.0,goedel_v2
test/algebra_sqineq_at2malt1,orig,32,32,0.0,0.0,1.0,1.0,goedel_v2
test/algebra_sqineq_unitcircatbpamblt1,R1,32,30,0.0,0.03125,1.0,0.9375,goedel_v2
test/algebra_sqineq_unitcircatbpamblt1,R2,32,27,0.0,0.09375,1.0,0.84375,goedel_v2
test/algebra_sqineq_unitcircatbpamblt1,orig,32,31,0.0,0.03125,1.0,0.96875,goedel_v2
test/algebra_sum1onsqrt2to1onsqrt10000lt198,orig,32,0,0.0,0.28125,0.0,0.0,goedel_v2
test/amc12_2000_p12,R1,32,27,0.0,0.0625,1.0,0.84375,goedel_v2
test/amc12_2000_p12,R2,32,24,0.0,0.09375,1.0,0.75,goedel_v2
test/amc12_2000_p12,orig,32,25,0.0,0.125,1.0,0.78125,goedel_v2
test/amc12_2000_p20,R1,32,17,0.0,0.125,1.0,0.53125,goedel_v2
test/amc12_2000_p20,R2,32,13,0.0,0.0625,1.0,0.40625,goedel_v2
test/amc12_2000_p20,orig,32,20,0.0,0.03125,1.0,0.625,goedel_v2
test/amc12_2000_p6,R1,32,31,0.0,0.03125,1.0,0.96875,goedel_v2
test/amc12_2000_p6,orig,32,30,0.0,0.0625,1.0,0.9375,goedel_v2
test/amc12_2001_p5,orig,32,4,0.0,0.53125,1.0,0.125,goedel_v2
test/amc12a_2002_p13,R1,32,2,0.0,0.25,1.0,0.0625,goedel_v2
test/amc12a_2002_p13,R2,32,7,0.0,0.0625,1.0,0.21875,goedel_v2
test/amc12a_2002_p13,orig,32,5,0.0,0.09375,1.0,0.15625,goedel_v2
test/amc12a_2002_p6,R1,32,32,0.0,0.0,1.0,1.0,goedel_v2
test/amc12a_2002_p6,orig,32,32,0.0,0.0,1.0,1.0,goedel_v2
test/amc12a_2008_p25,R1,32,0,0.0,0.59375,0.0,0.0,goedel_v2
test/amc12a_2008_p25,R2,32,0,0.0,0.625,0.0,0.0,goedel_v2
test/amc12a_2008_p25,orig,32,0,0.0,0.625,0.0,0.0,goedel_v2
test/amc12a_2009_p6,R1,32,24,0.0,0.0,1.0,0.75,goedel_v2
test/amc12a_2009_p6,R2,32,16,0.09375,0.03125,1.0,0.5,goedel_v2
test/amc12a_2009_p6,orig,32,19,0.0,0.0,1.0,0.59375,goedel_v2
test/amc12a_2019_p12,R1,32,26,0.0,0.0,1.0,0.8125,goedel_v2
test/amc12a_2019_p12,R2,32,18,0.0,0.0,1.0,0.5625,goedel_v2
test/amc12a_2019_p12,orig,32,22,0.0,0.0,1.0,0.6875,goedel_v2
test/amc12a_2020_p15,R1,32,0,0.0,0.6875,0.0,0.0,goedel_v2
test/amc12a_2020_p15,R2,32,0,0.0,0.6875,0.0,0.0,goedel_v2
test/amc12a_2020_p15,orig,32,0,0.0,0.65625,0.0,0.0,goedel_v2
test/amc12a_2020_p4,R1,32,0,0.0,0.1875,0.0,0.0,goedel_v2
test/amc12a_2020_p4,R2,32,0,0.0,0.15625,0.0,0.0,goedel_v2
test/amc12a_2020_p4,orig,32,0,0.0,0.09375,0.0,0.0,goedel_v2
test/amc12a_2021_p14,R2,32,0,0.0,0.0,0.0,0.0,goedel_v2
test/amc12a_2021_p14,orig,32,0,0.0,0.0,0.0,0.0,goedel_v2
test/amc12a_2021_p18,R1,32,20,0.0,0.03125,1.0,0.625,goedel_v2
test/amc12a_2021_p18,orig,32,22,0.0,0.03125,1.0,0.6875,goedel_v2
test/amc12a_2021_p25,R1,32,0,0.0,0.875,0.0,0.0,goedel_v2
test/amc12a_2021_p25,R2,32,0,0.0,0.875,0.0,0.0,goedel_v2
test/amc12a_2021_p25,orig,32,0,0.0,0.96875,0.0,0.0,goedel_v2
test/amc12a_2021_p3,R1,32,25,0.0,0.03125,1.0,0.78125,goedel_v2
test/amc12a_2021_p3,R2,32,22,0.0,0.0,1.0,0.6875,goedel_v2
test/amc12a_2021_p3,orig,32,28,0.0,0.0,1.0,0.875,goedel_v2
test/amc12a_2021_p8,R1,32,1,0.0,0.5625,1.0,0.03125,goedel_v2
test/amc12a_2021_p8,R2,32,0,0.0,0.6875,0.0,0.0,goedel_v2
test/amc12a_2021_p8,orig,32,0,0.0,0.40625,0.0,0.0,goedel_v2
test/amc12b_2002_p19,R1,32,21,0.0,0.1875,1.0,0.65625,goedel_v2
test/amc12b_2002_p19,R2,32,17,0.0,0.28125,1.0,0.53125,goedel_v2
test/amc12b_2002_p19,orig,32,25,0.0,0.03125,1.0,0.78125,goedel_v2
test/amc12b_2002_p4,R1,32,0,0.0,0.1875,0.0,0.0,goedel_v2
test/amc12b_2002_p4,R2,32,0,0.0,0.15625,0.0,0.0,goedel_v2
test/amc12b_2002_p4,orig,32,0,0.03125,0.25,0.0,0.0,goedel_v2
test/amc12b_2002_p7,R1,32,22,0.0,0.03125,1.0,0.6875,goedel_v2
test/amc12b_2002_p7,R2,32,25,0.0,0.0,1.0,0.78125,goedel_v2
test/amc12b_2002_p7,orig,32,20,0.0,0.0,1.0,0.625,goedel_v2
test/amc12b_2020_p13,R2,32,28,0.0,0.03125,1.0,0.875,goedel_v2
test/amc12b_2020_p13,orig,32,26,0.0,0.0,1.0,0.8125,goedel_v2
test/amc12b_2020_p2,R2,32,31,0.0,0.03125,1.0,0.96875,goedel_v2
test/amc12b_2020_p2,orig,32,32,0.0,0.0,1.0,1.0,goedel_v2
test/amc12b_2020_p22,R1,32,18,0.03125,0.28125,1.0,0.5625,goedel_v2
test/amc12b_2020_p22,orig,32,19,0.0,0.21875,1.0,0.59375,goedel_v2
test/amc12b_2020_p6,R1,32,3,0.0,0.03125,1.0,0.09375,goedel_v2
test/amc12b_2020_p6,orig,32,2,0.0,0.0,1.0,0.0625,goedel_v2
test/amc12b_2021_p1,R1,32,6,0.0,0.03125,1.0,0.1875,goedel_v2
test/amc12b_2021_p1,R2,32,8,0.0,0.0625,1.0,0.25,goedel_v2
test/amc12b_2021_p1,orig,32,10,0.0,0.03125,1.0,0.3125,goedel_v2
test/amc12b_2021_p18,R1,32,2,0.0,0.4375,1.0,0.0625,goedel_v2
test/amc12b_2021_p18,R2,32,1,0.0,0.5,1.0,0.03125,goedel_v2
test/amc12b_2021_p18,orig,32,2,0.0,0.53125,1.0,0.0625,goedel_v2
test/amc12b_2021_p3,R1,32,5,0.0,0.0625,1.0,0.15625,goedel_v2
test/amc12b_2021_p3,R2,32,3,0.0,0.0625,1.0,0.09375,goedel_v2
test/amc12b_2021_p3,orig,32,5,0.0,0.125,1.0,0.15625,goedel_v2
test/amc12b_2021_p9,R2,32,20,0.0,0.0,1.0,0.625,goedel_v2
test/amc12b_2021_p9,orig,32,31,0.03125,0.0,1.0,0.96875,goedel_v2
test/imo_1959_p1,R1,32,28,0.0,0.0,1.0,0.875,goedel_v2
test/imo_1959_p1,R2,32,32,0.0,0.0,1.0,1.0,goedel_v2
test/imo_1959_p1,orig,32,29,0.0,0.0,1.0,0.90625,goedel_v2
test/imo_1960_p2,R1,32,8,0.0,0.21875,1.0,0.25,goedel_v2
test/imo_1960_p2,orig,32,13,0.0,0.09375,1.0,0.40625,goedel_v2
test/imo_1962_p2,R1,32,5,0.0,0.1875,1.0,0.15625,goedel_v2
test/imo_1962_p2,orig,32,9,0.0,0.25,1.0,0.28125,goedel_v2
test/imo_1963_p5,R2,32,18,0.0,0.0625,1.0,0.5625,goedel_v2
test/imo_1963_p5,orig,32,22,0.0,0.125,1.0,0.6875,goedel_v2
test/imo_1964_p2,R1,32,24,0.0,0.09375,1.0,0.75,goedel_v2
test/imo_1964_p2,orig,32,25,0.0,0.09375,1.0,0.78125,goedel_v2
test/imo_1965_p2,R1,32,0,0.0,0.625,0.0,0.0,goedel_v2
test/imo_1965_p2,R2,32,0,0.0,0.625,0.0,0.0,goedel_v2
test/imo_1965_p2,orig,32,0,0.0,0.71875,0.0,0.0,goedel_v2
test/imo_1968_p5_1,R1,32,0,0.0,0.90625,0.0,0.0,goedel_v2
test/imo_1968_p5_1,orig,32,0,0.0,0.90625,0.0,0.0,goedel_v2
test/imo_1969_p2,R1,32,0,0.0,0.90625,0.0,0.0,goedel_v2
test/imo_1969_p2,R2,32,0,0.0,0.84375,0.0,0.0,goedel_v2
test/imo_1969_p2,orig,32,0,0.09375,0.875,0.0,0.0,goedel_v2
test/imo_1974_p3,R1,32,0,0.0,0.59375,0.0,0.0,goedel_v2
test/imo_1974_p3,orig,32,0,0.0,0.53125,0.0,0.0,goedel_v2
test/imo_1977_p6,R1,32,0,0.0,1.0,0.0,0.0,goedel_v2
test/imo_1977_p6,orig,32,0,0.0,0.90625,0.0,0.0,goedel_v2
test/imo_1981_p6,R1,32,1,0.0,0.625,1.0,0.03125,goedel_v2
test/imo_1981_p6,orig,32,5,0.0,0.46875,1.0,0.15625,goedel_v2
test/imo_1983_p6,R1,32,20,0.0,0.21875,1.0,0.625,goedel_v2
test/imo_1983_p6,orig,32,15,0.0,0.15625,1.0,0.46875,goedel_v2
test/imo_1984_p6,R1,32,0,0.15625,0.71875,0.0,0.0,goedel_v2
test/imo_1984_p6,R2,32,0,0.25,0.6875,0.0,0.0,goedel_v2
test/imo_1984_p6,orig,32,0,0.0,0.78125,0.0,0.0,goedel_v2
test/imo_1997_p5,R1,32,0,0.0,0.9375,0.0,0.0,goedel_v2
test/imo_1997_p5,R2,32,0,0.0,0.96875,0.0,0.0,goedel_v2
test/imo_1997_p5,orig,32,0,0.0,0.90625,0.0,0.0,goedel_v2
test/imo_2019_p1,R1,32,0,0.0,1.0,0.0,0.0,goedel_v2
test/imo_2019_p1,orig,32,0,0.0,0.96875,0.0,0.0,goedel_v2
test/imosl_2007_algebra_p6,R1,32,0,0.0,0.9375,0.0,0.0,goedel_v2
test/imosl_2007_algebra_p6,R2,32,0,0.0,0.90625,0.0,0.0,goedel_v2
test/imosl_2007_algebra_p6,orig,32,0,0.0,0.96875,0.0,0.0,goedel_v2
test/induction_12dvd4expnp1p20,R1,32,25,0.0,0.0,1.0,0.78125,goedel_v2
test/induction_12dvd4expnp1p20,orig,32,26,0.0,0.0,1.0,0.8125,goedel_v2
test/induction_1pxpownlt1pnx,R1,32,18,0.0,0.03125,1.0,0.5625,goedel_v2
test/induction_1pxpownlt1pnx,orig,32,23,0.0,0.0,1.0,0.71875,goedel_v2
test/induction_sumkexp3eqsumksq,R1,32,7,0.0,0.03125,1.0,0.21875,goedel_v2
test/induction_sumkexp3eqsumksq,R2,32,4,0.0,0.0625,1.0,0.125,goedel_v2
test/induction_sumkexp3eqsumksq,orig,32,5,0.0,0.03125,1.0,0.15625,goedel_v2
test/mathd_algebra_113,R1,32,32,0.0,0.0,1.0,1.0,goedel_v2
test/mathd_algebra_113,orig,32,32,0.0,0.0,1.0,1.0,goedel_v2
test/mathd_algebra_129,R1,32,32,0.0,0.0,1.0,1.0,goedel_v2
test/mathd_algebra_129,R2,32,26,0.0,0.0,1.0,0.8125,goedel_v2
test/mathd_algebra_129,orig,32,31,0.0,0.0,1.0,0.96875,goedel_v2
test/mathd_algebra_137,R1,32,31,0.0,0.0,1.0,0.96875,goedel_v2
test/mathd_algebra_137,R2,32,30,0.0,0.03125,1.0,0.9375,goedel_v2
test/mathd_algebra_137,orig,32,31,0.0,0.0,1.0,0.96875,goedel_v2
test/mathd_algebra_148,R1,32,32,0.0,0.0,1.0,1.0,goedel_v2
test/mathd_algebra_148,R2,32,32,0.0,0.0,1.0,1.0,goedel_v2
test/mathd_algebra_148,orig,32,32,0.0,0.0,1.0,1.0,goedel_v2
test/mathd_algebra_158,R1,32,21,0.0,0.0,1.0,0.65625,goedel_v2
test/mathd_algebra_158,R2,32,10,0.0,0.0,1.0,0.3125,goedel_v2
test/mathd_algebra_158,orig,32,22,0.0,0.0,1.0,0.6875,goedel_v2
test/mathd_algebra_160,R1,32,31,0.0,0.0,1.0,0.96875,goedel_v2
test/mathd_algebra_160,R2,32,32,0.0,0.0,1.0,1.0,goedel_v2
test/mathd_algebra_160,orig,32,32,0.0,0.0,1.0,1.0,goedel_v2
test/mathd_algebra_17,R1,32,14,0.0,0.0625,1.0,0.4375,goedel_v2
test/mathd_algebra_17,R2,32,14,0.0,0.1875,1.0,0.4375,goedel_v2
test/mathd_algebra_17,orig,32,18,0.0,0.09375,1.0,0.5625,goedel_v2
test/mathd_algebra_176,R1,32,32,0.0,0.0,1.0,1.0,goedel_v2
test/mathd_algebra_176,R2,32,32,0.0,0.0,1.0,1.0,goedel_v2
test/mathd_algebra_176,orig,32,32,0.0,0.0,1.0,1.0,goedel_v2
test/mathd_algebra_24,R1,32,32,0.0,0.0,1.0,1.0,goedel_v2
test/mathd_algebra_24,R2,32,32,0.0,0.0,1.0,1.0,goedel_v2
test/mathd_algebra_24,orig,32,32,0.0,0.0,1.0,1.0,goedel_v2
test/mathd_algebra_246,R1,32,31,0.0,0.0,1.0,0.96875,goedel_v2
test/mathd_algebra_246,R2,32,32,0.0,0.0,1.0,1.0,goedel_v2
test/mathd_algebra_246,orig,32,32,0.0,0.0,1.0,1.0,goedel_v2
test/mathd_algebra_263,R1,32,32,0.0,0.0,1.0,1.0,goedel_v2
test/mathd_algebra_263,R2,32,32,0.0,0.0,1.0,1.0,goedel_v2
test/mathd_algebra_263,orig,32,32,0.0,0.0,1.0,1.0,goedel_v2
test/mathd_algebra_270,R1,32,32,0.0,0.0,1.0,1.0,goedel_v2
test/mathd_algebra_270,R2,32,32,0.0,0.0,1.0,1.0,goedel_v2
test/mathd_algebra_270,orig,32,32,0.0,0.0,1.0,1.0,goedel_v2
test/mathd_algebra_276,R1,32,3,0.0,0.21875,1.0,0.09375,goedel_v2
test/mathd_algebra_276,R2,32,4,0.0,0.21875,1.0,0.125,goedel_v2
test/mathd_algebra_276,orig,32,7,0.0,0.125,1.0,0.21875,goedel_v2
test/mathd_algebra_288,R1,32,25,0.0,0.0,1.0,0.78125,goedel_v2
test/mathd_algebra_288,R2,32,7,0.0,0.0,1.0,0.21875,goedel_v2
test/mathd_algebra_288,orig,32,27,0.0,0.0,1.0,0.84375,goedel_v2
test/mathd_algebra_293,R1,32,28,0.0,0.0,1.0,0.875,goedel_v2
test/mathd_algebra_293,R2,32,25,0.0,0.0,1.0,0.78125,goedel_v2
test/mathd_algebra_293,orig,32,27,0.0,0.0,1.0,0.84375,goedel_v2
test/mathd_algebra_296,R2,32,27,0.0,0.15625,1.0,0.84375,goedel_v2
test/mathd_algebra_296,orig,32,26,0.0,0.125,1.0,0.8125,goedel_v2
test/mathd_algebra_33,R1,32,32,0.0,0.0,1.0,1.0,goedel_v2
test/mathd_algebra_33,R2,32,32,0.0,0.0,1.0,1.0,goedel_v2
test/mathd_algebra_33,orig,32,32,0.0,0.0,1.0,1.0,goedel_v2
test/mathd_algebra_332,R1,32,32,0.0,0.0,1.0,1.0,goedel_v2
test/mathd_algebra_332,R2,32,30,0.0,0.0,1.0,0.9375,goedel_v2
test/mathd_algebra_332,orig,32,32,0.0,0.0,1.0,1.0,goedel_v2
test/mathd_algebra_338,R1,32,28,0.0,0.03125,1.0,0.875,goedel_v2
test/mathd_algebra_338,R2,32,28,0.0,0.03125,1.0,0.875,goedel_v2
test/mathd_algebra_338,orig,32,29,0.0,0.03125,1.0,0.90625,goedel_v2
test/mathd_algebra_362,R1,32,15,0.0,0.0,1.0,0.46875,goedel_v2
test/mathd_algebra_362,R2,32,14,0.0,0.09375,1.0,0.4375,goedel_v2
test/mathd_algebra_362,orig,32,15,0.0,0.09375,1.0,0.46875,goedel_v2
test/mathd_algebra_398,R1,32,32,0.0,0.0,1.0,1.0,goedel_v2
test/mathd_algebra_398,R2,32,31,0.0,0.03125,1.0,0.96875,goedel_v2
test/mathd_algebra_398,orig,32,32,0.0,0.0,1.0,1.0,goedel_v2
test/mathd_algebra_412,R1,32,32,0.0,0.0,1.0,1.0,goedel_v2
test/mathd_algebra_412,R2,32,32,0.0,0.0,1.0,1.0,goedel_v2
test/mathd_algebra_412,orig,32,32,0.0,0.0,1.0,1.0,goedel_v2
test/mathd_algebra_440,R1,32,28,0.0,0.0,1.0,0.875,goedel_v2
test/mathd_algebra_440,R2,32,32,0.0,0.0,1.0,1.0,goedel_v2
test/mathd_algebra_440,orig,32,30,0.0,0.03125,1.0,0.9375,goedel_v2
test/mathd_algebra_459,R1,32,25,0.0,0.03125,1.0,0.78125,goedel_v2
test/mathd_algebra_459,R2,32,24,0.03125,0.09375,1.0,0.75,goedel_v2
test/mathd_algebra_459,orig,32,21,0.0,0.03125,1.0,0.65625,goedel_v2
test/mathd_algebra_513,R1,32,32,0.0,0.0,1.0,1.0,goedel_v2
test/mathd_algebra_513,R2,32,32,0.0,0.0,1.0,1.0,goedel_v2
test/mathd_algebra_513,orig,32,32,0.0,0.0,1.0,1.0,goedel_v2
test/mathd_algebra_598,R1,32,28,0.0,0.0,1.0,0.875,goedel_v2
test/mathd_algebra_598,R2,32,26,0.0,0.03125,1.0,0.8125,goedel_v2
test/mathd_algebra_598,orig,32,32,0.0,0.0,1.0,1.0,goedel_v2
test/mathd_algebra_76,R1,32,30,0.0,0.0,1.0,0.9375,goedel_v2
test/mathd_algebra_76,R2,32,24,0.0,0.0,1.0,0.75,goedel_v2
test/mathd_algebra_76,orig,32,30,0.0,0.0,1.0,0.9375,goedel_v2
test/mathd_numbertheory_100,R1,32,31,0.0,0.0,1.0,0.96875,goedel_v2
test/mathd_numbertheory_100,R2,32,29,0.0,0.0,1.0,0.90625,goedel_v2
test/mathd_numbertheory_100,orig,32,32,0.0,0.0,1.0,1.0,goedel_v2
test/mathd_numbertheory_12,R2,32,31,0.0,0.03125,1.0,0.96875,goedel_v2
test/mathd_numbertheory_12,orig,32,32,0.0,0.0,1.0,1.0,goedel_v2
test/mathd_numbertheory_127,R2,32,32,0.0,0.0,1.0,1.0,goedel_v2
test/mathd_numbertheory_127,orig,32,32,0.0,0.0,1.0,1.0,goedel_v2
test/mathd_numbertheory_185,R1,32,32,0.0,0.0,1.0,1.0,goedel_v2
test/mathd_numbertheory_185,R2,32,32,0.0,0.0,1.0,1.0,goedel_v2
test/mathd_numbertheory_185,orig,32,32,0.0,0.0,1.0,1.0,goedel_v2
test/mathd_numbertheory_212,R2,32,31,0.0,0.0,1.0,0.96875,goedel_v2
test/mathd_numbertheory_212,orig,32,29,0.0,0.0,1.0,0.90625,goedel_v2
test/mathd_numbertheory_222,R1,32,30,0.0,0.0,1.0,0.9375,goedel_v2
test/mathd_numbertheory_222,R2,32,26,0.0,0.0,1.0,0.8125,goedel_v2
test/mathd_numbertheory_222,orig,32,28,0.0,0.0,1.0,0.875,goedel_v2
test/mathd_numbertheory_227,R1,32,3,0.0,0.25,1.0,0.09375,goedel_v2
test/mathd_numbertheory_227,R2,32,1,0.125,0.625,1.0,0.03125,goedel_v2
test/mathd_numbertheory_227,orig,32,2,0.0,0.25,1.0,0.0625,goedel_v2
test/mathd_numbertheory_254,R2,32,30,0.0,0.0,1.0,0.9375,goedel_v2
test/mathd_numbertheory_254,orig,32,31,0.0,0.0,1.0,0.96875,goedel_v2
test/mathd_numbertheory_293,R1,32,30,0.0,0.03125,1.0,0.9375,goedel_v2
test/mathd_numbertheory_293,R2,32,28,0.03125,0.03125,1.0,0.875,goedel_v2
test/mathd_numbertheory_293,orig,32,30,0.03125,0.0,1.0,0.9375,goedel_v2
test/mathd_numbertheory_321,R1,32,14,0.0,0.03125,1.0,0.4375,goedel_v2
test/mathd_numbertheory_321,R2,32,6,0.0,0.03125,1.0,0.1875,goedel_v2
test/mathd_numbertheory_321,orig,32,14,0.0,0.09375,1.0,0.4375,goedel_v2
test/mathd_numbertheory_343,R2,32,32,0.0,0.0,1.0,1.0,goedel_v2
test/mathd_numbertheory_343,orig,32,32,0.0,0.0,1.0,1.0,goedel_v2
test/mathd_numbertheory_435,R1,32,25,0.0,0.15625,1.0,0.78125,goedel_v2
test/mathd_numbertheory_435,orig,32,31,0.0,0.03125,1.0,0.96875,goedel_v2
test/mathd_numbertheory_451,R1,32,0,0.0,0.8125,0.0,0.0,goedel_v2
test/mathd_numbertheory_451,R2,32,0,0.0,0.78125,0.0,0.0,goedel_v2
test/mathd_numbertheory_451,orig,32,0,0.0,0.75,0.0,0.0,goedel_v2
test/mathd_numbertheory_457,R1,32,26,0.0,0.03125,1.0,0.8125,goedel_v2
test/mathd_numbertheory_457,orig,32,26,0.0,0.03125,1.0,0.8125,goedel_v2
test/mathd_numbertheory_483,R1,32,13,0.0,0.0625,1.0,0.40625,goedel_v2
test/mathd_numbertheory_483,R2,32,2,0.0,0.25,1.0,0.0625,goedel_v2
test/mathd_numbertheory_483,orig,32,17,0.0,0.125,1.0,0.53125,goedel_v2
test/mathd_numbertheory_495,R1,32,3,0.0,0.65625,1.0,0.09375,goedel_v2
test/mathd_numbertheory_495,R2,32,4,0.0,0.3125,1.0,0.125,goedel_v2
test/mathd_numbertheory_495,orig,32,3,0.0,0.4375,1.0,0.09375,goedel_v2
test/mathd_numbertheory_551,R2,32,31,0.0,0.0,1.0,0.96875,goedel_v2
test/mathd_numbertheory_551,orig,32,32,0.0,0.0,1.0,1.0,goedel_v2
test/mathd_numbertheory_559,R1,32,32,0.0,0.0,1.0,1.0,goedel_v2
test/mathd_numbertheory_559,R2,32,31,0.0,0.03125,1.0,0.96875,goedel_v2
test/mathd_numbertheory_559,orig,32,30,0.0,0.03125,1.0,0.9375,goedel_v2
test/mathd_numbertheory_582,R1,32,32,0.0,0.0,1.0,1.0,goedel_v2
test/mathd_numbertheory_582,R2,32,32,0.0,0.0,1.0,1.0,goedel_v2
test/mathd_numbertheory_582,orig,32,32,0.0,0.0,1.0,1.0,goedel_v2
test/mathd_numbertheory_66,R2,32,29,0.0,0.0,1.0,0.90625,goedel_v2
test/mathd_numbertheory_66,orig,32,32,0.0,0.0,1.0,1.0,goedel_v2
test/mathd_numbertheory_728,R2,32,31,0.0,0.03125,1.0,0.96875,goedel_v2
test/mathd_numbertheory_728,orig,32,29,0.0,0.03125,1.0,0.90625,goedel_v2
test/mathd_numbertheory_765,R1,32,15,0.0,0.4375,1.0,0.46875,goedel_v2
test/mathd_numbertheory_765,R2,32,16,0.0,0.375,1.0,0.5,goedel_v2
test/mathd_numbertheory_765,orig,32,17,0.0,0.34375,1.0,0.53125,goedel_v2
test/mathd_numbertheory_769,R2,32,32,0.0,0.0,1.0,1.0,goedel_v2
test/mathd_numbertheory_769,orig,32,29,0.0,0.0,1.0,0.90625,goedel_v2
test/numbertheory_2pownm1prime_nprime,R1,32,11,0.0,0.03125,1.0,0.34375,goedel_v2
test/numbertheory_2pownm1prime_nprime,orig,32,19,0.0,0.03125,1.0,0.59375,goedel_v2
test/numbertheory_4x3m7y3neq2003,R1,32,20,0.0,0.03125,1.0,0.625,goedel_v2
test/numbertheory_4x3m7y3neq2003,orig,32,19,0.0,0.0,1.0,0.59375,goedel_v2
test/numbertheory_fxeq4powxp6powxp9powx_f2powmdvdf2pown,R1,32,0,0.0,0.8125,0.0,0.0,goedel_v2
test/numbertheory_fxeq4powxp6powxp9powx_f2powmdvdf2pown,orig,32,0,0.0,0.6875,0.0,0.0,goedel_v2
valid/aimeII_2001_p3,R1,32,0,0.0,0.8125,0.0,0.0,goedel_v2
valid/aimeII_2001_p3,R2,32,0,0.0,0.75,0.0,0.0,goedel_v2
valid/aimeII_2001_p3,orig,32,0,0.0,0.6875,0.0,0.0,goedel_v2
valid/aime_1983_p9,R1,32,30,0.0,0.0,1.0,0.9375,goedel_v2
valid/aime_1983_p9,orig,32,31,0.0,0.0,1.0,0.96875,goedel_v2
valid/aime_1984_p15,R2,32,15,0.0,0.46875,1.0,0.46875,goedel_v2
valid/aime_1984_p15,orig,32,17,0.0,0.34375,1.0,0.53125,goedel_v2
valid/aime_1988_p3,R1,32,0,0.0,0.90625,0.0,0.0,goedel_v2
valid/aime_1988_p3,R2,32,0,0.0,0.8125,0.0,0.0,goedel_v2
valid/aime_1988_p3,orig,32,0,0.0,0.84375,0.0,0.0,goedel_v2
valid/aime_1988_p4,R1,32,12,0.0,0.03125,1.0,0.375,goedel_v2
valid/aime_1988_p4,R2,32,12,0.0,0.0625,1.0,0.375,goedel_v2
valid/aime_1988_p4,orig,32,13,0.0,0.03125,1.0,0.40625,goedel_v2
valid/aime_1990_p2,R2,32,6,0.0,0.4375,1.0,0.1875,goedel_v2
valid/aime_1990_p2,orig,32,3,0.0,0.375,1.0,0.09375,goedel_v2
valid/aime_1991_p1,R1,32,13,0.0,0.03125,1.0,0.40625,goedel_v2
valid/aime_1991_p1,R2,32,13,0.0,0.09375,1.0,0.40625,goedel_v2
valid/aime_1991_p1,orig,32,12,0.0,0.03125,1.0,0.375,goedel_v2
valid/aime_1991_p6,R1,32,0,0.0,0.75,0.0,0.0,goedel_v2
valid/aime_1991_p6,R2,32,0,0.0,0.78125,0.0,0.0,goedel_v2
valid/aime_1991_p6,orig,32,0,0.0,0.84375,0.0,0.0,goedel_v2
valid/aime_1994_p4,R1,32,0,0.03125,0.5,0.0,0.0,goedel_v2
valid/aime_1994_p4,R2,32,0,0.0,0.71875,0.0,0.0,goedel_v2
valid/aime_1994_p4,orig,32,0,0.0,0.625,0.0,0.0,goedel_v2
valid/algebra_2complexrootspoly_xsqp49eqxp7itxpn7i,R1,32,31,0.0,0.0,1.0,0.96875,goedel_v2
valid/algebra_2complexrootspoly_xsqp49eqxp7itxpn7i,R2,32,32,0.0,0.0,1.0,1.0,goedel_v2
valid/algebra_2complexrootspoly_xsqp49eqxp7itxpn7i,orig,32,30,0.0,0.0,1.0,0.9375,goedel_v2
valid/algebra_2rootsintpoly_am10tap11eqasqpam110,R1,32,32,0.0,0.0,1.0,1.0,goedel_v2
valid/algebra_2rootsintpoly_am10tap11eqasqpam110,R2,32,32,0.0,0.0,1.0,1.0,goedel_v2
valid/algebra_2rootsintpoly_am10tap11eqasqpam110,orig,32,32,0.0,0.0,1.0,1.0,goedel_v2
valid/algebra_2rootspoly_apatapbeq2asqp2ab,R1,32,32,0.0,0.0,1.0,1.0,goedel_v2
valid/algebra_2rootspoly_apatapbeq2asqp2ab,R2,32,32,0.0,0.0,1.0,1.0,goedel_v2
valid/algebra_2rootspoly_apatapbeq2asqp2ab,orig,32,32,0.0,0.0,1.0,1.0,goedel_v2
valid/algebra_amgm_faxinrrp2msqrt2geq2mxm1div2x,orig,32,31,0.0,0.0,1.0,0.96875,goedel_v2
valid/algebra_amgm_sqrtxymulxmyeqxpy_xpygeq4,R1,32,8,0.0,0.1875,1.0,0.25,goedel_v2
valid/algebra_amgm_sqrtxymulxmyeqxpy_xpygeq4,R2,32,4,0.0,0.25,1.0,0.125,goedel_v2
valid/algebra_amgm_sqrtxymulxmyeqxpy_xpygeq4,orig,32,7,0.0,0.28125,1.0,0.21875,goedel_v2
valid/algebra_amgm_sumasqdivbsqgeqsumbdiva,R1,32,31,0.0,0.0,1.0,0.96875,goedel_v2
valid/algebra_amgm_sumasqdivbsqgeqsumbdiva,orig,32,25,0.0,0.0,1.0,0.78125,goedel_v2
valid/algebra_apb4leq8ta4pb4,R1,32,31,0.0,0.0,1.0,0.96875,goedel_v2
valid/algebra_apb4leq8ta4pb4,orig,32,32,0.0,0.0,1.0,1.0,goedel_v2
valid/algebra_binomnegdiscrineq_10alt28asqp1,R1,32,30,0.0,0.03125,1.0,0.9375,goedel_v2
valid/algebra_binomnegdiscrineq_10alt28asqp1,orig,32,32,0.0,0.0,1.0,1.0,goedel_v2
valid/algebra_manipexpr_apbeq2cceqiacpbceqm2,R1,32,31,0.0,0.0,1.0,0.96875,goedel_v2
valid/algebra_manipexpr_apbeq2cceqiacpbceqm2,R2,32,23,0.0,0.0,1.0,0.71875,goedel_v2
valid/algebra_manipexpr_apbeq2cceqiacpbceqm2,orig,32,32,0.0,0.0,1.0,1.0,goedel_v2
valid/algebra_sqineq_2unitcircatblt1,R1,32,32,0.0,0.0,1.0,1.0,goedel_v2
valid/algebra_sqineq_2unitcircatblt1,R2,32,32,0.0,0.0,1.0,1.0,goedel_v2
valid/algebra_sqineq_2unitcircatblt1,orig,32,32,0.0,0.0,1.0,1.0,goedel_v2
valid/algebra_sqineq_36azm9asqle36zsq,R1,32,32,0.0,0.0,1.0,1.0,goedel_v2
valid/algebra_sqineq_36azm9asqle36zsq,orig,32,32,0.0,0.0,1.0,1.0,goedel_v2
valid/algebra_sqineq_4bap1lt4bsqpap1sq,R1,32,32,0.0,0.0,1.0,1.0,goedel_v2
valid/algebra_sqineq_4bap1lt4bsqpap1sq,orig,32,32,0.0,0.0,1.0,1.0,goedel_v2
valid/algebra_xmysqpymzsqpzmxsqeqxyz_xpypzp6dvdx3y3z3,R1,32,21,0.0,0.15625,1.0,0.65625,goedel_v2
valid/algebra_xmysqpymzsqpzmxsqeqxyz_xpypzp6dvdx3y3z3,R2,32,19,0.0,0.0625,1.0,0.59375,goedel_v2
valid/algebra_xmysqpymzsqpzmxsqeqxyz_xpypzp6dvdx3y3z3,orig,32,20,0.0,0.09375,1.0,0.625,goedel_v2
valid/amc12_2000_p11,R1,32,24,0.0,0.0,1.0,0.75,goedel_v2
valid/amc12_2000_p11,R2,32,28,0.0,0.03125,1.0,0.875,goedel_v2
valid/amc12_2000_p11,orig,32,27,0.0,0.0,1.0,0.84375,goedel_v2
valid/amc12_2000_p5,R1,32,32,0.0,0.0,1.0,1.0,goedel_v2
valid/amc12_2000_p5,R2,32,32,0.0,0.0,1.0,1.0,goedel_v2
valid/amc12_2000_p5,orig,32,32,0.0,0.0,1.0,1.0,goedel_v2
valid/amc12_2001_p2,R1,32,30,0.0,0.0,1.0,0.9375,goedel_v2
valid/amc12_2001_p2,R2,32,29,0.0,0.0,1.0,0.90625,goedel_v2
valid/amc12_2001_p2,orig,32,27,0.0,0.0625,1.0,0.84375,goedel_v2
valid/amc12a_2002_p1,R1,32,7,0.0,0.125,1.0,0.21875,goedel_v2
valid/amc12a_2002_p1,R2,32,2,0.0,0.28125,1.0,0.0625,goedel_v2
valid/amc12a_2002_p1,orig,32,7,0.0,0.09375,1.0,0.21875,goedel_v2
valid/amc12a_2002_p12,R1,32,7,0.0625,0.28125,1.0,0.21875,goedel_v2
valid/amc12a_2002_p12,R2,32,5,0.0,0.28125,1.0,0.15625,goedel_v2
valid/amc12a_2002_p12,orig,32,11,0.0,0.1875,1.0,0.34375,goedel_v2
valid/amc12a_2008_p15,R1,32,8,0.0,0.0,1.0,0.25,goedel_v2
valid/amc12a_2008_p15,R2,32,9,0.0,0.09375,1.0,0.28125,goedel_v2
valid/amc12a_2008_p15,orig,32,9,0.0,0.0,1.0,0.28125,goedel_v2
valid/amc12a_2009_p15,R1,32,0,0.0,0.59375,0.0,0.0,goedel_v2
valid/amc12a_2009_p15,R2,32,0,0.0,0.625,0.0,0.0,goedel_v2
valid/amc12a_2009_p15,orig,32,0,0.0,0.4375,0.0,0.0,goedel_v2
valid/amc12a_2009_p25,R1,32,0,0.0,0.875,0.0,0.0,goedel_v2
valid/amc12a_2009_p25,R2,32,0,0.0,0.8125,0.0,0.0,goedel_v2
valid/amc12a_2009_p25,orig,32,0,0.0,0.9375,0.0,0.0,goedel_v2
valid/amc12a_2009_p5,R1,32,32,0.0,0.0,1.0,1.0,goedel_v2
valid/amc12a_2009_p5,R2,32,32,0.0,0.0,1.0,1.0,goedel_v2
valid/amc12a_2009_p5,orig,32,32,0.0,0.0,1.0,1.0,goedel_v2
valid/amc12a_2009_p9,R1,32,32,0.0,0.0,1.0,1.0,goedel_v2
valid/amc12a_2009_p9,R2,32,31,0.0,0.0,1.0,0.96875,goedel_v2
valid/amc12a_2009_p9,orig,32,30,0.0,0.0,1.0,0.9375,goedel_v2
valid/amc12a_2011_p18,R1,32,21,0.0,0.0625,1.0,0.65625,goedel_v2
valid/amc12a_2011_p18,R2,32,21,0.0,0.03125,1.0,0.65625,goedel_v2
valid/amc12a_2011_p18,orig,32,22,0.0,0.0,1.0,0.6875,goedel_v2
valid/amc12a_2013_p8,R1,32,23,0.0,0.0,1.0,0.71875,goedel_v2
valid/amc12a_2013_p8,R2,32,25,0.0,0.0,1.0,0.78125,goedel_v2
valid/amc12a_2013_p8,orig,32,24,0.0,0.0,1.0,0.75,goedel_v2
valid/amc12a_2015_p10,R1,32,28,0.0,0.03125,1.0,0.875,goedel_v2
valid/amc12a_2015_p10,R2,32,28,0.0,0.03125,1.0,0.875,goedel_v2
valid/amc12a_2015_p10,orig,32,28,0.0,0.0,1.0,0.875,goedel_v2
valid/amc12a_2016_p2,R1,32,23,0.0,0.0,1.0,0.71875,goedel_v2
valid/amc12a_2016_p2,R2,32,27,0.0,0.0,1.0,0.84375,goedel_v2
valid/amc12a_2016_p2,orig,32,21,0.0,0.0,1.0,0.65625,goedel_v2
valid/amc12a_2016_p3,R1,32,31,0.0,0.0,1.0,0.96875,goedel_v2
valid/amc12a_2016_p3,R2,32,29,0.03125,0.0,1.0,0.90625,goedel_v2
valid/amc12a_2016_p3,orig,32,32,0.0,0.0,1.0,1.0,goedel_v2
valid/amc12a_2017_p2,R1,32,27,0.0,0.0,1.0,0.84375,goedel_v2
valid/amc12a_2017_p2,R2,32,29,0.0,0.0,1.0,0.90625,goedel_v2
valid/amc12a_2017_p2,orig,32,31,0.0,0.0,1.0,0.96875,goedel_v2
valid/amc12a_2019_p21,R1,32,0,0.0,0.78125,0.0,0.0,goedel_v2
valid/amc12a_2019_p21,R2,32,0,0.0,0.84375,0.0,0.0,goedel_v2
valid/amc12a_2019_p21,orig,32,0,0.0,0.71875,0.0,0.0,goedel_v2
valid/amc12a_2021_p7,R1,32,32,0.0,0.0,1.0,1.0,goedel_v2
valid/amc12a_2021_p7,orig,32,32,0.0,0.0,1.0,1.0,goedel_v2
valid/amc12b_2003_p17,R1,32,30,0.0,0.0,1.0,0.9375,goedel_v2
valid/amc12b_2003_p17,R2,32,29,0.0,0.03125,1.0,0.90625,goedel_v2
valid/amc12b_2003_p17,orig,32,30,0.0,0.0,1.0,0.9375,goedel_v2
valid/amc12b_2004_p3,R1,32,26,0.0,0.03125,1.0,0.8125,goedel_v2
valid/amc12b_2004_p3,R2,32,28,0.0,0.0,1.0,0.875,goedel_v2
valid/amc12b_2004_p3,orig,32,28,0.0,0.0,1.0,0.875,goedel_v2
valid/amc12b_2020_p5,R1,32,24,0.0,0.03125,1.0,0.75,goedel_v2
valid/amc12b_2020_p5,R2,32,11,0.0,0.0,1.0,0.34375,goedel_v2
valid/amc12b_2020_p5,orig,32,24,0.0,0.0625,1.0,0.75,goedel_v2
valid/imo_1961_p1,R1,32,15,0.0,0.09375,1.0,0.46875,goedel_v2
valid/imo_1961_p1,R2,32,27,0.0,0.0625,1.0,0.84375,goedel_v2
valid/imo_1961_p1,orig,32,19,0.0,0.0,1.0,0.59375,goedel_v2
valid/imo_1964_p1_1,R1,32,14,0.0,0.0,1.0,0.4375,goedel_v2
valid/imo_1964_p1_1,orig,32,9,0.0,0.0,1.0,0.28125,goedel_v2
valid/imo_1964_p1_2,R1,32,27,0.0,0.0,1.0,0.84375,goedel_v2
valid/imo_1964_p1_2,orig,32,31,0.0,0.0,1.0,0.96875,goedel_v2
valid/imo_1966_p4,R1,32,0,0.0,0.6875,0.0,0.0,goedel_v2
valid/imo_1966_p4,R2,32,0,0.0,0.9375,0.0,0.0,goedel_v2
valid/imo_1966_p4,orig,32,0,0.0,0.84375,0.0,0.0,goedel_v2
valid/imo_1973_p3,R1,32,0,0.0,0.53125,0.0,0.0,goedel_v2
valid/imo_1973_p3,orig,32,2,0.0,0.5,1.0,0.0625,goedel_v2
valid/imo_1974_p5,R1,32,0,0.625,0.375,0.0,0.0,goedel_v2
valid/imo_1974_p5,R2,32,5,0.375,0.4375,1.0,0.15625,goedel_v2
valid/imo_1974_p5,orig,32,12,0.0,0.34375,1.0,0.375,goedel_v2
valid/imo_1977_p5,R1,32,0,0.0,0.9375,0.0,0.0,goedel_v2
valid/imo_1977_p5,R2,32,0,0.0,0.96875,0.0,0.0,goedel_v2
valid/imo_1977_p5,orig,32,0,0.0,0.96875,0.0,0.0,goedel_v2
valid/imo_1987_p4,R1,32,0,0.0,0.875,0.0,0.0,goedel_v2
valid/imo_1987_p4,orig,32,0,0.0,0.875,0.0,0.0,goedel_v2
valid/imo_1993_p5,orig,32,0,0.0,0.59375,0.0,0.0,goedel_v2
valid/induction_divisibility_3divnto3m2n,R1,32,32,0.0,0.0,1.0,1.0,goedel_v2
valid/induction_divisibility_3divnto3m2n,orig,32,32,0.0,0.0,1.0,1.0,goedel_v2
valid/induction_divisibility_9div10tonm1,R1,32,31,0.0,0.0,1.0,0.96875,goedel_v2
valid/induction_divisibility_9div10tonm1,orig,32,32,0.0,0.0,1.0,1.0,goedel_v2
valid/induction_ineq_nsqlefactn,R1,32,30,0.0,0.0,1.0,0.9375,goedel_v2
valid/induction_ineq_nsqlefactn,orig,32,28,0.0,0.0,1.0,0.875,goedel_v2
valid/induction_sum_1oktkp1,R1,32,31,0.0,0.0,1.0,0.96875,goedel_v2
valid/induction_sum_1oktkp1,R2,32,8,0.0625,0.0625,1.0,0.25,goedel_v2
valid/induction_sum_1oktkp1,orig,32,30,0.0,0.0,1.0,0.9375,goedel_v2
valid/mathd_algebra_101,R1,32,32,0.0,0.0,1.0,1.0,goedel_v2
valid/mathd_algebra_101,orig,32,32,0.0,0.0,1.0,1.0,goedel_v2
valid/mathd_algebra_109,R1,32,32,0.0,0.0,1.0,1.0,goedel_v2
valid/mathd_algebra_109,R2,32,29,0.0,0.0,1.0,0.90625,goedel_v2
valid/mathd_algebra_109,orig,32,32,0.0,0.0,1.0,1.0,goedel_v2
valid/mathd_algebra_11,R1,32,27,0.0,0.0,1.0,0.84375,goedel_v2
valid/mathd_algebra_11,R2,32,26,0.0,0.0,1.0,0.8125,goedel_v2
valid/mathd_algebra_11,orig,32,25,0.0,0.0,1.0,0.78125,goedel_v2
valid/mathd_algebra_116,R1,32,32,0.0,0.0,1.0,1.0,goedel_v2
valid/mathd_algebra_116,R2,32,31,0.0,0.0,1.0,0.96875,goedel_v2
valid/mathd_algebra_116,orig,32,32,0.0,0.0,1.0,1.0,goedel_v2
valid/mathd_algebra_119,R1,32,32,0.0,0.0,1.0,1.0,goedel_v2
valid/mathd_algebra_119,R2,32,32,0.0,0.0,1.0,1.0,goedel_v2
valid/mathd_algebra_119,orig,32,32,0.0,0.0,1.0,1.0,goedel_v2
valid/mathd_algebra_123,R1,32,32,0.0,0.0,1.0,1.0,goedel_v2
valid/mathd_algebra_123,R2,32,32,0.0,0.0,1.0,1.0,goedel_v2
valid/mathd_algebra_123,orig,32,32,0.0,0.0,1.0,1.0,goedel_v2
valid/mathd_algebra_126,R1,32,32,0.0,0.0,1.0,1.0,goedel_v2
valid/mathd_algebra_126,R2,32,32,0.0,0.0,1.0,1.0,goedel_v2
valid/mathd_algebra_126,orig,32,32,0.0,0.0,1.0,1.0,goedel_v2
valid/mathd_algebra_131,R1,32,23,0.0,0.03125,1.0,0.71875,goedel_v2
valid/mathd_algebra_131,R2,32,22,0.0,0.0625,1.0,0.6875,goedel_v2
valid/mathd_algebra_131,orig,32,27,0.0,0.0,1.0,0.84375,goedel_v2
valid/mathd_algebra_132,R1,32,32,0.0,0.0,1.0,1.0,goedel_v2
valid/mathd_algebra_132,orig,32,32,0.0,0.0,1.0,1.0,goedel_v2
valid/mathd_algebra_144,R1,32,4,0.125,0.0,1.0,0.125,goedel_v2
valid/mathd_algebra_144,R2,32,6,0.03125,0.125,1.0,0.1875,goedel_v2
valid/mathd_algebra_144,orig,32,26,0.09375,0.03125,1.0,0.8125,goedel_v2
valid/mathd_algebra_149,R1,32,13,0.0,0.0,1.0,0.40625,goedel_v2
valid/mathd_algebra_149,R2,32,8,0.03125,0.03125,1.0,0.25,goedel_v2
valid/mathd_algebra_149,orig,32,15,0.0,0.0,1.0,0.46875,goedel_v2
valid/mathd_algebra_151,R2,32,28,0.0,0.0,1.0,0.875,goedel_v2
valid/mathd_algebra_151,orig,32,22,0.0,0.0,1.0,0.6875,goedel_v2
valid/mathd_algebra_159,R1,32,32,0.0,0.0,1.0,1.0,goedel_v2
valid/mathd_algebra_159,R2,32,32,0.0,0.0,1.0,1.0,goedel_v2
valid/mathd_algebra_159,orig,32,32,0.0,0.0,1.0,1.0,goedel_v2
valid/mathd_algebra_182,R1,32,31,0.0,0.0,1.0,0.96875,goedel_v2
valid/mathd_algebra_182,R2,32,32,0.0,0.0,1.0,1.0,goedel_v2
valid/mathd_algebra_182,orig,32,32,0.0,0.0,1.0,1.0,goedel_v2
valid/mathd_algebra_185,R1,32,26,0.0,0.03125,1.0,0.8125,goedel_v2
valid/mathd_algebra_185,R2,32,25,0.0,0.125,1.0,0.78125,goedel_v2
valid/mathd_algebra_185,orig,32,29,0.0,0.03125,1.0,0.90625,goedel_v2
valid/mathd_algebra_190,R2,32,30,0.03125,0.0,1.0,0.9375,goedel_v2
valid/mathd_algebra_190,orig,32,31,0.0,0.0,1.0,0.96875,goedel_v2
valid/mathd_algebra_22,R2,32,32,0.0,0.0,1.0,1.0,goedel_v2
valid/mathd_algebra_22,orig,32,31,0.0,0.0,1.0,0.96875,goedel_v2
valid/mathd_algebra_234,R1,32,31,0.0,0.0,1.0,0.96875,goedel_v2
valid/mathd_algebra_234,R2,32,31,0.0,0.0,1.0,0.96875,goedel_v2
valid/mathd_algebra_234,orig,32,32,0.0,0.0,1.0,1.0,goedel_v2
valid/mathd_algebra_251,R1,32,32,0.0,0.0,1.0,1.0,goedel_v2
valid/mathd_algebra_251,R2,32,32,0.0,0.0,1.0,1.0,goedel_v2
valid/mathd_algebra_251,orig,32,32,0.0,0.0,1.0,1.0,goedel_v2
valid/mathd_algebra_28,R1,32,32,0.0,0.0,1.0,1.0,goedel_v2
valid/mathd_algebra_28,orig,32,32,0.0,0.0,1.0,1.0,goedel_v2
valid/mathd_algebra_323,R1,32,23,0.0,0.0,1.0,0.71875,goedel_v2
valid/mathd_algebra_323,R2,32,10,0.0,0.0,1.0,0.3125,goedel_v2
valid/mathd_algebra_323,orig,32,19,0.0,0.03125,1.0,0.59375,goedel_v2
valid/mathd_algebra_327,R1,32,31,0.0,0.0,1.0,0.96875,goedel_v2
valid/mathd_algebra_327,orig,32,32,0.0,0.0,1.0,1.0,goedel_v2
valid/mathd_algebra_37,R1,32,32,0.0,0.0,1.0,1.0,goedel_v2
valid/mathd_algebra_37,R2,32,32,0.0,0.0,1.0,1.0,goedel_v2
valid/mathd_algebra_37,orig,32,32,0.0,0.0,1.0,1.0,goedel_v2
valid/mathd_algebra_393,R1,32,27,0.0,0.0,1.0,0.84375,goedel_v2
valid/mathd_algebra_393,R2,32,24,0.0,0.0,1.0,0.75,goedel_v2
valid/mathd_algebra_393,orig,32,28,0.0,0.0,1.0,0.875,goedel_v2
valid/mathd_algebra_410,R1,32,32,0.0,0.0,1.0,1.0,goedel_v2
valid/mathd_algebra_410,R2,32,32,0.0,0.0,1.0,1.0,goedel_v2
valid/mathd_algebra_410,orig,32,32,0.0,0.0,1.0,1.0,goedel_v2
valid/mathd_algebra_422,R1,32,12,0.0,0.0625,1.0,0.375,goedel_v2
valid/mathd_algebra_422,R2,32,14,0.0,0.0,1.0,0.4375,goedel_v2
valid/mathd_algebra_422,orig,32,21,0.0,0.03125,1.0,0.65625,goedel_v2
valid/mathd_algebra_433,R1,32,32,0.0,0.0,1.0,1.0,goedel_v2
valid/mathd_algebra_433,R2,32,32,0.0,0.0,1.0,1.0,goedel_v2
valid/mathd_algebra_433,orig,32,32,0.0,0.0,1.0,1.0,goedel_v2
valid/mathd_algebra_451,R1,32,15,0.0,0.0,1.0,0.46875,goedel_v2
valid/mathd_algebra_451,R2,32,14,0.0,0.0,1.0,0.4375,goedel_v2
valid/mathd_algebra_451,orig,32,21,0.0,0.0,1.0,0.65625,goedel_v2
valid/mathd_algebra_455,R1,32,30,0.0,0.03125,1.0,0.9375,goedel_v2
valid/mathd_algebra_455,R2,32,32,0.0,0.0,1.0,1.0,goedel_v2
valid/mathd_algebra_455,orig,32,32,0.0,0.0,1.0,1.0,goedel_v2
valid/mathd_algebra_48,R1,32,32,0.0,0.0,1.0,1.0,goedel_v2
valid/mathd_algebra_48,R2,32,29,0.0,0.0,1.0,0.90625,goedel_v2
valid/mathd_algebra_48,orig,32,32,0.0,0.0,1.0,1.0,goedel_v2
valid/mathd_algebra_51,R1,32,32,0.0,0.0,1.0,1.0,goedel_v2
valid/mathd_algebra_51,R2,32,32,0.0,0.0,1.0,1.0,goedel_v2
valid/mathd_algebra_51,orig,32,32,0.0,0.0,1.0,1.0,goedel_v2
valid/mathd_algebra_510,R1,32,32,0.0,0.0,1.0,1.0,goedel_v2
valid/mathd_algebra_510,R2,32,24,0.0,0.0,1.0,0.75,goedel_v2
valid/mathd_algebra_510,orig,32,32,0.0,0.0,1.0,1.0,goedel_v2
valid/mathd_algebra_547,R1,32,32,0.0,0.0,1.0,1.0,goedel_v2
valid/mathd_algebra_547,R2,32,32,0.0,0.0,1.0,1.0,goedel_v2
valid/mathd_algebra_547,orig,32,32,0.0,0.0,1.0,1.0,goedel_v2
valid/mathd_algebra_55,R1,32,32,0.0,0.0,1.0,1.0,goedel_v2
valid/mathd_algebra_55,R2,32,32,0.0,0.0,1.0,1.0,goedel_v2
valid/mathd_algebra_55,orig,32,32,0.0,0.0,1.0,1.0,goedel_v2
valid/mathd_algebra_67,R1,32,32,0.0,0.0,1.0,1.0,goedel_v2
valid/mathd_algebra_67,R2,32,32,0.0,0.0,1.0,1.0,goedel_v2
valid/mathd_algebra_67,orig,32,32,0.0,0.0,1.0,1.0,goedel_v2
valid/mathd_algebra_77,R1,32,28,0.0,0.0,1.0,0.875,goedel_v2
valid/mathd_algebra_77,R2,32,20,0.0,0.0,1.0,0.625,goedel_v2
valid/mathd_algebra_77,orig,32,26,0.0,0.0,1.0,0.8125,goedel_v2
valid/mathd_algebra_89,R1,32,32,0.0,0.0,1.0,1.0,goedel_v2
valid/mathd_algebra_89,R2,32,32,0.0,0.0,1.0,1.0,goedel_v2
valid/mathd_algebra_89,orig,32,31,0.0,0.0,1.0,0.96875,goedel_v2
valid/mathd_algebra_96,R1,32,29,0.0,0.0,1.0,0.90625,goedel_v2
valid/mathd_algebra_96,R2,32,32,0.0,0.0,1.0,1.0,goedel_v2
valid/mathd_algebra_96,orig,32,32,0.0,0.0,1.0,1.0,goedel_v2
valid/mathd_numbertheory_101,R2,32,31,0.0,0.0,1.0,0.96875,goedel_v2
valid/mathd_numbertheory_101,orig,32,30,0.0,0.0,1.0,0.9375,goedel_v2
valid/mathd_numbertheory_102,R2,32,32,0.0,0.0,1.0,1.0,goedel_v2
valid/mathd_numbertheory_102,orig,32,31,0.0,0.0,1.0,0.96875,goedel_v2
valid/mathd_numbertheory_110,R1,32,26,0.0,0.0,1.0,0.8125,goedel_v2
valid/mathd_numbertheory_110,R2,32,31,0.0,0.0,1.0,0.96875,goedel_v2
valid/mathd_numbertheory_110,orig,32,29,0.0,0.0,1.0,0.90625,goedel_v2
valid/mathd_numbertheory_13,R1,32,10,0.0,0.25,1.0,0.3125,goedel_v2
valid/mathd_numbertheory_13,R2,32,6,0.0,0.40625,1.0,0.1875,goedel_v2
valid/mathd_numbertheory_13,orig,32,8,0.0,0.34375,1.0,0.25,goedel_v2
valid/mathd_numbertheory_136,R1,32,30,0.0,0.0,1.0,0.9375,goedel_v2
valid/mathd_numbertheory_136,R2,32,26,0.0,0.0,1.0,0.8125,goedel_v2
valid/mathd_numbertheory_136,orig,32,27,0.0,0.0,1.0,0.84375,goedel_v2
valid/mathd_numbertheory_155,R2,32,31,0.0,0.0,1.0,0.96875,goedel_v2
valid/mathd_numbertheory_155,orig,32,30,0.0,0.0,1.0,0.9375,goedel_v2
valid/mathd_numbertheory_156,R1,32,28,0.0,0.0,1.0,0.875,goedel_v2
valid/mathd_numbertheory_156,orig,32,22,0.0,0.0,1.0,0.6875,goedel_v2
valid/mathd_numbertheory_200,R2,32,32,0.0,0.0,1.0,1.0,goedel_v2
valid/mathd_numbertheory_200,orig,32,32,0.0,0.0,1.0,1.0,goedel_v2
valid/mathd_numbertheory_211,R2,32,27,0.0,0.03125,1.0,0.84375,goedel_v2
valid/mathd_numbertheory_211,orig,32,26,0.0,0.03125,1.0,0.8125,goedel_v2
valid/mathd_numbertheory_221,R1,32,0,0.0,0.28125,0.0,0.0,goedel_v2
valid/mathd_numbertheory_221,R2,32,0,0.0,0.28125,0.0,0.0,goedel_v2
valid/mathd_numbertheory_221,orig,32,0,0.0,0.25,0.0,0.0,goedel_v2
valid/mathd_numbertheory_236,R2,32,32,0.0,0.0,1.0,1.0,goedel_v2
valid/mathd_numbertheory_236,orig,32,31,0.0,0.0,1.0,0.96875,goedel_v2
valid/mathd_numbertheory_252,R2,32,31,0.0,0.0,1.0,0.96875,goedel_v2
valid/mathd_numbertheory_252,orig,32,32,0.0,0.0,1.0,1.0,goedel_v2
valid/mathd_numbertheory_257,R1,32,31,0.0,0.03125,1.0,0.96875,goedel_v2
valid/mathd_numbertheory_257,R2,32,27,0.0,0.125,1.0,0.84375,goedel_v2
valid/mathd_numbertheory_257,orig,32,30,0.0,0.03125,1.0,0.9375,goedel_v2
valid/mathd_numbertheory_303,R1,32,2,0.0,0.0,1.0,0.0625,goedel_v2
valid/mathd_numbertheory_303,R2,32,4,0.0,0.09375,1.0,0.125,goedel_v2
valid/mathd_numbertheory_303,orig,32,9,0.0,0.0625,1.0,0.28125,goedel_v2
valid/mathd_numbertheory_32,R1,32,31,0.0,0.0,1.0,0.96875,goedel_v2
valid/mathd_numbertheory_32,R2,32,30,0.0,0.0,1.0,0.9375,goedel_v2
valid/mathd_numbertheory_32,orig,32,28,0.0,0.0,1.0,0.875,goedel_v2
valid/mathd_numbertheory_326,R1,32,25,0.0,0.0,1.0,0.78125,goedel_v2
valid/mathd_numbertheory_326,R2,32,28,0.0,0.0,1.0,0.875,goedel_v2
valid/mathd_numbertheory_326,orig,32,28,0.0,0.0,1.0,0.875,goedel_v2
valid/mathd_numbertheory_33,R1,32,30,0.0,0.03125,1.0,0.9375,goedel_v2
valid/mathd_numbertheory_33,R2,32,32,0.0,0.0,1.0,1.0,goedel_v2
valid/mathd_numbertheory_33,orig,32,30,0.0,0.0625,1.0,0.9375,goedel_v2
valid/mathd_numbertheory_335,R1,32,31,0.0,0.0,1.0,0.96875,goedel_v2
valid/mathd_numbertheory_335,R2,32,32,0.0,0.0,1.0,1.0,goedel_v2
valid/mathd_numbertheory_335,orig,32,31,0.0,0.0,1.0,0.96875,goedel_v2
valid/mathd_numbertheory_370,R1,32,32,0.0,0.0,1.0,1.0,goedel_v2
valid/mathd_numbertheory_370,R2,32,32,0.0,0.0,1.0,1.0,goedel_v2
valid/mathd_numbertheory_370,orig,32,32,0.0,0.0,1.0,1.0,goedel_v2
valid/mathd_numbertheory_412,R1,32,19,0.0,0.0,1.0,0.59375,goedel_v2
valid/mathd_numbertheory_412,R2,32,21,0.0,0.0,1.0,0.65625,goedel_v2
valid/mathd_numbertheory_412,orig,32,25,0.0,0.0,1.0,0.78125,goedel_v2
valid/mathd_numbertheory_42,R1,32,6,0.0,0.25,1.0,0.1875,goedel_v2
valid/mathd_numbertheory_42,R2,32,12,0.0,0.125,1.0,0.375,goedel_v2
valid/mathd_numbertheory_42,orig,32,13,0.0,0.0625,1.0,0.40625,goedel_v2
valid/mathd_numbertheory_461,R1,32,32,0.0,0.0,1.0,1.0,goedel_v2
valid/mathd_numbertheory_461,R2,32,32,0.0,0.0,1.0,1.0,goedel_v2
valid/mathd_numbertheory_461,orig,32,32,0.0,0.0,1.0,1.0,goedel_v2
valid/mathd_numbertheory_466,R2,32,32,0.0,0.0,1.0,1.0,goedel_v2
valid/mathd_numbertheory_466,orig,32,32,0.0,0.0,1.0,1.0,goedel_v2
valid/mathd_numbertheory_530,R1,32,0,0.0,0.625,0.0,0.0,goedel_v2
valid/mathd_numbertheory_530,orig,32,0,0.0,0.8125,0.0,0.0,goedel_v2
valid/mathd_numbertheory_668,R1,32,23,0.0,0.0,1.0,0.71875,goedel_v2
valid/mathd_numbertheory_668,R2,32,6,0.0,0.0,1.0,0.1875,goedel_v2
valid/mathd_numbertheory_668,orig,32,28,0.0,0.0,1.0,0.875,goedel_v2
valid/mathd_numbertheory_690,orig,32,30,0.0,0.0,1.0,0.9375,goedel_v2
valid/mathd_numbertheory_709,R1,32,0,0.0,0.84375,0.0,0.0,goedel_v2
valid/mathd_numbertheory_709,R2,32,0,0.0,0.65625,0.0,0.0,goedel_v2
valid/mathd_numbertheory_709,orig,32,0,0.0,0.71875,0.0,0.0,goedel_v2
valid/mathd_numbertheory_780,R1,32,11,0.0,0.125,1.0,0.34375,goedel_v2
valid/mathd_numbertheory_780,R2,32,11,0.0,0.03125,1.0,0.34375,goedel_v2
valid/mathd_numbertheory_780,orig,32,19,0.0,0.125,1.0,0.59375,goedel_v2
valid/mathd_numbertheory_961,R2,32,31,0.0,0.0,1.0,0.96875,goedel_v2
valid/mathd_numbertheory_961,orig,32,32,0.0,0.0,1.0,1.0,goedel_v2
valid/numbertheory_2dvd4expn,R1,32,29,0.0,0.0,1.0,0.90625,goedel_v2
valid/numbertheory_2dvd4expn,orig,32,32,0.0,0.0,1.0,1.0,goedel_v2
valid/numbertheory_nckeqnm1ckpnm1ckm1,R1,32,28,0.0,0.0,1.0,0.875,goedel_v2
valid/numbertheory_nckeqnm1ckpnm1ckm1,R2,32,28,0.0,0.0,1.0,0.875,goedel_v2
valid/numbertheory_nckeqnm1ckpnm1ckm1,orig,32,28,0.0,0.0,1.0,0.875,goedel_v2
valid/numbertheory_prmdvsneqnsqmodpeq0,R1,32,23,0.0,0.0,1.0,0.71875,goedel_v2
valid/numbertheory_prmdvsneqnsqmodpeq0,orig,32,26,0.0,0.0,1.0,0.8125,goedel_v2
valid/numbertheory_sqmod3in01d,R1,32,32,0.0,0.0,1.0,1.0,goedel_v2
valid/numbertheory_sqmod3in01d,orig,32,32,0.0,0.0,1.0,1.0,goedel_v2
valid/numbertheory_sqmod4in01d,R1,32,32,0.0,0.0,1.0,1.0,goedel_v2
valid/numbertheory_sqmod4in01d,orig,32,32,0.0,0.0,1.0,1.0,goedel_v2
valid/numbertheory_sumkmulnckeqnmul2pownm1,R1,32,6,0.0,0.0625,1.0,0.1875,goedel_v2
valid/numbertheory_sumkmulnckeqnmul2pownm1,R2,32,7,0.0,0.21875,1.0,0.21875,goedel_v2
valid/numbertheory_sumkmulnckeqnmul2pownm1,orig,32,8,0.0,0.03125,1.0,0.25,goedel_v2
test/aime_1983_p2,R1,32,30,0.0,0.0625,1.0,0.9375,kimina
test/aime_1983_p2,R2,32,30,0.0,0.03125,1.0,0.9375,kimina
test/aime_1983_p2,orig,32,31,0.0,0.03125,1.0,0.96875,kimina
test/aime_1984_p7,R1,32,5,0.0,0.75,1.0,0.15625,kimina
test/aime_1984_p7,R2,32,10,0.0,0.6875,1.0,0.3125,kimina
test/aime_1984_p7,orig,32,16,0.0,0.5,1.0,0.5,kimina
test/aime_1987_p5,R1,32,16,0.0,0.1875,1.0,0.5,kimina
test/aime_1987_p5,R2,32,19,0.0,0.15625,1.0,0.59375,kimina
test/aime_1987_p5,orig,32,23,0.0,0.15625,1.0,0.71875,kimina
test/aime_1988_p8,R1,32,9,0.0,0.59375,1.0,0.28125,kimina
test/aime_1988_p8,R2,32,10,0.0,0.4375,1.0,0.3125,kimina
test/aime_1988_p8,orig,32,10,0.0,0.4375,1.0,0.3125,kimina
test/aime_1990_p15,R1,32,19,0.0,0.15625,1.0,0.59375,kimina
test/aime_1990_p15,R2,32,5,0.0,0.0,1.0,0.15625,kimina
test/aime_1990_p15,orig,32,23,0.0,0.15625,1.0,0.71875,kimina
test/aime_1990_p4,R1,32,23,0.0,0.25,1.0,0.71875,kimina
test/aime_1990_p4,R2,32,22,0.0,0.3125,1.0,0.6875,kimina
test/aime_1990_p4,orig,32,19,0.0,0.40625,1.0,0.59375,kimina
test/aime_1994_p3,R1,32,1,0.0,0.8125,1.0,0.03125,kimina
test/aime_1994_p3,R2,32,2,0.0,0.75,1.0,0.0625,kimina
test/aime_1994_p3,orig,32,0,0.0,0.90625,0.0,0.0,kimina
test/algebra_2varlineareq_fp3zeq11_3tfm1m5zeqn68_feqn10_zeq7,R1,32,26,0.0,0.0625,1.0,0.8125,kimina
test/algebra_2varlineareq_fp3zeq11_3tfm1m5zeqn68_feqn10_zeq7,R2,32,24,0.0,0.09375,1.0,0.75,kimina
test/algebra_2varlineareq_fp3zeq11_3tfm1m5zeqn68_feqn10_zeq7,orig,32,25,0.0,0.09375,1.0,0.78125,kimina
test/algebra_absapbon1pabsapbleqsumabsaon1pabsa,R1,32,11,0.0,0.53125,1.0,0.34375,kimina
test/algebra_absapbon1pabsapbleqsumabsaon1pabsa,orig,32,10,0.0,0.5,1.0,0.3125,kimina
test/algebra_absxm1pabsxpabsxp1eqxp2_0leqxleq1,R1,32,24,0.0,0.03125,1.0,0.75,kimina
test/algebra_absxm1pabsxpabsxp1eqxp2_0leqxleq1,R2,32,19,0.0,0.03125,1.0,0.59375,kimina
test/algebra_absxm1pabsxpabsxp1eqxp2_0leqxleq1,orig,32,19,0.0,0.0,1.0,0.59375,kimina
test/algebra_apbon2pownleqapownpbpowon2,R1,32,2,0.0,0.21875,1.0,0.0625,kimina
test/algebra_apbon2pownleqapownpbpowon2,orig,32,0,0.0,0.0625,0.0,0.0,kimina
test/algebra_apbpceq2_abpbcpcaeq1_aleq1on3anbleq1ancleq4on3,R1,32,16,0.0,0.40625,1.0,0.5,kimina
test/algebra_apbpceq2_abpbcpcaeq1_aleq1on3anbleq1ancleq4on3,R2,32,17,0.0,0.3125,1.0,0.53125,kimina
test/algebra_apbpceq2_abpbcpcaeq1_aleq1on3anbleq1ancleq4on3,orig,32,28,0.0,0.09375,1.0,0.875,kimina
test/algebra_cubrtrp1oncubrtreq3_rcubp1onrcubeq5778,R1,32,9,0.0,0.0,1.0,0.28125,kimina
test/algebra_cubrtrp1oncubrtreq3_rcubp1onrcubeq5778,R2,32,4,0.0,0.125,1.0,0.125,kimina
test/algebra_cubrtrp1oncubrtreq3_rcubp1onrcubeq5778,orig,32,4,0.0,0.03125,1.0,0.125,kimina
test/algebra_others_exirrpowirrrat,orig,32,0,0.0,0.4375,0.0,0.0,kimina
test/algebra_sqineq_at2malt1,R1,32,32,0.0,0.0,1.0,1.0,kimina
test/algebra_sqineq_at2malt1,orig,32,32,0.0,0.0,1.0,1.0,kimina
test/algebra_sqineq_unitcircatbpabsamblt1,R1,32,26,0.0,0.1875,1.0,0.8125,kimina
test/algebra_sqineq_unitcircatbpabsamblt1,R2,32,24,0.0,0.21875,1.0,0.75,kimina
test/algebra_sqineq_unitcircatbpabsamblt1,orig,32,25,0.0,0.21875,1.0,0.78125,kimina
test/algebra_sum1onsqrt2to1onsqrt10000lt198,orig,32,0,0.0,0.5,0.0,0.0,kimina
test/amc12_2000_p12,R1,32,32,0.0,0.0,1.0,1.0,kimina
test/amc12_2000_p12,R2,32,32,0.0,0.0,1.0,1.0,kimina
test/amc12_2000_p12,orig,32,32,0.0,0.0,1.0,1.0,kimina
test/amc12_2000_p20,R1,32,18,0.0,0.25,1.0,0.5625,kimina
test/amc12_2000_p20,R2,32,15,0.0,0.15625,1.0,0.46875,kimina
test/amc12_2000_p20,orig,32,19,0.0,0.03125,1.0,0.59375,kimina
test/amc12_2001_p21,R1,32,4,0.0,0.21875,1.0,0.125,kimina
test/amc12_2001_p21,R2,32,2,0.0,0.3125,1.0,0.0625,kimina
test/amc12_2001_p21,orig,32,5,0.0,0.25,1.0,0.15625,kimina
test/amc12a_2002_p13,R1,32,1,0.0,0.65625,1.0,0.03125,kimina
test/amc12a_2002_p13,R2,32,0,0.0,0.59375,0.0,0.0,kimina
test/amc12a_2002_p13,orig,32,6,0.0,0.46875,1.0,0.1875,kimina
test/amc12a_2003_p23,R1,32,0,0.0,0.53125,0.0,0.0,kimina
test/amc12a_2003_p23,R2,32,0,0.0,0.625,0.0,0.0,kimina
test/amc12a_2003_p23,orig,32,0,0.0,0.34375,0.0,0.0,kimina
test/amc12a_2008_p25,R1,32,0,0.0,0.96875,0.0,0.0,kimina
test/amc12a_2008_p25,R2,32,0,0.0,0.9375,0.0,0.0,kimina
test/amc12a_2008_p25,orig,32,0,0.0,1.0,0.0,0.0,kimina
test/amc12a_2009_p6,R1,32,22,0.0,0.0,1.0,0.6875,kimina
test/amc12a_2009_p6,R2,32,8,0.0,0.0,1.0,0.25,kimina
test/amc12a_2009_p6,orig,32,13,0.0,0.0,1.0,0.40625,kimina
test/amc12a_2013_p4,R2,32,32,0.0,0.0,1.0,1.0,kimina
test/amc12a_2013_p4,orig,32,32,0.0,0.0,1.0,1.0,kimina
test/amc12a_2020_p15,R1,32,0,0.0,0.84375,0.0,0.0,kimina
test/amc12a_2020_p15,R2,32,0,0.0,0.875,0.0,0.0,kimina
test/amc12a_2020_p15,orig,32,0,0.0,0.84375,0.0,0.0,kimina
test/amc12a_2021_p19,R1,32,0,0.0,1.0,0.0,0.0,kimina
test/amc12a_2021_p19,R2,32,0,0.0,1.0,0.0,0.0,kimina
test/amc12a_2021_p19,orig,32,0,0.0,0.96875,0.0,0.0,kimina
test/amc12a_2021_p25,R1,32,0,0.0,1.0,0.0,0.0,kimina
test/amc12a_2021_p25,R2,32,0,0.0,0.96875,0.0,0.0,kimina
test/amc12a_2021_p25,orig,32,0,0.0,0.96875,0.0,0.0,kimina
test/amc12b_2002_p2,R1,32,32,0.0,0.0,1.0,1.0,kimina
test/amc12b_2002_p2,R2,32,32,0.0,0.0,1.0,1.0,kimina
test/amc12b_2002_p2,orig,32,32,0.0,0.0,1.0,1.0,kimina
test/amc12b_2002_p7,R1,32,18,0.0,0.0625,1.0,0.5625,kimina
test/amc12b_2002_p7,R2,32,16,0.0,0.09375,1.0,0.5,kimina
test/amc12b_2002_p7,orig,32,16,0.0,0.0,1.0,0.5,kimina
test/amc12b_2020_p13,R2,32,12,0.0,0.03125,1.0,0.375,kimina
test/amc12b_2020_p13,orig,32,20,0.0,0.09375,1.0,0.625,kimina
test/amc12b_2020_p21,R1,32,0,0.0,0.90625,0.0,0.0,kimina
test/amc12b_2020_p21,R2,32,0,0.0,0.84375,0.0,0.0,kimina
test/amc12b_2020_p21,orig,32,0,0.0,0.8125,0.0,0.0,kimina
test/amc12b_2021_p13,R1,32,0,0.0,0.84375,0.0,0.0,kimina
test/amc12b_2021_p13,R2,32,0,0.0,0.90625,0.0,0.0,kimina
test/amc12b_2021_p13,orig,32,0,0.0,0.9375,0.0,0.0,kimina
test/amc12b_2021_p4,R1,32,29,0.0,0.03125,1.0,0.90625,kimina
test/amc12b_2021_p4,R2,32,30,0.0,0.0,1.0,0.9375,kimina
test/amc12b_2021_p4,orig,32,31,0.0,0.0,1.0,0.96875,kimina
test/amc12b_2021_p9,R2,32,28,0.0,0.0,1.0,0.875,kimina
test/amc12b_2021_p9,orig,32,25,0.0,0.0,1.0,0.78125,kimina
test/imo_1959_p1,R1,32,22,0.0,0.09375,1.0,0.6875,kimina
test/imo_1959_p1,R2,32,14,0.0,0.03125,1.0,0.4375,kimina
test/imo_1959_p1,orig,32,19,0.0,0.0,1.0,0.59375,kimina
test/imo_1963_p5,R2,32,2,0.0,0.59375,1.0,0.0625,kimina
test/imo_1963_p5,orig,32,2,0.0,0.625,1.0,0.0625,kimina
test/imo_1964_p2,R1,32,28,0.0,0.125,1.0,0.875,kimina
test/imo_1964_p2,orig,32,22,0.0,0.25,1.0,0.6875,kimina
test/imo_1968_p5_1,R1,32,0,0.0,0.84375,0.0,0.0,kimina
test/imo_1968_p5_1,orig,32,0,0.0,0.875,0.0,0.0,kimina
test/imo_1969_p2,R1,32,0,0.0,1.0,0.0,0.0,kimina
test/imo_1969_p2,R2,32,0,0.0,0.9375,0.0,0.0,kimina
test/imo_1969_p2,orig,32,0,0.0,0.8125,0.0,0.0,kimina
test/imo_1974_p3,R1,32,0,0.0,0.65625,0.0,0.0,kimina
test/imo_1974_p3,orig,32,0,0.0,0.3125,0.0,0.0,kimina
test/imo_1983_p6,R1,32,18,0.0,0.34375,1.0,0.5625,kimina
test/imo_1983_p6,orig,32,18,0.0,0.375,1.0,0.5625,kimina
test/imo_1992_p1,R1,32,0,0.0,0.8125,0.0,0.0,kimina
test/imo_1992_p1,orig,32,0,0.0,0.875,0.0,0.0,kimina
test/imo_2019_p1,R1,32,0,0.0,1.0,0.0,0.0,kimina
test/imo_2019_p1,orig,32,0,0.0,0.90625,0.0,0.0,kimina
test/induction_1pxpownlt1pnx,R1,32,29,0.0,0.0,1.0,0.90625,kimina
test/induction_1pxpownlt1pnx,orig,32,27,0.0,0.0625,1.0,0.84375,kimina
test/induction_prod1p1onk3le3m1onn,R1,32,0,0.0,0.46875,0.0,0.0,kimina
test/induction_prod1p1onk3le3m1onn,orig,32,0,0.0,0.46875,0.0,0.0,kimina
test/mathd_algebra_113,R1,32,32,0.0,0.0,1.0,1.0,kimina
test/mathd_algebra_113,orig,32,32,0.0,0.0,1.0,1.0,kimina
test/mathd_algebra_114,R1,32,31,0.0,0.0,1.0,0.96875,kimina
test/mathd_algebra_114,R2,32,31,0.0,0.0,1.0,0.96875,kimina
test/mathd_algebra_114,orig,32,31,0.0,0.03125,1.0,0.96875,kimina
test/mathd_algebra_125,R1,32,25,0.0,0.03125,1.0,0.78125,kimina
test/mathd_algebra_125,R2,32,30,0.0,0.0,1.0,0.9375,kimina
test/mathd_algebra_125,orig,32,16,0.0,0.0,1.0,0.5,kimina
test/mathd_algebra_139,R1,32,31,0.0,0.0,1.0,0.96875,kimina
test/mathd_algebra_139,R2,32,29,0.0,0.03125,1.0,0.90625,kimina
test/mathd_algebra_139,orig,32,23,0.0,0.0,1.0,0.71875,kimina
test/mathd_algebra_141,R1,32,32,0.0,0.0,1.0,1.0,kimina
test/mathd_algebra_141,R2,32,11,0.0,0.0,1.0,0.34375,kimina
test/mathd_algebra_141,orig,32,32,0.0,0.0,1.0,1.0,kimina
test/mathd_algebra_171,R1,32,32,0.0,0.0,1.0,1.0,kimina
test/mathd_algebra_171,R2,32,32,0.0,0.0,1.0,1.0,kimina
test/mathd_algebra_171,orig,32,32,0.0,0.0,1.0,1.0,kimina
test/mathd_algebra_176,R1,32,32,0.0,0.0,1.0,1.0,kimina
test/mathd_algebra_176,R2,32,32,0.0,0.0,1.0,1.0,kimina
test/mathd_algebra_176,orig,32,32,0.0,0.0,1.0,1.0,kimina
test/mathd_algebra_184,R1,32,0,0.0,0.0,0.0,0.0,kimina
test/mathd_algebra_184,R2,32,0,0.0,0.0,0.0,0.0,kimina
test/mathd_algebra_184,orig,32,0,0.0,0.0625,0.0,0.0,kimina
test/mathd_algebra_196,R1,32,31,0.0,0.03125,1.0,0.96875,kimina
test/mathd_algebra_196,R2,32,30,0.0,0.0625,1.0,0.9375,kimina
test/mathd_algebra_196,orig,32,31,0.0,0.0,1.0,0.96875,kimina
test/mathd_algebra_208,R2,32,32,0.0,0.0,1.0,1.0,kimina
test/mathd_algebra_208,orig,32,31,0.0,0.03125,1.0,0.96875,kimina
test/mathd_algebra_209,R1,32,6,0.0,0.0625,1.0,0.1875,kimina
test/mathd_algebra_209,R2,32,10,0.0,0.03125,1.0,0.3125,kimina
test/mathd_algebra_209,orig,32,18,0.0,0.0,1.0,0.5625,kimina
test/mathd_algebra_246,R1,32,31,0.0,0.0,1.0,0.96875,kimina
test/mathd_algebra_246,R2,32,32,0.0,0.0,1.0,1.0,kimina
test/mathd_algebra_246,orig,32,32,0.0,0.0,1.0,1.0,kimina
test/mathd_algebra_276,R1,32,13,0.0,0.25,1.0,0.40625,kimina
test/mathd_algebra_276,R2,32,8,0.0,0.25,1.0,0.25,kimina
test/mathd_algebra_276,orig,32,14,0.0,0.15625,1.0,0.4375,kimina
test/mathd_algebra_289,R1,32,1,0.0,0.46875,1.0,0.03125,kimina
test/mathd_algebra_289,R2,32,0,0.0,0.34375,0.0,0.0,kimina
test/mathd_algebra_289,orig,32,2,0.0,0.09375,1.0,0.0625,kimina
test/mathd_algebra_293,R1,32,3,0.0,0.125,1.0,0.09375,kimina
test/mathd_algebra_293,R2,32,2,0.0,0.0625,1.0,0.0625,kimina
test/mathd_algebra_293,orig,32,8,0.0,0.0625,1.0,0.25,kimina
test/mathd_algebra_302,R2,32,31,0.0,0.0,1.0,0.96875,kimina
test/mathd_algebra_302,orig,32,32,0.0,0.0,1.0,1.0,kimina
test/mathd_algebra_304,R2,32,32,0.0,0.0,1.0,1.0,kimina
test/mathd_algebra_304,orig,32,32,0.0,0.0,1.0,1.0,kimina
test/mathd_algebra_320,R1,32,0,0.0,0.09375,0.0,0.0,kimina
test/mathd_algebra_320,R2,32,0,0.0,0.1875,0.0,0.0,kimina
test/mathd_algebra_320,orig,32,0,0.0,0.15625,0.0,0.0,kimina
test/mathd_algebra_329,R1,32,32,0.0,0.0,1.0,1.0,kimina
test/mathd_algebra_329,R2,32,31,0.0,0.03125,1.0,0.96875,kimina
test/mathd_algebra_329,orig,32,32,0.0,0.0,1.0,1.0,kimina
test/mathd_algebra_332,R1,32,32,0.0,0.0,1.0,1.0,kimina
test/mathd_algebra_332,R2,32,26,0.0,0.0,1.0,0.8125,kimina
test/mathd_algebra_332,orig,32,32,0.0,0.0,1.0,1.0,kimina
test/mathd_algebra_338,R1,32,32,0.0,0.0,1.0,1.0,kimina
test/mathd_algebra_338,R2,32,32,0.0,0.0,1.0,1.0,kimina
test/mathd_algebra_338,orig,32,31,0.0,0.0,1.0,0.96875,kimina
test/mathd_algebra_354,R1,32,32,0.0,0.0,1.0,1.0,kimina
test/mathd_algebra_354,R2,32,32,0.0,0.0,1.0,1.0,kimina
test/mathd_algebra_354,orig,32,32,0.0,0.0,1.0,1.0,kimina
test/mathd_algebra_359,R1,32,32,0.0,0.0,1.0,1.0,kimina
test/mathd_algebra_359,R2,32,32,0.0,0.0,1.0,1.0,kimina
test/mathd_algebra_359,orig,32,32,0.0,0.0,1.0,1.0,kimina
test/mathd_algebra_362,R1,32,26,0.0,0.0625,1.0,0.8125,kimina
test/mathd_algebra_362,R2,32,20,0.0,0.25,1.0,0.625,kimina
test/mathd_algebra_362,orig,32,22,0.0,0.25,1.0,0.6875,kimina
test/mathd_algebra_388,R1,32,32,0.0,0.0,1.0,1.0,kimina
test/mathd_algebra_388,R2,32,32,0.0,0.0,1.0,1.0,kimina
test/mathd_algebra_388,orig,32,32,0.0,0.0,1.0,1.0,kimina
test/mathd_algebra_400,R1,32,26,0.0,0.0,1.0,0.8125,kimina
test/mathd_algebra_400,R2,32,31,0.0,0.03125,1.0,0.96875,kimina
test/mathd_algebra_400,orig,32,29,0.0,0.0,1.0,0.90625,kimina
test/mathd_algebra_427,R1,32,32,0.0,0.0,1.0,1.0,kimina
test/mathd_algebra_427,R2,32,31,0.0,0.03125,1.0,0.96875,kimina
test/mathd_algebra_427,orig,32,32,0.0,0.0,1.0,1.0,kimina
test/mathd_algebra_432,R1,32,32,0.0,0.0,1.0,1.0,kimina
test/mathd_algebra_432,R2,32,32,0.0,0.0,1.0,1.0,kimina
test/mathd_algebra_432,orig,32,32,0.0,0.0,1.0,1.0,kimina
test/mathd_algebra_441,R1,32,30,0.0,0.03125,1.0,0.9375,kimina
test/mathd_algebra_441,R2,32,30,0.0,0.0,1.0,0.9375,kimina
test/mathd_algebra_441,orig,32,31,0.0,0.03125,1.0,0.96875,kimina
test/mathd_algebra_484,R2,32,32,0.0,0.0,1.0,1.0,kimina
test/mathd_algebra_484,orig,32,31,0.0,0.0,1.0,0.96875,kimina
test/mathd_algebra_598,R1,32,28,0.0,0.0,1.0,0.875,kimina
test/mathd_algebra_598,R2,32,27,0.0,0.03125,1.0,0.84375,kimina
test/mathd_algebra_598,orig,32,28,0.0,0.0625,1.0,0.875,kimina
test/mathd_algebra_756,R1,32,30,0.0,0.0,1.0,0.9375,kimina
test/mathd_algebra_756,R2,32,27,0.0,0.0,1.0,0.84375,kimina
test/mathd_algebra_756,orig,32,31,0.0,0.0,1.0,0.96875,kimina
test/mathd_numbertheory_100,R1,32,29,0.0,0.0,1.0,0.90625,kimina
test/mathd_numbertheory_100,R2,32,30,0.0,0.03125,1.0,0.9375,kimina
test/mathd_numbertheory_100,orig,32,32,0.0,0.0,1.0,1.0,kimina
test/mathd_numbertheory_135,R1,32,5,0.0,0.21875,1.0,0.15625,kimina
test/mathd_numbertheory_135,R2,32,4,0.0,0.125,1.0,0.125,kimina
test/mathd_numbertheory_135,orig,32,10,0.0,0.125,1.0,0.3125,kimina
test/mathd_numbertheory_150,R1,32,31,0.0,0.0,1.0,0.96875,kimina
test/mathd_numbertheory_150,orig,32,32,0.0,0.0,1.0,1.0,kimina
test/mathd_numbertheory_175,orig,32,31,0.0,0.0,1.0,0.96875,kimina
test/mathd_numbertheory_185,R1,32,31,0.0,0.0,1.0,0.96875,kimina
test/mathd_numbertheory_185,R2,32,32,0.0,0.0,1.0,1.0,kimina
test/mathd_numbertheory_185,orig,32,32,0.0,0.0,1.0,1.0,kimina
test/mathd_numbertheory_227,R1,32,0,0.0,0.5625,0.0,0.0,kimina
test/mathd_numbertheory_227,R2,32,0,0.0,0.5625,0.0,0.0,kimina
test/mathd_numbertheory_227,orig,32,0,0.0,0.46875,0.0,0.0,kimina
test/mathd_numbertheory_229,R2,32,32,0.0,0.0,1.0,1.0,kimina
test/mathd_numbertheory_229,orig,32,31,0.0,0.03125,1.0,0.96875,kimina
test/mathd_numbertheory_234,R1,32,29,0.0,0.09375,1.0,0.90625,kimina
test/mathd_numbertheory_234,R2,32,30,0.0,0.03125,1.0,0.9375,kimina
test/mathd_numbertheory_234,orig,32,30,0.0,0.0625,1.0,0.9375,kimina
test/mathd_numbertheory_237,R2,32,0,0.0,0.0,0.0,0.0,kimina
test/mathd_numbertheory_237,orig,32,0,0.0,0.0,0.0,0.0,kimina
test/mathd_numbertheory_247,R1,32,32,0.0,0.0,1.0,1.0,kimina
test/mathd_numbertheory_247,R2,32,27,0.0,0.0625,1.0,0.84375,kimina
test/mathd_numbertheory_247,orig,32,32,0.0,0.0,1.0,1.0,kimina
test/mathd_numbertheory_328,orig,32,32,0.0,0.0,1.0,1.0,kimina
test/mathd_numbertheory_341,R1,32,3,0.0,0.0,1.0,0.09375,kimina
test/mathd_numbertheory_341,R2,32,2,0.0,0.0,1.0,0.0625,kimina
test/mathd_numbertheory_341,orig,32,2,0.0,0.03125,1.0,0.0625,kimina
test/mathd_numbertheory_430,R1,32,29,0.0,0.0,1.0,0.90625,kimina
test/mathd_numbertheory_430,R2,32,23,0.0,0.09375,1.0,0.71875,kimina
test/mathd_numbertheory_430,orig,32,32,0.0,0.0,1.0,1.0,kimina
test/mathd_numbertheory_447,R2,32,0,0.0,0.03125,0.0,0.0,kimina
test/mathd_numbertheory_447,orig,32,0,0.0,0.03125,0.0,0.0,kimina
test/mathd_numbertheory_457,R1,32,18,0.0,0.09375,1.0,0.5625,kimina
test/mathd_numbertheory_457,orig,32,22,0.0,0.125,1.0,0.6875,kimina
test/mathd_numbertheory_483,R1,32,6,0.0,0.40625,1.0,0.1875,kimina
test/mathd_numbertheory_483,R2,32,7,0.0,0.59375,1.0,0.21875,kimina
test/mathd_numbertheory_483,orig,32,28,0.0,0.125,1.0,0.875,kimina
test/mathd_numbertheory_618,R1,32,28,0.0,0.125,1.0,0.875,kimina
test/mathd_numbertheory_618,orig,32,25,0.0,0.15625,1.0,0.78125,kimina
test/mathd_numbertheory_711,R1,32,13,0.0,0.28125,1.0,0.40625,kimina
test/mathd_numbertheory_711,R2,32,8,0.0,0.28125,1.0,0.25,kimina
test/mathd_numbertheory_711,orig,32,12,0.0,0.3125,1.0,0.375,kimina
test/mathd_numbertheory_764,R1,32,0,0.0,0.78125,0.0,0.0,kimina
test/mathd_numbertheory_764,R2,32,0,0.0,0.625,0.0,0.0,kimina
test/mathd_numbertheory_764,orig,32,0,0.0,0.65625,0.0,0.0,kimina
test/mathd_numbertheory_85,R2,32,32,0.0,0.0,1.0,1.0,kimina
test/mathd_numbertheory_85,orig,32,32,0.0,0.0,1.0,1.0,kimina
test/numbertheory_2pownm1prime_nprime,R1,32,0,0.0,0.59375,0.0,0.0,kimina
test/numbertheory_2pownm1prime_nprime,orig,32,0,0.0,0.6875,0.0,0.0,kimina
test/numbertheory_3pow2pownm1mod2pownp3eq2pownp2,R1,32,0,0.0,0.5625,0.0,0.0,kimina
test/numbertheory_3pow2pownm1mod2pownp3eq2pownp2,R2,32,0,0.0,0.53125,0.0,0.0,kimina
test/numbertheory_3pow2pownm1mod2pownp3eq2pownp2,orig,32,0,0.0,0.4375,0.0,0.0,kimina
test/numbertheory_4x3m7y3neq2003,R1,32,27,0.0,0.0,1.0,0.84375,kimina
test/numbertheory_4x3m7y3neq2003,orig,32,27,0.0,0.0,1.0,0.84375,kimina
test/numbertheory_aoddbdiv4asqpbsqmod8eq1,R1,32,9,0.0,0.03125,1.0,0.28125,kimina
test/numbertheory_aoddbdiv4asqpbsqmod8eq1,R2,32,13,0.0,0.0,1.0,0.40625,kimina
test/numbertheory_aoddbdiv4asqpbsqmod8eq1,orig,32,22,0.0,0.0,1.0,0.6875,kimina
test/numbertheory_exk2powkeqapb2mulbpa2_aeq1,R1,32,0,0.0,0.875,0.0,0.0,kimina
test/numbertheory_exk2powkeqapb2mulbpa2_aeq1,R2,32,0,0.0,0.90625,0.0,0.0,kimina
test/numbertheory_exk2powkeqapb2mulbpa2_aeq1,orig,32,0,0.0,0.96875,0.0,0.0,kimina
valid/aimeII_2001_p3,R1,32,2,0.0,0.9375,1.0,0.0625,kimina
valid/aimeII_2001_p3,R2,32,0,0.0,0.9375,0.0,0.0,kimina
valid/aimeII_2001_p3,orig,32,4,0.0,0.84375,1.0,0.125,kimina
valid/aimeII_2020_p6,R1,32,0,0.0,0.875,0.0,0.0,kimina
valid/aimeII_2020_p6,R2,32,0,0.0,0.96875,0.0,0.0,kimina
valid/aimeII_2020_p6,orig,32,0,0.0,0.90625,0.0,0.0,kimina
valid/aime_1987_p8,orig,32,0,0.0,0.90625,0.0,0.0,kimina
valid/aime_1988_p3,R1,32,0,0.0,0.34375,0.0,0.0,kimina
valid/aime_1988_p3,R2,32,0,0.0,0.40625,0.0,0.0,kimina
valid/aime_1988_p3,orig,32,0,0.0,0.34375,0.0,0.0,kimina
valid/aime_1991_p6,R1,32,0,0.0,0.90625,0.0,0.0,kimina
valid/aime_1991_p6,R2,32,0,0.0,0.84375,0.0,0.0,kimina
valid/aime_1991_p6,orig,32,0,0.0,0.78125,0.0,0.0,kimina
valid/aime_1994_p4,R1,32,0,0.09375,0.28125,0.0,0.0,kimina
valid/aime_1994_p4,R2,32,0,0.1875,0.21875,0.0,0.0,kimina
valid/aime_1994_p4,orig,32,0,0.0,0.09375,0.0,0.0,kimina
valid/algebra_2rootspoly_apatapbeq2asqp2ab,R1,32,29,0.0,0.03125,1.0,0.90625,kimina
valid/algebra_2rootspoly_apatapbeq2asqp2ab,R2,32,31,0.0,0.0,1.0,0.96875,kimina
valid/algebra_2rootspoly_apatapbeq2asqp2ab,orig,32,32,0.0,0.0,1.0,1.0,kimina
valid/algebra_3rootspoly_amdtamctambeqnasqmbpctapcbtdpasqmbpctapcbta,R1,32,30,0.0,0.0625,1.0,0.9375,kimina
valid/algebra_3rootspoly_amdtamctambeqnasqmbpctapcbtdpasqmbpctapcbta,R2,32,31,0.0,0.03125,1.0,0.96875,kimina
valid/algebra_3rootspoly_amdtamctambeqnasqmbpctapcbtdpasqmbpctapcbta,orig,32,31,0.0,0.03125,1.0,0.96875,kimina
valid/algebra_apb4leq8ta4pb4,R1,32,25,0.0,0.1875,1.0,0.78125,kimina
valid/algebra_apb4leq8ta4pb4,orig,32,26,0.0,0.15625,1.0,0.8125,kimina
valid/algebra_binomnegdiscrineq_10alt28asqp1,R1,32,30,0.0,0.0625,1.0,0.9375,kimina
valid/algebra_binomnegdiscrineq_10alt28asqp1,orig,32,31,0.0,0.03125,1.0,0.96875,kimina
valid/algebra_manipexpr_2erprsqpesqeqnrpnesq,R1,32,30,0.0,0.03125,1.0,0.9375,kimina
valid/algebra_manipexpr_2erprsqpesqeqnrpnesq,R2,32,31,0.0,0.03125,1.0,0.96875,kimina
valid/algebra_manipexpr_2erprsqpesqeqnrpnesq,orig,32,31,0.0,0.0,1.0,0.96875,kimina
valid/algebra_sqineq_2unitcircatblt1,R1,32,32,0.0,0.0,1.0,1.0,kimina
valid/algebra_sqineq_2unitcircatblt1,R2,32,32,0.0,0.0,1.0,1.0,kimina
valid/algebra_sqineq_2unitcircatblt1,orig,32,32,0.0,0.0,1.0,1.0,kimina
valid/algebra_xmysqpymzsqpzmxsqeqxyz_xpypzp6dvdx3y3z3,R1,32,11,0.0,0.3125,1.0,0.34375,kimina
valid/algebra_xmysqpymzsqpzmxsqeqxyz_xpypzp6dvdx3y3z3,R2,32,11,0.0,0.375,1.0,0.34375,kimina
valid/algebra_xmysqpymzsqpzmxsqeqxyz_xpypzp6dvdx3y3z3,orig,32,10,0.0,0.46875,1.0,0.3125,kimina
valid/amc12_2000_p11,R1,32,28,0.0,0.03125,1.0,0.875,kimina
valid/amc12_2000_p11,R2,32,30,0.0,0.0,1.0,0.9375,kimina
valid/amc12_2000_p11,orig,32,30,0.0,0.0,1.0,0.9375,kimina
valid/amc12_2000_p5,R1,32,32,0.0,0.0,1.0,1.0,kimina
valid/amc12_2000_p5,R2,32,32,0.0,0.0,1.0,1.0,kimina
valid/amc12_2000_p5,orig,32,32,0.0,0.0,1.0,1.0,kimina
valid/amc12a_2002_p1,R1,32,25,0.0,0.0625,1.0,0.78125,kimina
valid/amc12a_2002_p1,R2,32,19,0.0,0.0,1.0,0.59375,kimina
valid/amc12a_2002_p1,orig,32,24,0.0,0.0,1.0,0.75,kimina
valid/amc12a_2002_p12,R1,32,20,0.0,0.15625,1.0,0.625,kimina
valid/amc12a_2002_p12,R2,32,23,0.0,0.03125,1.0,0.71875,kimina
valid/amc12a_2002_p12,orig,32,18,0.0,0.09375,1.0,0.5625,kimina
valid/amc12a_2003_p1,R1,32,5,0.0,0.0,1.0,0.15625,kimina
valid/amc12a_2003_p1,orig,32,3,0.0,0.03125,1.0,0.09375,kimina
valid/amc12a_2003_p25,R1,32,0,0.0,0.96875,0.0,0.0,kimina
valid/amc12a_2003_p25,R2,32,0,0.0,0.96875,0.0,0.0,kimina
valid/amc12a_2003_p25,orig,32,0,0.0,1.0,0.0,0.0,kimina
valid/amc12a_2008_p15,R1,32,0,0.0,0.0,0.0,0.0,kimina
valid/amc12a_2008_p15,orig,32,5,0.0,0.0,1.0,0.15625,kimina
valid/amc12a_2008_p8,R1,32,31,0.0,0.0,1.0,0.96875,kimina
valid/amc12a_2008_p8,R2,32,25,0.0,0.03125,1.0,0.78125,kimina
valid/amc12a_2008_p8,orig,32,25,0.0,0.0,1.0,0.78125,kimina
valid/amc12a_2009_p15,R1,32,0,0.0,0.78125,0.0,0.0,kimina
valid/amc12a_2009_p15,R2,32,0,0.0,0.6875,0.0,0.0,kimina
valid/amc12a_2009_p15,orig,32,0,0.0,0.6875,0.0,0.0,kimina
valid/amc12a_2009_p2,R2,32,32,0.0,0.0,1.0,1.0,kimina
valid/amc12a_2009_p2,orig,32,32,0.0,0.0,1.0,1.0,kimina
valid/amc12a_2009_p9,R1,32,23,0.0,0.03125,1.0,0.71875,kimina
valid/amc12a_2009_p9,R2,32,30,0.0,0.0,1.0,0.9375,kimina
valid/amc12a_2009_p9,orig,32,25,0.0,0.0,1.0,0.78125,kimina
valid/amc12a_2010_p22,R1,32,0,0.0,0.9375,0.0,0.0,kimina
valid/amc12a_2010_p22,orig,32,0,0.0,0.9375,0.0,0.0,kimina
valid/amc12a_2011_p18,R1,32,28,0.0,0.03125,1.0,0.875,kimina
valid/amc12a_2011_p18,R2,32,23,0.0,0.03125,1.0,0.71875,kimina
valid/amc12a_2011_p18,orig,32,25,0.0,0.03125,1.0,0.78125,kimina
valid/amc12a_2013_p8,R1,32,32,0.0,0.0,1.0,1.0,kimina
valid/amc12a_2013_p8,R2,32,30,0.0,0.0,1.0,0.9375,kimina
valid/amc12a_2013_p8,orig,32,31,0.0,0.0,1.0,0.96875,kimina
valid/amc12a_2015_p10,R1,32,28,0.0,0.0625,1.0,0.875,kimina
valid/amc12a_2015_p10,R2,32,24,0.0,0.15625,1.0,0.75,kimina
valid/amc12a_2015_p10,orig,32,26,0.0,0.125,1.0,0.8125,kimina
valid/amc12a_2016_p2,R1,32,32,0.0,0.0,1.0,1.0,kimina
valid/amc12a_2016_p2,R2,32,32,0.0,0.0,1.0,1.0,kimina
valid/amc12a_2016_p2,orig,32,32,0.0,0.0,1.0,1.0,kimina
valid/amc12a_2017_p7,R1,32,24,0.0,0.09375,1.0,0.75,kimina
valid/amc12a_2017_p7,R2,32,16,0.0,0.09375,1.0,0.5,kimina
valid/amc12a_2017_p7,orig,32,25,0.0,0.03125,1.0,0.78125,kimina
valid/amc12b_2002_p11,R1,32,0,0.0,0.71875,0.0,0.0,kimina
valid/amc12b_2002_p11,orig,32,0,0.0,0.53125,0.0,0.0,kimina
valid/amc12b_2003_p6,R1,32,30,0.0,0.0,1.0,0.9375,kimina
valid/amc12b_2003_p6,R2,32,23,0.0,0.0,1.0,0.71875,kimina
valid/amc12b_2003_p6,orig,32,19,0.0,0.03125,1.0,0.59375,kimina
valid/amc12b_2003_p9,R1,32,31,0.0,0.0,1.0,0.96875,kimina
valid/amc12b_2003_p9,R2,32,32,0.0,0.0,1.0,1.0,kimina
valid/amc12b_2003_p9,orig,32,32,0.0,0.0,1.0,1.0,kimina
valid/amc12b_2004_p3,R1,32,32,0.0,0.0,1.0,1.0,kimina
valid/amc12b_2004_p3,R2,32,30,0.0,0.0625,1.0,0.9375,kimina
valid/amc12b_2004_p3,orig,32,31,0.0,0.03125,1.0,0.96875,kimina
valid/amc12b_2020_p5,R1,32,32,0.0,0.0,1.0,1.0,kimina
valid/amc12b_2020_p5,R2,32,31,0.03125,0.0,1.0,0.96875,kimina
valid/amc12b_2020_p5,orig,32,31,0.0,0.0,1.0,0.96875,kimina
valid/amc12b_2021_p21,R1,32,0,0.0,1.0,0.0,0.0,kimina
valid/amc12b_2021_p21,orig,32,0,0.0,0.9375,0.0,0.0,kimina
valid/imo_1964_p1_1,R1,32,1,0.0,0.03125,1.0,0.03125,kimina
valid/imo_1964_p1_1,orig,32,0,0.0,0.0625,0.0,0.0,kimina
valid/imo_1965_p1,R1,32,0,0.0,0.96875,0.0,0.0,kimina
valid/imo_1965_p1,orig,32,0,0.0,0.9375,0.0,0.0,kimina
valid/imo_1973_p3,R1,32,4,0.0,0.25,1.0,0.125,kimina
valid/imo_1973_p3,orig,32,6,0.0,0.4375,1.0,0.1875,kimina
valid/imo_1974_p5,R1,32,16,0.0,0.375,1.0,0.5,kimina
valid/imo_1974_p5,R2,32,17,0.0,0.28125,1.0,0.53125,kimina
valid/imo_1974_p5,orig,32,18,0.0,0.09375,1.0,0.5625,kimina
valid/imo_1977_p5,R1,32,0,0.0,0.40625,0.0,0.0,kimina
valid/imo_1977_p5,R2,32,0,0.0,0.34375,0.0,0.0,kimina
valid/imo_1977_p5,orig,32,0,0.0,0.3125,0.0,0.0,kimina
valid/imo_1978_p5,R1,32,0,0.0,0.96875,0.0,0.0,kimina
valid/imo_1978_p5,R2,32,0,0.0,0.96875,0.0,0.0,kimina
valid/imo_1978_p5,orig,32,0,0.0,0.9375,0.0,0.0,kimina
valid/imo_1987_p4,R1,32,0,0.0,0.78125,0.0,0.0,kimina
valid/imo_1987_p4,orig,32,0,0.0,0.90625,0.0,0.0,kimina
valid/imo_1993_p5,orig,32,0,0.0,0.96875,0.0,0.0,kimina
valid/imo_2006_p3,R1,32,0,0.0,0.25,0.0,0.0,kimina
valid/imo_2006_p3,orig,32,0,0.0,0.28125,0.0,0.0,kimina
valid/induction_ineq_nsqlefactn,R1,32,14,0.0,0.0625,1.0,0.4375,kimina
valid/induction_ineq_nsqlefactn,orig,32,8,0.0,0.0625,1.0,0.25,kimina
valid/induction_seq_mul2pnp1,R1,32,0,0.0,0.0625,0.0,0.0,kimina
valid/induction_seq_mul2pnp1,R2,32,0,0.0,0.21875,0.0,0.0,kimina
valid/induction_seq_mul2pnp1,orig,32,0,0.0,0.0,0.0,0.0,kimina
valid/induction_sum2kp1npqsqm1,R1,32,30,0.0,0.03125,1.0,0.9375,kimina
valid/induction_sum2kp1npqsqm1,R2,32,0,0.0,0.0,0.0,0.0,kimina
valid/induction_sum2kp1npqsqm1,orig,32,29,0.0,0.09375,1.0,0.90625,kimina
valid/mathd_algebra_11,R1,32,32,0.0,0.0,1.0,1.0,kimina
valid/mathd_algebra_11,R2,32,31,0.0,0.0,1.0,0.96875,kimina
valid/mathd_algebra_11,orig,32,31,0.0,0.03125,1.0,0.96875,kimina
valid/mathd_algebra_132,R1,32,32,0.0,0.0,1.0,1.0,kimina
valid/mathd_algebra_132,orig,32,32,0.0,0.0,1.0,1.0,kimina
valid/mathd_algebra_144,R1,32,27,0.0,0.15625,1.0,0.84375,kimina
valid/mathd_algebra_144,R2,32,21,0.0,0.21875,1.0,0.65625,kimina
valid/mathd_algebra_144,orig,32,7,0.0625,0.21875,1.0,0.21875,kimina
valid/mathd_algebra_15,R1,32,32,0.0,0.0,1.0,1.0,kimina
valid/mathd_algebra_15,R2,32,32,0.0,0.0,1.0,1.0,kimina
valid/mathd_algebra_15,orig,32,32,0.0,0.0,1.0,1.0,kimina
valid/mathd_algebra_159,R1,32,32,0.0,0.0,1.0,1.0,kimina
valid/mathd_algebra_159,R2,32,32,0.0,0.0,1.0,1.0,kimina
valid/mathd_algebra_159,orig,32,32,0.0,0.0,1.0,1.0,kimina
valid/mathd_algebra_185,R1,32,0,0.0,0.09375,0.0,0.0,kimina
valid/mathd_algebra_185,R2,32,0,0.0,0.0625,0.0,0.0,kimina
valid/mathd_algebra_185,orig,32,0,0.0,0.0,0.0,0.0,kimina
valid/mathd_algebra_206,R1,32,31,0.0,0.03125,1.0,0.96875,kimina
valid/mathd_algebra_206,R2,32,32,0.0,0.0,1.0,1.0,kimina
valid/mathd_algebra_206,orig,32,31,0.0,0.0,1.0,0.96875,kimina
valid/mathd_algebra_214,R1,32,32,0.0,0.0,1.0,1.0,kimina
valid/mathd_algebra_214,R2,32,32,0.0,0.0,1.0,1.0,kimina
valid/mathd_algebra_214,orig,32,32,0.0,0.0,1.0,1.0,kimina
valid/mathd_algebra_234,R1,32,32,0.0,0.0,1.0,1.0,kimina
valid/mathd_algebra_234,R2,32,32,0.0,0.0,1.0,1.0,kimina
valid/mathd_algebra_234,orig,32,32,0.0,0.0,1.0,1.0,kimina
valid/mathd_algebra_245,R1,32,32,0.0,0.0,1.0,1.0,kimina
valid/mathd_algebra_245,R2,32,31,0.0,0.0,1.0,0.96875,kimina
valid/mathd_algebra_245,orig,32,30,0.0,0.0,1.0,0.9375,kimina
valid/mathd_algebra_267,R1,32,32,0.0,0.0,1.0,1.0,kimina
valid/mathd_algebra_267,R2,32,31,0.0,0.03125,1.0,0.96875,kimina
valid/mathd_algebra_267,orig,32,32,0.0,0.0,1.0,1.0,kimina
valid/mathd_algebra_28,R1,32,32,0.0,0.0,1.0,1.0,kimina
valid/mathd_algebra_28,orig,32,32,0.0,0.0,1.0,1.0,kimina
valid/mathd_algebra_282,R1,32,0,0.0,0.15625,0.0,0.0,kimina
valid/mathd_algebra_282,R2,32,0,0.0,0.125,0.0,0.0,kimina
valid/mathd_algebra_282,orig,32,0,0.0,0.0625,0.0,0.0,kimina
valid/mathd_algebra_31,R1,32,0,0.0,0.9375,0.0,0.0,kimina
valid/mathd_algebra_31,R2,32,0,0.0,0.90625,0.0,0.0,kimina
valid/mathd_algebra_31,orig,32,0,0.0,0.90625,0.0,0.0,kimina
valid/mathd_algebra_327,R1,32,32,0.0,0.0,1.0,1.0,kimina
valid/mathd_algebra_327,orig,32,32,0.0,0.0,1.0,1.0,kimina
valid/mathd_algebra_35,R1,32,32,0.0,0.0,1.0,1.0,kimina
valid/mathd_algebra_35,R2,32,18,0.0,0.0,1.0,0.5625,kimina
valid/mathd_algebra_35,orig,32,32,0.0,0.0,1.0,1.0,kimina
valid/mathd_algebra_393,R1,32,27,0.0,0.0,1.0,0.84375,kimina
valid/mathd_algebra_393,R2,32,28,0.0,0.03125,1.0,0.875,kimina
valid/mathd_algebra_393,orig,32,25,0.0,0.0,1.0,0.78125,kimina
valid/mathd_algebra_410,R1,32,32,0.0,0.0,1.0,1.0,kimina
valid/mathd_algebra_410,R2,32,32,0.0,0.0,1.0,1.0,kimina
valid/mathd_algebra_410,orig,32,32,0.0,0.0,1.0,1.0,kimina
valid/mathd_algebra_433,R1,32,32,0.0,0.0,1.0,1.0,kimina
valid/mathd_algebra_433,R2,32,32,0.0,0.0,1.0,1.0,kimina
valid/mathd_algebra_433,orig,32,32,0.0,0.0,1.0,1.0,kimina
valid/mathd_algebra_437,R1,32,8,0.0,0.40625,1.0,0.25,kimina
valid/mathd_algebra_437,R2,32,8,0.0,0.46875,1.0,0.25,kimina
valid/mathd_algebra_437,orig,32,14,0.0,0.3125,1.0,0.4375,kimina
valid/mathd_algebra_509,R2,32,28,0.0,0.03125,1.0,0.875,kimina
valid/mathd_algebra_509,orig,32,32,0.0,0.0,1.0,1.0,kimina
valid/mathd_algebra_51,R1,32,32,0.0,0.0,1.0,1.0,kimina
valid/mathd_algebra_51,R2,32,32,0.0,0.0,1.0,1.0,kimina
valid/mathd_algebra_51,orig,32,32,0.0,0.0,1.0,1.0,kimina
valid/mathd_algebra_510,R1,32,32,0.0,0.0,1.0,1.0,kimina
valid/mathd_algebra_510,R2,32,32,0.0,0.0,1.0,1.0,kimina
valid/mathd_algebra_510,orig,32,32,0.0,0.0,1.0,1.0,kimina
valid/mathd_algebra_536,R2,32,32,0.0,0.0,1.0,1.0,kimina
valid/mathd_algebra_536,orig,32,28,0.0,0.0,1.0,0.875,kimina
valid/mathd_algebra_67,R1,32,32,0.0,0.0,1.0,1.0,kimina
valid/mathd_algebra_67,R2,32,20,0.0,0.0,1.0,0.625,kimina
valid/mathd_algebra_67,orig,32,32,0.0,0.0,1.0,1.0,kimina
valid/mathd_algebra_69,R1,32,23,0.0,0.125,1.0,0.71875,kimina
valid/mathd_algebra_69,R2,32,15,0.0,0.0625,1.0,0.46875,kimina
valid/mathd_algebra_69,orig,32,16,0.0,0.25,1.0,0.5,kimina
valid/mathd_algebra_96,R1,32,32,0.0,0.0,1.0,1.0,kimina
valid/mathd_algebra_96,R2,32,31,0.0,0.0,1.0,0.96875,kimina
valid/mathd_algebra_96,orig,32,32,0.0,0.0,1.0,1.0,kimina
valid/mathd_numbertheory_110,R1,32,30,0.03125,0.0,1.0,0.9375,kimina
valid/mathd_numbertheory_110,R2,32,30,0.0,0.03125,1.0,0.9375,kimina
valid/mathd_numbertheory_110,orig,32,32,0.0,0.0,1.0,1.0,kimina
valid/mathd_numbertheory_132,R2,32,32,0.0,0.0,1.0,1.0,kimina
valid/mathd_numbertheory_132,orig,32,32,0.0,0.0,1.0,1.0,kimina
valid/mathd_numbertheory_136,R1,32,32,0.0,0.0,1.0,1.0,kimina
valid/mathd_numbertheory_136,R2,32,32,0.0,0.0,1.0,1.0,kimina
valid/mathd_numbertheory_136,orig,32,32,0.0,0.0,1.0,1.0,kimina
valid/mathd_numbertheory_155,R2,32,0,0.0,0.0,0.0,0.0,kimina
valid/mathd_numbertheory_155,orig,32,0,0.0,0.0,0.0,0.0,kimina
valid/mathd_numbertheory_156,R1,32,30,0.0,0.03125,1.0,0.9375,kimina
valid/mathd_numbertheory_156,orig,32,30,0.0,0.0,1.0,0.9375,kimina
valid/mathd_numbertheory_200,R2,32,32,0.0,0.0,1.0,1.0,kimina
valid/mathd_numbertheory_200,orig,32,32,0.0,0.0,1.0,1.0,kimina
valid/mathd_numbertheory_202,R2,32,32,0.0,0.0,1.0,1.0,kimina
valid/mathd_numbertheory_202,orig,32,32,0.0,0.0,1.0,1.0,kimina
valid/mathd_numbertheory_232,R1,32,0,0.0,0.0,0.0,0.0,kimina
valid/mathd_numbertheory_232,R2,32,0,0.0,0.09375,0.0,0.0,kimina
valid/mathd_numbertheory_232,orig,32,0,0.0,0.0,0.0,0.0,kimina
valid/mathd_numbertheory_252,R2,32,32,0.0,0.0,1.0,1.0,kimina
valid/mathd_numbertheory_252,orig,32,32,0.0,0.0,1.0,1.0,kimina
valid/mathd_numbertheory_335,R1,32,32,0.0,0.0,1.0,1.0,kimina
valid/mathd_numbertheory_335,R2,32,32,0.0,0.0,1.0,1.0,kimina
valid/mathd_numbertheory_335,orig,32,32,0.0,0.0,1.0,1.0,kimina
valid/mathd_numbertheory_370,R1,32,31,0.0,0.03125,1.0,0.96875,kimina
valid/mathd_numbertheory_370,R2,32,27,0.0,0.0,1.0,0.84375,kimina
valid/mathd_numbertheory_370,orig,32,32,0.0,0.0,1.0,1.0,kimina
valid/mathd_numbertheory_405,R1,32,0,0.0,0.90625,0.0,0.0,kimina
valid/mathd_numbertheory_405,R2,32,0,0.0,1.0,0.0,0.0,kimina
valid/mathd_numbertheory_405,orig,32,0,0.0,0.90625,0.0,0.0,kimina
valid/mathd_numbertheory_412,R1,32,29,0.0,0.0,1.0,0.90625,kimina
valid/mathd_numbertheory_412,R2,32,30,0.0,0.0,1.0,0.9375,kimina
valid/mathd_numbertheory_412,orig,32,32,0.0,0.0,1.0,1.0,kimina
valid/mathd_numbertheory_42,R1,32,8,0.0,0.03125,1.0,0.25,kimina
valid/mathd_numbertheory_42,R2,32,9,0.0,0.0625,1.0,0.28125,kimina
valid/mathd_numbertheory_42,orig,32,18,0.0,0.0,1.0,0.5625,kimina
valid/mathd_numbertheory_45,R2,32,32,0.0,0.0,1.0,1.0,kimina
valid/mathd_numbertheory_45,orig,32,32,0.0,0.0,1.0,1.0,kimina
valid/mathd_numbertheory_530,R1,32,0,0.0,0.875,0.0,0.0,kimina
valid/mathd_numbertheory_530,orig,32,0,0.0,0.90625,0.0,0.0,kimina
valid/mathd_numbertheory_629,orig,32,32,0.0,0.0,1.0,1.0,kimina
valid/mathd_numbertheory_64,orig,32,15,0.0,0.0625,1.0,0.46875,kimina
valid/mathd_numbertheory_668,R1,32,0,0.0,0.0,0.0,0.0,kimina
valid/mathd_numbertheory_668,R2,32,0,0.0,0.0,0.0,0.0,kimina
valid/mathd_numbertheory_668,orig,32,0,0.0,0.0,0.0,0.0,kimina
valid/mathd_numbertheory_690,orig,32,31,0.0,0.03125,1.0,0.96875,kimina
valid/mathd_numbertheory_709,R1,32,0,0.0,0.96875,0.0,0.0,kimina
valid/mathd_numbertheory_709,R2,32,0,0.0,1.0,0.0,0.0,kimina
valid/mathd_numbertheory_709,orig,32,0,0.0,1.0,0.0,0.0,kimina
valid/mathd_numbertheory_81,R2,32,32,0.0,0.0,1.0,1.0,kimina
valid/mathd_numbertheory_81,orig,32,32,0.0,0.0,1.0,1.0,kimina
valid/mathd_numbertheory_961,R2,32,32,0.0,0.0,1.0,1.0,kimina
valid/mathd_numbertheory_961,orig,32,32,0.0,0.0,1.0,1.0,kimina
valid/numbertheory_aneqprodakp4_anmsqrtanp1eq2,R1,32,1,0.0,0.6875,1.0,0.03125,kimina
valid/numbertheory_aneqprodakp4_anmsqrtanp1eq2,R2,32,2,0.0,0.6875,1.0,0.0625,kimina
valid/numbertheory_aneqprodakp4_anmsqrtanp1eq2,orig,32,3,0.0,0.53125,1.0,0.09375,kimina
valid/numbertheory_prmdvsneqnsqmodpeq0,R1,32,9,0.0,0.03125,1.0,0.28125,kimina
valid/numbertheory_prmdvsneqnsqmodpeq0,orig,32,13,0.0,0.09375,1.0,0.40625,kimina
valid/numbertheory_sqmod3in01d,R1,32,32,0.0,0.0,1.0,1.0,kimina
valid/numbertheory_sqmod3in01d,orig,32,32,0.0,0.0,1.0,1.0,kimina
valid/numbertheory_sumkmulnckeqnmul2pownm1,R1,32,0,0.0,0.375,0.0,0.0,kimina
valid/numbertheory_sumkmulnckeqnmul2pownm1,R2,32,0,0.0,0.28125,0.0,0.0,kimina
valid/numbertheory_sumkmulnckeqnmul2pownm1,orig,32,0,0.0,0.40625,0.0,0.0,kimina
test/aime_1983_p1,R1,32,0,0.0,0.0,0.0,0.0,stp
test/aime_1983_p1,R2,32,0,0.0,0.0,0.0,0.0,stp
test/aime_1983_p1,orig,32,1,0.0,0.0,1.0,0.03125,stp
test/aime_1983_p2,R1,32,29,0.0,0.0,1.0,0.90625,stp
test/aime_1983_p2,R2,32,30,0.0,0.0,1.0,0.9375,stp
test/aime_1983_p2,orig,32,32,0.0,0.0,1.0,1.0,stp
test/aime_1983_p3,R1,32,0,0.0,0.0,0.0,0.0,stp
test/aime_1983_p3,R2,32,0,0.0,0.0,0.0,0.0,stp
test/aime_1983_p3,orig,32,0,0.0,0.0,0.0,0.0,stp
test/aime_1984_p1,R1,32,1,0.0,0.0,1.0,0.03125,stp
test/aime_1984_p1,R2,32,0,0.0,0.0,0.0,0.0,stp
test/aime_1984_p1,orig,32,6,0.0,0.0,1.0,0.1875,stp
test/aime_1984_p7,R1,32,0,0.0,0.0,0.0,0.0,stp
test/aime_1984_p7,R2,32,0,0.0,0.0,0.0,0.0,stp
test/aime_1984_p7,orig,32,0,0.0,0.0,0.0,0.0,stp
test/aime_1987_p5,R1,32,0,0.0,0.0,0.0,0.0,stp
test/aime_1987_p5,R2,32,0,0.0,0.0,0.0,0.0,stp
test/aime_1987_p5,orig,32,0,0.0,0.0,0.0,0.0,stp
test/aime_1988_p8,R1,32,0,0.0,0.0,0.0,0.0,stp
test/aime_1988_p8,R2,32,0,0.0,0.0,0.0,0.0,stp
test/aime_1988_p8,orig,32,0,0.0,0.0,0.0,0.0,stp
test/aime_1989_p8,R1,32,31,0.0,0.0,1.0,0.96875,stp
test/aime_1989_p8,R2,32,32,0.0,0.0,1.0,1.0,stp
test/aime_1989_p8,orig,32,30,0.0,0.0,1.0,0.9375,stp
test/aime_1990_p15,R1,32,0,0.0,0.0,0.0,0.0,stp
test/aime_1990_p15,R2,32,2,0.0,0.0,1.0,0.0625,stp
test/aime_1990_p15,orig,32,26,0.0,0.0,1.0,0.8125,stp
test/aime_1990_p4,R1,32,11,0.0,0.0,1.0,0.34375,stp
test/aime_1990_p4,R2,32,23,0.0,0.0,1.0,0.71875,stp
test/aime_1990_p4,orig,32,11,0.0,0.0,1.0,0.34375,stp
test/aime_1991_p9,R1,32,0,0.0,0.0,0.0,0.0,stp
test/aime_1991_p9,R2,32,0,0.0,0.0,0.0,0.0,stp
test/aime_1991_p9,orig,32,0,0.0,0.0,0.0,0.0,stp
test/aime_1994_p3,R1,32,0,0.0,0.0,0.0,0.0,stp
test/aime_1994_p3,R2,32,0,0.0,0.0,0.0,0.0,stp
test/aime_1994_p3,orig,32,0,0.0,0.0,0.0,0.0,stp
test/aime_1995_p7,R1,32,0,0.0,0.0,0.0,0.0,stp
test/aime_1995_p7,R2,32,0,0.0,0.0,0.0,0.0,stp
test/aime_1995_p7,orig,32,0,0.0,0.0,0.0,0.0,stp
test/aime_1997_p9,R1,32,0,0.0,0.0,0.0,0.0,stp
test/aime_1997_p9,R2,32,0,0.0,0.0,0.0,0.0,stp
test/aime_1997_p9,orig,32,0,0.0,0.0,0.0,0.0,stp
test/aime_1999_p11,R1,32,0,0.0,0.0,0.0,0.0,stp
test/aime_1999_p11,R2,32,0,0.0,0.0,0.0,0.0,stp
test/aime_1999_p11,orig,32,0,0.0,0.0,0.0,0.0,stp
test/algebra_2varlineareq_fp3zeq11_3tfm1m5zeqn68_feqn10_zeq7,R1,32,0,0.0,0.0,0.0,0.0,stp
test/algebra_2varlineareq_fp3zeq11_3tfm1m5zeqn68_feqn10_zeq7,R2,32,0,0.0,0.0,0.0,0.0,stp
test/algebra_2varlineareq_fp3zeq11_3tfm1m5zeqn68_feqn10_zeq7,orig,32,0,0.0,0.0,0.0,0.0,stp
test/algebra_9onxpypzleqsum2onxpy,R1,32,25,0.0,0.0,1.0,0.78125,stp
test/algebra_9onxpypzleqsum2onxpy,orig,32,22,0.0,0.0,1.0,0.6875,stp
test/algebra_abpbcpcageq3_sumaonsqrtapbgeq3onsqrt2,R1,32,0,0.0,0.0,0.0,0.0,stp
test/algebra_abpbcpcageq3_sumaonsqrtapbgeq3onsqrt2,orig,32,0,0.0,0.0,0.0,0.0,stp
test/algebra_absapbon1pabsapbleqsumabsaon1pabsa,R1,32,28,0.0,0.0,1.0,0.875,stp
test/algebra_absapbon1pabsapbleqsumabsaon1pabsa,orig,32,31,0.0,0.0,1.0,0.96875,stp
test/algebra_absxm1pabsxpabsxp1eqxp2_0leqxleq1,R1,32,30,0.0,0.0,1.0,0.9375,stp
test/algebra_absxm1pabsxpabsxp1eqxp2_0leqxleq1,R2,32,26,0.0,0.0,1.0,0.8125,stp
test/algebra_absxm1pabsxpabsxp1eqxp2_0leqxleq1,orig,32,29,0.0,0.0,1.0,0.90625,stp
test/algebra_amgm_sum1toneqn_prod1tonleq1,R1,32,0,0.0,0.0,0.0,0.0,stp
test/algebra_amgm_sum1toneqn_prod1tonleq1,R2,32,0,0.0,0.0,0.0,0.0,stp
test/algebra_amgm_sum1toneqn_prod1tonleq1,orig,32,0,0.0,0.0,0.0,0.0,stp
test/algebra_amgm_sumasqdivbgeqsuma,R1,32,16,0.0,0.0,1.0,0.5,stp
test/algebra_amgm_sumasqdivbgeqsuma,orig,32,22,0.0,0.0,1.0,0.6875,stp
test/algebra_apbmpcneq0_aeq0anbeq0anceq0,R1,32,0,0.0,0.0,0.0,0.0,stp
test/algebra_apbmpcneq0_aeq0anbeq0anceq0,R2,32,0,0.0,0.0,0.0,0.0,stp
test/algebra_apbmpcneq0_aeq0anbeq0anceq0,orig,32,0,0.0,0.0,0.0,0.0,stp
test/algebra_apbon2pownleqapownpbpowon2,R1,32,0,0.0,0.0,0.0,0.0,stp
test/algebra_apbon2pownleqapownpbpowon2,orig,32,0,0.0,0.0,0.0,0.0,stp
test/algebra_apbpceq2_abpbcpcaeq1_aleq1on3anbleq1ancleq4on3,R1,32,31,0.0,0.0,1.0,0.96875,stp
test/algebra_apbpceq2_abpbcpcaeq1_aleq1on3anbleq1ancleq4on3,R2,32,30,0.0,0.0,1.0,0.9375,stp
test/algebra_apbpceq2_abpbcpcaeq1_aleq1on3anbleq1ancleq4on3,orig,32,23,0.0,0.0,1.0,0.71875,stp
test/algebra_bleqa_apbon2msqrtableqambsqon8b,R1,32,18,0.0,0.0,1.0,0.5625,stp
test/algebra_bleqa_apbon2msqrtableqambsqon8b,orig,32,15,0.0,0.0,1.0,0.46875,stp
test/algebra_cubrtrp1oncubrtreq3_rcubp1onrcubeq5778,R1,32,0,0.0,0.0,0.0,0.0,stp
test/algebra_cubrtrp1oncubrtreq3_rcubp1onrcubeq5778,R2,32,0,0.0,0.0,0.0,0.0,stp
test/algebra_cubrtrp1oncubrtreq3_rcubp1onrcubeq5778,orig,32,0,0.0,0.0,0.0,0.0,stp
test/algebra_ineq_nto1onlt2m1on,R1,32,0,0.0,0.0,0.0,0.0,stp
test/algebra_ineq_nto1onlt2m1on,orig,32,0,0.0,0.0,0.0,0.0,stp
test/algebra_others_exirrpowirrrat,orig,32,0,0.0,0.0,0.0,0.0,stp
test/algebra_sqineq_at2malt1,R1,32,31,0.0,0.0,1.0,0.96875,stp
test/algebra_sqineq_at2malt1,orig,32,28,0.0,0.0,1.0,0.875,stp
test/algebra_sqineq_unitcircatbpabsamblt1,R1,32,27,0.0,0.0,1.0,0.84375,stp
test/algebra_sqineq_unitcircatbpabsamblt1,R2,32,27,0.0,0.0,1.0,0.84375,stp
test/algebra_sqineq_unitcircatbpabsamblt1,orig,32,28,0.0,0.0,1.0,0.875,stp
test/algebra_sqineq_unitcircatbpamblt1,R1,32,25,0.0,0.0,1.0,0.78125,stp
test/algebra_sqineq_unitcircatbpamblt1,R2,32,29,0.0,0.0,1.0,0.90625,stp
test/algebra_sqineq_unitcircatbpamblt1,orig,32,30,0.0,0.0,1.0,0.9375,stp
test/algebra_sum1onsqrt2to1onsqrt10000lt198,orig,32,0,0.0,0.0,0.0,0.0,stp
test/amc12_2000_p1,R1,32,0,0.0,0.0,0.0,0.0,stp
test/amc12_2000_p1,R2,32,0,0.0,0.0,0.0,0.0,stp
test/amc12_2000_p1,orig,32,0,0.0,0.0,0.0,0.0,stp
test/amc12_2000_p12,R1,32,1,0.0,0.0,1.0,0.03125,stp
test/amc12_2000_p12,R2,32,2,0.0,0.0,1.0,0.0625,stp
test/amc12_2000_p12,orig,32,0,0.0,0.0,0.0,0.0,stp
test/amc12_2000_p20,R1,32,0,0.0,0.0,0.0,0.0,stp
test/amc12_2000_p20,R2,32,0,0.0,0.0,0.0,0.0,stp
test/amc12_2000_p20,orig,32,1,0.0,0.0,1.0,0.03125,stp
test/amc12_2000_p6,R1,32,21,0.0,0.0,1.0,0.65625,stp
test/amc12_2000_p6,orig,32,26,0.0,0.0,1.0,0.8125,stp
test/amc12_2001_p21,R1,32,0,0.0,0.0,0.0,0.0,stp
test/amc12_2001_p21,R2,32,0,0.0,0.0,0.0,0.0,stp
test/amc12_2001_p21,orig,32,0,0.0,0.0,0.0,0.0,stp
test/amc12_2001_p5,orig,32,13,0.0,0.0,1.0,0.40625,stp
test/amc12a_2002_p13,R1,32,0,0.0,0.0,0.0,0.0,stp
test/amc12a_2002_p13,R2,32,0,0.0,0.0,0.0,0.0,stp
test/amc12a_2002_p13,orig,32,0,0.0,0.0,0.0,0.0,stp
test/amc12a_2002_p6,R1,32,30,0.0,0.0,1.0,0.9375,stp
test/amc12a_2002_p6,orig,32,30,0.0,0.0,1.0,0.9375,stp
test/amc12a_2003_p23,R1,32,0,0.0,0.0,0.0,0.0,stp
test/amc12a_2003_p23,R2,32,0,0.0,0.0,0.0,0.0,stp
test/amc12a_2003_p23,orig,32,0,0.0,0.0,0.0,0.0,stp
test/amc12a_2003_p5,R1,32,26,0.0,0.0,1.0,0.8125,stp
test/amc12a_2003_p5,R2,32,26,0.0,0.0,1.0,0.8125,stp
test/amc12a_2003_p5,orig,32,29,0.0,0.0,1.0,0.90625,stp
test/amc12a_2008_p25,R1,32,0,0.0,0.0,0.0,0.0,stp
test/amc12a_2008_p25,R2,32,0,0.0,0.0,0.0,0.0,stp
test/amc12a_2008_p25,orig,32,0,0.0,0.0,0.0,0.0,stp
test/amc12a_2009_p6,R1,32,0,0.0,0.0,0.0,0.0,stp
test/amc12a_2009_p6,R2,32,0,0.0,0.0,0.0,0.0,stp
test/amc12a_2009_p6,orig,32,0,0.0,0.0,0.0,0.0,stp
test/amc12a_2009_p7,R1,32,0,0.0,0.0,0.0,0.0,stp
test/amc12a_2009_p7,R2,32,0,0.0,0.0,0.0,0.0,stp
test/amc12a_2009_p7,orig,32,0,0.0,0.0,0.0,0.0,stp
test/amc12a_2013_p4,R2,32,32,0.0,0.0,1.0,1.0,stp
test/amc12a_2013_p4,orig,32,32,0.0,0.0,1.0,1.0,stp
test/amc12a_2019_p12,R1,32,0,0.0,0.0,0.0,0.0,stp
test/amc12a_2019_p12,R2,32,0,0.0,0.0,0.0,0.0,stp
test/amc12a_2019_p12,orig,32,0,0.0,0.0,0.0,0.0,stp
test/amc12a_2020_p10,R1,32,0,0.0,0.0,0.0,0.0,stp
test/amc12a_2020_p10,R2,32,0,0.0,0.0,0.0,0.0,stp
test/amc12a_2020_p10,orig,32,0,0.0,0.0,0.0,0.0,stp
test/amc12a_2020_p15,R1,32,0,0.0,0.0,0.0,0.0,stp
test/amc12a_2020_p15,R2,32,0,0.0,0.0,0.0,0.0,stp
test/amc12a_2020_p15,orig,32,0,0.0,0.0,0.0,0.0,stp
test/amc12a_2020_p25,R1,32,0,0.0,0.0,0.0,0.0,stp
test/amc12a_2020_p25,R2,32,0,0.0,0.0,0.0,0.0,stp
test/amc12a_2020_p25,orig,32,0,0.0,0.0,0.0,0.0,stp
test/amc12a_2020_p4,R1,32,0,0.0,0.0,0.0,0.0,stp
test/amc12a_2020_p4,R2,32,0,0.0,0.0,0.0,0.0,stp
test/amc12a_2020_p4,orig,32,0,0.0,0.0,0.0,0.0,stp
test/amc12a_2020_p7,R1,32,0,0.0,0.0,0.0,0.0,stp
test/amc12a_2020_p7,R2,32,0,0.0,0.0,0.0,0.0,stp
test/amc12a_2020_p7,orig,32,0,0.0,0.0,0.0,0.0,stp
test/amc12a_2020_p9,R1,32,0,0.0,0.0,0.0,0.0,stp
test/amc12a_2020_p9,R2,32,0,0.0,0.0,0.0,0.0,stp
test/amc12a_2020_p9,orig,32,0,0.0,0.0,0.0,0.0,stp
test/amc12a_2021_p12,R1,32,0,0.0,0.0,0.0,0.0,stp
test/amc12a_2021_p12,R2,32,0,0.0,0.0,0.0,0.0,stp
test/amc12a_2021_p12,orig,32,0,0.0,0.0,0.0,0.0,stp
test/amc12a_2021_p14,R2,32,0,0.0,0.0,0.0,0.0,stp
test/amc12a_2021_p14,orig,32,0,0.0,0.0,0.0,0.0,stp
test/amc12a_2021_p18,R1,32,0,0.0,0.0,0.0,0.0,stp
test/amc12a_2021_p18,orig,32,0,0.0,0.0,0.0,0.0,stp
test/amc12a_2021_p19,R1,32,0,0.0,0.0,0.0,0.0,stp
test/amc12a_2021_p19,R2,32,0,0.0,0.0,0.0,0.0,stp
test/amc12a_2021_p19,orig,32,0,0.0,0.0,0.0,0.0,stp
test/amc12a_2021_p22,R1,32,0,0.0,0.0,0.0,0.0,stp
test/amc12a_2021_p22,R2,32,0,0.0,0.0,0.0,0.0,stp
test/amc12a_2021_p22,orig,32,0,0.0,0.0,0.0,0.0,stp
test/amc12a_2021_p25,R1,32,0,0.0,0.0,0.0,0.0,stp
test/amc12a_2021_p25,R2,32,0,0.0,0.0,0.0,0.0,stp
test/amc12a_2021_p25,orig,32,0,0.0,0.0,0.0,0.0,stp
test/amc12a_2021_p3,R1,32,22,0.0,0.0,1.0,0.6875,stp
test/amc12a_2021_p3,R2,32,30,0.0,0.0,1.0,0.9375,stp
test/amc12a_2021_p3,orig,32,25,0.0,0.0,1.0,0.78125,stp
test/amc12a_2021_p8,R1,32,0,0.0,0.0,0.0,0.0,stp
test/amc12a_2021_p8,R2,32,0,0.0,0.0,0.0,0.0,stp
test/amc12a_2021_p8,orig,32,0,0.0,0.0,0.0,0.0,stp
test/amc12a_2021_p9,R2,32,20,0.0,0.0,1.0,0.625,stp
test/amc12a_2021_p9,orig,32,29,0.0,0.0,1.0,0.90625,stp
test/amc12b_2002_p19,R1,32,32,0.0,0.0,1.0,1.0,stp
test/amc12b_2002_p19,R2,32,32,0.0,0.0,1.0,1.0,stp
test/amc12b_2002_p19,orig,32,31,0.0,0.0,1.0,0.96875,stp
test/amc12b_2002_p2,R1,32,32,0.0,0.0,1.0,1.0,stp
test/amc12b_2002_p2,R2,32,32,0.0,0.0,1.0,1.0,stp
test/amc12b_2002_p2,orig,32,32,0.0,0.0,1.0,1.0,stp
test/amc12b_2002_p4,R1,32,0,0.0,0.0,0.0,0.0,stp
test/amc12b_2002_p4,R2,32,0,0.0,0.0,0.0,0.0,stp
test/amc12b_2002_p4,orig,32,0,0.0,0.0,0.0,0.0,stp
test/amc12b_2002_p7,R1,32,24,0.0,0.0,1.0,0.75,stp
test/amc12b_2002_p7,R2,32,13,0.0,0.0,1.0,0.40625,stp
test/amc12b_2002_p7,orig,32,24,0.0,0.0,1.0,0.75,stp
test/amc12b_2020_p13,R2,32,0,0.0,0.0,0.0,0.0,stp
test/amc12b_2020_p13,orig,32,1,0.0,0.0,1.0,0.03125,stp
test/amc12b_2020_p2,R2,32,31,0.0,0.0,1.0,0.96875,stp
test/amc12b_2020_p2,orig,32,32,0.0,0.0,1.0,1.0,stp
test/amc12b_2020_p21,R1,32,0,0.0,0.0,0.0,0.0,stp
test/amc12b_2020_p21,R2,32,0,0.0,0.0,0.0,0.0,stp
test/amc12b_2020_p21,orig,32,0,0.0,0.0,0.0,0.0,stp
test/amc12b_2020_p22,R1,32,0,0.0,0.0,0.0,0.0,stp
test/amc12b_2020_p22,orig,32,0,0.0,0.0,0.0,0.0,stp
test/amc12b_2020_p6,R1,32,0,0.0,0.0,0.0,0.0,stp
test/amc12b_2020_p6,orig,32,0,0.0,0.0,0.0,0.0,stp
test/amc12b_2021_p1,R1,32,0,0.0,0.0,0.0,0.0,stp
test/amc12b_2021_p1,R2,32,0,0.0,0.0,0.0,0.0,stp
test/amc12b_2021_p1,orig,32,0,0.0,0.0,0.0,0.0,stp
test/amc12b_2021_p13,R1,32,0,0.0,0.0,0.0,0.0,stp
test/amc12b_2021_p13,R2,32,0,0.0,0.0,0.0,0.0,stp
test/amc12b_2021_p13,orig,32,0,0.0,0.0,0.0,0.0,stp
test/amc12b_2021_p18,R1,32,0,0.0,0.0,0.0,0.0,stp
test/amc12b_2021_p18,R2,32,0,0.0,0.0,0.0,0.0,stp
test/amc12b_2021_p18,orig,32,0,0.0,0.0,0.0,0.0,stp
test/amc12b_2021_p3,R1,32,0,0.0,0.0,0.0,0.0,stp
test/amc12b_2021_p3,R2,32,0,0.0,0.0,0.0,0.0,stp
test/amc12b_2021_p3,orig,32,0,0.0,0.0,0.0,0.0,stp
test/amc12b_2021_p4,R1,32,21,0.0,0.0,1.0,0.65625,stp
test/amc12b_2021_p4,R2,32,13,0.0,0.0,1.0,0.40625,stp
test/amc12b_2021_p4,orig,32,17,0.0,0.0,1.0,0.53125,stp
test/amc12b_2021_p9,R2,32,3,0.0,0.0,1.0,0.09375,stp
test/amc12b_2021_p9,orig,32,0,0.0,0.0,0.0,0.0,stp
test/imo_1959_p1,R1,32,0,0.0,0.0,0.0,0.0,stp
test/imo_1959_p1,R2,32,0,0.0,0.0,0.0,0.0,stp
test/imo_1959_p1,orig,32,0,0.0,0.0,0.0,0.0,stp
test/imo_1960_p2,R1,32,0,0.0,0.0,0.0,0.0,stp
test/imo_1960_p2,orig,32,0,0.0,0.0,0.0,0.0,stp
test/imo_1962_p2,R1,32,0,0.0,0.0,0.0,0.0,stp
test/imo_1962_p2,orig,32,0,0.0,0.0,0.0,0.0,stp
test/imo_1963_p5,R2,32,0,0.0,0.0,0.0,0.0,stp
test/imo_1963_p5,orig,32,0,0.0,0.0,0.0,0.0,stp
test/imo_1964_p2,R1,32,30,0.0,0.0,1.0,0.9375,stp
test/imo_1964_p2,orig,32,26,0.0,0.0,1.0,0.8125,stp
test/imo_1965_p2,R1,32,0,0.0,0.0,0.0,0.0,stp
test/imo_1965_p2,R2,32,0,0.0,0.0,0.0,0.0,stp
test/imo_1965_p2,orig,32,0,0.0,0.0,0.0,0.0,stp
test/imo_1968_p5_1,R1,32,0,0.0,0.0,0.0,0.0,stp
test/imo_1968_p5_1,orig,32,0,0.0,0.0,0.0,0.0,stp
test/imo_1969_p2,R1,32,0,0.0,0.0,0.0,0.0,stp
test/imo_1969_p2,R2,32,0,0.0,0.0,0.0,0.0,stp
test/imo_1969_p2,orig,32,0,0.0,0.0,0.0,0.0,stp
test/imo_1974_p3,R1,32,0,0.0,0.0,0.0,0.0,stp
test/imo_1974_p3,orig,32,0,0.0,0.0,0.0,0.0,stp
test/imo_1977_p6,R1,32,0,0.0,0.0,0.0,0.0,stp
test/imo_1977_p6,orig,32,0,0.0,0.0,0.0,0.0,stp
test/imo_1981_p6,R1,32,0,0.0,0.0,0.0,0.0,stp
test/imo_1981_p6,orig,32,0,0.0,0.0,0.0,0.0,stp
test/imo_1982_p1,R1,32,0,0.0,0.0,0.0,0.0,stp
test/imo_1982_p1,R2,32,0,0.0,0.0,0.0,0.0,stp
test/imo_1982_p1,orig,32,0,0.0,0.0,0.0,0.0,stp
test/imo_1983_p6,R1,32,7,0.0,0.0,1.0,0.21875,stp
test/imo_1983_p6,orig,32,22,0.0,0.0,1.0,0.6875,stp
test/imo_1984_p6,R1,32,0,0.0,0.0,0.0,0.0,stp
test/imo_1984_p6,R2,32,0,0.0,0.0,0.0,0.0,stp
test/imo_1984_p6,orig,32,0,0.0,0.0,0.0,0.0,stp
test/imo_1985_p6,R1,32,0,0.0,0.0,0.0,0.0,stp
test/imo_1985_p6,orig,32,0,0.0,0.0,0.0,0.0,stp
test/imo_1992_p1,R1,32,0,0.0,0.0,0.0,0.0,stp
test/imo_1992_p1,orig,32,0,0.0,0.0,0.0,0.0,stp
test/imo_1997_p5,R1,32,0,0.0,0.0,0.0,0.0,stp
test/imo_1997_p5,R2,32,0,0.0,0.0,0.0,0.0,stp
test/imo_1997_p5,orig,32,0,0.0,0.0,0.0,0.0,stp
test/imo_2001_p6,R1,32,0,0.0,0.0,0.0,0.0,stp
test/imo_2001_p6,R2,32,0,0.0,0.0,0.0,0.0,stp
test/imo_2001_p6,orig,32,0,0.0,0.0,0.0,0.0,stp
test/imo_2019_p1,R1,32,0,0.0,0.0,0.0,0.0,stp
test/imo_2019_p1,orig,32,0,0.0,0.0,0.0,0.0,stp
test/imosl_2007_algebra_p6,R1,32,0,0.0,0.0,0.0,0.0,stp
test/imosl_2007_algebra_p6,R2,32,0,0.0,0.0,0.0,0.0,stp
test/imosl_2007_algebra_p6,orig,32,0,0.0,0.0,0.0,0.0,stp
test/induction_11div10tonmn1ton,R1,32,22,0.0,0.0,1.0,0.6875,stp
test/induction_11div10tonmn1ton,orig,32,19,0.0,0.0,1.0,0.59375,stp
test/induction_12dvd4expnp1p20,R1,32,20,0.0,0.0,1.0,0.625,stp
test/induction_12dvd4expnp1p20,orig,32,24,0.0,0.0,1.0,0.75,stp
test/induction_1pxpownlt1pnx,R1,32,8,0.0,0.0,1.0,0.25,stp
test/induction_1pxpownlt1pnx,orig,32,21,0.0,0.0,1.0,0.65625,stp
test/induction_nfactltnexpnm1ngt3,R1,32,0,0.0,0.0,0.0,0.0,stp
test/induction_nfactltnexpnm1ngt3,orig,32,0,0.0,0.0,0.0,0.0,stp
test/induction_pord1p1on2powklt5on2,R1,32,0,0.0,0.0,0.0,0.0,stp
test/induction_pord1p1on2powklt5on2,orig,32,0,0.0,0.0,0.0,0.0,stp
test/induction_pprime_pdvdapowpma,R1,32,0,0.0,0.0,0.0,0.0,stp
test/induction_pprime_pdvdapowpma,orig,32,0,0.0,0.0,0.0,0.0,stp
test/induction_prod1p1onk3le3m1onn,R1,32,13,0.0,0.0,1.0,0.40625,stp
test/induction_prod1p1onk3le3m1onn,orig,32,12,0.0,0.0,1.0,0.375,stp
test/induction_sumkexp3eqsumksq,R1,32,0,0.0,0.0,0.0,0.0,stp
test/induction_sumkexp3eqsumksq,R2,32,0,0.0,0.0,0.0,0.0,stp
test/induction_sumkexp3eqsumksq,orig,32,0,0.0,0.0,0.0,0.0,stp
test/mathd_algebra_107,R1,32,32,0.0,0.0,1.0,1.0,stp
test/mathd_algebra_107,R2,32,32,0.0,0.0,1.0,1.0,stp
test/mathd_algebra_107,orig,32,32,0.0,0.0,1.0,1.0,stp
test/mathd_algebra_113,R1,32,31,0.0,0.0,1.0,0.96875,stp
test/mathd_algebra_113,orig,32,30,0.0,0.0,1.0,0.9375,stp
test/mathd_algebra_114,R1,32,0,0.0,0.0,0.0,0.0,stp
test/mathd_algebra_114,R2,32,0,0.0,0.0,0.0,0.0,stp
test/mathd_algebra_114,orig,32,0,0.0,0.0,0.0,0.0,stp
test/mathd_algebra_125,R1,32,23,0.0,0.0,1.0,0.71875,stp
test/mathd_algebra_125,R2,32,19,0.0,0.0,1.0,0.59375,stp
test/mathd_algebra_125,orig,32,24,0.0,0.0,1.0,0.75,stp
test/mathd_algebra_129,R1,32,30,0.0,0.0,1.0,0.9375,stp
test/mathd_algebra_129,R2,32,32,0.0,0.0,1.0,1.0,stp
test/mathd_algebra_129,orig,32,27,0.0,0.0,1.0,0.84375,stp
test/mathd_algebra_137,R1,32,29,0.0,0.0,1.0,0.90625,stp
test/mathd_algebra_137,R2,32,25,0.0,0.0,1.0,0.78125,stp
test/mathd_algebra_137,orig,32,31,0.0,0.0,1.0,0.96875,stp
test/mathd_algebra_139,R1,32,29,0.0,0.0,1.0,0.90625,stp
test/mathd_algebra_139,R2,32,30,0.0,0.0,1.0,0.9375,stp
test/mathd_algebra_139,orig,32,29,0.0,0.0,1.0,0.90625,stp
test/mathd_algebra_141,R1,32,25,0.0,0.0,1.0,0.78125,stp
test/mathd_algebra_141,R2,32,27,0.0,0.0,1.0,0.84375,stp
test/mathd_algebra_141,orig,32,28,0.0,0.0,1.0,0.875,stp
test/mathd_algebra_142,R1,32,10,0.0,0.0,1.0,0.3125,stp
test/mathd_algebra_142,R2,32,8,0.0,0.0,1.0,0.25,stp
test/mathd_algebra_142,orig,32,12,0.0,0.0,1.0,0.375,stp
test/mathd_algebra_143,R1,32,32,0.0,0.0,1.0,1.0,stp
test/mathd_algebra_143,R2,32,30,0.0,0.0,1.0,0.9375,stp
test/mathd_algebra_143,orig,32,32,0.0,0.0,1.0,1.0,stp
test/mathd_algebra_148,R1,32,30,0.0,0.0,1.0,0.9375,stp
test/mathd_algebra_148,R2,32,24,0.0,0.0,1.0,0.75,stp
test/mathd_algebra_148,orig,32,32,0.0,0.0,1.0,1.0,stp
test/mathd_algebra_153,R1,32,1,0.0,0.0,1.0,0.03125,stp
test/mathd_algebra_153,R2,32,2,0.0,0.0,1.0,0.0625,stp
test/mathd_algebra_153,orig,32,0,0.0,0.0,0.0,0.0,stp
test/mathd_algebra_156,R1,32,0,0.0,0.0,0.0,0.0,stp
test/mathd_algebra_156,orig,32,15,0.0,0.0,1.0,0.46875,stp
test/mathd_algebra_158,R1,32,17,0.0,0.0,1.0,0.53125,stp
test/mathd_algebra_158,R2,32,26,0.0,0.0,1.0,0.8125,stp
test/mathd_algebra_158,orig,32,16,0.0,0.0,1.0,0.5,stp
test/mathd_algebra_160,R1,32,20,0.0,0.0,1.0,0.625,stp
test/mathd_algebra_160,R2,32,19,0.0,0.0,1.0,0.59375,stp
test/mathd_algebra_160,orig,32,29,0.0,0.0,1.0,0.90625,stp
test/mathd_algebra_17,R1,32,0,0.0,0.0,0.0,0.0,stp
test/mathd_algebra_17,R2,32,0,0.0,0.0,0.0,0.0,stp
test/mathd_algebra_17,orig,32,0,0.0,0.0,0.0,0.0,stp
test/mathd_algebra_170,R1,32,7,0.0,0.0,1.0,0.21875,stp
test/mathd_algebra_170,R2,32,2,0.0,0.0,1.0,0.0625,stp
test/mathd_algebra_170,orig,32,5,0.0,0.0,1.0,0.15625,stp
test/mathd_algebra_171,R1,32,31,0.0,0.0,1.0,0.96875,stp
test/mathd_algebra_171,R2,32,29,0.0,0.0,1.0,0.90625,stp
test/mathd_algebra_171,orig,32,31,0.0,0.0,1.0,0.96875,stp
test/mathd_algebra_176,R1,32,31,0.0,0.0,1.0,0.96875,stp
test/mathd_algebra_176,R2,32,32,0.0,0.0,1.0,1.0,stp
test/mathd_algebra_176,orig,32,32,0.0,0.0,1.0,1.0,stp
test/mathd_algebra_184,R1,32,0,0.0,0.0,0.0,0.0,stp
test/mathd_algebra_184,R2,32,0,0.0,0.0,0.0,0.0,stp
test/mathd_algebra_184,orig,32,0,0.0,0.0,0.0,0.0,stp
test/mathd_algebra_188,R1,32,28,0.0,0.0,1.0,0.875,stp
test/mathd_algebra_188,R2,32,7,0.0,0.0,1.0,0.21875,stp
test/mathd_algebra_188,orig,32,27,0.0,0.0,1.0,0.84375,stp
test/mathd_algebra_196,R1,32,1,0.0,0.0,1.0,0.03125,stp
test/mathd_algebra_196,R2,32,0,0.0,0.0,0.0,0.0,stp
test/mathd_algebra_196,orig,32,0,0.0,0.0,0.0,0.0,stp
test/mathd_algebra_208,R2,32,0,0.0,0.0,0.0,0.0,stp
test/mathd_algebra_208,orig,32,0,0.0,0.0,0.0,0.0,stp
test/mathd_algebra_209,R1,32,14,0.0,0.0,1.0,0.4375,stp
test/mathd_algebra_209,R2,32,3,0.0,0.0,1.0,0.09375,stp
test/mathd_algebra_209,orig,32,16,0.0,0.0,1.0,0.5,stp
test/mathd_algebra_215,R1,32,0,0.0,0.0,0.0,0.0,stp
test/mathd_algebra_215,R2,32,1,0.0,0.0,1.0,0.03125,stp
test/mathd_algebra_215,orig,32,0,0.0,0.0,0.0,0.0,stp
test/mathd_algebra_24,R1,32,31,0.0,0.0,1.0,0.96875,stp
test/mathd_algebra_24,R2,32,29,0.0,0.0,1.0,0.90625,stp
test/mathd_algebra_24,orig,32,32,0.0,0.0,1.0,1.0,stp
test/mathd_algebra_246,R1,32,29,0.0,0.0,1.0,0.90625,stp
test/mathd_algebra_246,R2,32,32,0.0,0.0,1.0,1.0,stp
test/mathd_algebra_246,orig,32,27,0.0,0.0,1.0,0.84375,stp
test/mathd_algebra_263,R1,32,30,0.0,0.0,1.0,0.9375,stp
test/mathd_algebra_263,R2,32,23,0.0,0.0,1.0,0.71875,stp
test/mathd_algebra_263,orig,32,32,0.0,0.0,1.0,1.0,stp
test/mathd_algebra_270,R1,32,12,0.0,0.0,1.0,0.375,stp
test/mathd_algebra_270,R2,32,11,0.0,0.0,1.0,0.34375,stp
test/mathd_algebra_270,orig,32,18,0.0,0.0,1.0,0.5625,stp
test/mathd_algebra_275,R1,32,0,0.0,0.0,0.0,0.0,stp
test/mathd_algebra_275,R2,32,0,0.0,0.0,0.0,0.0,stp
test/mathd_algebra_275,orig,32,0,0.0,0.0,0.0,0.0,stp
test/mathd_algebra_276,R1,32,0,0.0,0.0,0.0,0.0,stp
test/mathd_algebra_276,R2,32,0,0.0,0.0,0.0,0.0,stp
test/mathd_algebra_276,orig,32,0,0.0,0.0,0.0,0.0,stp
test/mathd_algebra_288,R1,32,0,0.0,0.0,0.0,0.0,stp
test/mathd_algebra_288,R2,32,0,0.0,0.0,0.0,0.0,stp
test/mathd_algebra_288,orig,32,0,0.0,0.0,0.0,0.0,stp
test/mathd_algebra_289,R1,32,0,0.0,0.0,0.0,0.0,stp
test/mathd_algebra_289,R2,32,0,0.0,0.0,0.0,0.0,stp
test/mathd_algebra_289,orig,32,0,0.0,0.0,0.0,0.0,stp
test/mathd_algebra_293,R1,32,4,0.0,0.0,1.0,0.125,stp
test/mathd_algebra_293,R2,32,0,0.0,0.0,0.0,0.0,stp
test/mathd_algebra_293,orig,32,3,0.0,0.0,1.0,0.09375,stp
test/mathd_algebra_296,R2,32,30,0.0,0.0,1.0,0.9375,stp
test/mathd_algebra_296,orig,32,27,0.0,0.0,1.0,0.84375,stp
test/mathd_algebra_302,R2,32,21,0.0,0.0,1.0,0.65625,stp
test/mathd_algebra_302,orig,32,21,0.0,0.0,1.0,0.65625,stp
test/mathd_algebra_304,R2,32,29,0.09375,0.0,1.0,0.90625,stp
test/mathd_algebra_304,orig,32,27,0.03125,0.0,1.0,0.84375,stp
test/mathd_algebra_313,R1,32,21,0.0,0.0,1.0,0.65625,stp
test/mathd_algebra_313,R2,32,5,0.0,0.0,1.0,0.15625,stp
test/mathd_algebra_313,orig,32,19,0.0,0.0,1.0,0.59375,stp
test/mathd_algebra_314,R1,32,32,0.0,0.0,1.0,1.0,stp
test/mathd_algebra_314,R2,32,31,0.0,0.0,1.0,0.96875,stp
test/mathd_algebra_314,orig,32,32,0.0,0.0,1.0,1.0,stp
test/mathd_algebra_320,R1,32,0,0.0,0.0,0.0,0.0,stp
test/mathd_algebra_320,R2,32,0,0.0,0.0,0.0,0.0,stp
test/mathd_algebra_320,orig,32,0,0.0,0.0,0.0,0.0,stp
test/mathd_algebra_329,R1,32,28,0.0,0.0,1.0,0.875,stp
test/mathd_algebra_329,R2,32,31,0.0,0.0,1.0,0.96875,stp
test/mathd_algebra_329,orig,32,32,0.0,0.0,1.0,1.0,stp
test/mathd_algebra_33,R1,32,22,0.0,0.0,1.0,0.6875,stp
test/mathd_algebra_33,R2,32,30,0.0,0.0,1.0,0.9375,stp
test/mathd_algebra_33,orig,32,18,0.0,0.0,1.0,0.5625,stp
test/mathd_algebra_332,R1,32,0,0.0,0.0,0.0,0.0,stp
test/mathd_algebra_332,R2,32,0,0.0,0.0,0.0,0.0,stp
test/mathd_algebra_332,orig,32,0,0.0,0.0,0.0,0.0,stp
test/mathd_algebra_338,R1,32,1,0.0,0.0,1.0,0.03125,stp
test/mathd_algebra_338,R2,32,3,0.0,0.0,1.0,0.09375,stp
test/mathd_algebra_338,orig,32,6,0.0,0.0,1.0,0.1875,stp
test/mathd_algebra_342,R1,32,31,0.0,0.0,1.0,0.96875,stp
test/mathd_algebra_342,R2,32,31,0.0,0.0,1.0,0.96875,stp
test/mathd_algebra_342,orig,32,30,0.0,0.0,1.0,0.9375,stp
test/mathd_algebra_346,R1,32,32,0.0,0.0,1.0,1.0,stp
test/mathd_algebra_346,R2,32,32,0.0,0.0,1.0,1.0,stp
test/mathd_algebra_346,orig,32,32,0.0,0.0,1.0,1.0,stp
test/mathd_algebra_354,R1,32,15,0.0,0.0,1.0,0.46875,stp
test/mathd_algebra_354,R2,32,19,0.0,0.0,1.0,0.59375,stp
test/mathd_algebra_354,orig,32,16,0.0,0.0,1.0,0.5,stp
test/mathd_algebra_359,R1,32,29,0.03125,0.0,1.0,0.90625,stp
test/mathd_algebra_359,R2,32,30,0.03125,0.0,1.0,0.9375,stp
test/mathd_algebra_359,orig,32,30,0.03125,0.0,1.0,0.9375,stp
test/mathd_algebra_362,R1,32,0,0.0,0.0,0.0,0.0,stp
test/mathd_algebra_362,R2,32,0,0.0,0.0,0.0,0.0,stp
test/mathd_algebra_362,orig,32,0,0.0,0.0,0.0,0.0,stp
test/mathd_algebra_388,R1,32,28,0.0,0.0,1.0,0.875,stp
test/mathd_algebra_388,R2,32,25,0.0,0.0,1.0,0.78125,stp
test/mathd_algebra_388,orig,32,31,0.0,0.0,1.0,0.96875,stp
test/mathd_algebra_392,R1,32,0,0.0,0.0,0.0,0.0,stp
test/mathd_algebra_392,R2,32,0,0.0,0.0,0.0,0.0,stp
test/mathd_algebra_392,orig,32,0,0.0,0.0,0.0,0.0,stp
test/mathd_algebra_398,R1,32,29,0.0,0.0,1.0,0.90625,stp
test/mathd_algebra_398,R2,32,32,0.0,0.0,1.0,1.0,stp
test/mathd_algebra_398,orig,32,29,0.0,0.0,1.0,0.90625,stp
test/mathd_algebra_400,R1,32,32,0.0,0.0,1.0,1.0,stp
test/mathd_algebra_400,R2,32,32,0.0,0.0,1.0,1.0,stp
test/mathd_algebra_400,orig,32,31,0.0,0.0,1.0,0.96875,stp
test/mathd_algebra_412,R1,32,30,0.0,0.0,1.0,0.9375,stp
test/mathd_algebra_412,R2,32,24,0.0,0.0,1.0,0.75,stp
test/mathd_algebra_412,orig,32,31,0.0,0.0,1.0,0.96875,stp
test/mathd_algebra_419,R1,32,32,0.0,0.0,1.0,1.0,stp
test/mathd_algebra_419,R2,32,28,0.0,0.0,1.0,0.875,stp
test/mathd_algebra_419,orig,32,32,0.0,0.0,1.0,1.0,stp
test/mathd_algebra_427,R1,32,20,0.0,0.0,1.0,0.625,stp
test/mathd_algebra_427,R2,32,21,0.0,0.0,1.0,0.65625,stp
test/mathd_algebra_427,orig,32,23,0.0,0.0,1.0,0.71875,stp
test/mathd_algebra_432,R1,32,32,0.0,0.0,1.0,1.0,stp
test/mathd_algebra_432,R2,32,32,0.0,0.0,1.0,1.0,stp
test/mathd_algebra_432,orig,32,32,0.0,0.0,1.0,1.0,stp
test/mathd_algebra_44,R1,32,30,0.0,0.0,1.0,0.9375,stp
test/mathd_algebra_44,R2,32,32,0.0,0.0,1.0,1.0,stp
test/mathd_algebra_44,orig,32,28,0.0,0.0,1.0,0.875,stp
test/mathd_algebra_440,R1,32,32,0.0,0.0,1.0,1.0,stp
test/mathd_algebra_440,R2,32,30,0.0,0.0,1.0,0.9375,stp
test/mathd_algebra_440,orig,32,32,0.0,0.0,1.0,1.0,stp
test/mathd_algebra_441,R1,32,32,0.0,0.0,1.0,1.0,stp
test/mathd_algebra_441,R2,32,32,0.0,0.0,1.0,1.0,stp
test/mathd_algebra_441,orig,32,29,0.0,0.0,1.0,0.90625,stp
test/mathd_algebra_452,R1,32,1,0.0,0.0,1.0,0.03125,stp
test/mathd_algebra_452,R2,32,5,0.0,0.0,1.0,0.15625,stp
test/mathd_algebra_452,orig,32,8,0.0,0.0,1.0,0.25,stp
test/mathd_algebra_459,R1,32,0,0.0,0.0,0.0,0.0,stp
test/mathd_algebra_459,R2,32,0,0.0,0.0,0.0,0.0,stp
test/mathd_algebra_459,orig,32,0,0.0,0.0,0.0,0.0,stp
test/mathd_algebra_478,R1,32,27,0.0,0.0,1.0,0.84375,stp
test/mathd_algebra_478,R2,32,21,0.0,0.0,1.0,0.65625,stp
test/mathd_algebra_478,orig,32,30,0.0,0.0,1.0,0.9375,stp
test/mathd_algebra_484,R2,32,24,0.0,0.0,1.0,0.75,stp
test/mathd_algebra_484,orig,32,28,0.0,0.0,1.0,0.875,stp
test/mathd_algebra_487,R1,32,0,0.0,0.0,0.0,0.0,stp
test/mathd_algebra_487,R2,32,0,0.0,0.0,0.0,0.0,stp
test/mathd_algebra_487,orig,32,0,0.0,0.0,0.0,0.0,stp
test/mathd_algebra_513,R1,32,31,0.0,0.0,1.0,0.96875,stp
test/mathd_algebra_513,R2,32,31,0.0,0.0,1.0,0.96875,stp
test/mathd_algebra_513,orig,32,32,0.0,0.0,1.0,1.0,stp
test/mathd_algebra_598,R1,32,0,0.0,0.0,0.0,0.0,stp
test/mathd_algebra_598,R2,32,0,0.0,0.03125,0.0,0.0,stp
test/mathd_algebra_598,orig,32,0,0.0,0.0,0.0,0.0,stp
test/mathd_algebra_756,R1,32,0,0.0,0.0,0.0,0.0,stp
test/mathd_algebra_756,R2,32,0,0.0,0.0,0.0,0.0,stp
test/mathd_algebra_756,orig,32,0,0.0,0.0,0.0,0.0,stp
test/mathd_algebra_76,R1,32,12,0.0,0.0,1.0,0.375,stp
test/mathd_algebra_76,R2,32,10,0.0,0.0,1.0,0.3125,stp
test/mathd_algebra_76,orig,32,7,0.0,0.0,1.0,0.21875,stp
test/mathd_algebra_80,R1,32,30,0.0,0.0,1.0,0.9375,stp
test/mathd_algebra_80,R2,32,26,0.0,0.0,1.0,0.8125,stp
test/mathd_algebra_80,orig,32,30,0.0,0.0,1.0,0.9375,stp
test/mathd_numbertheory_100,R1,32,26,0.0,0.0,1.0,0.8125,stp
test/mathd_numbertheory_100,R2,32,6,0.0,0.0,1.0,0.1875,stp
test/mathd_numbertheory_100,orig,32,25,0.0,0.0,1.0,0.78125,stp
test/mathd_numbertheory_1124,R1,32,28,0.0,0.0,1.0,0.875,stp
test/mathd_numbertheory_1124,R2,32,28,0.0,0.0,1.0,0.875,stp
test/mathd_numbertheory_1124,orig,32,32,0.0,0.0,1.0,1.0,stp
test/mathd_numbertheory_12,R2,32,32,0.0,0.0,1.0,1.0,stp
test/mathd_numbertheory_12,orig,32,32,0.0,0.0,1.0,1.0,stp
test/mathd_numbertheory_127,R2,32,30,0.0,0.0,1.0,0.9375,stp
test/mathd_numbertheory_127,orig,32,30,0.0,0.0,1.0,0.9375,stp
test/mathd_numbertheory_135,R1,32,3,0.0,0.0,1.0,0.09375,stp
test/mathd_numbertheory_135,R2,32,0,0.0,0.0,0.0,0.0,stp
test/mathd_numbertheory_135,orig,32,11,0.0,0.0,1.0,0.34375,stp
test/mathd_numbertheory_150,R1,32,23,0.0,0.0,1.0,0.71875,stp
test/mathd_numbertheory_150,orig,32,28,0.0,0.0,1.0,0.875,stp
test/mathd_numbertheory_175,R2,32,31,0.0,0.0,1.0,0.96875,stp
test/mathd_numbertheory_175,orig,32,31,0.0,0.0,1.0,0.96875,stp
test/mathd_numbertheory_185,R1,32,31,0.0,0.0,1.0,0.96875,stp
test/mathd_numbertheory_185,R2,32,21,0.0,0.0,1.0,0.65625,stp
test/mathd_numbertheory_185,orig,32,32,0.0,0.0,1.0,1.0,stp
test/mathd_numbertheory_207,R2,32,32,0.0,0.0,1.0,1.0,stp
test/mathd_numbertheory_207,orig,32,31,0.03125,0.0,1.0,0.96875,stp
test/mathd_numbertheory_212,R2,32,32,0.0,0.0,1.0,1.0,stp
test/mathd_numbertheory_212,orig,32,29,0.0,0.0,1.0,0.90625,stp
test/mathd_numbertheory_222,R1,32,31,0.0,0.0,1.0,0.96875,stp
test/mathd_numbertheory_222,R2,32,8,0.0,0.0,1.0,0.25,stp
test/mathd_numbertheory_222,orig,32,18,0.0,0.0,1.0,0.5625,stp
test/mathd_numbertheory_227,R1,32,0,0.0,0.0,0.0,0.0,stp
test/mathd_numbertheory_227,R2,32,0,0.0,0.0,0.0,0.0,stp
test/mathd_numbertheory_227,orig,32,0,0.0,0.0,0.0,0.0,stp
test/mathd_numbertheory_229,R2,32,32,0.0,0.0,1.0,1.0,stp
test/mathd_numbertheory_229,orig,32,31,0.0,0.0,1.0,0.96875,stp
test/mathd_numbertheory_233,R1,32,25,0.0,0.0,1.0,0.78125,stp
test/mathd_numbertheory_233,R2,32,14,0.0,0.0,1.0,0.4375,stp
test/mathd_numbertheory_233,orig,32,29,0.0,0.0,1.0,0.90625,stp
test/mathd_numbertheory_234,R1,32,23,0.0,0.0,1.0,0.71875,stp
test/mathd_numbertheory_234,R2,32,19,0.0,0.0,1.0,0.59375,stp
test/mathd_numbertheory_234,orig,32,29,0.0,0.0,1.0,0.90625,stp
test/mathd_numbertheory_235,R2,32,31,0.03125,0.0,1.0,0.96875,stp
test/mathd_numbertheory_235,orig,32,31,0.03125,0.0,1.0,0.96875,stp
test/mathd_numbertheory_237,R2,32,28,0.0,0.0,1.0,0.875,stp
test/mathd_numbertheory_237,orig,32,26,0.0,0.0,1.0,0.8125,stp
test/mathd_numbertheory_239,R2,32,26,0.0,0.0,1.0,0.8125,stp
test/mathd_numbertheory_239,orig,32,28,0.0,0.0,1.0,0.875,stp
test/mathd_numbertheory_247,R1,32,32,0.0,0.0,1.0,1.0,stp
test/mathd_numbertheory_247,R2,32,30,0.0,0.0,1.0,0.9375,stp
test/mathd_numbertheory_247,orig,32,32,0.0,0.0,1.0,1.0,stp
test/mathd_numbertheory_254,R2,32,29,0.09375,0.0,1.0,0.90625,stp
test/mathd_numbertheory_254,orig,32,29,0.09375,0.0,1.0,0.90625,stp
test/mathd_numbertheory_277,R1,32,0,0.0,0.0,0.0,0.0,stp
test/mathd_numbertheory_277,R2,32,0,0.0,0.0,0.0,0.0,stp
test/mathd_numbertheory_277,orig,32,2,0.0,0.0,1.0,0.0625,stp
test/mathd_numbertheory_293,R1,32,30,0.0,0.0,1.0,0.9375,stp
test/mathd_numbertheory_293,R2,32,30,0.0,0.0,1.0,0.9375,stp
test/mathd_numbertheory_293,orig,32,30,0.0,0.0,1.0,0.9375,stp
test/mathd_numbertheory_296,R1,32,0,0.0,0.0,0.0,0.0,stp
test/mathd_numbertheory_296,orig,32,0,0.0,0.0,0.0,0.0,stp
test/mathd_numbertheory_299,R2,32,29,0.03125,0.03125,1.0,0.90625,stp
test/mathd_numbertheory_299,orig,32,28,0.03125,0.0,1.0,0.875,stp
test/mathd_numbertheory_3,R2,32,31,0.0,0.0,1.0,0.96875,stp
test/mathd_numbertheory_3,orig,32,32,0.0,0.0,1.0,1.0,stp
test/mathd_numbertheory_314,R1,32,0,0.0,0.0,0.0,0.0,stp
test/mathd_numbertheory_314,R2,32,0,0.0,0.0,0.0,0.0,stp
test/mathd_numbertheory_314,orig,32,0,0.0,0.0,0.0,0.0,stp
test/mathd_numbertheory_320,R1,32,32,0.0,0.0,1.0,1.0,stp
test/mathd_numbertheory_320,R2,32,28,0.0,0.0,1.0,0.875,stp
test/mathd_numbertheory_320,orig,32,32,0.0,0.0,1.0,1.0,stp
test/mathd_numbertheory_321,R1,32,20,0.0,0.0,1.0,0.625,stp
test/mathd_numbertheory_321,R2,32,8,0.0,0.0,1.0,0.25,stp
test/mathd_numbertheory_321,orig,32,25,0.0,0.0,1.0,0.78125,stp
test/mathd_numbertheory_328,R2,32,32,0.0,0.0,1.0,1.0,stp
test/mathd_numbertheory_328,orig,32,31,0.0,0.0,1.0,0.96875,stp
test/mathd_numbertheory_34,R1,32,30,0.0,0.0,1.0,0.9375,stp
test/mathd_numbertheory_34,R2,32,27,0.0,0.0,1.0,0.84375,stp
test/mathd_numbertheory_34,orig,32,30,0.0,0.0,1.0,0.9375,stp
test/mathd_numbertheory_341,R1,32,13,0.0,0.0,1.0,0.40625,stp
test/mathd_numbertheory_341,R2,32,8,0.0,0.0,1.0,0.25,stp
test/mathd_numbertheory_341,orig,32,17,0.0,0.0,1.0,0.53125,stp
test/mathd_numbertheory_342,R2,32,25,0.1875,0.0,1.0,0.78125,stp
test/mathd_numbertheory_342,orig,32,27,0.15625,0.0,1.0,0.84375,stp
test/mathd_numbertheory_343,R2,32,32,0.0,0.0,1.0,1.0,stp
test/mathd_numbertheory_343,orig,32,32,0.0,0.0,1.0,1.0,stp
test/mathd_numbertheory_345,R2,32,31,0.03125,0.0,1.0,0.96875,stp
test/mathd_numbertheory_345,orig,32,31,0.0,0.0,1.0,0.96875,stp
test/mathd_numbertheory_353,R1,32,10,0.0,0.0,1.0,0.3125,stp
test/mathd_numbertheory_353,orig,32,20,0.0,0.0,1.0,0.625,stp
test/mathd_numbertheory_427,R1,32,17,0.0,0.0,1.0,0.53125,stp
test/mathd_numbertheory_427,R2,32,1,0.0,0.0,1.0,0.03125,stp
test/mathd_numbertheory_427,orig,32,12,0.0,0.0,1.0,0.375,stp
test/mathd_numbertheory_430,R1,32,7,0.0,0.0,1.0,0.21875,stp
test/mathd_numbertheory_430,R2,32,3,0.0,0.0,1.0,0.09375,stp
test/mathd_numbertheory_430,orig,32,1,0.0,0.0,1.0,0.03125,stp
test/mathd_numbertheory_435,R1,32,0,0.0,0.0,0.0,0.0,stp
test/mathd_numbertheory_435,orig,32,0,0.0,0.0,0.0,0.0,stp
test/mathd_numbertheory_447,R2,32,31,0.0,0.0,1.0,0.96875,stp
test/mathd_numbertheory_447,orig,32,28,0.0,0.0,1.0,0.875,stp
test/mathd_numbertheory_451,R1,32,0,0.0,0.0,0.0,0.0,stp
test/mathd_numbertheory_451,R2,32,0,0.0,0.0,0.0,0.0,stp
test/mathd_numbertheory_451,orig,32,0,0.0,0.0,0.0,0.0,stp
test/mathd_numbertheory_457,R1,32,21,0.0,0.0,1.0,0.65625,stp
test/mathd_numbertheory_457,orig,32,24,0.0,0.0,1.0,0.75,stp
test/mathd_numbertheory_483,R1,32,6,0.0,0.0,1.0,0.1875,stp
test/mathd_numbertheory_483,R2,32,0,0.0,0.0,0.0,0.0,stp
test/mathd_numbertheory_483,orig,32,14,0.0,0.0,1.0,0.4375,stp
test/mathd_numbertheory_495,R1,32,0,0.0,0.0,0.0,0.0,stp
test/mathd_numbertheory_495,R2,32,0,0.0,0.0,0.0,0.0,stp
test/mathd_numbertheory_495,orig,32,0,0.0,0.0,0.0,0.0,stp
test/mathd_numbertheory_5,R1,32,0,0.0,0.0,0.0,0.0,stp
test/mathd_numbertheory_5,orig,32,0,0.0,0.0,0.0,0.0,stp
test/mathd_numbertheory_517,R2,32,32,0.0,0.0,1.0,1.0,stp
test/mathd_numbertheory_517,orig,32,31,0.03125,0.0,1.0,0.96875,stp
test/mathd_numbertheory_521,orig,32,0,0.0,0.0,0.0,0.0,stp
test/mathd_numbertheory_541,R1,32,0,0.0,0.0,0.0,0.0,stp
test/mathd_numbertheory_541,R2,32,0,0.0,0.0,0.0,0.0,stp
test/mathd_numbertheory_541,orig,32,0,0.0,0.0,0.0,0.0,stp
test/mathd_numbertheory_551,R2,32,29,0.09375,0.0,1.0,0.90625,stp
test/mathd_numbertheory_551,orig,32,22,0.3125,0.0,1.0,0.6875,stp
test/mathd_numbertheory_552,R1,32,0,0.0,0.0,0.0,0.0,stp
test/mathd_numbertheory_552,R2,32,0,0.0,0.0,0.0,0.0,stp
test/mathd_numbertheory_552,orig,32,0,0.0,0.0,0.0,0.0,stp
test/mathd_numbertheory_559,R1,32,20,0.0,0.0,1.0,0.625,stp
test/mathd_numbertheory_559,R2,32,16,0.0,0.0,1.0,0.5,stp
test/mathd_numbertheory_559,orig,32,10,0.0,0.0,1.0,0.3125,stp
test/mathd_numbertheory_582,R1,32,30,0.0,0.0,1.0,0.9375,stp
test/mathd_numbertheory_582,R2,32,30,0.0,0.0,1.0,0.9375,stp
test/mathd_numbertheory_582,orig,32,30,0.0,0.0,1.0,0.9375,stp
test/mathd_numbertheory_618,R1,32,2,0.0,0.0,1.0,0.0625,stp
test/mathd_numbertheory_618,orig,32,6,0.0,0.0,1.0,0.1875,stp
test/mathd_numbertheory_66,R2,32,28,0.09375,0.0,1.0,0.875,stp
test/mathd_numbertheory_66,orig,32,25,0.21875,0.0,1.0,0.78125,stp
test/mathd_numbertheory_711,R1,32,0,0.0,0.0,0.0,0.0,stp
test/mathd_numbertheory_711,R2,32,0,0.0,0.0,0.0,0.0,stp
test/mathd_numbertheory_711,orig,32,0,0.0,0.0,0.0,0.0,stp
test/mathd_numbertheory_728,R2,32,32,0.0,0.0,1.0,1.0,stp
test/mathd_numbertheory_728,orig,32,32,0.0,0.0,1.0,1.0,stp
test/mathd_numbertheory_764,R1,32,0,0.0,0.0,0.0,0.0,stp
test/mathd_numbertheory_764,R2,32,0,0.0,0.0,0.0,0.0,stp
test/mathd_numbertheory_764,orig,32,0,0.0,0.0,0.0,0.0,stp
test/mathd_numbertheory_765,R1,32,32,0.0,0.0,1.0,1.0,stp
test/mathd_numbertheory_765,R2,32,30,0.0,0.0,1.0,0.9375,stp
test/mathd_numbertheory_765,orig,32,28,0.0,0.0,1.0,0.875,stp
test/mathd_numbertheory_769,R2,32,30,0.0,0.0,1.0,0.9375,stp
test/mathd_numbertheory_769,orig,32,20,0.0,0.0,1.0,0.625,stp
test/mathd_numbertheory_85,R2,32,31,0.03125,0.0,1.0,0.96875,stp
test/mathd_numbertheory_85,orig,32,31,0.03125,0.0,1.0,0.96875,stp
test/mathd_numbertheory_99,R1,32,32,0.0,0.0,1.0,1.0,stp
test/mathd_numbertheory_99,R2,32,31,0.0,0.0,1.0,0.96875,stp
test/mathd_numbertheory_99,orig,32,32,0.0,0.0,1.0,1.0,stp
test/numbertheory_2pownm1prime_nprime,R1,32,0,0.0,0.0,0.0,0.0,stp
test/numbertheory_2pownm1prime_nprime,orig,32,0,0.0,0.0,0.0,0.0,stp
test/numbertheory_3pow2pownm1mod2pownp3eq2pownp2,R1,32,0,0.0,0.0,0.0,0.0,stp
test/numbertheory_3pow2pownm1mod2pownp3eq2pownp2,R2,32,0,0.0,0.0,0.0,0.0,stp
test/numbertheory_3pow2pownm1mod2pownp3eq2pownp2,orig,32,0,0.0,0.0,0.0,0.0,stp
test/numbertheory_4x3m7y3neq2003,R1,32,7,0.0,0.0,1.0,0.21875,stp
test/numbertheory_4x3m7y3neq2003,orig,32,7,0.0,0.0,1.0,0.21875,stp
test/numbertheory_aoddbdiv4asqpbsqmod8eq1,R1,32,0,0.0,0.0,0.0,0.0,stp
test/numbertheory_aoddbdiv4asqpbsqmod8eq1,R2,32,0,0.0,0.0,0.0,0.0,stp
test/numbertheory_aoddbdiv4asqpbsqmod8eq1,orig,32,0,0.0,0.0,0.0,0.0,stp
test/numbertheory_exk2powkeqapb2mulbpa2_aeq1,R1,32,0,0.0,0.0,0.0,0.0,stp
test/numbertheory_exk2powkeqapb2mulbpa2_aeq1,R2,32,0,0.0,0.0,0.0,0.0,stp
test/numbertheory_exk2powkeqapb2mulbpa2_aeq1,orig,32,0,0.0,0.0,0.0,0.0,stp
test/numbertheory_fxeq4powxp6powxp9powx_f2powmdvdf2pown,R1,32,0,0.0,0.0,0.0,0.0,stp
test/numbertheory_fxeq4powxp6powxp9powx_f2powmdvdf2pown,orig,32,0,0.0,0.0,0.0,0.0,stp
test/numbertheory_notequiv2i2jasqbsqdiv8,orig,32,0,0.0,0.0,0.0,0.0,stp
test/numbertheory_x5neqy2p4,R1,32,3,0.0,0.0,1.0,0.09375,stp
test/numbertheory_x5neqy2p4,orig,32,1,0.0,0.0,1.0,0.03125,stp
valid/aimeII_2001_p3,R1,32,0,0.0,0.0,0.0,0.0,stp
valid/aimeII_2001_p3,R2,32,0,0.0,0.0,0.0,0.0,stp
valid/aimeII_2001_p3,orig,32,0,0.0,0.0,0.0,0.0,stp
valid/aimeII_2020_p6,R1,32,0,0.0,0.0,0.0,0.0,stp
valid/aimeII_2020_p6,R2,32,0,0.0,0.0,0.0,0.0,stp
valid/aimeII_2020_p6,orig,32,0,0.0,0.0,0.0,0.0,stp
valid/aimeI_2000_p7,R1,32,0,0.0,0.0,0.0,0.0,stp
valid/aimeI_2000_p7,R2,32,0,0.0,0.0,0.0,0.0,stp
valid/aimeI_2000_p7,orig,32,0,0.0,0.0,0.0,0.0,stp
valid/aime_1983_p9,R1,32,32,0.0,0.0,1.0,1.0,stp
valid/aime_1983_p9,orig,32,32,0.0,0.0,1.0,1.0,stp
valid/aime_1984_p15,R2,32,32,0.0,0.0,1.0,1.0,stp
valid/aime_1984_p15,orig,32,32,0.0,0.0,1.0,1.0,stp
valid/aime_1984_p5,R1,32,0,0.0,0.0,0.0,0.0,stp
valid/aime_1984_p5,R2,32,0,0.0,0.0,0.0,0.0,stp
valid/aime_1984_p5,orig,32,0,0.0,0.0,0.0,0.0,stp
valid/aime_1987_p8,orig,32,0,0.0,0.0,0.0,0.0,stp
valid/aime_1988_p3,R1,32,0,0.0,0.0,0.0,0.0,stp
valid/aime_1988_p3,R2,32,0,0.0,0.0,0.0,0.0,stp
valid/aime_1988_p3,orig,32,0,0.0,0.0,0.0,0.0,stp
valid/aime_1988_p4,R1,32,0,0.0,0.0,0.0,0.0,stp
valid/aime_1988_p4,R2,32,0,0.0,0.0,0.0,0.0,stp
valid/aime_1988_p4,orig,32,0,0.0,0.0,0.0,0.0,stp
valid/aime_1990_p2,R2,32,0,0.0,0.0,0.0,0.0,stp
valid/aime_1990_p2,orig,32,0,0.0,0.0,0.0,0.0,stp
valid/aime_1991_p1,R1,32,1,0.0,0.0,1.0,0.03125,stp
valid/aime_1991_p1,R2,32,0,0.0,0.0,0.0,0.0,stp
valid/aime_1991_p1,orig,32,4,0.0,0.0,1.0,0.125,stp
valid/aime_1991_p6,R1,32,0,0.0,0.0,0.0,0.0,stp
valid/aime_1991_p6,R2,32,0,0.0,0.0,0.0,0.0,stp
valid/aime_1991_p6,orig,32,0,0.0,0.0,0.0,0.0,stp
valid/aime_1994_p4,R1,32,0,0.0,0.0,0.0,0.0,stp
valid/aime_1994_p4,R2,32,0,0.0,0.0,0.0,0.0,stp
valid/aime_1994_p4,orig,32,0,0.0,0.0,0.0,0.0,stp
valid/aime_1996_p5,orig,32,0,0.0,0.03125,0.0,0.0,stp
valid/aime_1997_p11,R1,32,0,0.0,0.0,0.0,0.0,stp
valid/aime_1997_p11,R2,32,0,0.0,0.0,0.0,0.0,stp
valid/aime_1997_p11,orig,32,0,0.0,0.03125,0.0,0.0,stp
valid/algebra_2complexrootspoly_xsqp49eqxp7itxpn7i,R1,32,27,0.0,0.0,1.0,0.84375,stp
valid/algebra_2complexrootspoly_xsqp49eqxp7itxpn7i,R2,32,28,0.0,0.0,1.0,0.875,stp
valid/algebra_2complexrootspoly_xsqp49eqxp7itxpn7i,orig,32,31,0.0,0.0,1.0,0.96875,stp
valid/algebra_2rootsintpoly_am10tap11eqasqpam110,R1,32,32,0.0,0.0,1.0,1.0,stp
valid/algebra_2rootsintpoly_am10tap11eqasqpam110,R2,32,31,0.0,0.0,1.0,0.96875,stp
valid/algebra_2rootsintpoly_am10tap11eqasqpam110,orig,32,32,0.0,0.0,1.0,1.0,stp
valid/algebra_2rootspoly_apatapbeq2asqp2ab,R1,32,29,0.09375,0.0,1.0,0.90625,stp
valid/algebra_2rootspoly_apatapbeq2asqp2ab,R2,32,31,0.03125,0.0,1.0,0.96875,stp
valid/algebra_2rootspoly_apatapbeq2asqp2ab,orig,32,31,0.0,0.0,1.0,0.96875,stp
valid/algebra_2varlineareq_xpeeq7_2xpeeq3_eeq11_xeqn4,R1,32,2,0.0,0.0,1.0,0.0625,stp
valid/algebra_2varlineareq_xpeeq7_2xpeeq3_eeq11_xeqn4,R2,32,0,0.0,0.0,0.0,0.0,stp
valid/algebra_2varlineareq_xpeeq7_2xpeeq3_eeq11_xeqn4,orig,32,26,0.0,0.0,1.0,0.8125,stp
valid/algebra_3rootspoly_amdtamctambeqnasqmbpctapcbtdpasqmbpctapcbta,R1,32,31,0.0,0.0,1.0,0.96875,stp
valid/algebra_3rootspoly_amdtamctambeqnasqmbpctapcbtdpasqmbpctapcbta,R2,32,32,0.0,0.0,1.0,1.0,stp
valid/algebra_3rootspoly_amdtamctambeqnasqmbpctapcbtdpasqmbpctapcbta,orig,32,32,0.0,0.0,1.0,1.0,stp
valid/algebra_amgm_faxinrrp2msqrt2geq2mxm1div2x,orig,32,25,0.0,0.0,1.0,0.78125,stp
valid/algebra_amgm_prod1toneq1_sum1tongeqn,R1,32,0,0.0,0.0,0.0,0.0,stp
valid/algebra_amgm_prod1toneq1_sum1tongeqn,R2,32,0,0.0,0.0,0.0,0.0,stp
valid/algebra_amgm_prod1toneq1_sum1tongeqn,orig,32,0,0.0,0.0,0.0,0.0,stp
valid/algebra_amgm_sqrtxymulxmyeqxpy_xpygeq4,R1,32,15,0.0,0.0,1.0,0.46875,stp
valid/algebra_amgm_sqrtxymulxmyeqxpy_xpygeq4,R2,32,10,0.0,0.0,1.0,0.3125,stp
valid/algebra_amgm_sqrtxymulxmyeqxpy_xpygeq4,orig,32,32,0.0,0.0,1.0,1.0,stp
valid/algebra_amgm_sumasqdivbsqgeqsumbdiva,R1,32,21,0.0,0.0,1.0,0.65625,stp
valid/algebra_amgm_sumasqdivbsqgeqsumbdiva,orig,32,26,0.0,0.0,1.0,0.8125,stp
valid/algebra_apb4leq8ta4pb4,R1,32,29,0.0,0.0,1.0,0.90625,stp
valid/algebra_apb4leq8ta4pb4,orig,32,32,0.0,0.0,1.0,1.0,stp
valid/algebra_binomnegdiscrineq_10alt28asqp1,R1,32,30,0.0,0.0,1.0,0.9375,stp
valid/algebra_binomnegdiscrineq_10alt28asqp1,orig,32,32,0.0,0.0,1.0,1.0,stp
valid/algebra_manipexpr_2erprsqpesqeqnrpnesq,R1,32,31,0.0,0.0,1.0,0.96875,stp
valid/algebra_manipexpr_2erprsqpesqeqnrpnesq,R2,32,31,0.0,0.0,1.0,0.96875,stp
valid/algebra_manipexpr_2erprsqpesqeqnrpnesq,orig,32,32,0.0,0.0,1.0,1.0,stp
valid/algebra_manipexpr_apbeq2cceqiacpbceqm2,R1,32,11,0.0,0.0,1.0,0.34375,stp
valid/algebra_manipexpr_apbeq2cceqiacpbceqm2,R2,32,1,0.0,0.0,1.0,0.03125,stp
valid/algebra_manipexpr_apbeq2cceqiacpbceqm2,orig,32,28,0.0,0.0,1.0,0.875,stp
valid/algebra_sqineq_2at2pclta2c2p41pc,R1,32,29,0.0,0.0,1.0,0.90625,stp
valid/algebra_sqineq_2at2pclta2c2p41pc,orig,32,32,0.0,0.0,1.0,1.0,stp
valid/algebra_sqineq_2unitcircatblt1,R1,32,31,0.0,0.0,1.0,0.96875,stp
valid/algebra_sqineq_2unitcircatblt1,R2,32,27,0.0,0.0,1.0,0.84375,stp
valid/algebra_sqineq_2unitcircatblt1,orig,32,30,0.0,0.0,1.0,0.9375,stp
valid/algebra_sqineq_36azm9asqle36zsq,R1,32,31,0.0,0.0,1.0,0.96875,stp
valid/algebra_sqineq_36azm9asqle36zsq,orig,32,32,0.0,0.0,1.0,1.0,stp
valid/algebra_sqineq_4bap1lt4bsqpap1sq,R1,32,32,0.0,0.0,1.0,1.0,stp
valid/algebra_sqineq_4bap1lt4bsqpap1sq,orig,32,32,0.0,0.0,1.0,1.0,stp
valid/algebra_xmysqpymzsqpzmxsqeqxyz_xpypzp6dvdx3y3z3,R1,32,32,0.0,0.0,1.0,1.0,stp
valid/algebra_xmysqpymzsqpzmxsqeqxyz_xpypzp6dvdx3y3z3,R2,32,32,0.0,0.0,1.0,1.0,stp
valid/algebra_xmysqpymzsqpzmxsqeqxyz_xpypzp6dvdx3y3z3,orig,32,32,0.0,0.0,1.0,1.0,stp
valid/amc12_2000_p11,R1,32,31,0.0,0.0,1.0,0.96875,stp
valid/amc12_2000_p11,R2,32,10,0.0,0.0,1.0,0.3125,stp
valid/amc12_2000_p11,orig,32,31,0.0,0.0,1.0,0.96875,stp
valid/amc12_2000_p15,R1,32,0,0.0,0.0,0.0,0.0,stp
valid/amc12_2000_p15,R2,32,0,0.0,0.0,0.0,0.0,stp
valid/amc12_2000_p15,orig,32,0,0.0,0.0,0.0,0.0,stp
valid/amc12_2000_p5,R1,32,32,0.0,0.0,1.0,1.0,stp
valid/amc12_2000_p5,R2,32,30,0.0,0.0,1.0,0.9375,stp
valid/amc12_2000_p5,orig,32,31,0.0,0.0,1.0,0.96875,stp
valid/amc12_2001_p2,R1,32,17,0.0,0.0,1.0,0.53125,stp
valid/amc12_2001_p2,R2,32,11,0.0,0.0,1.0,0.34375,stp
valid/amc12_2001_p2,orig,32,32,0.0,0.0,1.0,1.0,stp
valid/amc12_2001_p9,R1,32,32,0.0,0.0,1.0,1.0,stp
valid/amc12_2001_p9,R2,32,11,0.0,0.0,1.0,0.34375,stp
valid/amc12_2001_p9,orig,32,31,0.0,0.0,1.0,0.96875,stp
valid/amc12a_2002_p1,R1,32,0,0.0,0.0,0.0,0.0,stp
valid/amc12a_2002_p1,R2,32,0,0.0,0.0,0.0,0.0,stp
valid/amc12a_2002_p1,orig,32,0,0.0,0.0,0.0,0.0,stp
valid/amc12a_2002_p12,R1,32,0,0.0,0.0,0.0,0.0,stp
valid/amc12a_2002_p12,R2,32,0,0.0,0.0,0.0,0.0,stp
valid/amc12a_2002_p12,orig,32,0,0.0,0.03125,0.0,0.0,stp
valid/amc12a_2002_p21,R1,32,0,0.0,0.0,0.0,0.0,stp
valid/amc12a_2002_p21,R2,32,0,0.0,0.0,0.0,0.0,stp
valid/amc12a_2002_p21,orig,32,0,0.0,0.0,0.0,0.0,stp
valid/amc12a_2003_p1,R1,32,32,0.0,0.0,1.0,1.0,stp
valid/amc12a_2003_p1,orig,32,32,0.0,0.0,1.0,1.0,stp
valid/amc12a_2003_p24,orig,32,0,0.0,0.0,0.0,0.0,stp
valid/amc12a_2003_p25,R1,32,11,0.0,0.0,1.0,0.34375,stp
valid/amc12a_2003_p25,R2,32,0,0.0,0.0,0.0,0.0,stp
valid/amc12a_2003_p25,orig,32,31,0.0,0.0,1.0,0.96875,stp
valid/amc12a_2008_p15,R1,32,0,0.0,0.0,0.0,0.0,stp
valid/amc12a_2008_p15,R2,32,0,0.0,0.0,0.0,0.0,stp
valid/amc12a_2008_p15,orig,32,0,0.0,0.0,0.0,0.0,stp
valid/amc12a_2008_p2,R1,32,32,0.0,0.0,1.0,1.0,stp
valid/amc12a_2008_p2,R2,32,31,0.0,0.0,1.0,0.96875,stp
valid/amc12a_2008_p2,orig,32,32,0.0,0.0,1.0,1.0,stp
valid/amc12a_2008_p4,R2,32,0,0.0,0.0,0.0,0.0,stp
valid/amc12a_2008_p4,orig,32,15,0.0,0.0,1.0,0.46875,stp
valid/amc12a_2008_p8,R1,32,10,0.0,0.0,1.0,0.3125,stp
valid/amc12a_2008_p8,R2,32,16,0.0,0.0,1.0,0.5,stp
valid/amc12a_2008_p8,orig,32,25,0.0,0.0,1.0,0.78125,stp
valid/amc12a_2009_p15,R1,32,0,0.0,0.0,0.0,0.0,stp
valid/amc12a_2009_p15,R2,32,0,0.0,0.0,0.0,0.0,stp
valid/amc12a_2009_p15,orig,32,0,0.0,0.0,0.0,0.0,stp
valid/amc12a_2009_p2,R2,32,32,0.0,0.0,1.0,1.0,stp
valid/amc12a_2009_p2,orig,32,30,0.0625,0.0,1.0,0.9375,stp
valid/amc12a_2009_p25,R1,32,0,0.0,0.0,0.0,0.0,stp
valid/amc12a_2009_p25,R2,32,0,0.0,0.0,0.0,0.0,stp
valid/amc12a_2009_p25,orig,32,0,0.0,0.0,0.0,0.0,stp
valid/amc12a_2009_p5,R1,32,31,0.0,0.0,1.0,0.96875,stp
valid/amc12a_2009_p5,R2,32,27,0.0,0.0,1.0,0.84375,stp
valid/amc12a_2009_p5,orig,32,32,0.0,0.0,1.0,1.0,stp
valid/amc12a_2009_p9,R1,32,32,0.0,0.0,1.0,1.0,stp
valid/amc12a_2009_p9,R2,32,32,0.0,0.0,1.0,1.0,stp
valid/amc12a_2009_p9,orig,32,32,0.0,0.0,1.0,1.0,stp
valid/amc12a_2010_p10,R1,32,0,0.0,0.0,0.0,0.0,stp
valid/amc12a_2010_p10,R2,32,0,0.0,0.0,0.0,0.0,stp
valid/amc12a_2010_p10,orig,32,0,0.0,0.0,0.0,0.0,stp
valid/amc12a_2010_p11,R1,32,0,0.0,0.0,0.0,0.0,stp
valid/amc12a_2010_p11,R2,32,0,0.0,0.0,0.0,0.0,stp
valid/amc12a_2010_p11,orig,32,0,0.0,0.0,0.0,0.0,stp
valid/amc12a_2010_p22,R1,32,0,0.0,0.0,0.0,0.0,stp
valid/amc12a_2010_p22,orig,32,0,0.0,0.0,0.0,0.0,stp
valid/amc12a_2011_p18,R1,32,31,0.0,0.0,1.0,0.96875,stp
valid/amc12a_2011_p18,R2,32,23,0.0,0.0,1.0,0.71875,stp
valid/amc12a_2011_p18,orig,32,32,0.0,0.0,1.0,1.0,stp
valid/amc12a_2013_p7,R1,32,23,0.0,0.0,1.0,0.71875,stp
valid/amc12a_2013_p7,R2,32,18,0.0,0.0,1.0,0.5625,stp
valid/amc12a_2013_p7,orig,32,30,0.0,0.0,1.0,0.9375,stp
valid/amc12a_2013_p8,R1,32,23,0.0,0.0,1.0,0.71875,stp
valid/amc12a_2013_p8,R2,32,25,0.0,0.0,1.0,0.78125,stp
valid/amc12a_2013_p8,orig,32,29,0.0,0.0,1.0,0.90625,stp
valid/amc12a_2015_p10,R1,32,0,0.0,0.0,0.0,0.0,stp
valid/amc12a_2015_p10,R2,32,0,0.0,0.0,0.0,0.0,stp
valid/amc12a_2015_p10,orig,32,10,0.0,0.0,1.0,0.3125,stp
valid/amc12a_2016_p2,R1,32,0,0.0,0.0,0.0,0.0,stp
valid/amc12a_2016_p2,R2,32,0,0.0,0.0,0.0,0.0,stp
valid/amc12a_2016_p2,orig,32,0,0.0,0.0,0.0,0.0,stp
valid/amc12a_2016_p3,R1,32,29,0.0,0.0,1.0,0.90625,stp
valid/amc12a_2016_p3,R2,32,29,0.0,0.0,1.0,0.90625,stp
valid/amc12a_2016_p3,orig,32,31,0.0,0.0,1.0,0.96875,stp
valid/amc12a_2017_p2,R1,32,28,0.0,0.0,1.0,0.875,stp
valid/amc12a_2017_p2,R2,32,32,0.0,0.0,1.0,1.0,stp
valid/amc12a_2017_p2,orig,32,31,0.0,0.0,1.0,0.96875,stp
valid/amc12a_2017_p7,R1,32,0,0.0,0.0,0.0,0.0,stp
valid/amc12a_2017_p7,R2,32,0,0.0,0.0,0.0,0.0,stp
valid/amc12a_2017_p7,orig,32,0,0.0,0.0,0.0,0.0,stp
valid/amc12a_2019_p21,R1,32,0,0.0,0.0,0.0,0.0,stp
valid/amc12a_2019_p21,R2,32,0,0.0,0.0,0.0,0.0,stp
valid/amc12a_2019_p21,orig,32,0,0.0,0.0,0.0,0.0,stp
valid/amc12a_2019_p9,R1,32,0,0.0,0.0,0.0,0.0,stp
valid/amc12a_2019_p9,R2,32,0,0.0,0.0,0.0,0.0,stp
valid/amc12a_2019_p9,orig,32,0,0.0,0.0,0.0,0.0,stp
valid/amc12a_2020_p13,R1,32,0,0.0,0.0,0.0,0.0,stp
valid/amc12a_2020_p13,R2,32,0,0.0,0.0,0.0,0.0,stp
valid/amc12a_2020_p13,orig,32,0,0.0,0.0,0.0,0.0,stp
valid/amc12a_2020_p21,R1,32,0,0.0,0.0,0.0,0.0,stp
valid/amc12a_2020_p21,R2,32,0,0.0,0.0,0.0,0.0,stp
valid/amc12a_2020_p21,orig,32,0,0.0,0.0,0.0,0.0,stp
valid/amc12a_2021_p7,R1,32,31,0.0,0.0,1.0,0.96875,stp
valid/amc12a_2021_p7,orig,32,31,0.0,0.0,1.0,0.96875,stp
valid/amc12b_2002_p11,R1,32,0,0.0,0.0,0.0,0.0,stp
valid/amc12b_2002_p11,orig,32,0,0.0,0.0,0.0,0.0,stp
valid/amc12b_2002_p3,R1,32,0,0.0,0.0,0.0,0.0,stp
valid/amc12b_2002_p3,R2,32,0,0.0,0.0,0.0,0.0,stp
valid/amc12b_2002_p3,orig,32,0,0.0,0.0,0.0,0.0,stp
valid/amc12b_2002_p6,R1,32,24,0.0,0.0,1.0,0.75,stp
valid/amc12b_2002_p6,orig,32,29,0.0,0.0,1.0,0.90625,stp
valid/amc12b_2003_p17,R1,32,32,0.0,0.0,1.0,1.0,stp
valid/amc12b_2003_p17,R2,32,19,0.0,0.0,1.0,0.59375,stp
valid/amc12b_2003_p17,orig,32,32,0.0,0.0,1.0,1.0,stp
valid/amc12b_2003_p6,R1,32,0,0.0,0.0,0.0,0.0,stp
valid/amc12b_2003_p6,R2,32,2,0.0,0.0,1.0,0.0625,stp
valid/amc12b_2003_p6,orig,32,31,0.0,0.0,1.0,0.96875,stp
valid/amc12b_2003_p9,R1,32,31,0.0,0.0,1.0,0.96875,stp
valid/amc12b_2003_p9,R2,32,12,0.0,0.0,1.0,0.375,stp
valid/amc12b_2003_p9,orig,32,32,0.0,0.0,1.0,1.0,stp
valid/amc12b_2004_p3,R1,32,25,0.0,0.0,1.0,0.78125,stp
valid/amc12b_2004_p3,R2,32,8,0.0,0.0,1.0,0.25,stp
valid/amc12b_2004_p3,orig,32,29,0.0,0.0,1.0,0.90625,stp
valid/amc12b_2020_p5,R1,32,32,0.0,0.0,1.0,1.0,stp
valid/amc12b_2020_p5,R2,32,27,0.0,0.0,1.0,0.84375,stp
valid/amc12b_2020_p5,orig,32,32,0.0,0.0,1.0,1.0,stp
valid/amc12b_2021_p21,R1,32,0,0.0,0.03125,0.0,0.0,stp
valid/amc12b_2021_p21,orig,32,0,0.0,0.03125,0.0,0.0,stp
valid/imo_1961_p1,R1,32,31,0.0,0.0,1.0,0.96875,stp
valid/imo_1961_p1,R2,32,20,0.0,0.0,1.0,0.625,stp
valid/imo_1961_p1,orig,32,32,0.0,0.0,1.0,1.0,stp
valid/imo_1962_p4,R1,32,0,0.0,0.0,0.0,0.0,stp
valid/imo_1962_p4,R2,32,0,0.0,0.0,0.0,0.0,stp
valid/imo_1962_p4,orig,32,0,0.0,0.0,0.0,0.0,stp
valid/imo_1964_p1_1,R1,32,0,0.0,0.0,0.0,0.0,stp
valid/imo_1964_p1_1,orig,32,0,0.0,0.0,0.0,0.0,stp
valid/imo_1964_p1_2,R1,32,23,0.0,0.0,1.0,0.71875,stp
valid/imo_1964_p1_2,orig,32,29,0.0,0.0,1.0,0.90625,stp
valid/imo_1965_p1,R1,32,0,0.0,0.0,0.0,0.0,stp
valid/imo_1965_p1,orig,32,0,0.0,0.0,0.0,0.0,stp
valid/imo_1966_p4,R1,32,0,0.0,0.0,0.0,0.0,stp
valid/imo_1966_p4,R2,32,0,0.0,0.0,0.0,0.0,stp
valid/imo_1966_p4,orig,32,0,0.0,0.0,0.0,0.0,stp
valid/imo_1966_p5,R1,32,0,0.0,0.0,0.0,0.0,stp
valid/imo_1966_p5,R2,32,0,0.0,0.0,0.0,0.0,stp
valid/imo_1966_p5,orig,32,0,0.0,0.0,0.0,0.0,stp
valid/imo_1967_p3,R1,32,0,0.0,0.0,0.0,0.0,stp
valid/imo_1967_p3,orig,32,0,0.0,0.0,0.0,0.0,stp
valid/imo_1973_p3,R1,32,0,0.0,0.0,0.0,0.0,stp
valid/imo_1973_p3,orig,32,0,0.0,0.0,0.0,0.0,stp
valid/imo_1974_p5,R1,32,13,0.0,0.0,1.0,0.40625,stp
valid/imo_1974_p5,R2,32,3,0.0,0.0,1.0,0.09375,stp
valid/imo_1974_p5,orig,32,19,0.0,0.0,1.0,0.59375,stp
valid/imo_1977_p5,R1,32,0,0.0,0.0,0.0,0.0,stp
valid/imo_1977_p5,R2,32,0,0.0,0.0,0.0,0.0,stp
valid/imo_1977_p5,orig,32,0,0.0,0.0,0.0,0.0,stp
valid/imo_1978_p5,R1,32,0,0.0,0.0,0.0,0.0,stp
valid/imo_1978_p5,R2,32,0,0.0,0.0,0.0,0.0,stp
valid/imo_1978_p5,orig,32,0,0.0,0.0,0.0,0.0,stp
valid/imo_1979_p1,R1,32,0,0.0,0.0,0.0,0.0,stp
valid/imo_1979_p1,R2,32,0,0.0,0.0,0.0,0.0,stp
valid/imo_1979_p1,orig,32,0,0.0,0.0,0.0,0.0,stp
valid/imo_1984_p2,R1,32,3,0.0,0.0,1.0,0.09375,stp
valid/imo_1984_p2,orig,32,14,0.0,0.0,1.0,0.4375,stp
valid/imo_1987_p4,R1,32,0,0.0,0.0,0.0,0.0,stp
valid/imo_1987_p4,orig,32,0,0.0,0.0,0.0,0.0,stp
valid/imo_1987_p6,R1,32,0,0.0,0.0,0.0,0.0,stp
valid/imo_1987_p6,orig,32,0,0.0,0.0,0.0,0.0,stp
valid/imo_1988_p6,R1,32,0,0.0,0.0,0.0,0.0,stp
valid/imo_1988_p6,orig,32,0,0.0,0.0,0.0,0.0,stp
valid/imo_1990_p3,R1,32,0,0.0,0.0,0.0,0.0,stp
valid/imo_1990_p3,R2,32,0,0.0,0.0,0.0,0.0,stp
valid/imo_1990_p3,orig,32,0,0.0,0.0,0.0,0.0,stp
valid/imo_1993_p5,orig,32,0,0.0,0.0,0.0,0.0,stp
valid/imo_2006_p3,R1,32,0,0.0,0.0,0.0,0.0,stp
valid/imo_2006_p3,orig,32,0,0.0,0.0,0.0,0.0,stp
valid/induction_divisibility_3div2tooddnp1,R1,32,29,0.0,0.0,1.0,0.90625,stp
valid/induction_divisibility_3div2tooddnp1,orig,32,29,0.0,0.0,1.0,0.90625,stp
valid/induction_divisibility_3divnto3m2n,R1,32,29,0.0,0.0,1.0,0.90625,stp
valid/induction_divisibility_3divnto3m2n,orig,32,29,0.0,0.0,1.0,0.90625,stp
valid/induction_divisibility_9div10tonm1,R1,32,31,0.0,0.0,1.0,0.96875,stp
valid/induction_divisibility_9div10tonm1,orig,32,32,0.0,0.0,1.0,1.0,stp
valid/induction_ineq_nsqlefactn,R1,32,30,0.0,0.0,1.0,0.9375,stp
valid/induction_ineq_nsqlefactn,orig,32,31,0.0,0.0,1.0,0.96875,stp
valid/induction_seq_mul2pnp1,R1,32,0,0.0,0.0,0.0,0.0,stp
valid/induction_seq_mul2pnp1,R2,32,0,0.0,0.0,0.0,0.0,stp
valid/induction_seq_mul2pnp1,orig,32,16,0.0,0.0,1.0,0.5,stp
valid/induction_sum2kp1npqsqm1,R1,32,28,0.0,0.0,1.0,0.875,stp
valid/induction_sum2kp1npqsqm1,R2,32,30,0.0,0.0,1.0,0.9375,stp
valid/induction_sum2kp1npqsqm1,orig,32,29,0.0,0.0,1.0,0.90625,stp
valid/induction_sum_1oktkp1,R1,32,32,0.0,0.0,1.0,1.0,stp
valid/induction_sum_1oktkp1,R2,32,0,0.0,0.0,0.0,0.0,stp
valid/induction_sum_1oktkp1,orig,32,32,0.0,0.0,1.0,1.0,stp
valid/induction_sum_odd,R1,32,0,0.0,0.0,0.0,0.0,stp
valid/induction_sum_odd,R2,32,0,0.0,0.0,0.0,0.0,stp
valid/induction_sum_odd,orig,32,0,0.0,0.0,0.0,0.0,stp
valid/mathd_algebra_10,R2,32,32,0.0,0.0,1.0,1.0,stp
valid/mathd_algebra_10,orig,32,32,0.0,0.0,1.0,1.0,stp
valid/mathd_algebra_101,R1,32,32,0.0,0.0,1.0,1.0,stp
valid/mathd_algebra_101,orig,32,32,0.0,0.0,1.0,1.0,stp
valid/mathd_algebra_104,R1,32,31,0.0,0.0,1.0,0.96875,stp
valid/mathd_algebra_104,R2,32,32,0.0,0.0,1.0,1.0,stp
valid/mathd_algebra_104,orig,32,32,0.0,0.0,1.0,1.0,stp
valid/mathd_algebra_109,R1,32,31,0.0,0.0,1.0,0.96875,stp
valid/mathd_algebra_109,R2,32,32,0.0,0.0,1.0,1.0,stp
valid/mathd_algebra_109,orig,32,32,0.0,0.0,1.0,1.0,stp
valid/mathd_algebra_11,R1,32,32,0.0,0.0,1.0,1.0,stp
valid/mathd_algebra_11,R2,32,32,0.0,0.0,1.0,1.0,stp
valid/mathd_algebra_11,orig,32,32,0.0,0.0,1.0,1.0,stp
valid/mathd_algebra_110,R1,32,31,0.0,0.0,1.0,0.96875,stp
valid/mathd_algebra_110,R2,32,20,0.0,0.0,1.0,0.625,stp
valid/mathd_algebra_110,orig,32,31,0.0,0.0,1.0,0.96875,stp
valid/mathd_algebra_116,R1,32,32,0.0,0.0,1.0,1.0,stp
valid/mathd_algebra_116,R2,32,31,0.0,0.0,1.0,0.96875,stp
valid/mathd_algebra_116,orig,32,32,0.0,0.0,1.0,1.0,stp
valid/mathd_algebra_119,R1,32,31,0.0,0.0,1.0,0.96875,stp
valid/mathd_algebra_119,R2,32,24,0.0,0.0,1.0,0.75,stp
valid/mathd_algebra_119,orig,32,31,0.0,0.0,1.0,0.96875,stp
valid/mathd_algebra_123,R1,32,29,0.0,0.0,1.0,0.90625,stp
valid/mathd_algebra_123,R2,32,27,0.0,0.0,1.0,0.84375,stp
valid/mathd_algebra_123,orig,32,31,0.0,0.0,1.0,0.96875,stp
valid/mathd_algebra_126,R1,32,32,0.0,0.0,1.0,1.0,stp
valid/mathd_algebra_126,R2,32,32,0.0,0.0,1.0,1.0,stp
valid/mathd_algebra_126,orig,32,32,0.0,0.0,1.0,1.0,stp
valid/mathd_algebra_13,R1,32,32,0.0,0.0,1.0,1.0,stp
valid/mathd_algebra_13,orig,32,31,0.0,0.0,1.0,0.96875,stp
valid/mathd_algebra_131,R1,32,3,0.0,0.0,1.0,0.09375,stp
valid/mathd_algebra_131,R2,32,0,0.0,0.0,0.0,0.0,stp
valid/mathd_algebra_131,orig,32,27,0.0,0.0,1.0,0.84375,stp
valid/mathd_algebra_132,R1,32,26,0.0,0.0,1.0,0.8125,stp
valid/mathd_algebra_132,orig,32,32,0.0,0.0,1.0,1.0,stp
valid/mathd_algebra_140,R1,32,32,0.0,0.0,1.0,1.0,stp
valid/mathd_algebra_140,R2,32,32,0.0,0.0,1.0,1.0,stp
valid/mathd_algebra_140,orig,32,32,0.0,0.0,1.0,1.0,stp
valid/mathd_algebra_144,R1,32,29,0.0,0.0,1.0,0.90625,stp
valid/mathd_algebra_144,R2,32,30,0.0,0.0,1.0,0.9375,stp
valid/mathd_algebra_144,orig,32,31,0.0,0.0,1.0,0.96875,stp
valid/mathd_algebra_149,R1,32,24,0.0,0.0,1.0,0.75,stp
valid/mathd_algebra_149,R2,32,18,0.0,0.0,1.0,0.5625,stp
valid/mathd_algebra_149,orig,32,31,0.0,0.0,1.0,0.96875,stp
valid/mathd_algebra_15,R1,32,32,0.0,0.0,1.0,1.0,stp
valid/mathd_algebra_15,R2,32,31,0.0,0.0,1.0,0.96875,stp
valid/mathd_algebra_15,orig,32,31,0.0,0.0,1.0,0.96875,stp
valid/mathd_algebra_151,R2,32,31,0.0,0.0,1.0,0.96875,stp
valid/mathd_algebra_151,orig,32,32,0.0,0.0,1.0,1.0,stp
valid/mathd_algebra_159,R1,32,31,0.0,0.0,1.0,0.96875,stp
valid/mathd_algebra_159,R2,32,24,0.0,0.0,1.0,0.75,stp
valid/mathd_algebra_159,orig,32,32,0.0,0.0,1.0,1.0,stp
valid/mathd_algebra_181,R1,32,31,0.0,0.0,1.0,0.96875,stp
valid/mathd_algebra_181,R2,32,31,0.0,0.0,1.0,0.96875,stp
valid/mathd_algebra_181,orig,32,32,0.0,0.0,1.0,1.0,stp
valid/mathd_algebra_182,R1,32,30,0.0,0.0,1.0,0.9375,stp
valid/mathd_algebra_182,R2,32,32,0.0,0.0,1.0,1.0,stp
valid/mathd_algebra_182,orig,32,28,0.03125,0.0,1.0,0.875,stp
valid/mathd_algebra_185,R1,32,8,0.0,0.0,1.0,0.25,stp
valid/mathd_algebra_185,R2,32,12,0.0,0.0,1.0,0.375,stp
valid/mathd_algebra_185,orig,32,32,0.0,0.0,1.0,1.0,stp
valid/mathd_algebra_190,R2,32,32,0.0,0.0,1.0,1.0,stp
valid/mathd_algebra_190,orig,32,32,0.0,0.0,1.0,1.0,stp
valid/mathd_algebra_192,R1,32,21,0.0,0.0,1.0,0.65625,stp
valid/mathd_algebra_192,R2,32,3,0.0,0.0,1.0,0.09375,stp
valid/mathd_algebra_192,orig,32,24,0.0,0.0,1.0,0.75,stp
valid/mathd_algebra_206,R1,32,20,0.0,0.0,1.0,0.625,stp
valid/mathd_algebra_206,R2,32,8,0.0,0.0,1.0,0.25,stp
valid/mathd_algebra_206,orig,32,29,0.0,0.0,1.0,0.90625,stp
valid/mathd_algebra_214,R1,32,27,0.0,0.0,1.0,0.84375,stp
valid/mathd_algebra_214,R2,32,26,0.0,0.0,1.0,0.8125,stp
valid/mathd_algebra_214,orig,32,30,0.0,0.0,1.0,0.9375,stp
valid/mathd_algebra_22,R2,32,28,0.0,0.0,1.0,0.875,stp
valid/mathd_algebra_22,orig,32,31,0.0,0.0,1.0,0.96875,stp
valid/mathd_algebra_224,R1,32,0,0.0,0.0,0.0,0.0,stp
valid/mathd_algebra_224,R2,32,0,0.0,0.0,0.0,0.0,stp
valid/mathd_algebra_224,orig,32,0,0.0,0.0,0.0,0.0,stp
valid/mathd_algebra_234,R1,32,31,0.0,0.0,1.0,0.96875,stp
valid/mathd_algebra_234,R2,32,27,0.0,0.0,1.0,0.84375,stp
valid/mathd_algebra_234,orig,32,31,0.0,0.0,1.0,0.96875,stp
valid/mathd_algebra_245,R1,32,31,0.0,0.0,1.0,0.96875,stp
valid/mathd_algebra_245,R2,32,30,0.0,0.0,1.0,0.9375,stp
valid/mathd_algebra_245,orig,32,31,0.0,0.0,1.0,0.96875,stp
valid/mathd_algebra_247,orig,32,0,0.0,0.0,0.0,0.0,stp
valid/mathd_algebra_251,R1,32,31,0.0,0.0,1.0,0.96875,stp
valid/mathd_algebra_251,R2,32,23,0.0,0.0,1.0,0.71875,stp
valid/mathd_algebra_251,orig,32,32,0.0,0.0,1.0,1.0,stp
valid/mathd_algebra_267,R1,32,29,0.0,0.0,1.0,0.90625,stp
valid/mathd_algebra_267,R2,32,24,0.0,0.0,1.0,0.75,stp
valid/mathd_algebra_267,orig,32,32,0.0,0.0,1.0,1.0,stp
valid/mathd_algebra_28,R1,32,32,0.0,0.0,1.0,1.0,stp
valid/mathd_algebra_28,orig,32,31,0.0,0.0,1.0,0.96875,stp
valid/mathd_algebra_282,R1,32,0,0.0,0.0,0.0,0.0,stp
valid/mathd_algebra_282,R2,32,0,0.0,0.0,0.0,0.0,stp
valid/mathd_algebra_282,orig,32,0,0.0,0.0,0.0,0.0,stp
valid/mathd_algebra_31,R1,32,0,0.0,0.0,0.0,0.0,stp
valid/mathd_algebra_31,R2,32,0,0.0,0.0,0.0,0.0,stp
valid/mathd_algebra_31,orig,32,0,0.0,0.0,0.0,0.0,stp
valid/mathd_algebra_323,R1,32,26,0.0,0.0,1.0,0.8125,stp
valid/mathd_algebra_323,R2,32,6,0.0,0.0,1.0,0.1875,stp
valid/mathd_algebra_323,orig,32,30,0.0,0.0,1.0,0.9375,stp
valid/mathd_algebra_327,R1,32,31,0.0,0.0,1.0,0.96875,stp
valid/mathd_algebra_327,orig,32,32,0.0,0.0,1.0,1.0,stp
valid/mathd_algebra_35,R1,32,28,0.0,0.0,1.0,0.875,stp
valid/mathd_algebra_35,R2,32,27,0.0,0.0,1.0,0.84375,stp
valid/mathd_algebra_35,orig,32,31,0.0,0.0,1.0,0.96875,stp
valid/mathd_algebra_37,R1,32,29,0.0,0.0,1.0,0.90625,stp
valid/mathd_algebra_37,R2,32,14,0.0,0.0,1.0,0.4375,stp
valid/mathd_algebra_37,orig,32,32,0.0,0.0,1.0,1.0,stp
valid/mathd_algebra_393,R1,32,21,0.0,0.0,1.0,0.65625,stp
valid/mathd_algebra_393,R2,32,6,0.0,0.0,1.0,0.1875,stp
valid/mathd_algebra_393,orig,32,29,0.0,0.0,1.0,0.90625,stp
valid/mathd_algebra_405,R1,32,31,0.0,0.0,1.0,0.96875,stp
valid/mathd_algebra_405,R2,32,32,0.0,0.0,1.0,1.0,stp
valid/mathd_algebra_405,orig,32,32,0.0,0.0,1.0,1.0,stp
valid/mathd_algebra_410,R1,32,32,0.0,0.0,1.0,1.0,stp
valid/mathd_algebra_410,R2,32,32,0.0,0.0,1.0,1.0,stp
valid/mathd_algebra_410,orig,32,32,0.0,0.0,1.0,1.0,stp
valid/mathd_algebra_421,R1,32,8,0.0,0.0,1.0,0.25,stp
valid/mathd_algebra_421,R2,32,4,0.0,0.0,1.0,0.125,stp
valid/mathd_algebra_421,orig,32,27,0.0,0.0,1.0,0.84375,stp
valid/mathd_algebra_422,R1,32,13,0.0,0.0,1.0,0.40625,stp
valid/mathd_algebra_422,R2,32,7,0.0,0.0,1.0,0.21875,stp
valid/mathd_algebra_422,orig,32,31,0.0,0.0,1.0,0.96875,stp
valid/mathd_algebra_43,R1,32,31,0.0,0.0,1.0,0.96875,stp
valid/mathd_algebra_43,R2,32,14,0.0,0.0,1.0,0.4375,stp
valid/mathd_algebra_43,orig,32,32,0.0,0.0,1.0,1.0,stp
valid/mathd_algebra_433,R1,32,10,0.0,0.0,1.0,0.3125,stp
valid/mathd_algebra_433,R2,32,14,0.0,0.0,1.0,0.4375,stp
valid/mathd_algebra_433,orig,32,27,0.0,0.0,1.0,0.84375,stp
valid/mathd_algebra_437,R1,32,19,0.0,0.0,1.0,0.59375,stp
valid/mathd_algebra_437,R2,32,15,0.0,0.0,1.0,0.46875,stp
valid/mathd_algebra_437,orig,32,31,0.0,0.0,1.0,0.96875,stp
valid/mathd_algebra_451,R1,32,22,0.0,0.0,1.0,0.6875,stp
valid/mathd_algebra_451,R2,32,14,0.0,0.0,1.0,0.4375,stp
valid/mathd_algebra_451,orig,32,32,0.0,0.0,1.0,1.0,stp
valid/mathd_algebra_455,R1,32,32,0.0,0.0,1.0,1.0,stp
valid/mathd_algebra_455,R2,32,27,0.0,0.0,1.0,0.84375,stp
valid/mathd_algebra_455,orig,32,32,0.0,0.0,1.0,1.0,stp
valid/mathd_algebra_462,R2,32,32,0.0,0.0,1.0,1.0,stp
valid/mathd_algebra_462,orig,32,32,0.0,0.0,1.0,1.0,stp
valid/mathd_algebra_48,R1,32,32,0.0,0.0,1.0,1.0,stp
valid/mathd_algebra_48,R2,32,20,0.0,0.0,1.0,0.625,stp
valid/mathd_algebra_48,orig,32,32,0.0,0.0,1.0,1.0,stp
valid/mathd_algebra_480,R1,32,0,0.0,0.0,0.0,0.0,stp
valid/mathd_algebra_480,R2,32,0,0.0,0.0,0.0,0.0,stp
valid/mathd_algebra_480,orig,32,0,0.0,0.0,0.0,0.0,stp
valid/mathd_algebra_482,orig,32,0,0.0,0.0,0.0,0.0,stp
valid/mathd_algebra_493,R1,32,30,0.0,0.0,1.0,0.9375,stp
valid/mathd_algebra_493,R2,32,25,0.0,0.0,1.0,0.78125,stp
valid/mathd_algebra_493,orig,32,32,0.0,0.0,1.0,1.0,stp
valid/mathd_algebra_509,R2,32,0,0.0,0.0,0.0,0.0,stp
valid/mathd_algebra_509,orig,32,0,0.0,0.0,0.0,0.0,stp
valid/mathd_algebra_51,R1,32,30,0.0,0.0,1.0,0.9375,stp
valid/mathd_algebra_51,R2,32,30,0.0,0.0,1.0,0.9375,stp
valid/mathd_algebra_51,orig,32,32,0.0,0.0,1.0,1.0,stp
valid/mathd_algebra_510,R1,32,30,0.0,0.0,1.0,0.9375,stp
valid/mathd_algebra_510,R2,32,16,0.0,0.0,1.0,0.5,stp
valid/mathd_algebra_510,orig,32,30,0.0,0.0,1.0,0.9375,stp
valid/mathd_algebra_536,R2,32,30,0.0,0.0,1.0,0.9375,stp
valid/mathd_algebra_536,orig,32,32,0.0,0.0,1.0,1.0,stp
valid/mathd_algebra_547,R1,32,32,0.0,0.0,1.0,1.0,stp
valid/mathd_algebra_547,R2,32,4,0.0,0.0,1.0,0.125,stp
valid/mathd_algebra_547,orig,32,32,0.0,0.0,1.0,1.0,stp
valid/mathd_algebra_55,R1,32,31,0.0,0.0,1.0,0.96875,stp
valid/mathd_algebra_55,R2,32,16,0.0,0.0,1.0,0.5,stp
valid/mathd_algebra_55,orig,32,32,0.0,0.0,1.0,1.0,stp
valid/mathd_algebra_568,R1,32,32,0.0,0.0,1.0,1.0,stp
valid/mathd_algebra_568,R2,32,32,0.0,0.0,1.0,1.0,stp
valid/mathd_algebra_568,orig,32,32,0.0,0.0,1.0,1.0,stp
valid/mathd_algebra_59,R1,32,15,0.0,0.0,1.0,0.46875,stp
valid/mathd_algebra_59,R2,32,14,0.0,0.0,1.0,0.4375,stp
valid/mathd_algebra_59,orig,32,28,0.0,0.0,1.0,0.875,stp
valid/mathd_algebra_616,R1,32,27,0.0,0.0,1.0,0.84375,stp
valid/mathd_algebra_616,R2,32,25,0.0,0.0,1.0,0.78125,stp
valid/mathd_algebra_616,orig,32,32,0.0,0.0,1.0,1.0,stp
valid/mathd_algebra_67,R1,32,31,0.0,0.0,1.0,0.96875,stp
valid/mathd_algebra_67,R2,32,31,0.0,0.0,1.0,0.96875,stp
valid/mathd_algebra_67,orig,32,32,0.0,0.0,1.0,1.0,stp
valid/mathd_algebra_69,R1,32,0,0.0,0.0,0.0,0.0,stp
valid/mathd_algebra_69,R2,32,0,0.0,0.0,0.0,0.0,stp
valid/mathd_algebra_69,orig,32,14,0.0,0.0,1.0,0.4375,stp
valid/mathd_algebra_73,R1,32,30,0.0,0.0,1.0,0.9375,stp
valid/mathd_algebra_73,R2,32,29,0.0,0.0,1.0,0.90625,stp
valid/mathd_algebra_73,orig,32,28,0.0,0.0,1.0,0.875,stp
valid/mathd_algebra_77,R1,32,22,0.0,0.0,1.0,0.6875,stp
valid/mathd_algebra_77,R2,32,6,0.0,0.0,1.0,0.1875,stp
valid/mathd_algebra_77,orig,32,31,0.0,0.0,1.0,0.96875,stp
valid/mathd_algebra_89,R1,32,30,0.0,0.0,1.0,0.9375,stp
valid/mathd_algebra_89,R2,32,29,0.0,0.0,1.0,0.90625,stp
valid/mathd_algebra_89,orig,32,32,0.0,0.0,1.0,1.0,stp
valid/mathd_algebra_96,R1,32,28,0.0,0.0,1.0,0.875,stp
valid/mathd_algebra_96,R2,32,25,0.0,0.0,1.0,0.78125,stp
valid/mathd_algebra_96,orig,32,29,0.0,0.0,1.0,0.90625,stp
valid/mathd_numbertheory_101,R2,32,29,0.09375,0.0,1.0,0.90625,stp
valid/mathd_numbertheory_101,orig,32,26,0.1875,0.0,1.0,0.8125,stp
valid/mathd_numbertheory_102,R2,32,29,0.09375,0.0,1.0,0.90625,stp
valid/mathd_numbertheory_102,orig,32,28,0.125,0.0,1.0,0.875,stp
valid/mathd_numbertheory_109,R1,32,30,0.0,0.0,1.0,0.9375,stp
valid/mathd_numbertheory_109,orig,32,31,0.0,0.0,1.0,0.96875,stp
valid/mathd_numbertheory_110,R1,32,26,0.0,0.0,1.0,0.8125,stp
valid/mathd_numbertheory_110,R2,32,20,0.0,0.0,1.0,0.625,stp
valid/mathd_numbertheory_110,orig,32,31,0.0,0.0,1.0,0.96875,stp
valid/mathd_numbertheory_126,R1,32,0,0.0,0.0,0.0,0.0,stp
valid/mathd_numbertheory_126,R2,32,0,0.0,0.0,0.0,0.0,stp
valid/mathd_numbertheory_126,orig,32,0,0.0,0.0,0.0,0.0,stp
valid/mathd_numbertheory_13,R1,32,0,0.0,0.0,0.0,0.0,stp
valid/mathd_numbertheory_13,R2,32,0,0.0,0.0,0.0,0.0,stp
valid/mathd_numbertheory_13,orig,32,0,0.0,0.0,0.0,0.0,stp
valid/mathd_numbertheory_132,R2,32,31,0.03125,0.0,1.0,0.96875,stp
valid/mathd_numbertheory_132,orig,32,27,0.15625,0.0,1.0,0.84375,stp
valid/mathd_numbertheory_136,R1,32,32,0.0,0.0,1.0,1.0,stp
valid/mathd_numbertheory_136,R2,32,24,0.0,0.0,1.0,0.75,stp
valid/mathd_numbertheory_136,orig,32,31,0.0,0.0,1.0,0.96875,stp
valid/mathd_numbertheory_149,orig,32,31,0.0,0.0,1.0,0.96875,stp
valid/mathd_numbertheory_155,R2,32,32,0.0,0.0,1.0,1.0,stp
valid/mathd_numbertheory_155,orig,32,32,0.0,0.0,1.0,1.0,stp
valid/mathd_numbertheory_156,R1,32,0,0.0,0.0,0.0,0.0,stp
valid/mathd_numbertheory_156,orig,32,0,0.0,0.0,0.0,0.0,stp
valid/mathd_numbertheory_169,R2,32,30,0.0,0.0,1.0,0.9375,stp
valid/mathd_numbertheory_169,orig,32,32,0.0,0.0,1.0,1.0,stp
valid/mathd_numbertheory_188,R2,32,29,0.09375,0.0,1.0,0.90625,stp
valid/mathd_numbertheory_188,orig,32,32,0.0,0.0,1.0,1.0,stp
valid/mathd_numbertheory_198,R2,32,32,0.0,0.0,1.0,1.0,stp
valid/mathd_numbertheory_198,orig,32,32,0.0,0.0,1.0,1.0,stp
valid/mathd_numbertheory_200,R2,32,27,0.15625,0.0,1.0,0.84375,stp
valid/mathd_numbertheory_200,orig,32,26,0.1875,0.0,1.0,0.8125,stp
valid/mathd_numbertheory_202,R2,32,32,0.0,0.0,1.0,1.0,stp
valid/mathd_numbertheory_202,orig,32,31,0.0,0.0,1.0,0.96875,stp
valid/mathd_numbertheory_211,R2,32,28,0.0,0.0,1.0,0.875,stp
valid/mathd_numbertheory_211,orig,32,30,0.0,0.0,1.0,0.9375,stp
valid/mathd_numbertheory_22,R1,32,24,0.0,0.0,1.0,0.75,stp
valid/mathd_numbertheory_22,R2,32,15,0.0,0.0,1.0,0.46875,stp
valid/mathd_numbertheory_22,orig,32,31,0.0,0.0,1.0,0.96875,stp
valid/mathd_numbertheory_221,R1,32,0,0.0,0.0,0.0,0.0,stp
valid/mathd_numbertheory_221,R2,32,0,0.0,0.0,0.0,0.0,stp
valid/mathd_numbertheory_221,orig,32,0,0.0,0.0,0.0,0.0,stp
valid/mathd_numbertheory_232,R1,32,29,0.0,0.0,1.0,0.90625,stp
valid/mathd_numbertheory_232,R2,32,3,0.0,0.0,1.0,0.09375,stp
valid/mathd_numbertheory_232,orig,32,25,0.0,0.0,1.0,0.78125,stp
valid/mathd_numbertheory_236,R2,32,31,0.0,0.0,1.0,0.96875,stp
valid/mathd_numbertheory_236,orig,32,30,0.0,0.0,1.0,0.9375,stp
valid/mathd_numbertheory_24,R2,32,32,0.0,0.0,1.0,1.0,stp
valid/mathd_numbertheory_24,orig,32,30,0.0,0.0,1.0,0.9375,stp
valid/mathd_numbertheory_252,R2,32,30,0.03125,0.0,1.0,0.9375,stp
valid/mathd_numbertheory_252,orig,32,32,0.0,0.0,1.0,1.0,stp
valid/mathd_numbertheory_257,R1,32,29,0.0,0.0,1.0,0.90625,stp
valid/mathd_numbertheory_257,R2,32,26,0.0,0.0,1.0,0.8125,stp
valid/mathd_numbertheory_257,orig,32,30,0.0,0.0,1.0,0.9375,stp
valid/mathd_numbertheory_269,R2,32,32,0.0,0.0,1.0,1.0,stp
valid/mathd_numbertheory_269,orig,32,32,0.0,0.0,1.0,1.0,stp
valid/mathd_numbertheory_284,R1,32,32,0.0,0.0,1.0,1.0,stp
valid/mathd_numbertheory_284,R2,32,26,0.0,0.0,1.0,0.8125,stp
valid/mathd_numbertheory_284,orig,32,31,0.0,0.0,1.0,0.96875,stp
valid/mathd_numbertheory_30,R2,32,32,0.0,0.0,1.0,1.0,stp
valid/mathd_numbertheory_30,orig,32,32,0.0,0.0,1.0,1.0,stp
valid/mathd_numbertheory_301,R1,32,31,0.0,0.0,1.0,0.96875,stp
valid/mathd_numbertheory_301,R2,32,30,0.0,0.0,1.0,0.9375,stp
valid/mathd_numbertheory_301,orig,32,32,0.0,0.0,1.0,1.0,stp
valid/mathd_numbertheory_303,R1,32,11,0.0,0.0,1.0,0.34375,stp
valid/mathd_numbertheory_303,R2,32,17,0.0,0.0,1.0,0.53125,stp
valid/mathd_numbertheory_303,orig,32,25,0.0,0.0,1.0,0.78125,stp
valid/mathd_numbertheory_32,R1,32,29,0.0,0.0,1.0,0.90625,stp
valid/mathd_numbertheory_32,R2,32,31,0.0,0.0,1.0,0.96875,stp
valid/mathd_numbertheory_32,orig,32,29,0.0,0.0,1.0,0.90625,stp
valid/mathd_numbertheory_326,R1,32,26,0.0,0.0,1.0,0.8125,stp
valid/mathd_numbertheory_326,R2,32,18,0.0,0.0,1.0,0.5625,stp
valid/mathd_numbertheory_326,orig,32,22,0.0,0.0,1.0,0.6875,stp
valid/mathd_numbertheory_33,R1,32,30,0.0,0.0,1.0,0.9375,stp
valid/mathd_numbertheory_33,R2,32,25,0.0,0.0,1.0,0.78125,stp
valid/mathd_numbertheory_33,orig,32,28,0.0,0.0,1.0,0.875,stp
valid/mathd_numbertheory_335,R1,32,31,0.0,0.0,1.0,0.96875,stp
valid/mathd_numbertheory_335,R2,32,21,0.0,0.0,1.0,0.65625,stp
valid/mathd_numbertheory_335,orig,32,32,0.0,0.0,1.0,1.0,stp
valid/mathd_numbertheory_37,R2,32,32,0.0,0.0,1.0,1.0,stp
valid/mathd_numbertheory_37,orig,32,31,0.0,0.0,1.0,0.96875,stp
valid/mathd_numbertheory_370,R1,32,32,0.0,0.0,1.0,1.0,stp
valid/mathd_numbertheory_370,R2,32,15,0.0,0.0,1.0,0.46875,stp
valid/mathd_numbertheory_370,orig,32,32,0.0,0.0,1.0,1.0,stp
valid/mathd_numbertheory_403,R2,32,31,0.0,0.0,1.0,0.96875,stp
valid/mathd_numbertheory_403,orig,32,30,0.0,0.0,1.0,0.9375,stp
valid/mathd_numbertheory_405,R1,32,0,0.0,0.0,0.0,0.0,stp
valid/mathd_numbertheory_405,R2,32,0,0.0,0.0,0.0,0.0,stp
valid/mathd_numbertheory_405,orig,32,0,0.0,0.0,0.0,0.0,stp
valid/mathd_numbertheory_412,R1,32,31,0.0,0.0,1.0,0.96875,stp
valid/mathd_numbertheory_412,R2,32,1,0.0,0.0,1.0,0.03125,stp
valid/mathd_numbertheory_412,orig,32,31,0.0,0.0,1.0,0.96875,stp
valid/mathd_numbertheory_42,R1,32,0,0.0,0.0,0.0,0.0,stp
valid/mathd_numbertheory_42,R2,32,0,0.0,0.0,0.0,0.0,stp
valid/mathd_numbertheory_42,orig,32,0,0.0,0.0,0.0,0.0,stp
valid/mathd_numbertheory_43,orig,32,0,0.0,0.0,0.0,0.0,stp
valid/mathd_numbertheory_45,R2,32,29,0.03125,0.0,1.0,0.90625,stp
valid/mathd_numbertheory_45,orig,32,29,0.0,0.0,1.0,0.90625,stp
valid/mathd_numbertheory_458,R1,32,32,0.0,0.0,1.0,1.0,stp
valid/mathd_numbertheory_458,R2,32,8,0.0,0.0,1.0,0.25,stp
valid/mathd_numbertheory_458,orig,32,32,0.0,0.0,1.0,1.0,stp
valid/mathd_numbertheory_461,R1,32,32,0.0,0.0,1.0,1.0,stp
valid/mathd_numbertheory_461,R2,32,9,0.0,0.0,1.0,0.28125,stp
valid/mathd_numbertheory_461,orig,32,32,0.0,0.0,1.0,1.0,stp
valid/mathd_numbertheory_466,R2,32,32,0.0,0.0,1.0,1.0,stp
valid/mathd_numbertheory_466,orig,32,32,0.0,0.0,1.0,1.0,stp
valid/mathd_numbertheory_48,R1,32,31,0.0,0.0,1.0,0.96875,stp
valid/mathd_numbertheory_48,R2,32,31,0.0,0.0,1.0,0.96875,stp
valid/mathd_numbertheory_48,orig,32,31,0.0,0.0,1.0,0.96875,stp
valid/mathd_numbertheory_530,R1,32,0,0.0,0.0,0.0,0.0,stp
valid/mathd_numbertheory_530,orig,32,0,0.0,0.0,0.0,0.0,stp
valid/mathd_numbertheory_543,orig,32,0,0.0,0.0,0.0,0.0,stp
valid/mathd_numbertheory_629,orig,32,24,0.0,0.0,1.0,0.75,stp
valid/mathd_numbertheory_64,orig,32,32,0.0,0.0,1.0,1.0,stp
valid/mathd_numbertheory_640,R2,32,32,0.0,0.0,1.0,1.0,stp
valid/mathd_numbertheory_640,orig,32,32,0.0,0.0,1.0,1.0,stp
valid/mathd_numbertheory_668,R1,32,26,0.0,0.0,1.0,0.8125,stp
valid/mathd_numbertheory_668,R2,32,1,0.0,0.0,1.0,0.03125,stp
valid/mathd_numbertheory_668,orig,32,30,0.0,0.0,1.0,0.9375,stp
valid/mathd_numbertheory_690,orig,32,32,0.0,0.0,1.0,1.0,stp
valid/mathd_numbertheory_709,R1,32,0,0.0,0.0,0.0,0.0,stp
valid/mathd_numbertheory_709,R2,32,0,0.0,0.0,0.0,0.0,stp
valid/mathd_numbertheory_709,orig,32,0,0.0,0.0,0.0,0.0,stp
valid/mathd_numbertheory_739,R2,32,30,0.0,0.0,1.0,0.9375,stp
valid/mathd_numbertheory_739,orig,32,32,0.0,0.0,1.0,1.0,stp
valid/mathd_numbertheory_780,R1,32,15,0.0,0.0,1.0,0.46875,stp
valid/mathd_numbertheory_780,R2,32,10,0.0,0.0,1.0,0.3125,stp
valid/mathd_numbertheory_780,orig,32,20,0.0,0.0,1.0,0.625,stp
valid/mathd_numbertheory_81,R2,32,21,0.34375,0.0,1.0,0.65625,stp
valid/mathd_numbertheory_81,orig,32,16,0.5,0.0,1.0,0.5,stp
valid/mathd_numbertheory_84,R2,32,0,0.0,0.0,0.0,0.0,stp
valid/mathd_numbertheory_84,orig,32,29,0.0,0.0,1.0,0.90625,stp
valid/mathd_numbertheory_92,R1,32,32,0.0,0.0,1.0,1.0,stp
valid/mathd_numbertheory_92,R2,32,32,0.0,0.0,1.0,1.0,stp
valid/mathd_numbertheory_92,orig,32,32,0.0,0.0,1.0,1.0,stp
valid/mathd_numbertheory_961,R2,32,28,0.125,0.0,1.0,0.875,stp
valid/mathd_numbertheory_961,orig,32,25,0.21875,0.0,1.0,0.78125,stp
valid/numbertheory_2dvd4expn,R1,32,29,0.0,0.0,1.0,0.90625,stp
valid/numbertheory_2dvd4expn,orig,32,31,0.0,0.0,1.0,0.96875,stp
valid/numbertheory_aneqprodakp4_anmsqrtanp1eq2,R1,32,0,0.0,0.0,0.0,0.0,stp
valid/numbertheory_aneqprodakp4_anmsqrtanp1eq2,R2,32,0,0.0,0.0,0.0,0.0,stp
valid/numbertheory_aneqprodakp4_anmsqrtanp1eq2,orig,32,0,0.0,0.0,0.0,0.0,stp
valid/numbertheory_nckeqnm1ckpnm1ckm1,R1,32,31,0.0,0.0,1.0,0.96875,stp
valid/numbertheory_nckeqnm1ckpnm1ckm1,R2,32,30,0.0,0.0,1.0,0.9375,stp
valid/numbertheory_nckeqnm1ckpnm1ckm1,orig,32,31,0.0,0.0,1.0,0.96875,stp
valid/numbertheory_prmdvsneqnsqmodpeq0,R1,32,23,0.0,0.0,1.0,0.71875,stp
valid/numbertheory_prmdvsneqnsqmodpeq0,orig,32,31,0.0,0.0,1.0,0.96875,stp
valid/numbertheory_sqmod3in01d,R1,32,32,0.0,0.0,1.0,1.0,stp
valid/numbertheory_sqmod3in01d,orig,32,32,0.0,0.0,1.0,1.0,stp
valid/numbertheory_sqmod4in01d,R1,32,32,0.0,0.0,1.0,1.0,stp
valid/numbertheory_sqmod4in01d,orig,32,32,0.0,0.0,1.0,1.0,stp
valid/numbertheory_sumkmulnckeqnmul2pownm1,R1,32,0,0.0,0.0,0.0,0.0,stp
valid/numbertheory_sumkmulnckeqnmul2pownm1,R2,32,0,0.0,0.0,0.0,0.0,stp
valid/numbertheory_sumkmulnckeqnmul2pownm1,orig,32,0,0.0,0.0,0.0,0.0,stp
valid/numbertheory_xsqpysqintdenomeq,R1,32,0,0.0,0.0,0.0,0.0,stp
valid/numbertheory_xsqpysqintdenomeq,orig,32,0,0.0,0.0,0.0,0.0,stp
