group,word,post,pre,w,contribution
DOT,regulatory,0.040037073,0.029299648,0.64736104,0.0069509903
other_cabinet,regulatory,0.025998898,0.018200409,0.64736104,0.005048438
DOT,not,0.1400365,0.15742849,-0.26186824,0.004554411
other_cabinet,operational,0.006372797,0.0028746587,1.180697,0.004130241
DOT,statutory,0.013754717,0.007256327,0.45873785,0.0029810574
DOT,unnecessary,0.011739677,0.007218455,0.6242299,0.0028222818
other_cabinet,administrative,0.014700788,0.010065384,0.55866766,0.0025896502
DOT,able,0.005606981,0.0074456884,-1.3966641,0.0025680566
DOT,some,0.016675033,0.021406105,-0.53990865,0.0025543468
other_cabinet,financial,0.016870268,0.01203379,0.51335573,0.0024828333
other_cabinet,across,0.0117712375,0.009404932,1.0400836,0.0024611554
other_cabinet,statutory,0.013874061,0.008784194,0.45873785,0.002334915
other_cabinet,some,0.021624763,0.025583455,-0.53990865,0.0021373325
DOT,administrative,0.008731718,0.0050067166,0.55866766,0.002081038
DOT,economic,0.01293702,0.0070215194,0.34171247,0.0020214003
DOT,across,0.0064538685,0.0045825476,1.0400836,0.0019463303
DOT,outdated,0.0026866791,0.0012649397,1.3098631,0.001862284
DOT,another,0.00598662,0.009877086,-0.44580317,0.0017343818
DOT,legal,0.0064246655,0.0029767647,0.45834208,0.001580318
DOT,consequently,0.0015477614,0.0010074085,2.780054,0.0015022103
DOT,therefore,0.016499817,0.019762248,-0.447721,0.0014606586
other_cabinet,affordable,0.0038662865,0.0017842881,0.64209557,0.001336842
DOT,also,0.063253194,0.065624245,-0.5609801,0.0013301121
DOT,financial,0.0069503197,0.004400761,0.51335573,0.0013088307
other_cabinet,other,0.06611183,0.06984331,-0.33796048,0.0012610909
DOT,technological,0.0036211757,0.0022420434,0.89392805,0.001232845
other_cabinet,supplementary,0.0010889926,0.00081748207,4.4312105,0.0012031202
DOT,long-term,0.0016937765,0.000636258,1.1373734,0.0012027933
DOT,rigorous,0.0011389191,0.0004468954,1.6354508,0.0011317709
DOT,distinct,0.0016645734,0.00072715204,1.175509,0.0011019473
other_cabinet,effective,0.017440807,0.013379731,0.27079964,0.0010997378
DOT,environmental,0.013521089,0.0113162305,0.49078465,0.0010821108
other_cabinet,likely,0.011422687,0.013453115,-0.52290916,0.0010617292
other_cabinet,fiscal,0.0047478867,0.0034876273,0.8291249,0.0010449125
DOT,likely,0.0068043047,0.008786365,-0.52290916,0.0010364377
DOT,rather,0.010045875,0.007506284,0.4038272,0.0010255559
DOT,similar,0.009607823,0.01180857,-0.46020412,0.0010127928
DOT,immediate,0.0045848754,0.001355833,0.3031721,0.0009789556
DOT,other,0.049352687,0.05218729,-0.33796048,0.00095798384
DOT,numerous,0.0033291455,0.0013709819,0.48841572,0.0009563978
DOT,effectively,0.0028326942,0.0017951509,0.9216976,0.00095630117
other_cabinet,also,0.062118854,0.0637943,-0.5609801,0.0009398916
other_cabinet,permissible,0.0016853451,0.00079417514,1.0490494,0.0009348813
other_cabinet,internal,0.0049293926,0.0028219952,0.40978718,0.00086358446
other_cabinet,unnecessary,0.0046153585,0.0032458932,0.6242299,0.0008548612
DOT,thorough,0.0007008733,0.00037115035,2.5229082,0.0008318608
DOT,conversely,0.0011973252,0.00076502457,1.8950624,0.0008192367
DOT,both,0.020208541,0.017732047,0.32539582,0.00080584106
DOT,permissible,0.0009929041,0.0002726818,1.0490494,0.0007555487
DOT,procedural,0.0016645734,0.0009922596,1.1183782,0.0007519011
other_cabinet,another,0.0111115845,0.012783166,-0.44580317,0.00074519636
DOT,generally,0.0064538685,0.007877432,-0.51684713,0.0007357646
other_cabinet,timely,0.004451139,0.003499714,0.7637458,0.0007266468
other_cabinet,not,0.14983548,0.15257962,-0.26186824,0.0007186026
DOT,strict,0.0007008733,0.0004468954,2.7447453,0.0006971047
other_cabinet,electronic,0.009244968,0.0060586417,0.21784115,0.000694113
DOT,lawful,0.004059221,0.00041659738,0.19023657,0.0006929602
other_cabinet,procedural,0.0020713946,0.0014709394,1.1183782,0.000671536
DOT,responsive,0.0021318218,0.0013179608,0.817636,0.0006654421
DOT,thereby,0.0020150098,0.0018102998,3.2477517,0.0006648471
other_cabinet,educational,0.003154668,0.0020562161,0.60213614,0.0006614176
other_cabinet,thereby,0.0017890586,0.0015857476,3.2477517,0.0006603036
other_cabinet,rather,0.010132187,0.008505336,0.4038272,0.0006569667
DOT,operational,0.008468887,0.007915304,1.180697,0.00065361353
DOT,alongside,0.00046724876,0.00021966032,2.605425,0.0006450731
DOT,robust,0.0013141372,0.0009619617,1.789031,0.000630053
other_cabinet,many,0.012289742,0.0135679385,-0.47439623,0.00060637156
DOT,stringent,0.0032415364,0.0025677446,0.88523483,0.00059646403
DOT,actively,0.0013725433,0.0005074914,0.68897915,0.0005960027
other_cabinet,too,0.0014952037,0.0022478767,-0.7858658,0.00059149996
DOT,supplemental,0.004030018,0.0021435756,0.31044436,0.0005856354
other_cabinet,prospective,0.0028809686,0.002346297,1.0853066,0.00058028265
other_cabinet,economic,0.010595961,0.008904197,0.34171247,0.0005780966
DOT,modest,0.00046724876,0.00018936236,2.0667663,0.00057432626
DOT,obsolete,0.0030079123,0.00092408917,0.26838017,0.00055925676
other_cabinet,furthermore,0.0034312485,0.0029920724,1.2420192,0.00054546515
other_cabinet,able,0.006441942,0.0068244208,-1.3966641,0.00053419446
other_cabinet,strict,0.0004724735,0.00027796274,2.7447453,0.0005338825
DOT,difficult,0.0013433403,0.0023405112,-0.51451683,0.00051306124
DOT,systemic,0.0011389191,0.00016663889,0.5210285,0.00050658575
DOT,about,0.011214014,0.015262517,-0.12442446,0.00050373276
DOT,societal,0.0010805131,0.00057566195,0.9877429,0.00049866317
DOT,extensive,0.0017813855,0.0010907274,0.70616055,0.0004877155
other_cabinet,skilled,0.0012071107,0.00061376224,0.81902456,0.00048596697
DOT,disparate,0.000963701,6.8170455e-05,0.50729895,0.0004543017
DOT,cost-effective,0.0020150098,0.0012270674,0.57448864,0.00045266392
DOT,roughly,0.0009344979,0.0005377894,1.1261063,0.0004467359
DOT,too,0.0019274006,0.002492,-0.7858658,0.00044369945
other_cabinet,allowable,0.002157826,0.0013164231,0.5222931,0.00043945893
DOT,next,0.0030079123,0.0038705494,-0.47422647,0.00040908533
other_cabinet,significant,0.014856339,0.013975433,0.46397352,0.00040871723
other_cabinet,additionally,0.01079184,0.010407265,1.0586321,0.00040712318
DOT,exclusively,0.0008176856,0.00056051294,1.5733571,0.00040462447
other_cabinet,similar,0.010685259,0.011554639,-0.46020412,0.0004000924
DOT,feasible,0.007300756,0.004385612,0.13463545,0.0003924817
DOT,applicable,0.018164363,0.02031525,-0.178298,0.00038349896
other_cabinet,alongside,0.00044654513,0.0003021337,2.605425,0.00037625313
other_cabinet,discretionary,0.0021261345,0.0010341502,0.3440814,0.00037573147
other_cabinet,different,0.009334266,0.010501369,-0.32172966,0.00037549157
DOT,explicitly,0.0027742882,0.0021057033,0.56073713,0.00037490035
other_cabinet,just,0.0019042958,0.0026735014,-0.4798131,0.00036907493
other_cabinet,below,0.009930546,0.010821667,-0.41343737,0.0003684224
DOT,two-year,0.00078848255,0.0002802563,0.7213054,0.0003665863
DOT,strictly,0.0004964518,0.00019693685,1.2078948,0.0003617826
DOT,internal,0.003942409,0.003067658,0.40978718,0.00035846175
DOT,fundamentally,0.0006424672,0.0002272348,0.8563328,0.0003555771
DOT,again,0.0012265282,0.0016209387,-0.89974165,0.00035486752
other_cabinet,effectively,0.0027974183,0.002415364,0.9216976,0.0003521386
DOT,occupational,0.0011973252,0.0005226404,0.5219183,0.00035213033
other_cabinet,rigid,0.0002592847,0.00010445196,2.2570224,0.00034946093
other_cabinet,carefully,0.0009507079,0.0007164854,1.4724174,0.0003448733
DOT,efficient,0.0046724845,0.0042719953,0.8539386,0.00034199317
other_cabinet,independently,0.0016565358,0.0010065272,0.52458906,0.00034098738
other_cabinet,notably,0.00070582883,0.00054384145,2.0719533,0.0003356303
DOT,fiscal,0.0009344979,0.0005302149,0.8291249,0.0003352011
DOT,diverse,0.000584061,0.0004620444,2.7431707,0.00033471241
DOT,necessarily,0.0010805131,0.0014618753,-0.8763733,0.0003342156
DOT,accurately,0.0018397915,0.0016209387,1.5195274,0.00033255297
DOT,widespread,0.0008468887,0.0004544699,0.83750343,0.0003286521
other_cabinet,disparate,0.00090173207,0.00025465502,0.50729895,0.0003282615
DOT,by,0.14062062,0.12817882,0.025882244,0.0003220217
DOT,effective,0.01293702,0.011755548,0.27079964,0.00031994196
other_cabinet,clinical,0.009976636,0.008370656,0.19417095,0.00031183468
other_cabinet,very,0.0025813398,0.0030266058,-0.68933535,0.0003069376
DOT,aggressive,0.00055485795,0.00018178787,0.8205576,0.00030612547
DOT,lastly,0.0011389191,0.001643662,-0.60592794,0.0003058378
other_cabinet,supervisory,0.002221209,0.00053520926,0.18041515,0.0003041799
DOT,aware,0.002248634,0.0029691902,-0.41644573,0.00030007263
DOT,protective,0.0008468887,0.00056051294,1.035121,0.00029643354
other_cabinet,supplemental,0.003529204,0.002585441,0.31044436,0.00029298587
other_cabinet,methodological,0.00047823536,0.00030817644,1.7191038,0.00029234894
other_cabinet,but,0.026606897,0.027370358,-0.3737197,0.00028532042
other_cabinet,expressly,0.0014202995,0.0011187458,0.9354105,0.00028207654
DOT,just,0.0020442128,0.0026283402,-0.4798131,0.00028027198
DOT,prospective,0.0006132641,0.00035600134,1.0853066,0.00027920897
DOT,certain,0.016003374,0.017406305,-0.19527078,0.00027395147
DOT,independently,0.0012849342,0.00076502457,0.52458906,0.00027273892
other_cabinet,necessarily,0.0013453953,0.0016565316,-0.8763733,0.0002726715
DOT,statistical,0.0010805131,0.0005226404,0.47771883,0.0002665063
DOT,finally,0.0037087847,0.004605271,-0.29637623,0.0002656972
other_cabinet,distinct,0.002100205,0.0018757894,1.175509,0.00026380265
DOT,disproportionately,0.0005256549,0.00020451134,0.8209691,0.00026364892
other_cabinet,suitable,0.0016017981,0.0012654931,0.78313255,0.0002633714
DOT,reliably,0.0006424672,0.00031055431,0.79113674,0.00026258847
other_cabinet,important,0.005756253,0.006973778,-0.21326065,0.00025965017
other_cabinet,collectively,0.0011494921,0.0008243878,0.7955804,0.00025864659
DOT,thoroughly,0.0004380457,0.0002726818,1.553719,0.00025692908
other_cabinet,sufficient,0.0085421065,0.0070808316,0.16909933,0.0002471006
DOT,false,0.00037963962,0.0022723412,-0.1290574,0.00024426714
other_cabinet,consistently,0.001524013,0.0013457725,1.3681183,0.00024385405
DOT,nationwide,0.0008176856,0.00047719342,0.7147403,0.0002433635
other_cabinet,ongoing,0.003892216,0.0036033143,0.8363786,0.00024163112
other_cabinet,directly,0.007072891,0.006319369,0.31893206,0.00024032229
other_cabinet,physical,0.0029933294,0.004618597,-0.14318085,0.00023270721
DOT,around,0.0014309493,0.0018708954,-0.5274,0.00023202757
other_cabinet,helpful,0.0005589014,0.0007708682,-1.0904422,0.00023113754
other_cabinet,hot,6.338068e-05,0.00048773218,-0.54274654,0.0002303153
DOT,empirical,0.0006132641,0.00021208583,0.57019234,0.00022874877
DOT,essentially,0.000584061,0.0010604296,-0.47918653,0.00022826942
other_cabinet,originally,0.001316586,0.0009607765,0.6379051,0.00022697271
other_cabinet,already,0.009636727,0.008529509,0.20412397,0.00022600968
DOT,collectively,0.0007300764,0.0004468954,0.7955804,0.00022529325
other_cabinet,statistical,0.0019273432,0.0014605807,0.47771883,0.00022298122
DOT,legislative,0.0007008733,0.00037872486,0.6895547,0.00022213899
other_cabinet,about,0.015778175,0.017488062,-0.12442446,0.00021275185
DOT,quickly,0.000963701,0.0013028119,-0.6225209,0.00021110363
DOT,clearly,0.004059221,0.0033251892,0.28528833,0.00020941073
DOT,always,0.0012265282,0.0015527686,-0.63910866,0.00020850309
DOT,but,0.023888063,0.024443831,-0.3737197,0.00020770167
DOT,precise,0.000584061,0.00042417189,1.2984705,0.00020761133
other_cabinet,meaningful,0.0035147988,0.002628608,0.23299122,0.0002064747
DOT,properly,0.002453055,0.0030297858,-0.35435867,0.00020436957
DOT,possibly,0.000116812196,0.00040144837,-0.7172222,0.00020414738
other_cabinet,outdated,0.0009247795,0.00076914177,1.3098631,0.00020386413
other_cabinet,insufficient,0.0016421311,0.0014079243,0.8667512,0.00020299901
DOT,strong,0.0017229795,0.0013028119,0.47730637,0.00020054866
DOT,year-round,0.00026282744,4.544697e-05,0.9177151,0.00019949333
other_cabinet,unchanged,0.0010198503,0.0007484245,0.7336049,0.00019911927
DOT,responsible,0.00230704,0.0041205063,-0.10810423,0.00019604339
DOT,evidentiary,0.00026282744,0.00010604294,1.2494879,0.00019590031
other_cabinet,older,0.0010342549,0.001658258,-0.31325102,0.00019546962
DOT,newly,0.0016645734,0.00091651466,0.25942087,0.00019406206
DOT,unauthorized,0.0011097161,0.00074230105,0.5268922,0.00019358813
other_cabinet,quickly,0.0007404,0.0010479618,-0.6225209,0.00019146364
other_cabinet,actual,0.0042437036,0.0034928073,0.25466824,0.00019122944
other_cabinet,legislative,0.0011696586,0.0008925822,0.6895547,0.00019105936
other_cabinet,ultimately,0.0021923985,0.0018801055,0.6112189,0.00019087944
other_cabinet,actuarial,0.0007432809,0.0003625611,0.49859715,0.0001898258
other_cabinet,ineligible,0.0022701868,0.0009253845,0.1391573,0.00018713906
other_cabinet,extant,0.00013828509,0.00029263797,-1.2083144,0.0001865068
DOT,sustainable,0.00020442133,0.00011361744,2.044292,0.00018562967
other_cabinet,practical,0.0012618484,0.001005664,0.7045741,0.00018050088
DOT,maritime,0.00078848255,0.00024238379,0.32963085,0.00018001099
DOT,inherently,0.0008176856,0.0006892795,1.3973427,0.00017942733
DOT,significant,0.0138423275,0.013459799,0.46397352,0.00017748316
DOT,retroactively,0.00032123353,6.8170455e-05,0.69686365,0.00017635046
DOT,historical,0.0018689946,0.00086349313,0.1742773,0.00017523608
DOT,congressional,0.0013433403,0.0008256206,0.33568048,0.00017378839
other_cabinet,robust,0.0013021814,0.0012050677,1.789031,0.00017373935
DOT,usually,0.00040884266,0.00070442853,-0.5724349,0.00016920366
other_cabinet,actively,0.00090749393,0.00066296576,0.68897915,0.00016847481
DOT,only,0.026662305,0.028042136,-0.119981766,0.00016555453
DOT,notably,0.0005256549,0.0004468954,2.0719533,0.00016318596
DOT,online,0.0044096573,0.0035524226,0.18990135,0.00016279003
other_cabinet,improper,0.0017948204,0.0011610435,0.25632,0.0001624497
DOT,however,0.018631604,0.02411809,-0.02954173,0.00016208031
other_cabinet,greatly,0.0003169033,0.00047133045,-1.0355983,0.0001599245
DOT,ambient,0.00032123353,0.0009543872,-0.24728823,0.00015657145
DOT,merely,0.0016645734,0.0010452807,0.25097656,0.00015542796
DOT,between,0.024734937,0.028602714,-0.040113926,0.00015515172
other_cabinet,specifically,0.013496705,0.013236417,0.5909624,0.00015382037
DOT,careful,0.0004380457,0.0003029798,1.1377001,0.00015366448
other_cabinet,respiratory,0.00041773584,0.0011541378,-0.20824051,0.00015334871
other_cabinet,only,0.025171904,0.026441548,-0.119981766,0.00015233415
DOT,global,0.0034751606,0.0026662124,0.18691206,0.00015120217
DOT,frequently,0.0011389191,0.0008331951,0.49316645,0.00015077284
DOT,correctly,0.0009344979,0.0006741305,0.5745778,0.00014960133
other_cabinet,herein,0.00087004184,0.0007389291,1.1389046,0.00014932491
DOT,adjacent,0.0013433403,0.0020299589,-0.2148571,0.00014752489
other_cabinet,historical,0.0042437036,0.003399567,0.1742773,0.00014711385
DOT,relatively,0.0012265282,0.0014997475,-0.53429604,0.00014598
other_cabinet,before,0.012779441,0.011490752,0.11291695,0.0001455148
other_cabinet,systematic,0.0007432809,0.0005058598,0.602149,0.0001429629
DOT,improper,0.00090529484,0.00034842684,0.25632,0.00014273642
DOT,ongoing,0.0019566037,0.0017875765,0.8363786,0.00014137077
DOT,improperly,0.0010513101,0.0005074914,0.2562623,0.00013936023
DOT,unintentional,0.0007300764,0.00021966032,0.27250957,0.00013909327
other_cabinet,unintentional,0.000656853,0.00014934028,0.27250957,0.00013830207
other_cabinet,useful,0.0013598,0.0015900637,-0.59807825,0.0001377157
DOT,moreover,0.0020734158,0.0017724276,0.45749998,0.0001377021
DOT,achievable,0.0010513101,0.00036357585,0.19983768,0.00013743521
other_cabinet,short-term,0.0020195358,0.00086582237,0.11856556,0.00013679067
other_cabinet,reasonable,0.008300138,0.009380759,-0.12626934,0.00013644931
other_cabinet,respectively,0.0038201897,0.0040513854,-0.5869889,0.00013570931
DOT,unchanged,0.0014017463,0.001219493,0.7336049,0.00013370192
DOT,subsequent,0.0035627696,0.0028707224,0.19138479,0.00013244731
other_cabinet,economically,0.0006741386,0.0014769819,-0.16112041,0.00012935445
other_cabinet,distributive,0.00020166587,0.0004048603,-0.6363964,0.0001293122
DOT,civil,0.008644108,0.0075138584,0.11434221,0.00012923521
DOT,sometimes,0.0004964518,0.0006589815,-0.78962946,0.00012833824
other_cabinet,congressional,0.0015873935,0.0012076574,0.33568048,0.00012746999
other_cabinet,automatically,0.0013425144,0.0010634997,0.45490122,0.00012692413
other_cabinet,efficiently,0.00085275626,0.0006422485,0.5988655,0.00012606585
DOT,methodological,8.760915e-05,1.514899e-05,1.7191038,0.00012456655
other_cabinet,importantly,0.00049552094,0.0003444329,0.8208132,0.00012401506
other_cabinet,lastly,0.0011178019,0.0013181495,-0.60592794,0.000121396224
other_cabinet,tentatively,0.00022759437,0.0005058598,-0.4356408,0.00012122378
DOT,purely,0.00090529484,0.000696854,0.57431316,0.000119710305
other_cabinet,traditional,0.002152064,0.0017886042,0.32855606,0.00011941689
other_cabinet,disproportionate,0.0006078772,0.00038327908,0.5312681,0.00011932183
DOT,substantially,0.0032707395,0.0019542144,0.08938503,0.000117677635
other_cabinet,first-year,0.00028233213,0.00021408284,1.7188568,0.000117310745
DOT,actual,0.0031247244,0.0026662124,0.25466824,0.00011676844
DOT,very,0.0028911002,0.0030600836,-0.68933535,0.000116486204
DOT,adverse,0.0032123334,0.0025450212,0.17381048,0.00011598585
DOT,problematic,8.760915e-05,0.0002954053,-0.55461407,0.00011524667
other_cabinet,greatest,0.0006049963,0.0009728616,-0.31209326,0.00011480829
other_cabinet,merely,0.0014606325,0.0010039376,0.25097656,0.00011461974
DOT,periodic,0.0016645734,0.0012270674,0.26119375,0.00011427383
DOT,specifically,0.013871531,0.013679458,0.5909624,0.000113508024
other_cabinet,asap,1.1523758e-05,0.00041780903,-0.27834606,0.00011308791
other_cabinet,conversely,0.0005473777,0.00048773218,1.8950624,0.00011303196
DOT,judicial,0.0004964518,0.0002802563,0.52129316,0.00011270124
other_cabinet,together,0.0023710234,0.0019603858,0.27405834,0.000112538655
other_cabinet,practicable,0.0016392502,0.0018464399,-0.5397997,0.000111840935
DOT,introductory,0.0004964518,0.0010452807,-0.20140457,0.000110536654
DOT,especially,0.0016645734,0.0023859579,-0.15072584,0.00010873128
other_cabinet,less,0.0114342095,0.011672053,-0.4560027,0.00010845706
other_cabinet,subsequent,0.005880138,0.005314446,0.19138479,0.000108264816
other_cabinet,substantial,0.0062287445,0.005696904,0.20347214,0.00010821474
other_cabinet,aware,0.0018236297,0.0020769362,-0.41644573,0.0001054884
other_cabinet,particularly,0.0047507677,0.004618597,0.79491854,0.000105064784
DOT,electrical,0.0035627696,0.0046279943,-0.09846735,0.00010488985
DOT,below,0.010805165,0.011058699,-0.41343737,0.00010482041
DOT,inadvertent,0.00040884266,0.0009619617,-0.1887064,0.00010437709
other_cabinet,evidentiary,0.0005012828,0.00041780903,1.2494879,0.00010429947
DOT,vital,0.00055485795,0.0004696189,1.2141218,0.00010349057
other_cabinet,simultaneously,0.0006741386,0.0005731909,1.0061202,0.00010156551
DOT,digital,0.0009929041,0.00057566195,0.24308491,0.00010142526
DOT,new,0.041760024,0.033071738,0.011613131,0.0001008982
DOT,technically,0.0011389191,0.0004393209,0.1433754,0.00010030517
DOT,hot,0.00023362438,0.00041659738,-0.54274654,9.930797e-05
other_cabinet,solar,6.6261615e-05,0.00075533026,-0.14255476,9.823001e-05
DOT,vulnerable,0.0007592795,0.00054536393,0.45720482,9.780322e-05
DOT,furthermore,0.0031539274,0.0030752325,1.2420192,9.7740565e-05
other_cabinet,digital,0.0026476039,0.0022470134,0.24308491,9.73775e-05
other_cabinet,recreational,0.003972885,0.0027132148,0.076305866,9.612024e-05
other_cabinet,subsequently,0.0019417478,0.0016375408,0.31388712,9.5486685e-05
other_cabinet,accurate,0.0028896118,0.0027814184,0.8819561,9.5421805e-05
DOT,high-risk,0.00032123353,9.8468445e-05,0.42834568,9.542046e-05
other_cabinet,sexual,0.00040333119,0.0012732621,-0.10954189,9.529388e-05
other_cabinet,otherwise,0.008406719,0.00860721,-0.4725604,9.474385e-05
DOT,physiological,0.0008468887,0.00013634092,0.13326645,9.469218e-05
DOT,lawfully,0.00055485795,9.089395e-05,0.20307255,9.4218354e-05
DOT,later,0.0035335666,0.0043477397,-0.11453056,9.3247705e-05
DOT,artificially,0.0004964518,9.8468445e-05,0.23404789,9.3147166e-05
DOT,rare,0.0007008733,0.00040144837,0.30980396,9.276304e-05
other_cabinet,predictable,0.0005560205,0.00031939868,0.3917675,9.270073e-05
DOT,consistently,0.0012265282,0.0011588974,1.3681183,9.252691e-05
DOT,beneficial,0.0007300764,0.0013028119,-0.16134119,9.2405826e-05
other_cabinet,comparable,0.0016968688,0.0014925199,0.44832993,9.1615744e-05
other_cabinet,southern,0.0011235637,0.0016496258,-0.17137623,9.0154535e-05
other_cabinet,toxic,8.6428176e-05,0.00028400548,-0.452734,8.944996e-05
other_cabinet,exclusively,0.000780733,0.00072425435,1.5733571,8.88611e-05
DOT,meaningful,0.0013433403,0.0009619617,0.23299122,8.885786e-05
other_cabinet,by,0.13873729,0.13532539,0.025882244,8.830773e-05
other_cabinet,difficult,0.0023623803,0.002531051,-0.51451683,8.67839e-05
other_cabinet,pulmonary,0.00028521306,0.0002002711,1.018125,8.648154e-05
other_cabinet,migratory,0.0014174186,0.0010963021,0.26909256,8.641007e-05
other_cabinet,outdoor,0.00012388037,0.0006439749,-0.16596794,8.631902e-05
other_cabinet,technologically,0.00016997548,0.0006733244,-0.17015743,8.564856e-05
DOT,relevant,0.007972428,0.0075668795,0.21046972,8.5355605e-05
other_cabinet,reasonably,0.0033131256,0.0035860476,-0.31164074,8.505361e-05
DOT,elsewhere,0.00046724876,0.000666556,-0.425107,8.472691e-05
DOT,nearby,0.0005256549,0.00021208583,0.2683773,8.415481e-05
DOT,compliant,0.0016353704,0.0014845986,0.55763006,8.40749e-05
other_cabinet,ambient,0.00020166587,0.0005412518,-0.24728823,8.39756e-05
other_cabinet,measurable,0.0006049963,0.00050931267,0.87554455,8.377527e-05
DOT,along,0.0035919726,0.0030752325,0.16194153,8.368169e-05
DOT,neither,0.0008468887,0.0011740463,-0.2554283,8.356532e-05
DOT,expeditiously,8.760915e-05,0.00019693685,-0.7616501,8.326945e-05
other_cabinet,rigorous,0.00041773584,0.00036687736,1.6354508,8.317654e-05
DOT,serious,0.0017813855,0.0032570192,-0.05622816,8.297217e-05
DOT,interpretive,0.0010513101,0.00013634092,0.089374065,8.177452e-05
DOT,comparable,0.0016061674,0.001424003,0.44832993,8.1669736e-05
other_cabinet,supportive,0.0006539721,0.0015071946,-0.095445156,8.143595e-05
other_cabinet,determinable,7.490443e-05,0.00021149314,-0.59462404,8.121893e-05
other_cabinet,empirical,0.00047823536,0.0003358004,0.57019234,8.121532e-05
DOT,explicit,0.0013433403,0.0009468127,0.20460653,8.113214e-05
other_cabinet,usually,0.00058194884,0.00072339113,-0.5724349,8.09665e-05
DOT,appropriately,0.0015769644,0.0019845122,-0.19623804,7.997638e-05
DOT,reliable,0.0011097161,0.0010301318,0.9912219,7.888571e-05
other_cabinet,substantially,0.0038230708,0.002941999,0.08938503,7.875464e-05
DOT,proper,0.002569867,0.0023253623,0.3217435,7.866782e-05
DOT,prudent,2.9203049e-05,0.0002878308,-0.3030777,7.8384306e-05
DOT,seriously,0.0,0.00018936236,-0.41080093,7.779023e-05
other_cabinet,statutorily,0.0006914242,0.0004402535,0.30964136,7.7772835e-05
other_cabinet,lawful,0.0019849632,0.0015762522,0.19023657,7.7751785e-05
other_cabinet,institutional,0.0014174186,0.0006474278,0.09920359,7.638585e-05
other_cabinet,systemic,0.00056466326,0.00041953553,0.5210285,7.561569e-05
DOT,mechanical,0.0028326942,0.0019239165,0.081896305,7.442554e-05
other_cabinet,two-year,0.00032554608,0.00022271519,0.7213054,7.417247e-05
DOT,personally,0.0015185584,0.0006892795,0.08845091,7.3350464e-05
DOT,autonomous,0.000116812196,0.0005150659,-0.18416882,7.334592e-05
other_cabinet,narrowly,0.00045518792,0.00032371492,0.5573616,7.3278e-05
other_cabinet,online,0.0031258576,0.0027434316,0.18990135,7.262321e-05
other_cabinet,significantly,0.003955599,0.0038303717,0.579576,7.257872e-05
DOT,quantitative,0.0006424672,0.0004393209,0.35674143,7.247069e-05
other_cabinet,offshore,0.0007231144,0.0012292379,-0.14261389,7.2180235e-05
DOT,importantly,0.0004964518,0.00040902288,0.8208132,7.176281e-05
other_cabinet,catastrophic,0.002166469,0.0007138957,0.04914856,7.1391885e-05
other_cabinet,regardless,0.0045634997,0.0041031856,0.15496397,7.13321e-05
DOT,respectfully,5.8406098e-05,1.514899e-05,1.6257277,7.032428e-05
DOT,unaware,0.00046724876,0.00039387387,0.9565697,7.0188195e-05
DOT,inclusive,0.00046724876,0.00035600134,0.6290517,6.998037e-05
other_cabinet,otc,0.00017573737,0.0004437065,-0.25896072,6.939348e-05
DOT,alternatively,0.0012557312,0.00074230105,0.13472795,6.9173395e-05
DOT,suitable,0.0015185584,0.0014315775,0.78313255,6.811755e-05
DOT,incorrectly,0.0007300764,0.0004544699,0.24709702,6.8101544e-05
DOT,regional,0.002569867,0.0017572787,0.083752155,6.8056026e-05
DOT,safety-related,0.0014601523,0.000651407,0.08383942,6.7804736e-05
DOT,negligible,0.00035043657,0.0002272348,0.5475197,6.7455396e-05
DOT,factual,0.000584061,0.0002348093,0.19237566,6.718753e-05
DOT,one-year,0.000584061,0.0002348093,0.19092703,6.66816e-05
other_cabinet,around,0.002166469,0.0022919069,-0.5274,6.6155866e-05
DOT,instructional,2.9203049e-05,0.0004923424,-0.14252996,6.6011235e-05
DOT,virtually,2.9203049e-05,0.00016663889,-0.47910976,6.5846856e-05
DOT,extremely,0.0011097161,0.001287663,-0.36795473,6.547639e-05
DOT,restrictive,0.00090529484,0.0007801736,0.52007675,6.5072665e-05
other_cabinet,uniformly,0.0002794512,0.00022789459,1.2595854,6.4939944e-05
DOT,broadly,0.0008176856,0.0010983018,-0.23114443,6.486288e-05
other_cabinet,proper,0.0014577516,0.0012568609,0.3217435,6.463528e-05
DOT,concise,0.00032123353,0.0002651073,1.1465397,6.435096e-05
DOT,unreasonable,0.0005256549,0.0010983018,-0.111296654,6.373369e-05
other_cabinet,upstream,0.00022183248,0.00042298852,-0.31552172,6.34691e-05
other_cabinet,thoroughly,0.00022471343,0.00018386965,1.553719,6.345975e-05
other_cabinet,respectfully,0.00018726115,0.00014847705,1.6257277,6.305238e-05
other_cabinet,obsolete,0.00060211535,0.00036860385,0.26838017,6.266985e-05
other_cabinet,susceptible,0.00025640376,0.0003996808,-0.43560934,6.241282e-05
DOT,different,0.012002508,0.012194866,-0.32172966,6.1887324e-05
DOT,burdensome,0.0010513101,0.0015148964,-0.1330638,6.168655e-05
other_cabinet,similarly,0.0048458423,0.0049993284,-0.39949036,6.1316234e-05
other_cabinet,problematic,0.0002103087,0.00031939868,-0.55461407,6.0502836e-05
DOT,respective,0.0014601523,0.0013179608,0.4245739,6.0370814e-05
other_cabinet,annually,0.0041918447,0.0035661908,0.09568834,5.9867783e-05
DOT,intermittent,2.9203049e-05,0.00020451134,-0.33785963,5.9229595e-05
other_cabinet,negligible,0.0013338716,0.001225785,0.5475197,5.917955e-05
DOT,allowable,0.0008468887,0.00073472655,0.5222931,5.8581514e-05
DOT,soon,0.0005256549,0.00071200304,-0.31431198,5.857146e-05
DOT,slightly,0.0007300764,0.00090894016,-0.32675982,5.844549e-05
other_cabinet,tiered,0.000452307,0.00025206528,0.28922606,5.791512e-05
other_cabinet,jointly,0.0008758037,0.00053520926,0.16778326,5.7146048e-05
DOT,historic,0.0007592795,0.00059838546,0.34384012,5.5321816e-05
other_cabinet,partially,0.00069718604,0.000549884,0.3738246,5.506513e-05
DOT,set-aside,0.0,0.00038629936,-0.14250183,5.5048367e-05
DOT,various,0.005577778,0.0054990556,0.6962924,5.4813787e-05
other_cabinet,forthcoming,0.00017573737,0.00014070794,1.5584493,5.4591586e-05
DOT,accordingly,0.0067751016,0.006627648,0.3684206,5.432491e-05
DOT,larger,0.0038840028,0.0032418703,0.0845294,5.4279073e-05
DOT,identifiable,0.0027450852,0.0010452807,0.03189373,5.4213106e-05
DOT,definitive,0.00014601524,9.089395e-05,0.9753771,5.3764048e-05
DOT,analytical,0.0012265282,0.00071200304,0.104174614,5.360046e-05
other_cabinet,year-round,0.00035147445,0.00029350122,0.9177151,5.3202908e-05
other_cabinet,illustrative,0.0007115907,0.00043248426,0.18660545,5.208278e-05
other_cabinet,unitary,2.8809395e-06,0.00010445196,-0.51023674,5.1825267e-05
other_cabinet,expeditiously,0.00022471343,0.00029263797,-0.7616501,5.1734733e-05
DOT,unable,0.0017229795,0.001931491,-0.24625301,5.1346582e-05
DOT,urgent,0.00026282744,0.00017421338,0.5771127,5.1140298e-05
other_cabinet,easy,0.00020742776,0.00028227898,-0.68320465,5.1138704e-05
DOT,directional,0.000116812196,0.0002954053,-0.28562832,5.1011248e-05
other_cabinet,especially,0.0023594992,0.0026950848,-0.15072584,5.0581417e-05
DOT,investigative,0.00037963962,9.089395e-05,0.17430305,5.0329254e-05
other_cabinet,geographical,0.00055313954,0.00079417514,-0.208282,5.0203373e-05
other_cabinet,physically,0.000288094,0.00047133045,-0.27322865,5.006545e-05
other_cabinet,marginal,0.00044078327,0.0005326196,-0.5426755,4.9837323e-05
DOT,annually,0.0021902279,0.0016739598,0.09568834,4.9400838e-05
DOT,random,8.760915e-05,0.0002878308,-0.242661,4.8585985e-05
other_cabinet,sometimes,0.0008181851,0.0008796339,-0.78962946,4.8521768e-05
other_cabinet,continuously,0.00043502141,0.00035997137,0.632082,4.7437785e-05
DOT,disproportionate,0.00026282744,0.00017421338,0.5312681,4.7077825e-05
other_cabinet,faster,0.0006424484,0.0003625611,0.1677432,4.6949186e-05
DOT,automotive,0.002511461,0.0017724276,0.06338978,4.6847166e-05
DOT,short-term,0.000584061,0.00019693685,0.11856556,4.5899596e-05
DOT,expensive,0.0006132641,0.00073472655,-0.37777758,4.588579e-05
other_cabinet,sequential,8.354724e-05,0.00026069777,-0.25894737,4.5872664e-05
DOT,unclear,0.00026282744,0.00091651466,-0.070049286,4.5790322e-05
other_cabinet,lesser,0.00054449675,0.0006241209,-0.56737614,4.517683e-05
other_cabinet,excessive,0.00084987533,0.00072425435,0.35713387,4.4863507e-05
other_cabinet,clearly,0.0023278077,0.0021710398,0.28528833,4.4724053e-05
DOT,genuine,8.760915e-05,4.544697e-05,1.0472956,4.4156266e-05
DOT,qualitative,0.0006132641,0.00034085233,0.15994549,4.357103e-05
other_cabinet,reliable,0.0017141544,0.0016703431,0.9912219,4.34267e-05
other_cabinet,electrical,0.0003370698,0.00077777397,-0.09846735,4.339497e-05
other_cabinet,initially,0.0013655619,0.0012240586,0.30608797,4.3312455e-05
other_cabinet,frequently,0.0016248456,0.0015374073,0.49316645,4.312162e-05
other_cabinet,unreasonable,0.00050704466,0.0008943086,-0.111296654,4.3101183e-05
DOT,presently,0.00026282744,0.00021966032,0.9981017,4.3085176e-05
DOT,apparent,0.00040884266,0.0004620444,-0.80343676,4.2744236e-05
DOT,additional,0.022544745,0.026299799,-0.011340141,4.2582837e-05
DOT,ultimately,0.0015769644,0.001507322,0.6112189,4.256678e-05
DOT,privately,0.00017521829,0.00012119194,0.78371954,4.2341508e-05
other_cabinet,virtually,0.0002362372,0.00032457817,-0.47910976,4.232502e-05
DOT,concurrent,0.0006132641,0.00025753278,0.11777544,4.1896412e-05
DOT,smaller,0.0027742882,0.00228749,0.08595562,4.1843035e-05
other_cabinet,most,0.015521754,0.01599869,-0.08745575,4.1710784e-05
DOT,indirectly,0.00020442133,0.00036357585,-0.26127052,4.1582385e-05
DOT,jointly,0.00067167025,0.00042417189,0.16778326,4.1526084e-05
other_cabinet,yet,0.0017083925,0.0015995591,0.37986517,4.1342028e-05
other_cabinet,almost,0.0007432809,0.0007829533,-1.0304155,4.087902e-05
other_cabinet,beyond,0.0048487233,0.004723061,0.32397795,4.0711853e-05
DOT,corporate,0.0013433403,0.0009392382,0.100016594,4.0416915e-05
other_cabinet,uncertain,0.00048399722,0.00039104832,0.4340253,4.0342173e-05
DOT,eastern,0.00032123353,0.00071200304,-0.10176754,3.9767652e-05
other_cabinet,adaptable,7.202349e-05,5.0931034e-05,1.8823133,3.970261e-05
DOT,incorrect,0.0010221071,0.0011588974,-0.28960562,3.961525e-05
DOT,bilateral,5.8406098e-05,0.0002272348,-0.2345438,3.9597726e-05
other_cabinet,remedial,0.00041773584,0.00030472345,0.34927702,3.947263e-05
other_cabinet,always,0.0013828474,0.0014441796,-0.63910866,3.9197897e-05
DOT,unfairly,0.00023362438,7.574495e-05,0.24702835,3.9000697e-05
other_cabinet,modest,0.0002794512,0.00026069777,2.0667663,3.875896e-05
DOT,one-time,0.000963701,0.0004317464,0.07269335,3.8669557e-05
other_cabinet,solely,0.0024949084,0.0024222706,0.5315738,3.8612354e-05
DOT,impracticable,0.0009929041,0.0011134507,-0.31711912,3.8227652e-05
other_cabinet,unrelated,0.0011033972,0.00085632695,0.15399265,3.804701e-05
DOT,permanently,0.00032123353,0.00086349313,-0.070026875,3.7972746e-05
other_cabinet,random,0.0003082605,0.00046442446,-0.242661,3.7894904e-05
DOT,rigorously,5.8406098e-05,3.7872476e-05,1.8437171,3.785819e-05
other_cabinet,geometric,0.0006280437,0.00074151874,-0.332798,3.776426e-05
other_cabinet,autologous,7.7785364e-05,0.00023739017,-0.23452473,3.743127e-05
DOT,cohesive,5.8406098e-05,1.514899e-05,0.85614204,3.7034228e-05
other_cabinet,healthy,0.0005992344,0.0017696134,-0.031275272,3.6603917e-05
other_cabinet,qualitative,0.0010976354,0.00086927525,0.15994549,3.6525173e-05
DOT,primarily,0.0020734158,0.0019769378,0.37469482,3.614982e-05
DOT,apart,0.00020442133,0.00025753278,-0.67982864,3.6106685e-05
DOT,exactly,0.00032123353,0.0004696189,-0.24262047,3.6001333e-05
DOT,uncontrolled,8.760915e-05,0.00024995828,-0.22175026,3.600096e-05
DOT,completely,0.00067167025,0.00071957754,-0.7475548,3.5813326e-05
DOT,systematic,0.00023362438,0.00017421338,0.602149,3.5774276e-05
DOT,vague,5.8406098e-05,0.00036357585,-0.11687374,3.566633e-05
other_cabinet,administratively,0.00029385585,0.00038673208,-0.38040066,3.533018e-05
other_cabinet,tribal,0.0030624745,0.0045702504,-0.023369312,3.5235684e-05
DOT,contractual,8.760915e-05,0.00031812882,-0.15246105,3.5145273e-05
DOT,scientifically,5.8406098e-05,1.514899e-05,0.80841684,3.4969773e-05
other_cabinet,stringent,0.0007576856,0.0007182118,0.88523483,3.4943547e-05
other_cabinet,incremental,0.0014202995,0.0017419903,-0.10829544,3.483765e-05
DOT,harmful,0.0004964518,0.00031812882,0.19091845,3.4045148e-05
other_cabinet,continental,0.00026216562,0.00034961238,-0.3873911,3.38761e-05
other_cabinet,usual,0.00063092465,0.00053002994,0.33532047,3.3832064e-05
other_cabinet,persistent,0.00045518792,0.00036860385,0.38903475,3.3684213e-05
DOT,credible,0.00035043657,0.00013634092,0.15718937,3.365356e-05
DOT,ordinarily,2.9203049e-05,6.0595958e-05,-1.0716753,3.3643006e-05
DOT,on,0.15113488,0.15253083,-0.024039268,3.3557753e-05
other_cabinet,discriminatory,0.0008297088,0.0010617733,-0.14254951,3.3080676e-05
other_cabinet,genuine,0.0001325232,0.000100998994,1.0472956,3.3015163e-05
other_cabinet,transparent,0.00084411347,0.0008183453,1.2805696,3.299795e-05
other_cabinet,federally,0.0014202995,0.0013380036,0.39919567,3.2852196e-05
DOT,cervical,0.0,0.00014391541,-0.22766781,3.2764907e-05
DOT,truly,0.00017521829,9.089395e-05,0.3846426,3.2434735e-05
DOT,increasingly,0.0006424672,0.0005377894,0.30965328,3.241381e-05
DOT,in-person,0.0007008733,0.0005074914,0.16653728,3.22053e-05
other_cabinet,lowest,0.00067701953,0.00090035115,-0.14261103,3.184955e-05
other_cabinet,outstanding,0.00089885114,0.0007449716,0.2051301,3.156532e-05
other_cabinet,alike,0.00013828509,0.00012516972,2.4009795,3.1489722e-05
DOT,commonly,0.0008468887,0.0010377063,-0.16489744,3.146533e-05
DOT,willful,0.000116812196,0.00018178787,-0.47902107,3.1124713e-05
other_cabinet,percutaneous,0.00026216562,0.00039018507,-0.24266195,3.106545e-05
other_cabinet,respective,0.0016190837,0.0015460395,0.4245739,3.1012667e-05
other_cabinet,incorrect,0.00051568745,0.000620668,-0.28960562,3.0402955e-05
DOT,away,0.0010513101,0.0011740463,-0.24735355,3.0359237e-05
other_cabinet,functional,0.0016651786,0.0014277784,0.12785292,3.0352305e-05
other_cabinet,cervical,0.00010947567,0.00024256957,-0.22766781,3.0301197e-05
other_cabinet,intermittent,0.0001843802,0.0002736465,-0.33785963,3.0159477e-05
DOT,renal,2.9203049e-05,7.574495e-06,1.39397,3.0149555e-05
other_cabinet,apart,0.0002362372,0.0002805525,-0.67982864,3.0126797e-05
other_cabinet,predominant,0.000106594736,0.000278826,-0.17477989,3.0102561e-05
other_cabinet,presently,0.00024488004,0.00021494608,0.9981017,2.9877136e-05
DOT,conducive,0.000116812196,9.8468445e-05,1.6254869,2.9817527e-05
DOT,affordable,0.00037963962,0.00033327783,0.64209557,2.97687e-05
other_cabinet,micro,5.1856918e-05,0.00019940786,-0.20136261,2.9711244e-05
DOT,legally,0.0014601523,0.00040902288,0.028168678,2.9608927e-05
other_cabinet,statewide,0.00036876003,0.0005360725,-0.17482567,2.925051e-05
other_cabinet,unoccupied,0.00019590398,0.00038241583,-0.15628004,2.9148081e-05
other_cabinet,strictly,0.0002506419,0.00022703136,1.2078948,2.8519049e-05
DOT,uniformly,0.00020442133,0.00018178787,1.2595854,2.8508784e-05
other_cabinet,reportable,0.00039756933,0.00056628516,-0.16885328,2.8488223e-05
other_cabinet,prescriptive,0.0005560205,0.00037205685,0.15238857,2.8033954e-05
DOT,functional,0.0012265282,0.0010074085,0.12785292,2.8015094e-05
DOT,naturally,0.00032123353,0.00019693685,0.22532654,2.8007342e-05
DOT,deceptive,0.0009344979,0.0012649397,-0.08407974,2.7783457e-05
other_cabinet,informational,0.0003169033,0.00048773218,-0.16178036,2.763676e-05
other_cabinet,systematically,0.00016133265,0.00014416088,1.6093631,2.7635611e-05
DOT,competitive,0.00046724876,0.00037872486,0.31004906,2.7446751e-05
other_cabinet,primarily,0.0029501137,0.0028772487,0.37469482,2.7302156e-05
other_cabinet,properly,0.0016421311,0.001716957,-0.35435867,2.6515183e-05
other_cabinet,unforeseen,0.00027368934,0.000233074,0.6491065,2.6363683e-05
other_cabinet,vast,0.00048399722,0.00057491736,-0.2870288,2.6096695e-05
other_cabinet,all,0.051248178,0.050729174,0.04999447,2.5947314e-05
other_cabinet,nevertheless,0.0007404,0.0006957681,0.5748153,2.565509e-05
other_cabinet,broadly,0.0011322065,0.0012421862,-0.23114443,2.5421183e-05
DOT,asap,0.0,9.089395e-05,-0.27834606,2.5299973e-05
other_cabinet,previously,0.011264255,0.010336472,0.027154446,2.5193447e-05
DOT,durable,0.00017521829,6.8170455e-05,0.23406649,2.505631e-05
other_cabinet,closely,0.001440466,0.0013915232,0.5117011,2.5044117e-05
DOT,unwarranted,5.8406098e-05,0.00013634092,-0.32076263,2.499858e-05
other_cabinet,upfront,0.00014692792,0.00027968924,-0.18745995,2.488743e-05
other_cabinet,stochastic,0.00014692792,0.000265014,-0.21075249,2.4886936e-05
other_cabinet,formally,0.00030537957,0.00028314223,1.1163669,2.4825024e-05
DOT,together,0.0018397915,0.0017497042,0.27405834,2.4689176e-05
other_cabinet,outer,0.00016133265,0.00026587726,-0.23353529,2.4414856e-05
DOT,unoccupied,0.000116812196,0.0002726818,-0.15628004,2.4359306e-05
other_cabinet,lawfully,0.0007115907,0.00059218175,0.20307255,2.4248679e-05
DOT,yet,0.0019566037,0.0018936187,0.37986517,2.3925806e-05
DOT,cardiovascular,0.00014601524,2.2723485e-05,0.19402695,2.3921923e-05
other_cabinet,extraordinary,0.000904613,0.00069835776,0.11529541,2.3780281e-05
other_cabinet,inappropriately,0.00029097492,0.0003375269,-0.51036644,2.375857e-05
DOT,entirely,0.0012557312,0.0008483441,0.05824709,2.3729113e-05
other_cabinet,concise,0.00016997548,0.00014934028,1.1465397,2.3659073e-05
other_cabinet,redundant,0.00049552094,0.00045924497,0.65143585,2.363147e-05
DOT,knowingly,0.000116812196,0.00021966032,-0.22767544,2.341599e-05
DOT,easily,0.0008176856,0.0011740463,-0.06557894,2.3369756e-05
other_cabinet,markedly,6.049974e-05,4.7478083e-05,1.7763515,2.313104e-05
DOT,skilled,5.8406098e-05,3.029798e-05,0.81902456,2.3021239e-05
other_cabinet,seriously,0.00016421359,0.00022012548,-0.41080093,2.2968658e-05
other_cabinet,extensive,0.0014375851,0.0014053347,0.70616055,2.2773975e-05
other_cabinet,immediately,0.0018754865,0.002051036,-0.12820959,2.2507149e-05
DOT,individually,0.00046724876,0.0002348093,0.09575319,2.225682e-05
DOT,previously,0.007797207,0.006983647,0.027154446,2.2091774e-05
DOT,life-threatening,0.00026282744,6.0595958e-05,0.10884857,2.201261e-05
other_cabinet,increasingly,0.00059059163,0.0005196713,0.30965328,2.1960714e-05
DOT,advisable,0.0,4.544697e-05,-0.47903347,2.177062e-05
other_cabinet,upcoming,0.0006049963,0.0004333475,0.1235919,2.1214399e-05
other_cabinet,unsuitable,0.00015268981,0.0001268962,0.82056093,2.1165237e-05
other_cabinet,foreseeable,0.0015557032,0.0016271821,-0.29286385,2.0933583e-05
other_cabinet,deceptive,8.930911e-05,0.0003375269,-0.08407974,2.0870088e-05
other_cabinet,meaningfully,0.0010457786,0.0006879991,0.058215618,2.0828355e-05
other_cabinet,currently,0.013522631,0.013602472,-0.26056004,2.0803465e-05
DOT,expansive,0.000116812196,8.331945e-05,0.61983013,2.0759813e-05
other_cabinet,eastern,0.0010976354,0.0013000219,-0.10176754,2.0596379e-05
other_cabinet,extremely,0.0004234977,0.0004790997,-0.36795473,2.0459018e-05
DOT,reasonable,0.0051105297,0.005271822,-0.12626934,2.0366297e-05
DOT,statewide,5.8406098e-05,0.00017421338,-0.17482567,2.0246085e-05
other_cabinet,traditionally,0.00021895154,0.00028486873,-0.30552483,2.013934e-05
DOT,illegal,0.00046724876,0.00020451134,0.076628685,2.0133222e-05
DOT,unavailable,0.0004380457,0.00040144837,0.5462179,1.9990122e-05
DOT,ineligible,0.0006132641,0.0004696189,0.1391573,1.9989275e-05
other_cabinet,corporate,0.0009420651,0.0007432452,0.100016594,1.988529e-05
DOT,prevalent,0.000116812196,0.00018936236,-0.27071476,1.96404e-05
DOT,supportive,0.00035043657,0.00055293844,-0.095445156,1.9327821e-05
DOT,once,0.0021610248,0.002507149,-0.05529213,1.9137942e-05
other_cabinet,fundamentally,0.0002708084,0.00024861228,0.8563328,1.9007268e-05
other_cabinet,temporarily,0.001319467,0.00083474646,0.038836956,1.8825069e-05
other_cabinet,vague,0.00019302304,0.00035306538,-0.11687374,1.8704748e-05
DOT,most,0.012528171,0.012740226,-0.08745575,1.8545485e-05
DOT,unpredictable,0.00023362438,0.00016663889,0.27252197,1.825502e-05
other_cabinet,sufficiently,0.0016709404,0.0016358143,0.5078006,1.783706e-05
other_cabinet,potentially,0.005021586,0.004977745,0.40379047,1.770261e-05
other_cabinet,neurological,6.049974e-05,0.00012516972,-0.27311897,1.76626e-05
other_cabinet,prevalent,0.0001584517,0.00022357842,-0.27071476,1.7630764e-05
other_cabinet,elsewhere,0.0012215154,0.0012629034,-0.425107,1.7594368e-05
other_cabinet,improperly,0.000452307,0.00038414233,0.2562623,1.7468034e-05
DOT,unnecessarily,0.0006424672,0.00060595997,0.4768324,1.7407818e-05
DOT,inappropriately,8.760915e-05,0.00012119194,-0.51036644,1.7139528e-05
DOT,retroactive,0.0004380457,0.00012876643,0.055152893,1.7057648e-05
DOT,mutual,0.0,9.089395e-05,-0.18751097,1.7043612e-05
DOT,lowest,0.00055485795,0.0006741305,-0.14261103,1.7009583e-05
DOT,chronic,0.000116812196,1.514899e-05,0.16592312,1.6868276e-05
other_cabinet,precise,0.00049552094,0.00048255268,1.2984705,1.6838902e-05
DOT,largely,0.0011973252,0.0013861308,-0.08876705,1.6759719e-05
DOT,greatest,0.00040884266,0.0004620444,-0.31209326,1.6603906e-05
DOT,any,0.053908285,0.05451236,-0.027397156,1.6549922e-05
DOT,spatial,0.0,8.331945e-05,-0.19592094,1.6324026e-05
DOT,dense,0.0,6.8170455e-05,-0.2370882,1.616241e-05
other_cabinet,soft,0.00011235661,0.00020113433,-0.18135548,1.6100326e-05
DOT,unrelated,0.00046724876,0.00036357585,0.15399265,1.5964866e-05
other_cabinet,involuntary,0.00012964226,0.00018645935,-0.278306,1.5812539e-05
DOT,upcoming,0.00026282744,0.00013634092,0.1235919,1.5632708e-05
other_cabinet,successfully,0.0011466112,0.0009512811,0.07949495,1.5527754e-05
DOT,rapidly,0.00029203048,0.0004923424,-0.07745075,1.5514308e-05
other_cabinet,industrial,0.00050416373,0.0011757183,-0.022963524,1.542126e-05
DOT,notwithstanding,0.00035043657,0.0004393209,-0.17313623,1.5389096e-05
other_cabinet,each,0.03023472,0.030951925,-0.021382093,1.5335325e-05
other_cabinet,traumatic,2.5928453e-05,0.00012171679,-0.15764618,1.5100664e-05
other_cabinet,inadvertent,0.00023047531,0.00030990294,-0.1887064,1.4988502e-05
DOT,mental,0.00029203048,0.0002348093,0.25837994,1.4784807e-05
other_cabinet,unclear,0.0008181851,0.0010263813,-0.070049286,1.4583993e-05
DOT,virtual,0.00078848255,0.00070442853,0.17231941,1.4484139e-05
other_cabinet,proactive,0.0002592847,0.00024602254,1.0853109,1.4393557e-05
DOT,forensic,5.8406098e-05,0.0001590644,-0.14250374,1.4344184e-05
other_cabinet,regularly,0.00095935067,0.0009935789,-0.40902662,1.40002685e-05
other_cabinet,fraudulent,0.0006280437,0.0004083133,0.06339121,1.3928978e-05
other_cabinet,objectively,6.914255e-05,0.00014416088,-0.18416786,1.3815965e-05
DOT,soft,0.0,7.574495e-05,-0.18135548,1.37367615e-05
other_cabinet,impartial,8.354724e-05,0.000233074,-0.09185791,1.3735214e-05
DOT,migratory,5.8406098e-05,7.574495e-06,0.26909256,1.36784065e-05
other_cabinet,taxonomic,5.473786e-05,0.00015020352,-0.14250755,1.3604577e-05
DOT,many,0.010863572,0.0108920615,-0.47439623,1.3515149e-05
other_cabinet,unused,0.00033418887,0.000265014,0.19405794,1.3423931e-05
other_cabinet,serious,0.002281711,0.0025198276,-0.05622816,1.3388858e-05
other_cabinet,one-time,0.0012618484,0.0010781744,0.07269335,1.3351872e-05
DOT,cultural,0.00014601524,0.00012876643,0.76216555,1.3146447e-05
other_cabinet,metastatic,4.6095036e-05,9.927251e-05,-0.24257755,1.2899662e-05
other_cabinet,false,0.0008671609,0.00096595584,-0.1290574,1.2750218e-05
DOT,readily,0.000963701,0.0011664719,-0.062870026,1.274821e-05
DOT,continually,0.00032123353,0.00020451134,0.1088562,1.2705935e-05
DOT,unforeseen,0.00029203048,0.0002726818,0.6491065,1.25593615e-05
other_cabinet,lumbar,0.0001037138,0.00014243441,-0.32076073,1.2420051e-05
other_cabinet,reliably,0.0003082605,0.00029263797,0.79113674,1.2359556e-05
other_cabinet,however,0.02344876,0.023864683,-0.02954173,1.2287088e-05
other_cabinet,differently,0.00050416373,0.0005464311,-0.28955603,1.2238774e-05
other_cabinet,spiny,8.642819e-06,0.00019509169,-0.06402111,1.1936664e-05
DOT,imminent,0.00020442133,0.0007877481,-0.020388603,1.1893218e-05
other_cabinet,legally,0.0011408493,0.0007208015,0.028168678,1.1832192e-05
DOT,freestanding,0.0,3.7872476e-05,-0.31203318,1.1817469e-05
other_cabinet,either,0.008032244,0.007945894,0.13584232,1.1729908e-05
other_cabinet,alternatively,0.00076632836,0.00067936693,0.13472795,1.1716135e-05
DOT,unintentionally,0.00020442133,0.00013634092,0.17040634,1.1601333e-05
other_cabinet,emergent,0.00014692792,0.00018473288,-0.30551243,1.1549885e-05
DOT,interoperable,0.000116812196,9.089395e-05,0.44548464,1.1546182e-05
DOT,supervisory,0.000116812196,5.3021464e-05,0.18041515,1.1508815e-05
other_cabinet,personally,0.00047823536,0.00034874913,0.08845091,1.1453175e-05
DOT,optional,0.000584061,0.0010074085,-0.026995659,1.1428544e-05
DOT,early,0.0012557312,0.0017421298,-0.023454666,1.1408316e-05
DOT,golden,5.8406098e-05,0.0,0.19410658,1.1337008e-05
other_cabinet,exceptional,0.0002708084,0.00022530489,0.24710178,1.1244e-05
other_cabinet,introductory,0.00048687815,0.000542115,-0.20140457,1.1124956e-05
other_cabinet,endoscopic,8.354724e-05,0.00012516972,-0.26390457,1.0984364e-05
other_cabinet,expensive,0.00051568745,0.0005447047,-0.37777758,1.0962054e-05
other_cabinet,prudential,0.00016709453,2.50339e-05,0.07657623,1.0878468e-05
other_cabinet,urban,0.0020166547,0.0017402639,0.039198875,1.0834209e-05
DOT,self-employed,0.0,7.574495e-05,-0.14250278,1.0793867e-05
DOT,illustrative,0.00014601524,9.089395e-05,0.18660545,1.0285934e-05
other_cabinet,wide,0.0010112075,0.0014329577,-0.024349213,1.0269287e-05
other_cabinet,autonomous,2.3047514e-05,7.8554716e-05,-0.18416882,1.0222696e-05
other_cabinet,invasive,0.0009161367,0.0006474278,0.0380373,1.02209615e-05
other_cabinet,next,0.0024949084,0.0025163742,-0.47422647,1.017966e-05
other_cabinet,relatively,0.0023681424,0.0023868738,-0.53429604,1.0008143e-05
other_cabinet,nationally,0.0006943051,0.0006025404,0.10889292,9.992529e-06
other_cabinet,greater,0.0074618324,0.007945031,-0.020654678,9.980311e-06
DOT,periodically,0.00040884266,0.0004468954,-0.25983334,9.887369e-06
other_cabinet,easily,0.0008930893,0.0010427824,-0.06557894,9.816718e-06
DOT,geographically,0.0,3.029798e-05,-0.32339096,9.798093e-06
other_cabinet,linear,0.00035435538,0.00042644152,-0.1333909,9.6156355e-06
other_cabinet,hierarchical,0.0001037138,9.668279e-05,1.3670807,9.611961e-06
other_cabinet,cellular,0.00012388037,0.00014502411,-0.45267296,9.571201e-06
other_cabinet,identical,0.00091901765,0.0009012144,0.52740145,9.389475e-06
other_cabinet,judicial,0.0008181851,0.0008002177,0.52129316,9.366296e-06
other_cabinet,confidential,0.0016507739,0.0017299053,-0.11828041,9.359687e-06
other_cabinet,mutual,0.0005473777,0.00059649785,-0.18751097,9.210569e-06
other_cabinet,never,0.00089885114,0.0009417857,-0.21414852,9.194371e-06
DOT,late,0.0013725433,0.0014618753,-0.10257912,9.1635975e-06
other_cabinet,pertinent,0.00044078327,0.00043421076,1.3933258,9.157659e-06
DOT,liable,8.760915e-05,0.00014391541,-0.1617775,9.109086e-06
other_cabinet,younger,0.00015268981,0.00020631374,-0.16883564,9.05363e-06
other_cabinet,abusive,0.00015557076,0.00024256957,-0.10249424,8.916877e-06
other_cabinet,erroneous,0.00023047531,0.00027796274,-0.18748188,8.903032e-06
DOT,inaccurate,0.00037963962,0.00034842684,0.285192,8.901636e-06
other_cabinet,negatively,0.0011379684,0.0012197425,-0.1085453,8.876193e-06
other_cabinet,unreliable,0.000106594736,0.0001346653,-0.3119421,8.756391e-06
other_cabinet,inadequate,0.00073463813,0.0007035371,0.280622,8.727639e-06
other_cabinet,inconsistent,0.002281711,0.0018498928,0.020210743,8.727367e-06
other_cabinet,earlier,0.0033246498,0.002865162,0.018941402,8.703343e-06
other_cabinet,realistic,0.00024199909,0.00022271519,0.44545698,8.590151e-06
DOT,resilient,0.000116812196,8.331945e-05,0.25627995,8.583519e-06
other_cabinet,moderately,9.7951925e-05,0.00015797262,-0.14250278,8.5531165e-06
DOT,unregulated,5.8406098e-05,3.7872476e-05,0.41313934,8.483247e-06
DOT,moist,0.0,3.7872476e-05,-0.22363186,8.469492e-06
other_cabinet,commercially,0.0005848298,0.0006517439,-0.12539911,8.390973e-06
DOT,verifiable,0.00017521829,9.8468445e-05,0.108849525,8.354184e-06
other_cabinet,severely,0.00018149926,0.00023221076,-0.1647358,8.354e-06
other_cabinet,twice,0.000328427,0.0003729201,-0.1875081,8.342816e-06
DOT,historically,0.0016353704,0.0010301318,0.01376915,8.333621e-06
DOT,cognitive,0.000116812196,0.00021208583,-0.08695936,8.284934e-06
DOT,recoverable,0.0,3.029798e-05,-0.27311993,8.274982e-06
DOT,solely,0.0016061674,0.0015906409,0.5315738,8.253503e-06
DOT,financially,0.0,6.8170455e-05,-0.12077713,8.233432e-06
other_cabinet,gastrointestinal,5.76188e-05,0.00014675058,-0.09185314,8.187034e-06
other_cabinet,unaffected,0.00017285642,0.0001398447,0.24707747,8.156451e-06
other_cabinet,accountable,0.0009420651,0.0008675488,0.10889053,8.114118e-06
DOT,hydrostatic,0.00026282744,0.00031055431,-0.1688118,8.05686e-06
other_cabinet,secretarial,9.507099e-05,0.00010876817,-0.5721483,7.836818e-06
other_cabinet,manageable,8.06663e-05,7.1648785e-05,0.85613537,7.720215e-06
other_cabinet,rapidly,0.00033418887,0.00043248426,-0.07745075,7.6130523e-06
other_cabinet,maternal,0.00040045026,0.0004937747,-0.08093071,7.5528146e-06
other_cabinet,accordingly,0.00574761,0.0057271207,0.3684206,7.5486055e-06
DOT,viable,0.00046724876,0.0004468954,0.36634684,7.4563877e-06
DOT,pelvic,2.9203049e-05,6.0595958e-05,-0.23451614,7.362144e-06
DOT,wide,0.000963701,0.0012649397,-0.024349213,7.3349247e-06
other_cabinet,newly,0.00185532,0.0018274491,0.25942087,7.230287e-06
other_cabinet,materially,0.0009132558,0.00054384145,0.019499779,7.2034977e-06
DOT,equally,0.00055485795,0.0005302149,0.2880721,7.098969e-06
DOT,statistically,0.00023362438,0.00017421338,0.11945248,7.0967913e-06
other_cabinet,coastal,0.0011984679,0.0014277784,-0.030380249,6.9665093e-06
DOT,abroad,0.00014601524,0.00040144837,-0.026976585,6.890714e-06
other_cabinet,advisable,0.00024199909,0.00025638152,-0.47903347,6.8896647e-06
other_cabinet,rural,0.004704671,0.0046419073,0.10932398,6.8615764e-06
DOT,labor-intensive,2.9203049e-05,0.0,0.23401165,6.8338536e-06
other_cabinet,smaller,0.00222409,0.0021451397,0.08595562,6.786223e-06
other_cabinet,liable,0.0003370698,0.00037896284,-0.1617775,6.7773517e-06
other_cabinet,durable,0.0002506419,0.00022185195,0.23406649,6.7387614e-06
other_cabinet,incandescent,0.0,4.6614845e-05,-0.14251709,6.6434122e-06
DOT,intact,0.00014601524,0.00011361744,0.19985008,6.4747032e-06
other_cabinet,interpretive,0.00045518792,0.00038500558,0.089374065,6.2724816e-06
DOT,equitably,0.0,7.574495e-05,-0.08093262,6.130237e-06
other_cabinet,geographically,0.0002592847,0.00027796274,-0.32339096,6.0403136e-06
DOT,inherent,0.0008176856,0.0008104716,0.8354783,6.027161e-06
DOT,inappropriate,0.0006132641,0.00058323645,0.20005798,6.00727e-06
other_cabinet,self-sustaining,9.219005e-05,7.078554e-05,0.27252293,5.833219e-06
other_cabinet,negligent,1.4404697e-05,3.5392753e-05,-0.2731371,5.7326165e-06
other_cabinet,conducive,6.049974e-05,5.69737e-05,1.6254869,5.7315347e-06
DOT,reportable,0.00029203048,0.00032570332,-0.16885328,5.68577e-06
DOT,widely,0.0004380457,0.000681705,-0.022958755,5.5941146e-06
DOT,faster,0.0005256549,0.0004923424,0.1677432,5.587942e-06
DOT,lumbar,5.8406098e-05,7.574495e-05,-0.32076073,5.5616233e-06
DOT,outstanding,8.760915e-05,6.0595958e-05,0.2051301,5.541219e-06
other_cabinet,avian,9.219005e-05,5.9563412e-05,0.1676836,5.470952e-06
other_cabinet,cognitive,0.0002592847,0.00032112518,-0.08695936,5.3776093e-06
other_cabinet,adversely,0.0012042298,0.0013708059,-0.03224039,5.3704794e-06
other_cabinet,likewise,0.0010198503,0.0009883996,0.17054701,5.3638137e-06
other_cabinet,nearly,0.0012186344,0.0012559977,-0.1426487,5.329821e-06
other_cabinet,equitably,8.354724e-05,0.00014934028,-0.08093262,5.324803e-06
other_cabinet,away,0.0009996837,0.001021202,-0.24735355,5.3226054e-06
other_cabinet,extensively,0.000106594736,0.00017178437,-0.08094025,5.276465e-06
DOT,jurisdictional,2.9203049e-05,0.00014391541,-0.04566002,5.237769e-06
DOT,differently,0.00067167025,0.0006892795,-0.28955603,5.098871e-06
other_cabinet,entirely,0.00096799346,0.0008804971,0.05824709,5.096408e-06
other_cabinet,optional,0.0011264447,0.0013146966,-0.026995659,5.081986e-06
DOT,uncertain,0.0004964518,0.00048476792,0.4340253,5.0710987e-06
other_cabinet,new,0.03930915,0.038881797,0.011613131,4.9629193e-06
DOT,adversely,0.0008468887,0.000999834,-0.03224039,4.9310174e-06
DOT,cellular,8.760915e-05,9.8468445e-05,-0.45267296,4.915709e-06
other_cabinet,once,0.0034514158,0.0035402908,-0.05529213,4.9140854e-06
DOT,avian,2.9203049e-05,0.0,0.1676836,4.8968723e-06
DOT,uninterrupted,8.760915e-05,5.3021464e-05,0.1400919,4.8454544e-06
other_cabinet,riparian,0.00033995073,0.00037896284,-0.123756886,4.8280176e-06
DOT,postal,2.9203049e-05,5.3021464e-05,-0.20138884,4.796763e-06
other_cabinet,navigable,7.490443e-05,0.00025120203,-0.02698946,4.758177e-06
DOT,emergent,0.0,1.514899e-05,-0.30551243,4.628205e-06
DOT,speculative,0.00037963962,9.8468445e-05,0.01574707,4.427622e-06
other_cabinet,societal,0.00012964226,0.00012516972,0.9877429,4.417711e-06
DOT,positively,0.00014601524,0.00010604294,0.10884857,4.3509276e-06
DOT,abundant,0.0,3.029798e-05,-0.14251518,4.317922e-06
DOT,mutually,0.00014601524,0.00013634092,0.44543362,4.309266e-06
DOT,carefully,0.0007300764,0.00072715204,1.4724174,4.305868e-06
other_cabinet,cardiac,0.00047823536,0.00062325766,-0.028897285,4.1907506e-06
DOT,neurological,0.0,1.514899e-05,-0.27311897,4.1374765e-06
other_cabinet,ambiguous,0.00021895154,0.00020717697,0.34923935,4.1121416e-06
DOT,theoretical,0.00014601524,7.574495e-05,0.05819702,4.0895216e-06
DOT,otc,0.0,1.514899e-05,-0.25896072,3.9229935e-06
other_cabinet,directional,0.0001037138,0.00011740058,-0.28562832,3.9093325e-06
DOT,self-sustaining,2.9203049e-05,1.514899e-05,0.27252293,3.830053e-06
other_cabinet,nervous,8.06663e-05,0.00011740058,-0.10249138,3.764947e-06
DOT,artificial,0.00017521829,0.00011361744,0.06094742,3.7544125e-06
DOT,ambiguous,0.00032123353,0.00031055431,0.34923935,3.7296018e-06
other_cabinet,inaccurate,0.000700067,0.0006871359,0.285192,3.6878364e-06
other_cabinet,departmental,0.0003745219,0.00022530489,0.024576187,3.667185e-06
DOT,solar,5.8406098e-05,8.331945e-05,-0.14255476,3.5515168e-06
DOT,transitional,0.0004380457,0.00031055431,0.02755785,3.5133887e-06
DOT,unadjusted,0.0,3.029798e-05,-0.111279964,3.3715583e-06
DOT,irrelevant,8.760915e-05,0.0001514899,-0.051519394,3.2910978e-06
DOT,outdoor,0.000116812196,0.00013634092,-0.16596794,3.2411428e-06
other_cabinet,uncontrolled,5.1856918e-05,6.6469336e-05,-0.22175026,3.2403075e-06
DOT,northeastern,0.0,2.2723485e-05,-0.14252377,3.2386367e-06
other_cabinet,unintentionally,0.00017861831,0.00015969909,0.17040634,3.2239552e-06
DOT,departmental,0.00037963962,0.00024995828,0.024576187,3.187073e-06
other_cabinet,disruptive,0.0001584517,0.0002054505,-0.0674572,3.1704074e-06
DOT,unlikely,0.0018981976,0.0013331097,0.0054893494,3.101965e-06
other_cabinet,hydrostatic,8.642819e-06,2.6760375e-05,-0.1688118,3.0584572e-06
other_cabinet,nonetheless,0.0006136391,0.0006042668,0.321815,3.0161302e-06
DOT,reckless,0.00023362438,4.544697e-05,0.015742302,2.9623457e-06
other_cabinet,insignificant,0.00017861831,0.00016056233,0.15707588,2.83616e-06
DOT,authoritative,5.8406098e-05,5.3021464e-05,0.52662945,2.835707e-06
DOT,commensurate,0.00035043657,0.0004923424,-0.018618584,2.6420855e-06
other_cabinet,hydroelectric,2.8809392e-05,3.625599e-05,-0.35381508,2.6347188e-06
other_cabinet,aforementioned,0.0004436642,0.00050327013,-0.04365635,2.6021771e-06
DOT,deliberately,0.00017521829,0.0001514899,0.108841896,2.582642e-06
other_cabinet,logistical,0.00014692792,0.00014157117,0.47663212,2.5531988e-06
other_cabinet,intentionally,0.00038892654,0.00035651837,0.0765934,2.4822514e-06
other_cabinet,informal,0.00070870976,0.00076309923,-0.04486704,2.4402946e-06
other_cabinet,pediatric,0.0007720902,0.00052139774,0.008751869,2.1940277e-06
DOT,extensively,0.000116812196,0.00014391541,-0.08094025,2.1937412e-06
other_cabinet,rarely,0.0003082605,0.00031594568,-0.28399467,2.182552e-06
DOT,disciplinary,0.00017521829,9.089395e-05,0.025704384,2.1675053e-06
other_cabinet,successful,0.0012186344,0.0012119735,0.32437086,2.1606133e-06
other_cabinet,vascular,0.00019302304,0.00021408284,-0.10251284,2.1589008e-06
other_cabinet,deliberately,9.219005e-05,7.2512026e-05,0.108841896,2.1417934e-06
other_cabinet,contiguous,0.00030249864,0.0003288944,-0.080951214,2.1367703e-06
other_cabinet,illicit,0.0011696586,0.0011480952,0.09710741,2.0939638e-06
other_cabinet,soon,0.0009161367,0.00092279486,-0.31431198,2.0927337e-06
DOT,aforementioned,0.00026282744,0.00031055431,-0.04365635,2.0835812e-06
other_cabinet,favorable,0.0005128065,0.0005671484,-0.038239002,2.0779785e-06
other_cabinet,unpublished,0.00019302304,0.0002002711,-0.28167152,2.0415725e-06
other_cabinet,knowingly,0.00030537957,0.00031421919,-0.22767544,2.0125642e-06
other_cabinet,irrelevant,0.00013540415,0.00017437407,-0.051519394,2.007707e-06
DOT,earliest,0.00035043657,0.0002272348,0.015745163,1.939832e-06
other_cabinet,safety-related,3.7452213e-05,1.4675045e-05,0.08383942,1.9096244e-06
DOT,unaffected,0.00020442133,0.00019693685,0.24707747,1.849248e-06
other_cabinet,enforceable,0.00036299817,0.00027278325,0.020382881,1.8388399e-06
DOT,governmental,0.0014017463,0.0008104716,0.0030751228,1.8182424e-06
other_cabinet,historically,0.0016622976,0.0015313647,0.01376915,1.8028346e-06
other_cabinet,salable,0.00030249864,0.00019250199,0.01574421,1.7318102e-06
DOT,metabolic,0.0,1.514899e-05,-0.11123943,1.6851651e-06
DOT,broadband,5.8406098e-05,7.574495e-06,0.03188038,1.6205308e-06
other_cabinet,vertebral,5.1856918e-05,1.726476e-05,0.046318054,1.6022415e-06
other_cabinet,commensurate,0.0003658791,0.00045147573,-0.018618584,1.5936881e-06
other_cabinet,recurrent,8.06663e-05,0.00011135789,-0.051527977,1.5814755e-06
DOT,tribal,0.00037963962,0.0004468954,-0.023369312,1.5717213e-06
other_cabinet,molecular,7.490443e-05,7.941796e-05,-0.34322262,1.549146e-06
other_cabinet,constructive,7.202349e-05,9.840927e-05,-0.058228493,1.5364042e-06
other_cabinet,continually,0.00021607059,0.00020199757,0.1088562,1.5319362e-06
DOT,consistent,0.015010467,0.015042858,-0.046833992,1.5170185e-06
other_cabinet,presidential,0.000452307,0.00053952535,-0.017325878,1.5111347e-06
DOT,divergent,8.760915e-05,5.3021464e-05,0.043237686,1.4954916e-06
DOT,dramatically,0.00032123353,0.0001514899,0.008749008,1.4850883e-06
DOT,globally,0.00035043657,0.00018178787,0.008749008,1.475509e-06
other_cabinet,theoretical,0.00016997548,0.00014502411,0.05819702,1.4520954e-06
other_cabinet,statistically,0.0005185684,0.000506723,0.11945248,1.4149595e-06
other_cabinet,arid,1.7285636e-05,3.1076564e-05,-0.10248566,1.4133724e-06
DOT,underwater,8.760915e-05,1.514899e-05,0.019496918,1.4127498e-06
DOT,institutional,2.9203049e-05,1.514899e-05,0.09920359,1.3942131e-06
DOT,favorable,0.00014601524,0.00018178787,-0.038239002,1.3679095e-06
other_cabinet,unlawfully,0.00017285642,0.00017782701,-0.2731285,1.3576084e-06
DOT,insignificant,0.00017521829,0.00016663889,0.15707588,1.3476171e-06
other_cabinet,widely,0.00090173207,0.0009599133,-0.022958755,1.3357687e-06
other_cabinet,late,0.0007778521,0.00079072226,-0.10257912,1.3202116e-06
DOT,inconsistent,0.0019274006,0.0018633209,0.020210743,1.2950974e-06
other_cabinet,exhaustive,0.00031978422,0.0002805525,0.031877518,1.2506102e-06
DOT,unjustified,0.000116812196,3.7872476e-05,0.015742302,1.2426929e-06
other_cabinet,synergistic,2.3047514e-05,6.733258e-05,-0.02697277,1.1944909e-06
DOT,traumatic,0.0,7.574495e-06,-0.15764618,1.1940903e-06
other_cabinet,pre-emptive,3.4571272e-05,1.726476e-05,0.063378334,1.096858e-06
DOT,incandescent,0.0,7.574495e-06,-0.14251709,1.079495e-06
other_cabinet,alone,0.0013655619,0.001453675,-0.012180328,1.0732468e-06
DOT,inactive,8.760915e-05,9.089395e-05,-0.31539536,1.0360096e-06
DOT,earlier,0.002394649,0.0023405112,0.018941402,1.0254455e-06
DOT,instead,0.007154741,0.008324324,-0.00085401535,9.988421e-07
DOT,informal,0.0009929041,0.0010149829,-0.04486704,9.906132e-07
other_cabinet,speculative,0.00031978422,0.00025897127,0.01574707,9.576257e-07
DOT,often,0.0026866791,0.003302466,-0.0015063286,9.275772e-07
other_cabinet,incomplete,0.0006424484,0.00059736107,0.020390034,9.193317e-07
DOT,typical,0.0009929041,0.00087106763,0.007232189,8.8114416e-07
other_cabinet,compatible,0.00042925955,0.000438527,-0.091887,8.5155773e-07
DOT,taxable,0.0,7.574495e-06,-0.11110306,8.415496e-07
other_cabinet,scientifically,0.00013828509,0.000137255,0.80841684,8.327392e-07
DOT,cumulatively,0.000116812196,2.2723485e-05,0.0087509155,8.2336237e-07
DOT,psychological,8.760915e-05,4.544697e-05,0.019489288,8.217109e-07
DOT,synergistic,0.0,3.029798e-05,-0.02697277,8.172205e-07
DOT,nervous,0.0,7.574495e-06,-0.10249138,7.7632046e-07
DOT,costly,0.0007592795,0.0006286835,0.005941391,7.759218e-07
other_cabinet,understandable,0.000118118485,0.00011653734,0.47665405,7.536595e-07
DOT,cubic,8.760915e-05,6.8170455e-05,0.038012505,7.389135e-07
DOT,elementary,5.8406098e-05,0.0,0.012166023,7.1056996e-07
DOT,usual,0.00014601524,0.00014391541,0.33532047,7.0411494e-07
DOT,recurrent,0.00035043657,0.00036357585,-0.051527977,6.770402e-07
other_cabinet,critically,0.0002103087,0.00016833143,0.01574421,6.6089893e-07
other_cabinet,instead,0.006122146,0.006852911,-0.00085401535,6.240846e-07
other_cabinet,unclassified,0.00019014209,0.00015106675,0.015742302,6.1513583e-07
other_cabinet,nocturnal,1.7285636e-05,9.4956185e-06,0.07875824,6.135281e-07
DOT,biological,0.00023362438,0.00018936236,0.012732506,5.6356646e-07
other_cabinet,costly,0.0007720902,0.00068109337,0.005941391,5.406479e-07
other_cabinet,periodically,0.00045806885,0.00046010822,-0.25983334,5.2989463e-07
other_cabinet,one-year,0.00035147445,0.00034874913,0.19092703,5.203357e-07
other_cabinet,often,0.00395848,0.004299163,-0.0015063286,5.131804e-07
other_cabinet,individually,0.0008181851,0.00081316597,0.09575319,4.8059775e-07
other_cabinet,incorrectly,0.0003860456,0.00038414233,0.24709702,4.7029334e-07
DOT,geographic,0.000963701,0.000696854,0.0017123222,4.56928e-07
other_cabinet,plausible,0.00023911815,0.00023997987,-0.5060549,4.3607798e-07
DOT,continental,2.9203049e-05,3.029798e-05,-0.3873911,4.2416673e-07
other_cabinet,cross-sectional,5.473786e-05,5.69737e-05,-0.1747551,3.907244e-07
other_cabinet,verifiable,0.00025640376,0.00025292853,0.108849525,3.7827715e-07
DOT,occasionally,0.00017521829,0.0001590644,0.01949215,3.148741e-07
other_cabinet,verbal,0.00018149926,0.00018300641,-0.20662689,3.1141906e-07
DOT,incomplete,0.00040884266,0.00039387387,0.020390034,3.0521431e-07
other_cabinet,safely,0.0004148549,0.0004117663,0.09824896,3.034532e-07
DOT,heavily,0.0008468887,0.00037872486,0.00061798096,2.8931635e-07
other_cabinet,publicly,0.0033016014,0.0026113412,0.0004143715,2.8602415e-07
DOT,pediatric,2.9203049e-05,0.0,0.008751869,2.5558126e-07
other_cabinet,divergent,3.7452213e-05,3.1939802e-05,0.043237686,2.383439e-07
other_cabinet,psychological,0.00020454681,0.00019250199,0.019489288,2.3474504e-07
other_cabinet,unjustified,8.6428176e-05,7.1648785e-05,0.015742302,2.3266163e-07
other_cabinet,cumulatively,0.00023911815,0.00021321961,0.0087509155,2.2663592e-07
other_cabinet,fatal,0.00014692792,0.00015106675,-0.0515213,2.1323774e-07
DOT,invasive,5.8406098e-05,5.3021464e-05,0.0380373,2.0481696e-07
DOT,cross-sectional,2.9203049e-05,3.029798e-05,-0.1747551,1.9134487e-07
DOT,cumulative,0.0007008733,0.0004999169,0.00092220306,1.8532262e-07
other_cabinet,subjective,0.00031114143,0.0003107662,0.37981892,1.4252161e-07
other_cabinet,heavily,0.00050704466,0.00035651837,0.00061798096,9.302238e-08
other_cabinet,lengthy,0.00024776097,0.00024256957,0.015745163,8.173937e-08
other_cabinet,advantageous,9.507099e-05,9.322982e-05,0.04323864,7.9609535e-08
other_cabinet,auditory,0.0005012828,0.00048773218,0.004843712,6.5635334e-08
DOT,critically,0.000116812196,0.00011361744,0.01574421,5.0298915e-08
DOT,publicly,0.002423852,0.0023177878,0.0004143715,4.3949953e-08
other_cabinet,imminent,0.00046959257,0.00047133045,-0.020388603,3.5432887e-08
other_cabinet,transitional,0.00072599534,0.00072511757,0.02755785,2.4189497e-08
DOT,younger,0.00020442133,0.00020451134,-0.16883564,1.5195814e-08
DOT,mid-atlantic,0.0,0.0,-0.24263477,-0.0
DOT,vertebral,0.0,0.0,0.046318054,0.0
DOT,intertidal,0.0,0.0,0.00061798096,0.0
DOT,metastatic,0.0,0.0,-0.24257755,-0.0
DOT,actuarial,0.0,0.0,0.49859715,0.0
DOT,nocturnal,0.0,0.0,0.07875824,0.0
DOT,relational,0.0,0.0,-0.40883636,-0.0
DOT,reproductive,0.0,0.0,0.16532707,0.0
DOT,nutritional,0.0,0.0,0.07659149,0.0
DOT,percutaneous,0.0,0.0,-0.24266195,-0.0
DOT,spiny,0.0,0.0,-0.06402111,-0.0
DOT,contemporaneous,0.0,0.0,-0.14250183,-0.0
DOT,stochastic,0.0,0.0,-0.21075249,-0.0
DOT,uninsured,0.0,0.0,-0.31557655,-0.0
DOT,nonnative,0.0,0.0,-0.47937155,-0.0
DOT,arid,0.0,0.0,-0.10248566,-0.0
DOT,endoscopic,0.0,0.0,-0.26390457,-0.0
DOT,rocky,0.0,0.0,-0.16176033,-0.0
DOT,salable,0.0,0.0,0.01574421,0.0
DOT,riparian,0.0,0.0,-0.123756886,-0.0
DOT,autologous,0.0,0.0,-0.23452473,-0.0
DOT,bacterial,0.0,0.0,0.8205118,0.0
DOT,distributive,0.0,0.0,-0.6363964,-0.0
other_cabinet,unvented,0.0,0.0,-0.227664,-0.0
DOT,biologically,0.0,0.0,-0.0515337,-0.0
DOT,estuarine,0.0,0.0,0.0048418045,0.0
DOT,taxonomic,0.0,0.0,-0.14250755,-0.0
DOT,vegetative,0.0,0.0,-0.31536198,-0.0
DOT,pre-emptive,0.0,0.0,0.063378334,0.0
DOT,pelagic,0.0,0.0,-0.08099413,-0.0
DOT,genetically,0.0,0.0,0.40580177,0.0
DOT,prudential,0.0,0.0,0.07657623,0.0
DOT,incidentally,0.0,0.0,-0.3154068,-0.0
DOT,culturally,0.0,0.0,0.52663326,0.0
DOT,determinable,0.0,0.0,-0.59462404,-0.0
DOT,pervasive,0.0,0.0,0.08557892,0.0
DOT,vascular,0.0,0.0,-0.10251284,-0.0
DOT,molecular,0.0,0.0,-0.34322262,-0.0
DOT,extinct,0.0,0.0,0.4766121,0.0
DOT,feral,0.0,0.0,-0.19423199,-0.0
DOT,maternal,0.0,0.0,-0.08093071,-0.0
DOT,unpublished,0.0,0.0,-0.28167152,-0.0
DOT,unvented,0.0,0.0,-0.227664,-0.0
DOT,surgical,0.0,0.0,0.24580145,0.0
DOT,misbranded,0.0,0.0,-0.11124325,-0.0
other_cabinet,estuarine,7.202349e-05,7.2512026e-05,0.0048418045,-2.3654e-09
other_cabinet,intertidal,1.1523758e-05,4.3161894e-05,0.00061798096,-1.9551765e-08
other_cabinet,quantitative,0.0010486596,0.001048825,0.35674143,-5.901437e-08
other_cabinet,acceptable,0.0012935386,0.0012939794,0.13957548,-6.1517675e-08
DOT,measurable,0.00020442133,0.00020451134,0.87554455,-7.880216e-08
other_cabinet,unusual,0.00043214048,0.00042644152,-0.016345501,-9.3152465e-08
DOT,budgetary,0.0,7.574495e-06,0.015745163,-1.1926166e-07
other_cabinet,stand-alone,0.00014980887,0.00018041671,0.004842758,-1.4822639e-07
DOT,geological,2.9203049e-05,5.3021464e-05,0.008749962,-2.0841023e-07
other_cabinet,aeronautical,2.8809395e-06,6.905905e-06,0.06338024,-2.551033e-07
other_cabinet,geological,0.00014116603,0.00017092114,0.008749962,-2.60356e-07
other_cabinet,routinely,0.0006078772,0.0006068565,-0.28702593,-2.9297584e-07
DOT,stand-alone,2.9203049e-05,9.089395e-05,0.004842758,-2.987541e-07
other_cabinet,cumulative,0.0015585842,0.0018913273,0.00092220306,-3.0685678e-07
DOT,alone,0.0011097161,0.001083153,-0.012180328,-3.2354828e-07
DOT,infeasible,0.00017521829,0.00019693685,0.015743256,-3.419208e-07
other_cabinet,reckless,2.3047514e-05,4.5751607e-05,0.015742302,-3.5741468e-07
other_cabinet,unpredictable,0.00018149926,0.00018300641,0.27252197,-4.1073324e-07
other_cabinet,globally,8.6428176e-05,0.00013380207,0.008749008,-4.1447456e-07
other_cabinet,earliest,0.00029385585,0.00032026193,0.015745163,-4.1576803e-07
other_cabinet,customary,0.00021607059,0.00022012548,0.10885811,-4.414078e-07
other_cabinet,myocardial,0.00012388037,0.000101862235,-0.020384789,-4.4883495e-07
DOT,enforceable,0.00020442133,0.0002272348,0.020382881,-4.6500432e-07
DOT,uniquely,8.760915e-05,9.089395e-05,0.15707016,-5.159435e-07
DOT,materially,0.00032123353,0.00034842684,0.019499779,-5.302635e-07
other_cabinet,governmental,0.000780733,0.0009676823,0.0030751228,-5.7489194e-07
other_cabinet,erroneously,0.00019590398,0.00019336522,-0.22767925,-5.7802214e-07
other_cabinet,geographic,0.003460059,0.003800155,0.0017123222,-5.823539e-07
DOT,myocardial,2.9203049e-05,0.0,-0.020384789,-5.95298e-07
other_cabinet,hard,0.00036299817,0.00037896284,0.038025856,-6.070704e-07
other_cabinet,uninterrupted,4.0333154e-05,4.488837e-05,0.1400919,-6.381487e-07
DOT,onshore,0.00014601524,0.00014391541,-0.3095894,-6.500841e-07
other_cabinet,metabolic,0.00015268981,0.00014675058,-0.11123943,-6.6067696e-07
DOT,abusive,2.9203049e-05,2.2723485e-05,-0.10249424,-6.64118e-07
DOT,unclassified,0.00014601524,0.00018936236,0.015742302,-6.8238336e-07
DOT,outer,0.00032123353,0.00031812882,-0.23353529,-7.250592e-07
other_cabinet,cubic,5.473786e-05,7.423851e-05,0.038012505,-7.412686e-07
other_cabinet,dramatically,0.00011235661,0.0001976814,0.008749008,-7.465072e-07
other_cabinet,precisely,0.00031402236,0.00031508243,0.7109976,-7.537128e-07
other_cabinet,possibly,0.00042925955,0.00042816802,-0.7172222,-7.8287616e-07
other_cabinet,sandy,6.914255e-05,8.805037e-05,0.043245316,-8.176746e-07
DOT,anthropogenic,0.0,2.2723485e-05,0.036096573,-8.2023996e-07
other_cabinet,voluntarily,0.0010256121,0.0010341502,0.098278046,-8.3911095e-07
DOT,low-cost,0.00026282744,0.0002651073,0.37975597,-8.657861e-07
other_cabinet,equally,0.00060211535,0.00060513004,0.2880721,-8.6844847e-07
DOT,clinically,2.9203049e-05,7.574495e-06,-0.04193306,-9.069514e-07
other_cabinet,officially,7.490443e-05,7.682823e-05,0.47660542,-9.1689674e-07
other_cabinet,relational,5.761879e-06,3.4529523e-06,-0.40883636,-9.439732e-07
DOT,predictive,8.760915e-05,9.8468445e-05,0.08933926,-9.701613e-07
DOT,sterile,0.0,2.2723485e-05,0.043236732,-9.824893e-07
DOT,locally,5.8406098e-05,5.3021464e-05,-0.18747616,-1.0094906e-06
other_cabinet,excessively,7.490443e-05,7.682823e-05,0.5266199,-1.013115e-06
DOT,sandy,2.9203049e-05,5.3021464e-05,0.043245316,-1.0300348e-06
DOT,officially,5.8406098e-05,6.0595958e-05,0.47660542,-1.043699e-06
DOT,coastal,8.760915e-05,5.3021464e-05,-0.030380249,-1.0507825e-06
other_cabinet,unexpected,0.00029673678,0.00032975766,0.03188038,-1.0527184e-06
DOT,adjudicatory,2.9203049e-05,7.574495e-06,-0.051516533,-1.1142281e-06
DOT,healthy,5.8406098e-05,2.2723485e-05,-0.031275272,-1.1159834e-06
other_cabinet,jurisdictional,0.00036876003,0.00034356964,-0.04566002,-1.1501934e-06
other_cabinet,freestanding,0.00028521306,0.00028141573,-0.31203318,-1.1848905e-06
other_cabinet,biologically,0.0003572363,0.00033321066,-0.0515337,-1.2381305e-06
other_cabinet,typical,0.0011408493,0.0013207392,0.007232189,-1.3009974e-06
other_cabinet,minimally,9.7951925e-05,0.00018214318,0.015743256,-1.3254445e-06
DOT,reasonably,0.002511461,0.002507149,-0.31164074,-1.3438022e-06
DOT,scarce,8.760915e-05,9.089395e-05,0.41308594,-1.3569032e-06
other_cabinet,scarce,7.7785364e-05,8.114444e-05,0.41308594,-1.3875874e-06
other_cabinet,additional,0.029690115,0.02956604,-0.011340141,-1.4070225e-06
DOT,sexual,5.8406098e-05,4.544697e-05,-0.10954189,-1.4195674e-06
DOT,exotic,2.9203049e-05,2.2723485e-05,-0.22767067,-1.4752067e-06
DOT,normally,0.0013433403,0.0013406841,-0.5626712,-1.4945289e-06
other_cabinet,budgetary,0.00013828509,0.00023480046,0.015745163,-1.5196503e-06
other_cabinet,occasionally,0.00019590398,0.00027450974,0.01949215,-1.5321953e-06
DOT,understandable,8.760915e-05,9.089395e-05,0.47665405,-1.5657116e-06
other_cabinet,numerical,0.0005214493,0.00050327013,-0.08695173,-1.5807116e-06
DOT,exhaustive,0.000116812196,0.00016663889,0.031877518,-1.5883512e-06
other_cabinet,infeasible,8.930911e-05,0.00019854463,0.015743256,-1.7197226e-06
other_cabinet,sterile,4.8975977e-05,8.891361e-05,0.043236732,-1.7267729e-06
DOT,hereby,8.760915e-05,9.089395e-05,0.54290533,-1.7833336e-06
DOT,distributional,5.8406098e-05,3.029798e-05,-0.06402111,-1.7995129e-06
other_cabinet,inappropriate,0.00092766044,0.0009374696,0.20005798,-1.9623997e-06
other_cabinet,woody,0.00010083286,0.00012430649,0.08384895,-1.9682393e-06
DOT,gastrointestinal,2.9203049e-05,7.574495e-06,-0.09185314,-1.9866507e-06
other_cabinet,ineffective,0.00031978422,0.00035392863,0.058203697,-1.987331e-06
other_cabinet,misbranded,0.00010083286,8.287092e-05,-0.11124325,-1.9981444e-06
DOT,constructive,8.760915e-05,5.3021464e-05,-0.058228493,-2.013989e-06
other_cabinet,unavailable,0.00049264,0.0004963644,0.5462179,-2.0343116e-06
other_cabinet,explicit,0.0007893758,0.00079935446,0.20460653,-2.041698e-06
DOT,medically,0.00014601524,0.00010604294,-0.051555157,-2.0607781e-06
DOT,adaptable,2.9203049e-05,3.029798e-05,1.8823133,-2.0610041e-06
DOT,indoor,0.0,1.514899e-05,0.13805199,-2.0913483e-06
DOT,minimally,0.0,0.00013634092,0.015743256,-2.14645e-06
DOT,unduly,0.00040884266,0.00042417189,0.14133978,-2.1666285e-06
DOT,charitable,0.0,7.574495e-06,0.28919363,-2.1904957e-06
other_cabinet,broadband,0.000118118485,0.00018991229,0.03188038,-2.2888137e-06
other_cabinet,identifiable,0.00056466326,0.00063706917,0.03189373,-2.3092944e-06
DOT,noteworthy,2.9203049e-05,3.029798e-05,2.1167693,-2.3177176e-06
other_cabinet,between,0.018916141,0.018857561,-0.040113926,-2.3498815e-06
other_cabinet,unlikely,0.0015845125,0.0020208193,0.0054893494,-2.3950406e-06
other_cabinet,life-threatening,0.00012964226,0.00015279322,0.10884857,-2.5199492e-06
other_cabinet,retroactive,0.00052433024,0.00057060126,0.055152893,-2.5519803e-06
other_cabinet,fairly,0.00039756933,0.00042126203,0.10888004,-2.5796624e-06
DOT,impartial,5.8406098e-05,3.029798e-05,-0.09185791,-2.581953e-06
other_cabinet,developmental,0.00017573737,0.0002002711,0.10884762,-2.6704379e-06
other_cabinet,elementary,9.507099e-05,0.00031680893,0.012166023,-2.697669e-06
other_cabinet,uniquely,0.00019590398,0.00021321961,0.15707016,-2.7197686e-06
other_cabinet,positively,0.00020454681,0.0002304843,0.10884857,-2.8232575e-06
DOT,cardiac,0.000116812196,1.514899e-05,-0.028897285,-2.9377907e-06
DOT,advantageous,0.0,6.8170455e-05,0.04323864,-2.9475977e-06
other_cabinet,rocky,0.0001037138,8.546065e-05,-0.16176033,-2.9526357e-06
other_cabinet,exotic,8.06663e-05,6.733258e-05,-0.22767067,-3.0356978e-06
other_cabinet,disciplinary,0.00021895154,0.0003375269,0.025704384,-3.0479066e-06
other_cabinet,universally,7.490443e-05,8.459741e-05,0.3295412,-3.1942363e-06
DOT,urban,0.00078848255,0.00087106763,0.039198875,-3.2372425e-06
other_cabinet,distinctive,6.049974e-05,8.287092e-05,0.15233707,-3.4079605e-06
other_cabinet,adjudicatory,0.00012099942,5.4383985e-05,-0.051516533,-3.4317964e-06
other_cabinet,abroad,0.00039756933,0.000268467,-0.026976585,-3.4827399e-06
DOT,unused,8.760915e-05,0.00010604294,0.19405794,-3.5772237e-06
other_cabinet,categorically,0.00039180747,0.0003358004,-0.06404352,-3.5868895e-06
other_cabinet,manually,0.00022471343,0.00019940786,-0.1425066,-3.6062097e-06
DOT,tangible,0.00014601524,0.0001514899,0.6634431,-3.6321276e-06
other_cabinet,arbitrary,0.00084411347,0.000691452,-0.02408123,-3.6762758e-06
DOT,infectious,5.8406098e-05,0.00011361744,0.0676198,-3.7333798e-06
other_cabinet,incidentally,0.00018726115,0.0001752373,-0.3154068,-3.792401e-06
DOT,pending,0.0008468887,0.00072715204,-0.031686783,-3.7940692e-06
DOT,woody,0.0,4.544697e-05,0.08384895,-3.810681e-06
DOT,genetic,0.0,1.514899e-05,0.25233126,-3.822564e-06
DOT,auditory,0.0,0.0008028971,0.004843712,-3.889002e-06
other_cabinet,unwarranted,0.00013828509,0.00012603296,-0.32076263,-3.9300257e-06
other_cabinet,authoritative,9.507099e-05,0.00010272548,0.52662945,-4.0310797e-06
other_cabinet,provisional,0.00022183248,0.00034874913,0.031877518,-4.045788e-06
DOT,pharmacological,2.9203049e-05,0.0,-0.14249992,-4.161432e-06
other_cabinet,capricious,0.00038028375,0.00036083462,-0.22071648,-4.292743e-06
DOT,under,0.066378266,0.065707594,-0.006426096,-4.3097994e-06
DOT,provisional,0.00017521829,0.00031055431,0.031877518,-4.3141767e-06
other_cabinet,coarse,5.76188e-05,4.488837e-05,-0.34317398,-4.3687523e-06
DOT,technologically,0.0005256549,0.0004999169,-0.17015743,-4.379507e-06
other_cabinet,labor-intensive,7.490443e-05,9.409306e-05,0.23401165,-4.490364e-06
other_cabinet,strongly,0.0006280437,0.000648291,0.2220211,-4.4953285e-06
DOT,vast,0.00037963962,0.00036357585,-0.2870288,-4.610765e-06
other_cabinet,vegetative,0.00011235661,9.754603e-05,-0.31536198,-4.6706946e-06
other_cabinet,contemporaneous,0.00016709453,0.00013380207,-0.14250183,-4.7442377e-06
DOT,successfully,0.0009929041,0.0010528552,0.07949495,-4.7658095e-06
DOT,downstream,0.0006424672,0.0004696189,-0.028107643,-4.858357e-06
DOT,unpaid,2.9203049e-05,7.574495e-06,-0.22769737,-4.9247647e-06
DOT,instrumental,0.0,7.574495e-06,0.657094,-4.977155e-06
DOT,ineffective,0.00026282744,0.00034842684,0.058203697,-4.9822015e-06
other_cabinet,early,0.0026101503,0.0023946438,-0.023454666,-5.054631e-06
DOT,fatal,0.0014017463,0.0013028119,-0.0515213,-5.097229e-06
other_cabinet,underwater,0.00023335626,0.0004972276,0.019496918,-5.1446777e-06
DOT,every,0.004205236,0.004234123,0.18163061,-5.246733e-06
DOT,geometric,0.00017521829,0.0001590644,-0.332798,-5.375983e-06
DOT,identical,0.0010805131,0.0010907274,0.52740145,-5.3870262e-06
other_cabinet,anthropogenic,0.0005473777,0.000699221,0.036096573,-5.4810225e-06
DOT,paramount,8.760915e-05,9.089395e-05,1.7185869,-5.6452086e-06
DOT,negatively,0.0006132641,0.00056051294,-0.1085453,-5.7258903e-06
other_cabinet,overly,0.00075480464,0.00075878314,1.4692168,-5.8452697e-06
DOT,clinical,0.00020442133,0.0002348093,0.19417095,-5.90046e-06
DOT,greater,0.007183944,0.0068927538,-0.020654678,-6.014438e-06
DOT,meaningfully,0.00017521829,0.0002802563,0.058215618,-6.1148526e-06
other_cabinet,locally,0.00024776097,0.00021494608,-0.18747616,-6.1520095e-06
other_cabinet,capable,0.0009218986,0.00095387077,0.19705772,-6.3003663e-06
other_cabinet,hourly,0.0023796665,0.0022185233,-0.04016733,-6.4726946e-06
DOT,respiratory,0.00017521829,0.00014391541,-0.20824051,-6.518526e-06
DOT,unprecedented,8.760915e-05,0.00010604294,0.36022568,-6.640325e-06
other_cabinet,readily,0.0012042298,0.0010980285,-0.062870026,-6.6768766e-06
DOT,unexpected,0.00014601524,0.00035600134,0.03188038,-6.6944363e-06
other_cabinet,upward,0.00028521306,0.00022962106,-0.12076759,-6.7137116e-06
DOT,navigable,0.00032123353,6.8170455e-05,-0.02698946,-6.8300355e-06
other_cabinet,considerable,0.000452307,0.00041953553,-0.21218157,-6.9535013e-06
other_cabinet,largely,0.0012733721,0.0011947091,-0.08876705,-6.9826824e-06
other_cabinet,moist,7.490443e-05,4.3161894e-05,-0.22363186,-7.0986416e-06
DOT,lengthy,0.000116812196,0.00056808745,0.015745163,-7.1054023e-06
other_cabinet,physiological,0.00037740282,0.00043075776,0.13326645,-7.110424e-06
DOT,unusual,0.0043512513,0.003908422,-0.016345501,-7.238269e-06
other_cabinet,pervasive,4.3214095e-05,0.0001294859,0.08557892,-7.3830474e-06
DOT,akin,8.760915e-05,9.089395e-05,2.255962,-7.410376e-06
other_cabinet,financially,0.0004724735,0.00041090304,-0.12077713,-7.436304e-06
other_cabinet,artificially,0.00012676131,0.00015883586,0.23404789,-7.5069797e-06
other_cabinet,mid-atlantic,0.00024776097,0.00021667255,-0.24263477,-7.5431317e-06
DOT,persistent,0.000116812196,0.00013634092,0.38903475,-7.597354e-06
other_cabinet,abundant,0.00025352283,0.00019940786,-0.14251518,-7.712204e-06
other_cabinet,charitable,0.00015268981,0.00017955348,0.28919363,-7.768801e-06
other_cabinet,namely,0.00042925955,0.00038500558,-0.17673445,-7.8212015e-06
DOT,lesser,0.00023362438,0.00021966032,-0.56737614,-7.922875e-06
other_cabinet,concurrent,0.00073463813,0.0008019441,0.11777544,-7.926992e-06
other_cabinet,cohesive,5.1856918e-05,6.128989e-05,0.85614204,-8.075962e-06
other_cabinet,intact,0.00012676131,0.0001674682,0.19985008,-8.135275e-06
other_cabinet,exactly,0.00025640376,0.00022271519,-0.24262047,-8.173537e-06
DOT,illicit,2.9203049e-05,0.00011361744,0.09710741,-8.197263e-06
DOT,appellate,5.8406098e-05,0.0,-0.14250755,-8.32331e-06
DOT,industrial,0.0006424672,0.0002726818,-0.022963524,-8.4915755e-06
DOT,almost,0.00078848255,0.0007801736,-1.0304155,-8.56169e-06
other_cabinet,finally,0.0042869193,0.0042568594,-0.29637623,-8.90902e-06
other_cabinet,distributional,0.0003082605,0.0001674682,-0.06402111,-9.013679e-06
other_cabinet,contractual,0.0008297088,0.000770005,-0.15246105,-9.102509e-06
other_cabinet,longitudinal,0.00030249864,0.00025379178,-0.18747997,-9.131561e-06
other_cabinet,self-employed,0.00016133265,9.5819545e-05,-0.14250278,-9.335799e-06
other_cabinet,forensic,0.0002103087,0.00014416088,-0.14250374,-9.426312e-06
DOT,predominant,0.00017521829,0.00012119194,-0.17477989,-9.44272e-06
other_cabinet,automotive,3.169033e-05,0.00018214318,0.06338978,-9.537172e-06
other_cabinet,burdensome,0.0017631302,0.0016910604,-0.1330638,-9.589883e-06
other_cabinet,valid,0.0022442574,0.0019983726,-0.039030552,-9.597018e-06
other_cabinet,artificial,0.00042637862,0.0005844128,0.06094742,-9.6317735e-06
other_cabinet,unaware,0.00022471343,0.00023480046,0.9565697,-9.648955e-06
DOT,upward,0.00029203048,0.00021208583,-0.12076759,-9.654724e-06
DOT,nationally,0.0,9.089395e-05,0.10889292,-9.897707e-06
other_cabinet,unadjusted,0.0005473777,0.00045751847,-0.111279964,-9.9995295e-06
other_cabinet,recoverable,9.7951925e-05,6.128989e-05,-0.27311993,-1.0013133e-05
DOT,coarse,2.9203049e-05,0.0,-0.34317398,-1.0021727e-05
DOT,eventually,0.00032123353,0.00031055431,-0.9399729,-1.0038171e-05
other_cabinet,fewer,0.0024459306,0.0023523404,-0.10833597,-1.0139189e-05
DOT,residential,2.9203049e-05,0.00034842684,0.03191662,-1.0188544e-05
DOT,easy,0.00040884266,0.00039387387,-0.68320465,-1.0226753e-05
other_cabinet,medically,0.0012906577,0.001091986,-0.051555157,-1.0242551e-05
other_cabinet,previous,0.0052319025,0.0046885274,-0.018872738,-1.0254975e-05
DOT,presidential,0.00067167025,7.574495e-05,-0.017325878,-1.03249295e-05
DOT,hierarchical,0.0,7.574495e-06,1.3670807,-1.0354946e-05
other_cabinet,formerly,0.0005272112,0.00042298852,-0.09950447,-1.037062e-05
DOT,expressly,0.0007008733,0.00071200304,0.9354105,-1.0410849e-05
other_cabinet,premature,0.00017573737,0.0002356637,0.18033314,-1.0806703e-05
other_cabinet,appellate,0.00023335626,0.00015624615,-0.14250755,-1.0988772e-05
DOT,recently,0.0017521825,0.0017345553,-0.6286802,-1.10818355e-05
other_cabinet,diagnostic,0.001403014,0.001430368,0.4089942,-1.1187672e-05
other_cabinet,downstream,0.0013453953,0.000946965,-0.028107643,-1.11989375e-05
DOT,transparent,0.00023362438,0.00024238379,1.2805696,-1.1217033e-05
other_cabinet,worldwide,0.00023911815,0.00020717697,-0.35388756,-1.1303585e-05
DOT,verbal,0.00055485795,0.0004999169,-0.20662689,-1.1352297e-05
other_cabinet,unregulated,6.914255e-05,9.668279e-05,0.41313934,-1.1377954e-05
DOT,large-scale,8.760915e-05,0.00011361744,0.4454279,-1.1584817e-05
other_cabinet,mechanical,0.00034859352,0.00049032184,0.081896305,-1.1607026e-05
other_cabinet,unauthorized,0.0007115907,0.00073374977,0.5268922,-1.1675444e-05
DOT,extraordinary,0.002336243,0.002438979,0.11529541,-1.1844995e-05
other_cabinet,numeric,0.00015557076,7.1648785e-05,-0.14249516,-1.1958475e-05
DOT,involuntary,5.8406098e-05,1.514899e-05,-0.278306,-1.2038713e-05
DOT,erroneously,0.00020442133,0.0001514899,-0.22767925,-1.2051388e-05
other_cabinet,pharmacological,0.0002362372,0.00015020352,-0.14249992,-1.2259794e-05
other_cabinet,predictive,0.0004811163,0.00061894156,0.08933926,-1.2313207e-05
DOT,satisfactory,0.00020442133,0.00031812882,0.1088562,-1.2377765e-05
DOT,throughout,0.004117627,0.0042113997,0.13284683,-1.2457385e-05
other_cabinet,tangible,0.00014692792,0.00016574173,0.6634431,-1.2481891e-05
other_cabinet,onshore,0.00016421359,0.00012344326,-0.3095894,-1.2622063e-05
DOT,categorically,0.00259907,0.0024011068,-0.06404352,-1.2678269e-05
DOT,narrowly,0.00040884266,0.0004317464,0.5573616,-1.2765657e-05
DOT,behavioral,0.00017521829,0.00034085233,0.07753849,-1.2843014e-05
DOT,distinctive,2.9203049e-05,0.00011361744,0.15233707,-1.2859442e-05
DOT,offshore,0.00020442133,0.00011361744,-0.14261389,-1.2949896e-05
other_cabinet,socioeconomic,0.00034283166,0.00037205685,0.44550133,-1.3019862e-05
DOT,discretionary,0.0006132641,0.000651407,0.3440814,-1.3124262e-05
other_cabinet,biological,0.0035119178,0.0045503937,0.012732506,-1.32224e-05
DOT,intentional,0.0011389191,0.00042417189,-0.018620014,-1.3308603e-05
other_cabinet,simultaneous,0.00021607059,0.000233074,0.7835045,-1.3322243e-05
DOT,moderately,0.000116812196,2.2723485e-05,-0.14250278,-1.3407904e-05
other_cabinet,mistakenly,7.7785364e-05,0.00010358872,0.5266247,-1.3588683e-05
other_cabinet,infectious,0.00016421359,0.00036687736,0.0676198,-1.3704083e-05
DOT,scientific,0.00037963962,0.00040144837,0.6339507,-1.3825674e-05
DOT,intentionally,0.00040884266,0.00059081096,0.0765934,-1.3937571e-05
DOT,customary,0.0,0.00012876643,0.10885811,-1.4017271e-05
other_cabinet,optimal,0.00042061677,0.0004471595,0.5312476,-1.4100758e-05
DOT,similarly,0.005314951,0.0052793967,-0.39949036,-1.4203548e-05
other_cabinet,thereof,0.000944946,0.00091847876,-0.5428128,-1.4366766e-05
other_cabinet,inadvertently,0.0007864949,0.0007959016,1.533329,-1.4423577e-05
other_cabinet,unfairly,0.00020742776,0.00026587726,0.24702835,-1.4438683e-05
other_cabinet,illegal,0.000904613,0.0010937124,0.076628685,-1.4490439e-05
other_cabinet,set-aside,0.00041773584,0.00031508243,-0.14250183,-1.4628297e-05
other_cabinet,pelvic,0.000106594736,4.3161894e-05,-0.23451614,-1.4876026e-05
DOT,first-year,2.9203049e-05,3.7872476e-05,1.7188568,-1.4901504e-05
DOT,hard,0.00037963962,0.0007801736,0.038025856,-1.5230647e-05
DOT,adequate,0.0037671907,0.0039690174,0.075606346,-1.5259378e-05
other_cabinet,straightforward,0.00023335626,0.00025120203,0.8563361,-1.5281978e-05
other_cabinet,prone,6.338068e-05,8.200768e-05,0.8204346,-1.5282238e-05
other_cabinet,truly,0.00017861831,0.00021839901,0.3846426,-1.5301353e-05
DOT,informational,0.00029203048,0.00019693685,-0.16178036,-1.5384283e-05
DOT,pulmonary,0.0,1.514899e-05,1.018125,-1.5423566e-05
DOT,actionable,0.0,6.0595958e-05,0.25458908,-1.542707e-05
other_cabinet,analogous,0.00022759437,0.0002952277,0.22845697,-1.5451309e-05
DOT,unreliable,8.760915e-05,3.7872476e-05,-0.3119421,-1.5514963e-05
other_cabinet,normally,0.000700067,0.0006724612,-0.5626712,-1.5532987e-05
DOT,disruptive,0.00032123353,9.089395e-05,-0.0674572,-1.5538064e-05
DOT,prescriptive,0.0013141372,0.0014164286,0.15238857,-1.5588033e-05
other_cabinet,dense,0.00016709453,0.000100998994,-0.2370882,-1.5670474e-05
other_cabinet,periodic,0.000700067,0.0007605096,0.26119375,-1.5787231e-05
other_cabinet,inland,0.00017573737,0.000113084374,-0.25224876,-1.580414e-05
other_cabinet,clinically,0.001276253,0.0008968983,-0.04193306,-1.5907506e-05
other_cabinet,any,0.058496255,0.057915557,-0.027397156,-1.590948e-05
other_cabinet,nutritional,0.00021607059,0.00042385177,0.07659149,-1.5914271e-05
DOT,numerical,0.0007300764,0.00054536393,-0.08695173,-1.6061069e-05
other_cabinet,intentional,0.0012848958,0.00041867228,-0.018620014,-1.6129094e-05
other_cabinet,adequately,0.0016421311,0.0016927868,0.32380104,-1.6402362e-05
other_cabinet,permanently,0.000700067,0.00046442446,-0.070026875,-1.6501308e-05
other_cabinet,residential,0.00091901765,0.0014364106,0.03191662,-1.6513433e-05
other_cabinet,unnecessarily,0.00044078327,0.0004756467,0.4768324,-1.6624008e-05
other_cabinet,aboard,0.00019878492,0.00016401526,-0.47904968,-1.6656395e-05
other_cabinet,visual,0.00048687815,0.0006603761,0.09716749,-1.6858361e-05
other_cabinet,highly,0.0016392502,0.0017747927,0.12511492,-1.6958385e-05
other_cabinet,concurrently,0.00044942606,0.00048600568,0.46776867,-1.7110799e-05
other_cabinet,strong,0.001028493,0.0010643629,0.47730637,-1.7120927e-05
DOT,longstanding,0.0010221071,0.00073472655,-0.059806347,-1.718718e-05
other_cabinet,definitive,0.0001584517,0.00017610054,0.9753771,-1.7214274e-05
DOT,objectively,0.00029203048,0.00019693685,-0.18416786,-1.7513192e-05
other_cabinet,minimal,0.0015355367,0.0015658935,0.582284,-1.7676282e-05
DOT,statutorily,0.0007300764,0.0007877481,0.30964136,-1.785754e-05
other_cabinet,simply,0.0015326558,0.0014916566,-0.43609858,-1.787967e-05
other_cabinet,technically,0.00023047531,0.00035565512,0.1433754,-1.7947705e-05
other_cabinet,essentially,0.00043214048,0.00039450132,-0.47918653,-1.8036182e-05
DOT,fairly,0.00023362438,0.00040144837,0.10888004,-1.8272684e-05
DOT,micro,0.00020442133,0.00011361744,-0.20136261,-1.8284509e-05
DOT,approximately,0.0050521237,0.004355314,-0.026257515,-1.8296485e-05
other_cabinet,feral,0.00015557076,6.128989e-05,-0.19423199,-1.8312361e-05
DOT,ecological,2.9203049e-05,4.544697e-05,1.1390953,-1.8503375e-05
DOT,numeric,0.00014601524,1.514899e-05,-0.14249516,-1.8647806e-05
other_cabinet,extinct,2.8809392e-05,6.819582e-05,0.4766121,-1.8772047e-05
DOT,diagnostic,2.9203049e-05,7.574495e-05,0.4089942,-1.9035368e-05
other_cabinet,consecutive,0.0008008995,0.00059649785,-0.09404755,-1.9223477e-05
other_cabinet,slightly,0.00087004184,0.0008105763,-0.32675982,-1.9430945e-05
DOT,fraudulent,0.00014601524,0.0004544699,0.06339121,-1.9553314e-05
other_cabinet,actually,0.0010083265,0.00095818687,-0.3919878,-1.965414e-05
other_cabinet,satisfactory,0.0003658791,0.0005464311,0.1088562,-1.9654206e-05
DOT,operationally,0.000116812196,7.574495e-05,-0.47901058,-1.9671645e-05
DOT,severely,0.00023362438,0.00011361744,-0.1647358,-1.9769439e-05
other_cabinet,taxable,0.002033941,0.0018559353,-0.11110306,-1.9776973e-05
DOT,regularly,0.0007300764,0.000681705,-0.40902662,-1.9785182e-05
DOT,developmental,0.0,0.00018178787,0.10884762,-1.9787176e-05
DOT,negligent,8.760915e-05,1.514899e-05,-0.2731371,-1.9791558e-05
other_cabinet,commonly,0.001480799,0.0013578576,-0.16489744,-2.027273e-05
DOT,hydroelectric,5.8406098e-05,0.0,-0.35381508,-2.0664958e-05
DOT,conditional,0.00040884266,0.0003029798,-0.19588757,-2.0737218e-05
DOT,namely,0.00026282744,0.00014391541,-0.17673445,-2.101585e-05
other_cabinet,ancillary,0.0005128065,0.00070698996,0.10892439,-2.1151312e-05
DOT,fewer,0.0017813855,0.0015830664,-0.10833597,-2.1485092e-05
other_cabinet,on,0.17420319,0.17330821,-0.024039268,-2.1514632e-05
other_cabinet,genetically,0.000106594736,0.00015969909,0.40580177,-2.1549842e-05
other_cabinet,large-scale,0.00018726115,0.0002356637,0.4454279,-2.1559847e-05
other_cabinet,purely,0.00018726115,0.00022530489,0.57431316,-2.1849022e-05
DOT,immediately,0.0021026188,0.001931491,-0.12820959,-2.1940232e-05
other_cabinet,available,0.032110028,0.0320126,-0.22741914,-2.2156883e-05
DOT,greatly,0.0004380457,0.00041659738,-1.0355983,-2.2211854e-05
other_cabinet,analytical,0.00061075814,0.0008243878,0.104174614,-2.225479e-05
other_cabinet,unlike,0.0009507079,0.0008640959,-0.25909853,-2.2441029e-05
DOT,rigid,0.00046724876,0.00047719342,2.2570224,-2.2445325e-05
DOT,worldwide,0.00032123353,0.00025753278,-0.35388756,-2.2542901e-05
DOT,premature,0.000116812196,0.00024238379,0.18033314,-2.264472e-05
other_cabinet,innovative,0.0006338056,0.0006595129,0.8878002,-2.2822944e-05
DOT,uncompensated,0.000116812196,4.544697e-05,-0.3224554,-2.3012102e-05
DOT,longitudinal,0.0007300764,0.00060595997,-0.18747997,-2.3269344e-05
other_cabinet,adjacent,0.0011494921,0.001041056,-0.2148571,-2.3298266e-05
DOT,hourly,0.0010805131,0.0004999169,-0.04016733,-2.3321001e-05
other_cabinet,naturally,0.00028233213,0.00038673208,0.22532654,-2.3524079e-05
DOT,strongly,0.0004380457,0.00054536393,0.2220211,-2.382691e-05
other_cabinet,notwithstanding,0.00084411347,0.0007044003,-0.17313623,-2.4189412e-05
other_cabinet,thorough,0.00049264,0.0005024069,2.5229082,-2.4640984e-05
DOT,temporarily,0.0004380457,0.001083153,0.038836956,-2.5054002e-05
other_cabinet,longstanding,0.00160756,0.001182624,-0.059806347,-2.5413867e-05
DOT,voluntarily,0.0008468887,0.0011058763,0.098278046,-2.5452795e-05
other_cabinet,unintended,0.0008008995,0.00086064305,0.4264617,-2.5478326e-05
DOT,excessively,8.760915e-05,0.00013634092,0.5266199,-2.5663123e-05
DOT,rural,0.00020442133,0.0004393209,0.10932398,-2.5680154e-05
DOT,sequential,0.00014601524,4.544697e-05,-0.25894737,-2.604189e-05
DOT,extant,2.9203049e-05,7.574495e-06,-1.2083144,-2.6134094e-05
other_cabinet,noteworthy,1.4404697e-05,2.6760375e-05,2.1167693,-2.615412e-05
DOT,compatible,0.00078848255,0.0004999169,-0.091887,-2.651543e-05
other_cabinet,detrimental,0.00021318965,0.00031853543,0.25624132,-2.6993943e-05
other_cabinet,actionable,0.0002996177,0.00040572355,0.25458908,-2.701339e-05
other_cabinet,achievable,7.490443e-05,0.0002106299,0.19983768,-2.7123066e-05
other_cabinet,atmospheric,6.914255e-05,0.00017955348,0.24709892,-2.728242e-05
DOT,unlike,0.0011973252,0.0010907274,-0.25909853,-2.761933e-05
other_cabinet,harmful,0.00042061677,0.00056542194,0.19091845,-2.764598e-05
other_cabinet,factual,0.00046959257,0.00061462546,0.19237566,-2.7900796e-05
DOT,formally,0.00026282744,0.0002878308,1.1163669,-2.7912925e-05
DOT,manageable,8.760915e-05,0.00012119194,0.85613537,-2.875141e-05
other_cabinet,larger,0.002287473,0.0026355146,0.0845294,-2.9419742e-05
DOT,arbitrary,0.0016353704,0.00040902288,-0.02408123,-2.9531957e-05
other_cabinet,moreover,0.0023306888,0.0023963705,0.45749998,-3.0049403e-05
other_cabinet,approximately,0.009193118,0.008043451,-0.026257515,-3.0187386e-05
DOT,previous,0.0050229207,0.0034160826,-0.018872738,-3.0325435e-05
other_cabinet,structural,0.0006856623,0.00079849124,0.27130795,-3.061138e-05
other_cabinet,completely,0.00052433024,0.00048255268,-0.7475548,-3.1231015e-05
DOT,valid,0.0028034912,0.0019920866,-0.039030552,-3.1669566e-05
other_cabinet,unprecedented,6.049974e-05,0.00014847705,0.36022568,-3.1691685e-05
DOT,linear,0.0004964518,0.00025753278,-0.1333909,-3.1869626e-05
DOT,unsuitable,2.9203049e-05,6.8170455e-05,0.82056093,-3.197513e-05
other_cabinet,operationally,0.00031114143,0.00024429604,-0.47901058,-3.201965e-05
other_cabinet,instructional,0.0004148549,0.00018818582,-0.14252996,-3.2307136e-05
other_cabinet,rigorously,1.1523758e-05,2.9350089e-05,1.8437171,-3.2866712e-05
DOT,physically,0.0008176856,0.000696854,-0.27322865,-3.3014654e-05
other_cabinet,disproportionately,0.0006856623,0.0007259808,0.8209691,-3.3100216e-05
other_cabinet,correctly,0.0003946884,0.00045233898,0.5745778,-3.3124747e-05
other_cabinet,hereby,0.00011523755,0.00017696377,0.54290533,-3.3511496e-05
other_cabinet,conventional,0.0002506419,0.0005602426,0.108940125,-3.372794e-05
DOT,socioeconomic,0.0,7.574495e-05,0.44550133,-3.3744476e-05
other_cabinet,bacterial,1.7285636e-05,5.8700174e-05,0.8205118,-3.398112e-05
other_cabinet,neither,0.0017372018,0.0016038752,-0.2554283,-3.4055396e-05
other_cabinet,certain,0.019578889,0.019404326,-0.19527078,-3.4087127e-05
DOT,catastrophic,0.000584061,0.0012800886,0.04914856,-3.420875e-05
other_cabinet,ordinarily,0.00048687815,0.00045492873,-1.0716753,-3.4239412e-05
other_cabinet,pending,0.0024833842,0.0013932496,-0.031686783,-3.454286e-05
other_cabinet,indirectly,0.0011293256,0.0009970318,-0.26127052,-3.456447e-05
other_cabinet,mutually,0.00018726115,0.000265014,0.44543362,-3.463374e-05
DOT,routinely,0.0006132641,0.0004923424,-0.28702593,-3.4707664e-05
DOT,universally,0.0,0.00010604294,0.3295412,-3.494552e-05
other_cabinet,nearby,0.00023047531,0.00036083462,0.2683773,-3.4985478e-05
DOT,twice,0.00040884266,0.00021966032,-0.1875081,-3.5473226e-05
DOT,political,0.00035043657,0.00018936236,-0.2237153,-3.603477e-05
DOT,accurate,0.0021026188,0.0021435756,0.8819561,-3.6122077e-05
other_cabinet,foreign,0.0087207025,0.0070393914,-0.021517277,-3.6177236e-05
other_cabinet,instrumental,1.4404697e-05,6.99223e-05,0.657094,-3.6480284e-05
other_cabinet,on-site,0.00016997548,0.00032975766,0.22846317,-3.6504345e-05
other_cabinet,organizational,0.0005848298,0.0007000842,0.31832218,-3.668804e-05
other_cabinet,viable,0.00040621212,0.000506723,0.36634684,-3.6821846e-05
DOT,straightforward,0.00014601524,0.00018936236,0.8563361,-3.71197e-05
other_cabinet,adequate,0.0025698156,0.0030637293,0.075606346,-3.734301e-05
other_cabinet,inclusive,0.0006078772,0.0006681451,0.6290517,-3.79116e-05
other_cabinet,cardiovascular,0.0002103087,0.0004065868,0.19402695,-3.808324e-05
DOT,initially,0.0013725433,0.0014997475,0.30608797,-3.8935683e-05
other_cabinet,dual,0.0005416158,0.0009771778,0.089426994,-3.8950995e-05
other_cabinet,northeastern,0.00044942606,0.00017092114,-0.14252377,-3.969357e-05
DOT,tiered,2.9203049e-05,0.00016663889,0.28922606,-3.9750026e-05
DOT,geographical,0.00029203048,9.8468445e-05,-0.208282,-4.0315488e-05
other_cabinet,paramount,4.0333154e-05,6.387961e-05,1.7185869,-4.0466635e-05
DOT,important,0.005840605,0.0056505445,-0.21326065,-4.0532443e-05
DOT,erroneous,0.00046724876,0.00024995828,-0.18748188,-4.073803e-05
DOT,unitary,8.760915e-05,7.574495e-06,-0.51023674,-4.083662e-05
other_cabinet,expansive,0.00012676131,0.00019336522,0.61983013,-4.128311e-05
other_cabinet,interoperable,0.00019014209,0.00028314223,0.44548464,-4.1430136e-05
other_cabinet,collaborative,0.0003370698,0.00038500558,0.87043715,-4.172509e-05
DOT,consecutive,0.0006424672,0.00019693685,-0.09404755,-4.1901036e-05
DOT,inland,0.00017521829,7.574495e-06,-0.25224876,-4.2287942e-05
other_cabinet,comprehensively,0.00014116603,0.00018732258,0.91745853,-4.234672e-05
DOT,nearly,0.0015477614,0.0012497908,-0.1426487,-4.250512e-05
DOT,analogous,0.00020442133,0.00039387387,0.22845697,-4.3281754e-05
DOT,overwhelmingly,5.8406098e-05,7.574495e-05,2.507566,-4.347832e-05
DOT,traditionally,0.0006424672,0.0004999169,-0.30552483,-4.3552645e-05
other_cabinet,unpaid,0.0004234977,0.00023221076,-0.22769737,-4.3555534e-05
DOT,inadequate,0.0005256549,0.000681705,0.280622,-4.3791104e-05
other_cabinet,willful,0.00023911815,0.00014675058,-0.47902107,-4.424601e-05
DOT,unsafe,0.0016353704,0.0015224708,-0.3938694,-4.4467688e-05
DOT,downward,0.00040884266,0.0002726818,-0.33061886,-4.5017354e-05
DOT,mistakenly,5.8406098e-05,0.00014391541,0.5266247,-4.5031316e-05
other_cabinet,civil,0.0027397973,0.0031371128,0.11434221,-4.542993e-05
other_cabinet,aggressive,7.7785364e-05,0.00013380207,0.8205576,-4.596493e-05
DOT,pivotal,2.9203049e-05,6.0595958e-05,1.4672532,-4.6061345e-05
other_cabinet,categorical,0.0008959702,0.00063102663,-0.17486906,-4.6330435e-05
DOT,economically,0.0013433403,0.0010528552,-0.16112041,-4.680308e-05
DOT,proactive,0.00014601524,0.00018936236,1.0853109,-4.7045098e-05
DOT,commercially,0.0007008733,0.00032570332,-0.12539911,-4.7045985e-05
DOT,through,0.025202177,0.021936381,-0.014467478,-4.7247835e-05
other_cabinet,eventually,0.00030249864,0.00025206528,-0.9399729,-4.740599e-05
other_cabinet,impracticable,0.00082106603,0.0006690083,-0.31711912,-4.8220416e-05
other_cabinet,rare,0.00065973395,0.00081575563,0.30980396,-4.8336133e-05
other_cabinet,golden,0.00016421359,0.0004134928,0.19410658,-4.8386733e-05
other_cabinet,throughout,0.0044828304,0.004851698,0.13284683,-4.9002883e-05
DOT,exceptional,5.8406098e-05,0.00025753278,0.24710178,-4.9204562e-05
DOT,secretarial,0.000116812196,3.029798e-05,-0.5721483,-4.949896e-05
other_cabinet,along,0.0028809686,0.003188913,0.16194153,-4.986898e-05
DOT,conventional,0.0011973252,0.0016588109,0.108940125,-5.027431e-05
DOT,prone,2.9203049e-05,9.089395e-05,0.8204346,-5.0613344e-05
other_cabinet,such,0.057042032,0.057730604,0.073620796,-5.069318e-05
DOT,collaborative,0.00014601524,0.00020451134,0.87043715,-5.0917173e-05
other_cabinet,irrespective,0.00019590398,0.000233074,1.374527,-5.109119e-05
DOT,atmospheric,0.00067167025,0.00087864214,0.24709892,-5.114253e-05
other_cabinet,indirect,0.0027109869,0.0020216827,-0.07458019,-5.140844e-05
other_cabinet,retroactively,0.00021318965,0.00028745848,0.69686365,-5.1755247e-05
other_cabinet,unable,0.0028867307,0.0026760914,-0.24625301,-5.1870567e-05
DOT,foreseeable,0.0007300764,0.00055293844,-0.29286385,-5.1877305e-05
other_cabinet,conditional,0.00071735255,0.00045233898,-0.19588757,-5.1912863e-05
DOT,considerable,0.0005256549,0.0002802563,-0.21218157,-5.2069056e-05
DOT,dual,0.00032123353,0.00090894016,0.089426994,-5.2556836e-05
other_cabinet,pursuant,0.009334266,0.009106218,-0.23074245,-5.2620424e-05
DOT,foreign,0.009929061,0.0074456884,-0.021517277,-5.3435415e-05
other_cabinet,within,0.027065057,0.027207363,0.37651038,-5.357972e-05
DOT,indirect,0.0014309493,0.00071200304,-0.07458019,-5.361915e-05
DOT,severe,0.0009929041,0.0012800886,0.18683052,-5.365483e-05
other_cabinet,investigative,0.00019590398,0.00050413335,0.17430305,-5.3725318e-05
DOT,logistical,2.9203049e-05,0.00014391541,0.47663212,-5.46756e-05
other_cabinet,downward,0.00044942606,0.00028314223,-0.33061886,-5.4976572e-05
other_cabinet,bilateral,0.0003946884,0.00015710939,-0.2345438,-5.572268e-05
DOT,simultaneous,8.760915e-05,0.0001590644,0.7835045,-5.5985503e-05
DOT,nonetheless,0.00040884266,0.00058323645,0.321815,-5.612254e-05
other_cabinet,continuous,0.0013598,0.0014484957,0.6357198,-5.638559e-05
other_cabinet,through,0.041569676,0.03762083,-0.014467478,-5.7129826e-05
other_cabinet,seamless,0.00012676131,0.00016401526,1.5446353,-5.7543766e-05
other_cabinet,responsible,0.0038634054,0.0033261834,-0.10810423,-5.8075973e-05
other_cabinet,low-cost,5.76188e-05,0.0002106299,0.37975597,-5.810688e-05
DOT,continuously,0.0006424672,0.00073472655,0.632082,-5.831549e-05
other_cabinet,beneficial,0.0020252978,0.0016625741,-0.16134119,-5.8522277e-05
other_cabinet,thereafter,0.00065973395,0.0005153552,-0.40569782,-5.8574144e-05
other_cabinet,predominantly,0.00030537957,0.00044111675,0.4339447,-5.890243e-05
other_cabinet,overwhelmingly,7.490443e-05,9.840927e-05,2.507566,-5.8939942e-05
other_cabinet,privately,0.00012676131,0.00020199757,0.78371954,-5.8964124e-05
DOT,likewise,0.0007300764,0.001083153,0.17054701,-6.021615e-05
other_cabinet,unduly,0.00044078327,0.00087445456,0.14133978,-6.1295e-05
other_cabinet,prudent,0.00091901765,0.0007138957,-0.3030777,-6.2167885e-05
DOT,excessive,0.00090529484,0.001083153,0.35713387,-6.351915e-05
other_cabinet,political,0.0008758037,0.0005895921,-0.2237153,-6.402992e-05
DOT,never,0.0011973252,0.00089379115,-0.21414852,-6.500137e-05
DOT,capable,0.002540664,0.0028707224,0.19705772,-6.504056e-05
other_cabinet,maritime,0.00017573737,0.00037378335,0.32963085,-6.528207e-05
DOT,significantly,0.005431763,0.0055445023,0.579576,-6.5341046e-05
DOT,forthcoming,0.000116812196,0.0001590644,1.5584493,-6.584791e-05
DOT,predictable,0.00026282744,0.0004317464,0.3917675,-6.617696e-05
other_cabinet,later,0.005073445,0.0044934135,-0.11453056,-6.643133e-05
other_cabinet,culturally,8.354724e-05,0.0002106299,0.52663326,-6.692595e-05
DOT,thereafter,0.0004380457,0.0002726818,-0.40569782,-6.7087785e-05
other_cabinet,regional,0.0060530007,0.0068546375,0.083752155,-6.713881e-05
other_cabinet,indoor,6.049974e-05,0.00055247365,0.13805199,-6.791797e-05
DOT,unintended,0.0006132641,0.0007725991,0.4264617,-6.795026e-05
other_cabinet,under,0.09463129,0.08400087,-0.006426096,-6.831211e-05
other_cabinet,ample,0.0002708084,0.0003004072,2.308257,-6.832164e-05
DOT,after,0.01848559,0.018035062,-0.1519835,-6.8473e-05
DOT,southern,0.0006424672,0.00024238379,-0.17137623,-6.856478e-05
other_cabinet,hazardous,0.00018149926,0.00054729433,0.18961573,-6.9360496e-05
DOT,aboard,0.00032123353,0.00017421338,-0.47904968,-7.042996e-05
DOT,rarely,0.0004380457,0.00018936236,-0.28399467,-7.062475e-05
other_cabinet,resilient,0.00020742776,0.00048600568,0.25627995,-7.139393e-05
DOT,susceptible,0.00046724876,0.0003029798,-0.43560934,-7.1557086e-05
other_cabinet,akin,8.354724e-05,0.0001156741,2.255962,-7.247697e-05
other_cabinet,inherently,0.00038316468,0.000435074,1.3973427,-7.253512e-05
other_cabinet,higher,0.0090231635,0.009545656,0.13887453,-7.256089e-05
DOT,safely,0.0030079123,0.0037493582,0.09824896,-7.284629e-05
DOT,innovative,0.00037963962,0.0004620444,0.8878002,-7.315899e-05
DOT,precisely,0.00014601524,0.00024995828,0.7109976,-7.390325e-05
other_cabinet,apparent,0.00044078327,0.00034874913,-0.80343676,-7.3943615e-05
other_cabinet,consequently,0.0010428977,0.0010695423,2.780054,-7.407331e-05
other_cabinet,repeatedly,0.0003572363,0.0004083133,1.4679942,-7.498072e-05
other_cabinet,separately,0.003465821,0.0031794163,-0.26233625,-7.513435e-05
DOT,recreational,0.0004380457,0.001424003,0.076305866,-7.5234326e-05
other_cabinet,uninsured,0.00053585396,0.00029436446,-0.31557655,-7.6208424e-05
other_cabinet,genetic,0.00084987533,0.0011532746,0.25233126,-7.655711e-05
other_cabinet,immediate,0.0016795832,0.0019362147,0.3031721,-7.780352e-05
DOT,each,0.033320487,0.029678417,-0.021382093,-7.787506e-05
DOT,several,0.011739677,0.011997931,0.303411,-7.835707e-05
DOT,realistic,0.0004964518,0.0006741305,0.44545698,-7.914822e-05
DOT,comprehensively,8.760915e-05,0.00017421338,0.91745853,-7.9455785e-05
DOT,educational,8.760915e-05,0.00021966032,0.60213614,-7.951278e-05
other_cabinet,pelagic,0.0012503247,0.00025292853,-0.08099413,-8.078323e-05
other_cabinet,high-risk,0.0004724735,0.0006612393,0.42834568,-8.085702e-05
other_cabinet,postal,0.0006914242,0.00028832172,-0.20138884,-8.118033e-05
DOT,optimal,8.760915e-05,0.00024238379,0.5312476,-8.2223654e-05
DOT,regardless,0.0038547998,0.004385612,0.15496397,-8.225677e-05
other_cabinet,careful,0.00039756933,0.0004721937,1.1377001,-8.490016e-05
DOT,thereof,0.00087609177,0.00071957754,-0.5428128,-8.495793e-05
other_cabinet,unfair,0.00028233213,0.00075446704,0.18035316,-8.515103e-05
other_cabinet,real-time,0.0007519237,0.0008666856,0.74552536,-8.555789e-05
other_cabinet,pivotal,4.0333154e-05,9.927251e-05,1.4672532,-8.647896e-05
other_cabinet,nonnative,0.0006136391,0.00043248426,-0.47937155,-8.684046e-05
other_cabinet,promptly,0.00048687815,0.00058786565,0.86917067,-8.777537e-05
other_cabinet,every,0.0036386838,0.0041230423,0.18163061,-8.797433e-05
DOT,discriminatory,0.0007008733,8.331945e-05,-0.14254951,-8.803201e-05
DOT,detrimental,0.00020442133,0.00055293844,0.25624132,-8.930448e-05
DOT,incremental,0.002423852,0.0015982153,-0.10829544,-8.9412686e-05
other_cabinet,explicitly,0.0017977013,0.0019577958,0.56073713,-8.977091e-05
DOT,automatically,0.0010513101,0.0012497908,0.45490122,-9.02891e-05
other_cabinet,surgical,0.0021808743,0.0025483177,0.24580145,-9.03181e-05
other_cabinet,flexible,0.0006453293,0.0007259808,1.1212482,-9.043034e-05
other_cabinet,indeed,0.0007404,0.00062671053,-0.79909754,-9.084897e-05
other_cabinet,again,0.001480799,0.0013794381,-0.89974165,-9.119868e-05
DOT,highly,0.0015185584,0.0022496178,0.12511492,-9.146644e-05
other_cabinet,historic,0.0005704251,0.0008364729,0.34384012,-9.14779e-05
DOT,contiguous,0.0011973252,6.0595958e-05,-0.080951214,-9.201961e-05
other_cabinet,behavioral,0.0024488117,0.0036378477,0.07753849,-9.219606e-05
other_cabinet,roughly,0.00056466326,0.0006474278,1.1261063,-9.320167e-05
other_cabinet,virtual,0.00065109116,0.0011929827,0.17231941,-9.3378425e-05
DOT,alike,2.9203049e-05,6.8170455e-05,2.4009795,-9.3559946e-05
DOT,remedial,8.760915e-05,0.00035600134,0.34927702,-9.374323e-05
other_cabinet,monetary,0.0011062782,0.0012844839,0.52719307,-9.394885e-05
other_cabinet,widespread,0.00050416373,0.0006163519,0.83750343,-9.395798e-05
DOT,markedly,0.0,5.3021464e-05,1.7763515,-9.4184754e-05
other_cabinet,consistent,0.021031171,0.019012794,-0.046833992,-9.452866e-05
DOT,partially,0.00032123353,0.00057566195,0.3738246,-9.51116e-05
other_cabinet,chronic,0.0016334883,0.0022090266,0.16592312,-9.54951e-05
DOT,substantial,0.002248634,0.0027192335,0.20347214,-9.575391e-05
DOT,attributable,0.000963701,0.00070442853,-0.37308073,-9.672956e-05
DOT,formerly,0.0013433403,0.00037115035,-0.09950447,-9.673725e-05
DOT,on-site,2.9203049e-05,0.0004544699,0.22846317,-9.715782e-05
other_cabinet,recently,0.0019042958,0.0017480329,-0.6286802,-9.823939e-05
DOT,administratively,0.00032123353,6.0595958e-05,-0.38040066,-9.914671e-05
DOT,physical,0.0043220483,0.0036130182,-0.14318085,-0.00010151953
DOT,overly,0.00087609177,0.0009468127,1.4692168,-0.00010390435
other_cabinet,uncompensated,0.0008930893,0.00056973804,-0.3224554,-0.00010426636
other_cabinet,severe,0.0013309907,0.0018921905,0.18683052,-0.00010484926
other_cabinet,compliant,0.00067990046,0.00086927525,0.55763006,-0.00010560107
other_cabinet,urgent,0.0002794512,0.00046269796,0.5771127,-0.000105754036
DOT,higher,0.007768004,0.008536409,0.13887453,-0.00010671181
DOT,respectively,0.002336243,0.00215115,-0.5869889,-0.00010864749
other_cabinet,reproductive,0.0008008995,0.0014588543,0.16532707,-0.000108777735
DOT,tentatively,0.0009929041,0.00074230105,-0.4356408,-0.0001091729
DOT,systematically,2.9203049e-05,9.8468445e-05,1.6093631,-0.00011147318
other_cabinet,attributable,0.0013713237,0.0010712687,-0.37308073,-0.00011194475
DOT,unlawfully,0.00046724876,5.3021464e-05,-0.2731285,-0.00011313728
DOT,categorical,0.0018981976,0.0012497908,-0.17486906,-0.00011338629
DOT,seamless,0.00055485795,0.0006286835,1.5446353,-0.00011403352
other_cabinet,vulnerable,0.00093918416,0.0011955723,0.45720482,-0.0001172219
DOT,organizational,0.00014601524,0.0005150659,0.31832218,-0.00011747701
other_cabinet,impractical,0.00017285642,0.00029263797,0.9835191,-0.00011780743
DOT,electronically,0.002569867,0.001931491,-0.18774223,-0.000119850156
other_cabinet,inherent,0.00046094978,0.00060513004,0.8354783,-0.00012045948
other_cabinet,appropriately,0.003220932,0.0026061612,-0.19623804,-0.00012064144
DOT,aeronautical,0.0010805131,0.002999488,0.06338024,-0.0001216251
DOT,separately,0.0019274006,0.0014618753,-0.26233625,-0.00012212417
DOT,repeatedly,0.00020442133,0.0002878308,1.4679942,-0.00012244462
other_cabinet,credible,0.00049264,0.0012741253,0.15718937,-0.00012284119
DOT,simultaneously,0.0006424672,0.00076502457,1.0061202,-0.00012330747
other_cabinet,inactive,0.0005704251,0.00017351084,-0.31539536,-0.00012518492
other_cabinet,feasible,0.0013770856,0.0023117636,0.13463545,-0.00012584079
DOT,accountable,0.00020442133,0.0013709819,0.10889053,-0.00012702741
other_cabinet,adaptive,0.00046094978,0.00068540947,0.5680337,-0.00012750067
other_cabinet,supreme,0.0018841292,0.0009167523,-0.13331318,-0.0001289641
other_cabinet,restrictive,0.00080378045,0.0010522779,0.52007675,-0.00012923773
DOT,unfair,0.0011097161,0.0018557465,0.18035316,-0.00013454894
DOT,acceptable,0.003942409,0.004908249,0.13957548,-0.00013480755
other_cabinet,spatial,0.0011293256,0.0004368005,-0.19592094,-0.00013568017
DOT,hazardous,0.011622863,0.012338781,0.18961573,-0.00013574929
other_cabinet,fully,0.003843238,0.0041161356,0.49917173,-0.00013622273
other_cabinet,in-person,0.00040909305,0.0012275114,0.16653728,-0.00013629718
DOT,concurrently,0.000116812196,0.00040902288,0.46776867,-0.000136687
DOT,toxic,0.00067167025,0.00036357585,-0.452734,-0.00013948481
DOT,predominantly,0.000116812196,0.0004393209,0.4339447,-0.00013995093
other_cabinet,reflective,0.00023335626,0.0003444329,1.2657447,-0.00014059465
other_cabinet,environmental,0.0051858057,0.0054733,0.49078465,-0.00014109771
DOT,irrespective,0.000116812196,0.00021966032,1.374527,-0.00014136752
other_cabinet,global,0.0014462279,0.0022038466,0.18691206,-0.00014160806
DOT,continuous,0.0013141372,0.0015376197,0.6357198,-0.00014207224
DOT,federally,0.00029203048,0.0006589815,0.39919567,-0.00014648525
DOT,nevertheless,0.00020442133,0.0004620444,0.5748153,-0.00014808569
other_cabinet,occupational,0.0020080116,0.0022927702,0.5219183,-0.00014862073
DOT,upstream,0.00090529484,0.00042417189,-0.31552172,-0.00015180474
other_cabinet,though,0.0026821764,0.0022012566,-0.31745338,-0.00015266963
DOT,agricultural,0.0006424672,0.0011437485,0.30575323,-0.0001532684
DOT,successful,0.00035043657,0.0008256206,0.32437086,-0.00015413585
DOT,subjective,0.000116812196,0.0005226404,0.37981892,-0.00015414123
DOT,capricious,0.0008468887,0.00013634092,-0.22071648,-0.0001568296
DOT,supreme,0.0013433403,0.0001514899,-0.13331318,-0.00015888936
DOT,accessible,0.0014017463,0.0016663853,0.6078906,-0.00016087158
other_cabinet,efficient,0.0023969528,0.002585441,0.8539386,-0.00016095741
DOT,flexible,0.0008468887,0.0009922596,1.1212482,-0.00016299686
DOT,reflective,0.00020442133,0.00033327783,1.2657447,-0.00016309942
other_cabinet,electronically,0.0022586626,0.0013846174,-0.18774223,-0.0001640952
other_cabinet,unsafe,0.0006856623,0.000265014,-0.3938694,-0.0001656805
DOT,monetary,0.000584061,0.00090136565,0.52719307,-0.0001672808
DOT,plausible,0.0004380457,0.00010604294,-0.5060549,-0.00016801161
DOT,either,0.005811402,0.007051817,0.13584232,-0.00016850086
other_cabinet,adverse,0.0038662865,0.004849108,0.17381048,-0.00017082467
other_cabinet,vital,0.0005128065,0.0006569232,1.2141218,-0.00017497523
DOT,adaptive,2.9203049e-05,0.00034085233,0.5680337,-0.0001770273
other_cabinet,technological,0.00069718604,0.0008968983,0.89392805,-0.00017852837
DOT,already,0.009403398,0.010286106,0.20412397,-0.00018018177
DOT,subsequently,0.0011973252,0.0017951509,0.31388712,-0.0001876498
DOT,efficiently,0.00032123353,0.000636258,0.5988655,-0.00018865729
other_cabinet,mental,0.002103086,0.0028427152,0.25837994,-0.00019110533
DOT,upfront,0.0013433403,0.00031055431,-0.18745995,-0.000193606
other_cabinet,crucial,0.00031114143,0.00038673208,2.5747695,-0.0001946285
DOT,before,0.009695433,0.011467719,0.11291695,-0.00020012117
DOT,electronic,0.009198974,0.010127042,0.21784115,-0.00020217152
DOT,traditional,0.0014309493,0.0020526822,0.32855606,-0.00020427411
DOT,critical,0.00782641,0.008256154,0.48126984,-0.00020682278
other_cabinet,competitive,0.0008758037,0.0015451763,0.31004906,-0.00020753832
DOT,adequately,0.0014893553,0.0021360011,0.32380104,-0.00020938458
DOT,insufficient,0.0012557312,0.0014997475,0.8667512,-0.0002115014
DOT,practicable,0.0038840028,0.003491827,-0.5397997,-0.00021169634
other_cabinet,numerous,0.0014894418,0.0019267193,0.48841572,-0.00021357319
DOT,visual,0.0031831304,0.005400588,0.09716749,-0.00021546478
other_cabinet,typically,0.0033649844,0.0038908052,0.41497374,-0.0002182018
DOT,sufficient,0.005782199,0.007082115,0.16909933,-0.0002198149
DOT,simply,0.0028618972,0.00235566,-0.43609858,-0.0002207693
DOT,originally,0.0011681222,0.0015148964,0.6379051,-0.00022120906
other_cabinet,cost-effective,0.00033130794,0.000726844,0.57448864,-0.00022723098
other_cabinet,various,0.004526046,0.004854288,0.6962924,-0.00022855231
DOT,structural,0.0016937765,0.0025374468,0.27130795,-0.00022889447
other_cabinet,after,0.025408188,0.023882793,-0.1519835,-0.00023183481
other_cabinet,accessible,0.0013914902,0.0017782456,0.6078906,-0.00023510493
other_cabinet,relevant,0.011079898,0.012201278,0.21046972,-0.00023601642
other_cabinet,both,0.017253509,0.018015854,0.32539582,-0.00024806397
DOT,beyond,0.0050229207,0.005794459,0.32397795,-0.00024996142
DOT,potentially,0.0033875515,0.004029613,0.40379047,-0.0002592583
DOT,eligible,0.006015823,0.0036584649,-0.11148882,-0.00026281909
DOT,equitable,0.000116812196,0.0002651073,1.8031769,-0.00026740227
other_cabinet,ecological,0.0005704251,0.000805397,1.1390953,-0.00026765536
other_cabinet,strategic,0.0008556372,0.0011774447,0.8442688,-0.00027169206
DOT,all,0.040650327,0.04613605,0.04999447,-0.0002742559
other_cabinet,responsive,0.00050704466,0.000848558,0.817636,-0.0002792336
other_cabinet,legal,0.005949283,0.0065671466,0.45834208,-0.0002831929
DOT,confidential,0.0068919137,0.004438633,-0.11828041,-0.00029017503
DOT,supplementary,0.00014601524,0.00021208583,4.4312105,-0.00029277266
DOT,marginal,0.0007300764,0.00018936236,-0.5426755,-0.00029343224
DOT,impractical,0.0006132641,0.00092408917,0.9835191,-0.0003057024
DOT,promptly,0.00032123353,0.0006741305,0.86917067,-0.0003067277
DOT,closely,0.0007008733,0.0013103863,0.5117011,-0.0003118885
DOT,useful,0.0016353704,0.0011134507,-0.59807825,-0.00031214883
other_cabinet,nationwide,0.00080378045,0.0012439126,0.7147403,-0.0003145802
DOT,otherwise,0.005636184,0.0049688444,-0.4725604,-0.0003153583
other_cabinet,cultural,0.00056466326,0.0009797674,0.76216555,-0.00031637808
other_cabinet,accurately,0.0020051305,0.00221507,1.5195274,-0.00031900872
other_cabinet,unique,0.0028924928,0.0035057573,0.5314102,-0.00032589503
DOT,minimal,0.0012849342,0.001848172,0.582284,-0.00032796434
other_cabinet,undue,0.0007029479,0.0009866732,1.1563683,-0.0003280909
DOT,indeed,0.000963701,0.00055293844,-0.79909754,-0.00032823934
other_cabinet,therefore,0.021290507,0.0205358,-0.447721,-0.00033789797
DOT,older,0.00230704,0.001219493,-0.31325102,-0.00034067518
other_cabinet,generally,0.012223489,0.011559819,-0.51684713,-0.00034301582
other_cabinet,agricultural,0.0014145377,0.0025552243,0.30575323,-0.00034876863
DOT,manually,0.0029203033,0.00037872486,-0.1425066,-0.0003621917
DOT,sufficiently,0.0010513101,0.0017648531,0.5078006,-0.00036233757
DOT,directly,0.0045264694,0.005756587,0.31893206,-0.00039232388
DOT,ample,0.000116812196,0.0002878308,2.308257,-0.0003947549
DOT,currently,0.01699626,0.015467027,-0.26056004,-0.00039845714
DOT,ancillary,0.0006132641,0.0042795697,0.10892439,-0.0003993501
other_cabinet,applicable,0.022811946,0.020428862,-0.178298,-0.00042489896
DOT,herein,0.0004380457,0.0008180461,1.1389046,-0.00043278417
DOT,unique,0.0030371153,0.003862975,0.5314102,-0.00043887022
DOT,typically,0.0022194309,0.003287317,0.41497374,-0.0004431447
DOT,helpful,0.0018397915,0.0014088542,-1.0904422,-0.0004699123
DOT,real-time,0.0004964518,0.0011664719,0.74552536,-0.00049951696
DOT,redundant,0.0015185584,0.00228749,0.65143585,-0.0005009097
other_cabinet,protective,0.00074616185,0.0012301011,1.035121,-0.00050093565
DOT,crucial,0.00035043657,0.00054536393,2.5747695,-0.000501893
other_cabinet,eligible,0.0188758,0.014357891,-0.11148882,-0.0005036963
DOT,less,0.011506049,0.010354276,-0.4560027,-0.0005252117
DOT,fully,0.0028911002,0.003946294,0.49917173,-0.0005267229
other_cabinet,renal,0.0007317572,0.0011144297,1.39397,-0.0005334339
DOT,timely,0.0012265282,0.001931491,0.7637458,-0.00053841237
other_cabinet,diverse,0.0005214493,0.00072511757,2.7431707,-0.0005586968
DOT,such,0.039569832,0.048271783,0.073620796,-0.0006406445
DOT,undue,0.0004380457,0.0010074085,1.1563683,-0.000658393
other_cabinet,sustainable,0.00050704466,0.00083043036,2.044292,-0.0006610948
DOT,strategic,0.00029203048,0.001083153,0.8442688,-0.00066792
DOT,actually,0.004234439,0.0024011068,-0.3919878,-0.00071864395
other_cabinet,scientific,0.0038029035,0.004969975,0.6339507,-0.0007398658
DOT,pertinent,0.00040884266,0.0009468127,1.3933258,-0.00074956747
DOT,inadvertently,0.0007008733,0.0011967696,1.533329,-0.0007603722
other_cabinet,several,0.01158688,0.014095437,0.303411,-0.00076112367
DOT,particularly,0.002453055,0.0034312315,0.79491854,-0.00077757065
other_cabinet,equitable,0.00046094978,0.00090553047,1.8031769,-0.0008016576
DOT,within,0.0208802,0.023027236,0.37651038,-0.00080838124
DOT,pursuant,0.010717555,0.0065140314,-0.23074245,-0.0009699313
DOT,though,0.007096335,0.0038402516,-0.31745338,-0.0010336547
other_cabinet,critical,0.007819081,0.010527269,0.48126984,-0.0013033693
DOT,practical,0.0034459576,0.005809608,0.7045741,-0.0016653668
DOT,available,0.03311607,0.022156067,-0.22741914,-0.0024925142
other_cabinet,long-term,0.0030394262,0.0056364704,1.1373734,-0.0029538092
DOT,additionally,0.0014601523,0.009505938,1.0586321,-0.008517527
