time,region,tw_max,lat,lon,date
2023-05-01 12:00:00,Persian Gulf,26.161672216235047,26.0,57.0,2023-05-01
2023-05-02 18:00:00,Persian Gulf,26.762984944297614,26.0,56.75,2023-05-02
2023-05-03 18:00:00,Persian Gulf,24.867135423848254,24.5,56.75,2023-05-03
2023-05-04 18:00:00,Persian Gulf,25.21021024001584,25.0,56.5,2023-05-04
2023-05-05 18:00:00,Persian Gulf,26.57633514084978,24.0,57.0,2023-05-05
2023-05-06 18:00:00,Persian Gulf,26.155065854718373,26.5,55.25,2023-05-06
2023-05-07 12:00:00,Persian Gulf,26.339428968091397,26.5,57.0,2023-05-07
2023-05-08 18:00:00,Persian Gulf,27.001544306166238,25.75,56.75,2023-05-08
2023-05-09 18:00:00,Persian Gulf,27.011110090166937,24.75,56.75,2023-05-09
2023-05-10 18:00:00,Persian Gulf,27.859515896806727,24.5,57.0,2023-05-10
2023-05-11 18:00:00,Persian Gulf,27.87317693926684,24.75,56.75,2023-05-11
2023-05-12 18:00:00,Persian Gulf,28.28150702327963,26.0,56.75,2023-05-12
2023-05-13 18:00:00,Persian Gulf,28.444141805478864,26.25,57.0,2023-05-13
2023-05-14 12:00:00,Persian Gulf,28.788808223509193,26.0,56.75,2023-05-14
2023-05-15 12:00:00,Persian Gulf,29.12285641836445,26.0,56.75,2023-05-15
2023-05-16 12:00:00,Persian Gulf,26.42091722712445,24.5,57.0,2023-05-16
2023-05-17 12:00:00,Persian Gulf,28.08605284998879,26.0,56.75,2023-05-17
2023-05-18 18:00:00,Persian Gulf,28.696976190584508,24.5,57.0,2023-05-18
2023-05-19 12:00:00,Persian Gulf,29.057126233880467,24.75,56.75,2023-05-19
2023-05-20 12:00:00,Persian Gulf,29.486843515827843,24.25,57.0,2023-05-20
2023-05-21 18:00:00,Persian Gulf,28.675388460875865,26.25,57.0,2023-05-21
2023-05-22 18:00:00,Persian Gulf,28.079658059317637,25.75,55.5,2023-05-22
2023-05-23 18:00:00,Persian Gulf,29.077538349921383,24.75,56.75,2023-05-23
2023-05-24 18:00:00,Persian Gulf,28.826788760416605,24.25,57.0,2023-05-24
2023-05-25 12:00:00,Persian Gulf,29.068950246744407,24.75,56.75,2023-05-25
2023-05-26 12:00:00,Persian Gulf,29.94117894461209,24.75,56.75,2023-05-26
2023-05-27 12:00:00,Persian Gulf,28.832515889938406,26.0,56.75,2023-05-27
2023-05-28 12:00:00,Persian Gulf,29.01630339980403,24.75,56.75,2023-05-28
2023-05-29 12:00:00,Persian Gulf,28.820839648246817,26.0,57.0,2023-05-29
2023-05-30 18:00:00,Persian Gulf,29.41107323790601,25.0,56.75,2023-05-30
2023-05-31 12:00:00,Persian Gulf,30.615517441424743,24.25,57.0,2023-05-31
2023-06-01 12:00:00,Persian Gulf,30.072410575533297,26.0,56.75,2023-06-01
2023-06-02 12:00:00,Persian Gulf,29.910542874829616,24.5,57.0,2023-06-02
2023-06-03 18:00:00,Persian Gulf,28.324227376554802,25.5,56.5,2023-06-03
2023-06-04 18:00:00,Persian Gulf,29.355337891860586,24.5,57.0,2023-06-04
2023-06-05 18:00:00,Persian Gulf,29.87611263856263,24.75,56.75,2023-06-05
2023-06-06 18:00:00,Persian Gulf,30.010895122809245,25.75,56.75,2023-06-06
2023-06-07 18:00:00,Persian Gulf,30.145047783061273,26.0,56.75,2023-06-07
2023-06-08 12:00:00,Persian Gulf,29.423487304457467,24.75,51.75,2023-06-08
2023-06-09 12:00:00,Persian Gulf,29.57147102326377,24.25,51.75,2023-06-09
2023-06-10 18:00:00,Persian Gulf,30.19804804915475,24.5,57.0,2023-06-10
2023-06-11 18:00:00,Persian Gulf,30.08122039235724,25.75,56.75,2023-06-11
2023-06-12 18:00:00,Persian Gulf,30.901257027529653,25.75,56.75,2023-06-12
2023-06-13 12:00:00,Persian Gulf,30.881465930829393,26.0,56.75,2023-06-13
2023-06-14 18:00:00,Persian Gulf,31.15509894214398,24.75,56.75,2023-06-14
2023-06-15 12:00:00,Persian Gulf,30.28853580227434,27.0,56.5,2023-06-15
2023-06-16 18:00:00,Persian Gulf,30.366589702654665,24.5,56.75,2023-06-16
2023-06-17 18:00:00,Persian Gulf,30.280174733588183,25.0,56.75,2023-06-17
2023-06-18 12:00:00,Persian Gulf,29.79763315994927,24.0,57.0,2023-06-18
2023-06-19 18:00:00,Persian Gulf,30.206356104715894,26.75,57.0,2023-06-19
2023-06-20 12:00:00,Persian Gulf,30.74190464990096,27.0,56.5,2023-06-20
2023-06-21 18:00:00,Persian Gulf,31.170734706298674,26.0,56.75,2023-06-21
2023-06-22 18:00:00,Persian Gulf,31.016657972724147,26.0,56.75,2023-06-22
2023-06-23 18:00:00,Persian Gulf,30.860528627877386,25.5,56.5,2023-06-23
2023-06-24 18:00:00,Persian Gulf,30.347145287596334,27.0,56.5,2023-06-24
2023-06-25 12:00:00,Persian Gulf,30.57181721930516,25.75,55.75,2023-06-25
2023-06-26 12:00:00,Persian Gulf,30.76755984949574,25.5,55.25,2023-06-26
2023-06-27 12:00:00,Persian Gulf,30.84156605394554,25.25,55.0,2023-06-27
2023-06-28 12:00:00,Persian Gulf,31.270237692651335,25.5,55.25,2023-06-28
2023-06-29 18:00:00,Persian Gulf,30.44660304584619,24.0,57.0,2023-06-29
2023-06-30 12:00:00,Persian Gulf,31.205358794430822,24.75,56.5,2023-06-30
2023-07-01 12:00:00,Persian Gulf,31.372432036981877,24.5,56.75,2023-07-01
2023-07-02 06:00:00,Persian Gulf,30.30429146702602,24.5,56.75,2023-07-02
2023-07-03 12:00:00,Persian Gulf,30.530869213253084,25.5,55.5,2023-07-03
2023-07-04 18:00:00,Persian Gulf,30.390292690318176,27.0,56.5,2023-07-04
2023-07-05 18:00:00,Persian Gulf,31.017620908795948,26.75,57.0,2023-07-05
2023-07-06 18:00:00,Persian Gulf,31.8611927401206,26.5,55.5,2023-07-06
2023-07-07 12:00:00,Persian Gulf,31.79842121027923,25.5,55.25,2023-07-07
2023-07-08 12:00:00,Persian Gulf,31.22513080378053,26.5,54.25,2023-07-08
2023-07-09 18:00:00,Persian Gulf,31.192520980404936,26.75,55.5,2023-07-09
2023-07-10 12:00:00,Persian Gulf,31.902698464212335,25.75,55.75,2023-07-10
2023-07-11 12:00:00,Persian Gulf,31.08831480134171,24.5,53.75,2023-07-11
2023-07-12 12:00:00,Persian Gulf,30.6820133373584,25.5,52.75,2023-07-12
2023-07-13 18:00:00,Persian Gulf,31.348621983908572,25.75,55.5,2023-07-13
2023-07-14 12:00:00,Persian Gulf,32.217085950436854,25.75,55.75,2023-07-14
2023-07-15 18:00:00,Persian Gulf,31.772655933791498,24.25,52.0,2023-07-15
2023-07-16 12:00:00,Persian Gulf,31.937674910022736,25.0,51.75,2023-07-16
2023-07-17 12:00:00,Persian Gulf,31.073350158915673,25.0,51.75,2023-07-17
2023-07-18 12:00:00,Persian Gulf,31.846196382860285,25.5,55.5,2023-07-18
2023-07-19 12:00:00,Persian Gulf,31.19053970407839,27.0,56.5,2023-07-19
2023-07-20 12:00:00,Persian Gulf,31.40835005250733,26.75,53.25,2023-07-20
2023-07-21 12:00:00,Persian Gulf,31.942670687461316,25.25,55.0,2023-07-21
2023-07-22 12:00:00,Persian Gulf,32.08497843778639,25.0,54.75,2023-07-22
2023-07-23 12:00:00,Persian Gulf,31.994912683093617,25.0,54.75,2023-07-23
2023-07-24 12:00:00,Persian Gulf,31.596306590665108,24.75,54.5,2023-07-24
2023-07-25 12:00:00,Persian Gulf,32.315592748574204,25.25,55.0,2023-07-25
2023-07-26 12:00:00,Persian Gulf,31.865545178279774,28.25,48.75,2023-07-26
2023-07-27 12:00:00,Persian Gulf,31.624578025778533,24.5,52.5,2023-07-27
2023-07-28 18:00:00,Persian Gulf,31.479792329470797,28.25,49.25,2023-07-28
2023-07-29 12:00:00,Persian Gulf,31.249037779925516,25.5,55.5,2023-07-29
2023-07-30 12:00:00,Persian Gulf,31.979567902653514,24.25,51.75,2023-07-30
2023-07-31 12:00:00,Persian Gulf,31.778670378562765,24.25,51.75,2023-07-31
2023-08-01 12:00:00,Persian Gulf,32.07379700342619,25.0,51.75,2023-08-01
2023-08-02 18:00:00,Persian Gulf,31.964642996093744,29.75,50.0,2023-08-02
2023-08-03 18:00:00,Persian Gulf,31.77376411929663,26.5,55.5,2023-08-03
2023-08-04 12:00:00,Persian Gulf,32.243892989689414,25.5,55.25,2023-08-04
2023-08-05 12:00:00,Persian Gulf,32.79701724286497,25.0,54.75,2023-08-05
2023-08-06 18:00:00,Persian Gulf,32.39686806133966,24.5,52.5,2023-08-06
2023-08-07 12:00:00,Persian Gulf,31.945588814757286,26.5,55.5,2023-08-07
2023-08-08 18:00:00,Persian Gulf,31.658612726613683,26.5,54.0,2023-08-08
2023-08-09 18:00:00,Persian Gulf,31.427091509475872,29.75,50.0,2023-08-09
2023-08-10 18:00:00,Persian Gulf,31.571208602182708,29.25,50.5,2023-08-10
2023-08-11 18:00:00,Persian Gulf,31.54753123972648,25.75,50.5,2023-08-11
2023-08-12 12:00:00,Persian Gulf,32.04457848439853,25.25,50.75,2023-08-12
2023-08-13 12:00:00,Persian Gulf,32.153783554129916,29.25,48.25,2023-08-13
2023-08-14 12:00:00,Persian Gulf,31.884998524679077,25.0,51.75,2023-08-14
2023-08-15 12:00:00,Persian Gulf,31.724947707160823,25.25,50.75,2023-08-15
2023-08-16 12:00:00,Persian Gulf,32.35748687671793,25.25,50.75,2023-08-16
2023-08-17 12:00:00,Persian Gulf,32.190125007215386,29.25,48.25,2023-08-17
2023-08-18 12:00:00,Persian Gulf,32.10193082322144,29.25,48.25,2023-08-18
2023-08-19 12:00:00,Persian Gulf,32.203937067917195,29.25,48.25,2023-08-19
2023-08-20 12:00:00,Persian Gulf,31.443699397956152,30.0,49.25,2023-08-20
2023-08-21 12:00:00,Persian Gulf,31.432700665641505,29.25,50.75,2023-08-21
2023-08-22 12:00:00,Persian Gulf,32.11498384824847,29.25,48.25,2023-08-22
2023-08-23 18:00:00,Persian Gulf,32.209013573575135,26.75,55.75,2023-08-23
2023-08-24 12:00:00,Persian Gulf,32.6252667040568,28.0,51.25,2023-08-24
2023-08-25 12:00:00,Persian Gulf,32.057319757554865,25.25,55.0,2023-08-25
2023-08-26 18:00:00,Persian Gulf,31.975508114313925,24.25,54.0,2023-08-26
2023-08-27 12:00:00,Persian Gulf,32.04094763364088,25.75,55.5,2023-08-27
2023-08-28 12:00:00,Persian Gulf,31.399830903638986,25.25,55.0,2023-08-28
2023-08-29 18:00:00,Persian Gulf,31.306279361091754,29.5,48.75,2023-08-29
2023-08-30 12:00:00,Persian Gulf,31.190605999704985,24.25,51.75,2023-08-30
2023-08-31 12:00:00,Persian Gulf,30.5844589827891,27.25,52.5,2023-08-31
2023-09-01 12:00:00,Persian Gulf,30.814692384522118,25.5,55.5,2023-09-01
2023-09-02 18:00:00,Persian Gulf,30.298653413616023,27.25,49.5,2023-09-02
2023-09-03 18:00:00,Persian Gulf,30.34572113993562,29.75,48.5,2023-09-03
2023-09-04 12:00:00,Persian Gulf,30.697718113086125,29.0,51.0,2023-09-04
2023-09-05 12:00:00,Persian Gulf,31.657673126507348,27.75,49.0,2023-09-05
2023-09-06 12:00:00,Persian Gulf,32.035106195128776,29.25,50.75,2023-09-06
2023-09-07 06:00:00,Persian Gulf,32.016450668307016,30.25,48.75,2023-09-07
2023-09-08 12:00:00,Persian Gulf,32.11629793174285,26.0,51.0,2023-09-08
2023-09-09 12:00:00,Persian Gulf,31.85204741989685,27.75,49.0,2023-09-09
2023-09-10 12:00:00,Persian Gulf,30.7972902843851,27.25,52.5,2023-09-10
2023-09-11 12:00:00,Persian Gulf,31.05259427718073,29.25,50.75,2023-09-11
2023-09-12 12:00:00,Persian Gulf,30.994584096151243,25.25,50.75,2023-09-12
2023-09-13 12:00:00,Persian Gulf,30.868334787328934,27.25,49.75,2023-09-13
2023-09-14 18:00:00,Persian Gulf,31.24952026888252,25.25,52.0,2023-09-14
2023-09-15 18:00:00,Persian Gulf,31.056932383765343,24.0,53.5,2023-09-15
2023-09-16 12:00:00,Persian Gulf,30.453807281312493,25.25,55.0,2023-09-16
2023-09-17 12:00:00,Persian Gulf,30.31422518674475,25.5,55.5,2023-09-17
2023-09-18 12:00:00,Persian Gulf,30.40596190595221,24.75,55.0,2023-09-18
2023-09-19 12:00:00,Persian Gulf,30.807333305583995,25.0,54.75,2023-09-19
2023-09-20 18:00:00,Persian Gulf,31.124244702733847,24.25,54.0,2023-09-20
2023-09-21 18:00:00,Persian Gulf,30.651206509345855,26.5,54.25,2023-09-21
2023-09-22 18:00:00,Persian Gulf,30.555587731583557,26.75,53.75,2023-09-22
2023-09-23 12:00:00,Persian Gulf,30.799954726509327,25.75,55.75,2023-09-23
2023-09-24 12:00:00,Persian Gulf,30.458960879643087,25.0,51.75,2023-09-24
2023-09-25 12:00:00,Persian Gulf,29.703513498743234,24.75,54.5,2023-09-25
2023-09-26 18:00:00,Persian Gulf,30.17874582599825,26.0,55.5,2023-09-26
2023-09-27 12:00:00,Persian Gulf,29.90343469808488,25.75,50.5,2023-09-27
2023-09-28 06:00:00,Persian Gulf,30.07488563827428,24.75,51.5,2023-09-28
2023-09-29 12:00:00,Persian Gulf,29.093556570536578,24.5,54.25,2023-09-29
2023-09-30 06:00:00,Persian Gulf,28.364237337159636,24.5,54.0,2023-09-30
2024-05-01 12:00:00,Persian Gulf,27.298732252572847,24.75,56.5,2024-05-01
2024-05-02 06:00:00,Persian Gulf,27.00619841013622,26.0,57.0,2024-05-02
2024-05-03 12:00:00,Persian Gulf,26.21921071535843,24.0,52.0,2024-05-03
2024-05-04 12:00:00,Persian Gulf,27.220150477437755,24.5,53.5,2024-05-04
2024-05-05 18:00:00,Persian Gulf,26.726247882547966,24.25,57.0,2024-05-05
2024-05-06 18:00:00,Persian Gulf,27.403205476978428,24.5,57.0,2024-05-06
2024-05-07 18:00:00,Persian Gulf,28.512647927409603,24.25,57.0,2024-05-07
2024-05-08 18:00:00,Persian Gulf,28.041120689374452,25.75,56.75,2024-05-08
2024-05-09 12:00:00,Persian Gulf,27.679448539092675,24.75,56.75,2024-05-09
2024-05-10 18:00:00,Persian Gulf,26.12596118262445,25.75,56.75,2024-05-10
2024-05-11 18:00:00,Persian Gulf,26.73292728865306,24.75,56.75,2024-05-11
2024-05-12 18:00:00,Persian Gulf,28.009464068411035,24.0,57.0,2024-05-12
2024-05-13 06:00:00,Persian Gulf,27.43432870506996,24.0,57.0,2024-05-13
2024-05-14 12:00:00,Persian Gulf,27.839495611618474,25.25,57.0,2024-05-14
2024-05-15 18:00:00,Persian Gulf,28.357264800230723,24.75,56.75,2024-05-15
2024-05-16 18:00:00,Persian Gulf,28.486372498644243,24.75,56.75,2024-05-16
2024-05-17 18:00:00,Persian Gulf,28.77251315934012,26.0,57.0,2024-05-17
2024-05-18 18:00:00,Persian Gulf,28.832537856265503,26.0,56.75,2024-05-18
2024-05-19 12:00:00,Persian Gulf,28.677665223358872,24.75,56.75,2024-05-19
2024-05-20 18:00:00,Persian Gulf,27.058581532746473,24.25,57.0,2024-05-20
2024-05-21 12:00:00,Persian Gulf,28.331909991494115,26.0,51.0,2024-05-21
2024-05-22 18:00:00,Persian Gulf,28.54850177649098,26.25,56.75,2024-05-22
2024-05-23 18:00:00,Persian Gulf,29.219878791165115,26.0,57.0,2024-05-23
2024-05-24 12:00:00,Persian Gulf,28.681792565036062,24.5,56.75,2024-05-24
2024-05-25 18:00:00,Persian Gulf,28.636128297792936,26.0,57.0,2024-05-25
2024-05-26 18:00:00,Persian Gulf,29.576514345845453,25.75,56.75,2024-05-26
2024-05-27 18:00:00,Persian Gulf,30.313962991034316,26.25,57.0,2024-05-27
2024-05-28 18:00:00,Persian Gulf,30.263006513910227,25.5,56.75,2024-05-28
2024-05-29 12:00:00,Persian Gulf,30.764981395443726,25.25,57.0,2024-05-29
2024-05-30 18:00:00,Persian Gulf,30.57577990058752,25.75,56.75,2024-05-30
2024-05-31 18:00:00,Persian Gulf,30.829445091436526,25.5,55.5,2024-05-31
2024-06-01 12:00:00,Persian Gulf,31.130078807428617,26.0,56.75,2024-06-01
2024-06-02 18:00:00,Persian Gulf,31.230085178415607,24.75,56.75,2024-06-02
2024-06-03 18:00:00,Persian Gulf,30.458500673455887,26.75,55.5,2024-06-03
2024-06-04 18:00:00,Persian Gulf,30.358585568737283,25.75,56.75,2024-06-04
2024-06-05 12:00:00,Persian Gulf,31.071367253852998,24.5,56.75,2024-06-05
2024-06-06 18:00:00,Persian Gulf,30.57703482261377,25.0,57.0,2024-06-06
2024-06-07 18:00:00,Persian Gulf,30.2222277831317,26.0,57.0,2024-06-07
2024-06-08 12:00:00,Persian Gulf,30.52522763784009,25.5,55.25,2024-06-08
2024-06-09 12:00:00,Persian Gulf,30.19789039708695,25.0,51.75,2024-06-09
2024-06-10 12:00:00,Persian Gulf,31.20677341283522,26.0,51.0,2024-06-10
2024-06-11 12:00:00,Persian Gulf,30.730054191151567,25.75,50.5,2024-06-11
2024-06-12 12:00:00,Persian Gulf,31.36039173080121,26.25,50.5,2024-06-12
2024-06-13 18:00:00,Persian Gulf,30.80257648563861,26.5,57.0,2024-06-13
2024-06-14 12:00:00,Persian Gulf,31.035884001745217,24.75,56.75,2024-06-14
2024-06-15 12:00:00,Persian Gulf,30.6661467304271,26.0,51.0,2024-06-15
2024-06-16 12:00:00,Persian Gulf,31.341096288373762,26.0,51.0,2024-06-16
2024-06-17 12:00:00,Persian Gulf,31.072461558856105,26.5,57.0,2024-06-17
2024-06-18 18:00:00,Persian Gulf,31.478962848990932,25.0,57.0,2024-06-18
2024-06-19 12:00:00,Persian Gulf,31.527711997217523,26.5,55.25,2024-06-19
2024-06-20 18:00:00,Persian Gulf,31.73033947418321,28.0,50.0,2024-06-20
2024-06-21 12:00:00,Persian Gulf,31.705095700762797,25.75,55.75,2024-06-21
2024-06-22 12:00:00,Persian Gulf,33.821044554361265,26.0,51.0,2024-06-22
2024-06-23 12:00:00,Persian Gulf,32.235934345060855,25.5,55.25,2024-06-23
2024-06-24 12:00:00,Persian Gulf,32.37302061000747,26.0,51.0,2024-06-24
2024-06-25 12:00:00,Persian Gulf,31.814039866370138,26.0,56.75,2024-06-25
2024-06-26 18:00:00,Persian Gulf,31.426091434765738,24.0,57.0,2024-06-26
2024-06-27 06:00:00,Persian Gulf,31.08348746388765,24.25,57.0,2024-06-27
2024-06-28 18:00:00,Persian Gulf,31.007180187585675,26.25,55.5,2024-06-28
2024-06-29 12:00:00,Persian Gulf,31.004630962472277,24.25,51.75,2024-06-29
2024-06-30 18:00:00,Persian Gulf,30.74341300145909,26.0,56.75,2024-06-30
2024-07-01 18:00:00,Persian Gulf,31.263020013198798,26.0,56.75,2024-07-01
2024-07-02 18:00:00,Persian Gulf,31.600847406857667,24.5,56.75,2024-07-02
2024-07-03 18:00:00,Persian Gulf,31.544906458596643,26.0,56.75,2024-07-03
2024-07-04 18:00:00,Persian Gulf,31.420376069673864,26.0,56.75,2024-07-04
2024-07-05 06:00:00,Persian Gulf,30.683590432994606,26.0,56.75,2024-07-05
2024-07-06 18:00:00,Persian Gulf,31.162356698125336,25.0,56.75,2024-07-06
2024-07-07 18:00:00,Persian Gulf,32.09947849978397,25.75,56.75,2024-07-07
2024-07-08 06:00:00,Persian Gulf,31.685172375313698,25.0,56.75,2024-07-08
2024-07-09 12:00:00,Persian Gulf,31.99071559339353,25.0,54.5,2024-07-09
2024-07-10 12:00:00,Persian Gulf,32.63595567710513,26.0,51.0,2024-07-10
2024-07-11 06:00:00,Persian Gulf,31.305912074473724,25.25,54.25,2024-07-11
2024-07-12 12:00:00,Persian Gulf,31.83609817239983,24.5,56.75,2024-07-12
2024-07-13 06:00:00,Persian Gulf,31.892607133733236,24.5,56.75,2024-07-13
2024-07-14 18:00:00,Persian Gulf,31.387020611756896,27.0,56.5,2024-07-14
2024-07-15 18:00:00,Persian Gulf,32.18928272793772,25.75,55.75,2024-07-15
2024-07-16 12:00:00,Persian Gulf,32.32661190145933,24.75,54.5,2024-07-16
2024-07-17 12:00:00,Persian Gulf,32.22092384659436,24.5,54.25,2024-07-17
2024-07-18 12:00:00,Persian Gulf,31.356566009670132,27.0,56.5,2024-07-18
2024-07-19 12:00:00,Persian Gulf,31.914708536501223,25.5,55.5,2024-07-19
2024-07-20 18:00:00,Persian Gulf,33.25829782622412,25.5,55.5,2024-07-20
2024-07-21 18:00:00,Persian Gulf,32.80900508987827,25.5,55.5,2024-07-21
2024-07-22 12:00:00,Persian Gulf,32.30317636440026,25.5,55.5,2024-07-22
2024-07-23 12:00:00,Persian Gulf,31.670448697955408,25.75,55.75,2024-07-23
2024-07-24 12:00:00,Persian Gulf,31.831504706338592,26.0,56.75,2024-07-24
2024-07-25 18:00:00,Persian Gulf,31.746255817855,26.0,56.75,2024-07-25
2024-07-26 12:00:00,Persian Gulf,31.719371038272527,26.5,54.25,2024-07-26
2024-07-27 12:00:00,Persian Gulf,31.733426480080993,24.75,56.75,2024-07-27
2024-07-28 18:00:00,Persian Gulf,32.113238241580916,26.0,56.75,2024-07-28
2024-07-29 18:00:00,Persian Gulf,31.390869063786397,26.5,56.25,2024-07-29
2024-07-30 12:00:00,Persian Gulf,32.07290217945098,25.25,54.75,2024-07-30
2024-07-31 12:00:00,Persian Gulf,32.3184052050791,25.5,55.25,2024-07-31
2024-08-01 12:00:00,Persian Gulf,31.72136250426746,25.0,54.0,2024-08-01
2024-08-02 18:00:00,Persian Gulf,31.543740752113933,26.5,55.25,2024-08-02
2024-08-03 18:00:00,Persian Gulf,32.43198129865078,25.5,55.5,2024-08-03
2024-08-04 12:00:00,Persian Gulf,31.659964292811935,26.5,56.0,2024-08-04
2024-08-05 18:00:00,Persian Gulf,31.543899402811974,26.5,54.25,2024-08-05
2024-08-06 18:00:00,Persian Gulf,31.524054386892146,26.0,54.5,2024-08-06
2024-08-07 06:00:00,Persian Gulf,31.034722774428758,25.75,53.75,2024-08-07
2024-08-08 12:00:00,Persian Gulf,31.32790544853856,25.25,55.0,2024-08-08
2024-08-09 18:00:00,Persian Gulf,31.852963018264006,24.5,53.25,2024-08-09
2024-08-10 12:00:00,Persian Gulf,31.880462536024652,26.0,51.0,2024-08-10
2024-08-11 12:00:00,Persian Gulf,31.65931246754485,25.0,51.75,2024-08-11
2024-08-12 12:00:00,Persian Gulf,31.766310520641753,24.5,54.25,2024-08-12
2024-08-13 18:00:00,Persian Gulf,32.33222657499232,24.25,51.75,2024-08-13
2024-08-14 12:00:00,Persian Gulf,31.7424599818321,25.25,50.75,2024-08-14
2024-08-15 12:00:00,Persian Gulf,31.857809858965425,29.75,48.5,2024-08-15
2024-08-16 18:00:00,Persian Gulf,32.27816044750631,27.75,49.5,2024-08-16
2024-08-17 18:00:00,Persian Gulf,32.15119052553672,29.0,49.75,2024-08-17
2024-08-18 12:00:00,Persian Gulf,32.696678602471536,27.75,49.0,2024-08-18
2024-08-19 12:00:00,Persian Gulf,32.208634363172905,29.25,48.25,2024-08-19
2024-08-20 12:00:00,Persian Gulf,31.721920488992453,25.25,50.75,2024-08-20
2024-08-21 12:00:00,Persian Gulf,32.949380752684476,25.75,50.5,2024-08-21
2024-08-22 12:00:00,Persian Gulf,32.170937577655764,29.75,48.25,2024-08-22
2024-08-23 12:00:00,Persian Gulf,31.688558136175402,29.25,48.25,2024-08-23
2024-08-24 12:00:00,Persian Gulf,31.205605496247188,29.25,48.25,2024-08-24
2024-08-25 12:00:00,Persian Gulf,32.10870586206397,27.25,49.5,2024-08-25
2024-08-26 12:00:00,Persian Gulf,32.83372754604392,29.75,48.5,2024-08-26
2024-08-27 12:00:00,Persian Gulf,31.865279703376814,28.25,51.25,2024-08-27
2024-08-28 18:00:00,Persian Gulf,31.920015291175844,29.25,50.25,2024-08-28
2024-08-29 12:00:00,Persian Gulf,32.189782189035725,25.0,51.75,2024-08-29
2024-08-30 12:00:00,Persian Gulf,31.947743455368595,26.75,53.75,2024-08-30
2024-08-31 12:00:00,Persian Gulf,31.588354968244914,24.25,54.0,2024-08-31
2024-09-01 12:00:00,Persian Gulf,30.457904256739823,24.0,52.25,2024-09-01
2024-09-02 12:00:00,Persian Gulf,30.37283976750564,24.0,52.25,2024-09-02
2024-09-03 12:00:00,Persian Gulf,31.07718637202845,29.25,50.75,2024-09-03
2024-09-04 12:00:00,Persian Gulf,30.803803111847856,26.0,51.0,2024-09-04
2024-09-05 18:00:00,Persian Gulf,30.546610386361635,25.0,51.75,2024-09-05
2024-09-06 18:00:00,Persian Gulf,30.028879469347658,26.75,55.75,2024-09-06
2024-09-07 12:00:00,Persian Gulf,30.405078622771896,26.0,50.25,2024-09-07
2024-09-08 12:00:00,Persian Gulf,30.63263579522055,28.25,48.75,2024-09-08
2024-09-09 18:00:00,Persian Gulf,31.12404373175997,29.0,48.75,2024-09-09
2024-09-10 18:00:00,Persian Gulf,31.430498841651684,26.75,55.75,2024-09-10
2024-09-11 12:00:00,Persian Gulf,31.396985042069105,29.25,50.5,2024-09-11
2024-09-12 06:00:00,Persian Gulf,30.59095251097756,29.75,50.0,2024-09-12
2024-09-13 18:00:00,Persian Gulf,30.016669541486465,24.5,51.75,2024-09-13
2024-09-14 18:00:00,Persian Gulf,29.68945049395535,25.5,55.5,2024-09-14
2024-09-15 18:00:00,Persian Gulf,29.48080547444505,25.5,55.5,2024-09-15
2024-09-16 12:00:00,Persian Gulf,29.435964190199456,26.0,51.0,2024-09-16
2024-09-17 18:00:00,Persian Gulf,29.284018356627087,29.25,48.25,2024-09-17
2024-09-18 18:00:00,Persian Gulf,29.11005113175395,27.0,51.75,2024-09-18
2024-09-19 18:00:00,Persian Gulf,29.22795447304736,25.5,55.5,2024-09-19
2024-09-20 06:00:00,Persian Gulf,29.302436076887147,26.75,55.75,2024-09-20
2024-09-21 18:00:00,Persian Gulf,29.914608185898544,25.75,56.75,2024-09-21
2024-09-22 12:00:00,Persian Gulf,29.906331489280433,27.0,56.5,2024-09-22
2024-09-23 12:00:00,Persian Gulf,29.995941280033605,26.5,53.5,2024-09-23
2024-09-24 12:00:00,Persian Gulf,30.21719445035137,26.5,54.25,2024-09-24
2024-09-25 12:00:00,Persian Gulf,30.57575070823907,25.5,55.5,2024-09-25
2024-09-26 12:00:00,Persian Gulf,30.05427595717788,25.75,55.75,2024-09-26
2024-09-27 18:00:00,Persian Gulf,29.559918828265268,24.5,54.25,2024-09-27
2024-09-28 12:00:00,Persian Gulf,29.321120761611382,25.5,55.5,2024-09-28
2024-09-29 18:00:00,Persian Gulf,29.05560499882489,25.75,55.0,2024-09-29
2024-09-30 18:00:00,Persian Gulf,28.854678771471924,26.0,50.25,2024-09-30
2025-05-01 12:00:00,Persian Gulf,28.44464165762139,25.25,57.0,2025-05-01
2025-05-02 12:00:00,Persian Gulf,27.98354180246116,25.25,56.5,2025-05-02
2025-05-03 18:00:00,Persian Gulf,28.30353001644312,26.0,56.75,2025-05-03
2025-05-04 18:00:00,Persian Gulf,28.464649674487134,25.75,56.75,2025-05-04
2025-05-05 12:00:00,Persian Gulf,28.304210501601915,26.0,56.75,2025-05-05
2025-05-06 12:00:00,Persian Gulf,29.11819674640583,24.25,57.0,2025-05-06
2025-05-07 12:00:00,Persian Gulf,28.213652330837476,26.0,56.75,2025-05-07
2025-05-08 18:00:00,Persian Gulf,26.124097681210117,26.0,56.75,2025-05-08
2025-05-09 18:00:00,Persian Gulf,25.687420599406096,24.0,57.0,2025-05-09
2025-05-10 12:00:00,Persian Gulf,26.751725409826747,25.25,55.5,2025-05-10
2025-05-11 18:00:00,Persian Gulf,27.755548895713957,26.5,57.0,2025-05-11
2025-05-12 12:00:00,Persian Gulf,28.1298182110919,26.0,56.75,2025-05-12
2025-05-13 18:00:00,Persian Gulf,28.304229487924204,24.75,57.0,2025-05-13
2025-05-14 12:00:00,Persian Gulf,28.899664310772664,26.0,51.0,2025-05-14
2025-05-15 12:00:00,Persian Gulf,29.438848019227976,25.75,56.75,2025-05-15
2025-05-16 12:00:00,Persian Gulf,28.503860094621132,25.75,56.75,2025-05-16
2025-05-17 12:00:00,Persian Gulf,29.19553339517597,24.5,56.75,2025-05-17
2025-05-18 18:00:00,Persian Gulf,28.1401226510946,25.0,56.75,2025-05-18
2025-05-19 18:00:00,Persian Gulf,28.481373504441137,25.75,56.75,2025-05-19
2025-05-20 18:00:00,Persian Gulf,29.163556816573703,26.25,57.0,2025-05-20
2025-05-21 18:00:00,Persian Gulf,29.322385727287212,25.0,56.75,2025-05-21
2025-05-22 12:00:00,Persian Gulf,30.080611771828046,24.75,56.75,2025-05-22
2025-05-23 12:00:00,Persian Gulf,30.26174007142862,24.75,56.75,2025-05-23
2025-05-24 12:00:00,Persian Gulf,30.69966201654057,26.0,51.0,2025-05-24
2025-05-25 12:00:00,Persian Gulf,30.069124688896522,24.25,57.0,2025-05-25
2025-05-26 06:00:00,Persian Gulf,30.390483707071326,25.0,56.75,2025-05-26
2025-05-27 12:00:00,Persian Gulf,29.140901515782048,25.25,57.0,2025-05-27
2025-05-28 18:00:00,Persian Gulf,29.007092532283707,25.75,56.75,2025-05-28
2025-05-29 12:00:00,Persian Gulf,29.312468409878647,24.75,56.75,2025-05-29
2025-05-30 18:00:00,Persian Gulf,29.39150151629235,26.0,56.75,2025-05-30
2025-05-31 12:00:00,Persian Gulf,30.360568897658595,24.75,56.75,2025-05-31
2025-06-01 18:00:00,Persian Gulf,30.131530158187104,25.75,56.75,2025-06-01
2025-06-02 06:00:00,Persian Gulf,29.580185968930266,25.5,56.75,2025-06-02
2025-06-03 18:00:00,Persian Gulf,29.428734889883515,26.25,56.75,2025-06-03
2025-06-04 18:00:00,Persian Gulf,29.897667922350934,26.0,56.75,2025-06-04
2025-06-05 12:00:00,Persian Gulf,29.44375260767606,24.75,56.5,2025-06-05
2025-06-06 12:00:00,Persian Gulf,28.924914462879656,26.75,57.0,2025-06-06
2025-06-07 18:00:00,Persian Gulf,28.6415692026672,25.5,55.5,2025-06-07
2025-06-08 06:00:00,Persian Gulf,28.685081947115634,24.0,57.0,2025-06-08
2025-06-09 18:00:00,Persian Gulf,29.455466629626585,25.5,55.5,2025-06-09
2025-06-10 18:00:00,Persian Gulf,29.680371737748544,26.0,56.75,2025-06-10
2025-06-11 12:00:00,Persian Gulf,30.550068325788402,26.0,51.0,2025-06-11
2025-06-12 12:00:00,Persian Gulf,31.11020180390767,25.75,56.75,2025-06-12
2025-06-13 12:00:00,Persian Gulf,31.031158141563196,24.75,56.75,2025-06-13
2025-06-14 12:00:00,Persian Gulf,30.931659383779788,25.5,57.0,2025-06-14
2025-06-15 12:00:00,Persian Gulf,30.70040030463673,26.0,56.75,2025-06-15
2025-06-16 12:00:00,Persian Gulf,31.492273250391975,25.75,55.75,2025-06-16
2025-06-17 06:00:00,Persian Gulf,31.035200092948003,25.75,56.75,2025-06-17
2025-06-18 12:00:00,Persian Gulf,30.564966387380082,27.0,56.5,2025-06-18
2025-06-19 18:00:00,Persian Gulf,31.354704860371726,26.0,56.75,2025-06-19
2025-06-20 12:00:00,Persian Gulf,31.53348650461396,24.75,56.75,2025-06-20
2025-06-21 18:00:00,Persian Gulf,31.65049595552881,26.0,56.75,2025-06-21
2025-06-22 18:00:00,Persian Gulf,31.500156206815348,26.0,56.75,2025-06-22
2025-06-23 12:00:00,Persian Gulf,31.255906664076804,26.0,56.75,2025-06-23
2025-06-24 18:00:00,Persian Gulf,30.732475139527082,26.0,56.75,2025-06-24
2025-06-25 18:00:00,Persian Gulf,29.819157837854107,25.0,56.75,2025-06-25
2025-06-26 18:00:00,Persian Gulf,30.428814414597923,27.0,56.5,2025-06-26
2025-06-27 18:00:00,Persian Gulf,30.965531766197557,25.75,55.75,2025-06-27
2025-06-28 12:00:00,Persian Gulf,30.903988940603767,25.75,55.75,2025-06-28
2025-06-29 18:00:00,Persian Gulf,30.255582005694748,27.0,56.5,2025-06-29
2025-06-30 12:00:00,Persian Gulf,30.947020482636503,28.25,48.75,2025-06-30
2025-07-01 12:00:00,Persian Gulf,30.235168262273078,25.75,55.75,2025-07-01
2025-07-02 12:00:00,Persian Gulf,30.248767280814377,25.75,55.75,2025-07-02
2025-07-03 06:00:00,Persian Gulf,29.892944007412837,27.0,56.25,2025-07-03
2025-07-04 12:00:00,Persian Gulf,30.58725816299102,25.5,55.5,2025-07-04
2025-07-05 18:00:00,Persian Gulf,29.985890565952957,27.0,56.25,2025-07-05
2025-07-06 18:00:00,Persian Gulf,30.216500702368023,24.75,56.75,2025-07-06
2025-07-07 18:00:00,Persian Gulf,29.601895107852215,24.0,57.0,2025-07-07
2025-07-08 18:00:00,Persian Gulf,29.136613083525276,25.0,56.5,2025-07-08
2025-07-09 06:00:00,Persian Gulf,29.483398321366565,24.75,56.5,2025-07-09
2025-07-10 06:00:00,Persian Gulf,29.84336020221633,24.5,56.75,2025-07-10
2025-07-11 18:00:00,Persian Gulf,30.187361841150334,26.5,55.5,2025-07-11
2025-07-12 12:00:00,Persian Gulf,30.38607760385071,25.25,55.0,2025-07-12
2025-07-13 12:00:00,Persian Gulf,31.180988201179787,26.0,51.0,2025-07-13
2025-07-14 18:00:00,Persian Gulf,31.198901567913538,25.75,55.5,2025-07-14
2025-07-15 12:00:00,Persian Gulf,31.305029451645737,26.5,55.5,2025-07-15
2025-07-16 18:00:00,Persian Gulf,30.984684227599473,28.75,50.75,2025-07-16
2025-07-17 18:00:00,Persian Gulf,31.224287337987448,27.0,52.75,2025-07-17
2025-07-18 12:00:00,Persian Gulf,31.676363037259932,25.25,55.0,2025-07-18
2025-07-19 12:00:00,Persian Gulf,31.487335922784666,25.5,55.25,2025-07-19
2025-07-20 18:00:00,Persian Gulf,31.236857799995732,25.75,55.75,2025-07-20
2025-07-21 18:00:00,Persian Gulf,32.33951644560892,26.5,55.5,2025-07-21
2025-07-22 12:00:00,Persian Gulf,31.646639021157398,25.25,55.0,2025-07-22
2025-07-23 12:00:00,Persian Gulf,30.92003886714241,25.5,55.5,2025-07-23
2025-07-24 12:00:00,Persian Gulf,31.588352833823308,25.75,55.75,2025-07-24
2025-07-25 12:00:00,Persian Gulf,32.34292066770797,24.75,54.5,2025-07-25
2025-07-26 12:00:00,Persian Gulf,31.84096852598674,26.0,51.0,2025-07-26
2025-07-27 18:00:00,Persian Gulf,31.454974961686275,25.75,55.5,2025-07-27
2025-07-28 12:00:00,Persian Gulf,32.36930630005395,26.0,51.0,2025-07-28
2025-07-29 18:00:00,Persian Gulf,31.30450162634247,26.0,56.75,2025-07-29
2025-07-30 12:00:00,Persian Gulf,31.828650512348077,26.5,54.25,2025-07-30
2025-07-31 12:00:00,Persian Gulf,32.44638931422173,25.0,54.75,2025-07-31
2025-08-01 12:00:00,Persian Gulf,32.83802146105967,24.5,54.25,2025-08-01
2025-08-02 12:00:00,Persian Gulf,32.242196464580616,24.25,53.75,2025-08-02
2025-08-03 12:00:00,Persian Gulf,31.374967603434925,25.0,51.75,2025-08-03
2025-08-04 12:00:00,Persian Gulf,31.57435116080819,24.75,54.5,2025-08-04
2025-08-05 12:00:00,Persian Gulf,31.60401226723144,25.25,50.75,2025-08-05
2025-08-06 12:00:00,Persian Gulf,32.98997452535377,25.25,50.75,2025-08-06
2025-08-07 12:00:00,Persian Gulf,33.23706091899453,26.0,51.0,2025-08-07
2025-08-08 12:00:00,Persian Gulf,33.03788659407593,25.75,50.5,2025-08-08
2025-08-09 12:00:00,Persian Gulf,32.696973956119905,25.75,50.5,2025-08-09
2025-08-10 12:00:00,Persian Gulf,31.61153825010939,27.75,49.0,2025-08-10
2025-08-11 12:00:00,Persian Gulf,32.78933178804482,26.0,51.0,2025-08-11
2025-08-12 12:00:00,Persian Gulf,31.638945556326348,27.75,49.0,2025-08-12
2025-08-13 12:00:00,Persian Gulf,31.798735000914064,26.0,50.25,2025-08-13
2025-08-14 18:00:00,Persian Gulf,32.13265581995273,28.25,51.25,2025-08-14
2025-08-15 12:00:00,Persian Gulf,31.62376318534899,25.25,50.75,2025-08-15
2025-08-16 12:00:00,Persian Gulf,32.85000967752637,25.75,50.5,2025-08-16
2025-08-17 18:00:00,Persian Gulf,32.16644373067521,24.25,51.75,2025-08-17
2025-08-18 12:00:00,Persian Gulf,31.605281751853056,25.5,55.25,2025-08-18
2025-08-19 18:00:00,Persian Gulf,30.732058601121082,24.5,51.5,2025-08-19
2025-08-20 12:00:00,Persian Gulf,31.097089093372006,25.5,55.25,2025-08-20
2025-08-21 12:00:00,Persian Gulf,31.333134034547356,25.25,50.75,2025-08-21
2025-08-22 12:00:00,Persian Gulf,31.256938693489303,25.25,50.75,2025-08-22
2025-08-23 18:00:00,Persian Gulf,30.947180380021734,24.75,51.75,2025-08-23
2025-08-24 18:00:00,Persian Gulf,30.85038221965442,24.25,52.0,2025-08-24
2025-08-25 12:00:00,Persian Gulf,32.142926309019686,25.0,51.75,2025-08-25
2025-08-26 06:00:00,Persian Gulf,31.169154969662088,25.25,52.25,2025-08-26
2025-08-27 06:00:00,Persian Gulf,30.84228174881116,24.25,51.75,2025-08-27
2025-08-28 18:00:00,Persian Gulf,31.03402751907413,27.5,49.25,2025-08-28
2025-08-29 18:00:00,Persian Gulf,30.854199781401803,26.25,54.25,2025-08-29
2025-08-30 12:00:00,Persian Gulf,31.24678588208866,26.25,51.5,2025-08-30
2025-08-31 12:00:00,Persian Gulf,31.278487711105868,25.5,55.25,2025-08-31
2025-09-01 18:00:00,Persian Gulf,30.706399179486993,24.25,51.75,2025-09-01
2025-09-02 06:00:00,Persian Gulf,30.60621537690912,26.5,54.5,2025-09-02
2025-09-03 12:00:00,Persian Gulf,29.98060346243392,24.25,51.75,2025-09-03
2025-09-04 18:00:00,Persian Gulf,30.960647497282707,24.25,54.0,2025-09-04
2025-09-05 18:00:00,Persian Gulf,30.65375521963915,25.0,52.5,2025-09-05
2025-09-06 12:00:00,Persian Gulf,31.04897959556189,26.5,54.25,2025-09-06
2025-09-07 12:00:00,Persian Gulf,30.89074081602604,26.5,54.25,2025-09-07
2025-09-08 12:00:00,Persian Gulf,30.750322493937233,26.0,52.25,2025-09-08
2025-09-09 12:00:00,Persian Gulf,30.89967395860117,28.0,51.25,2025-09-09
2025-09-10 12:00:00,Persian Gulf,30.623988945151382,24.5,52.5,2025-09-10
2025-09-11 12:00:00,Persian Gulf,30.699448663641135,25.75,50.5,2025-09-11
2025-09-12 12:00:00,Persian Gulf,30.05584116039165,25.75,50.5,2025-09-12
2025-09-13 18:00:00,Persian Gulf,29.328572485260622,24.5,54.0,2025-09-13
2025-09-14 12:00:00,Persian Gulf,30.05721034091721,25.25,50.75,2025-09-14
2025-09-15 06:00:00,Persian Gulf,30.291202073227282,25.25,50.25,2025-09-15
2025-09-16 12:00:00,Persian Gulf,30.603404761236902,26.0,56.75,2025-09-16
2025-09-17 18:00:00,Persian Gulf,30.029155971690557,25.5,55.5,2025-09-17
2025-09-18 12:00:00,Persian Gulf,30.09389901876301,26.5,54.25,2025-09-18
2025-09-19 18:00:00,Persian Gulf,30.592094511534583,28.25,48.75,2025-09-19
2025-09-20 12:00:00,Persian Gulf,30.066628831234652,28.75,51.0,2025-09-20
2025-09-21 12:00:00,Persian Gulf,29.85679225242137,24.0,52.0,2025-09-21
2025-09-22 12:00:00,Persian Gulf,29.60973739704383,24.25,53.5,2025-09-22
2025-09-23 18:00:00,Persian Gulf,29.90362059193683,24.0,53.5,2025-09-23
2025-09-24 12:00:00,Persian Gulf,29.74766352871552,24.75,56.5,2025-09-24
2025-09-25 06:00:00,Persian Gulf,28.485112017464758,24.0,57.0,2025-09-25
2025-09-26 12:00:00,Persian Gulf,28.62692138433306,25.75,55.75,2025-09-26
2025-09-27 18:00:00,Persian Gulf,28.803305217276204,24.25,53.75,2025-09-27
2025-09-28 18:00:00,Persian Gulf,28.74732335875592,26.0,54.75,2025-09-28
2025-09-29 18:00:00,Persian Gulf,29.999845588040102,25.75,56.75,2025-09-29
2025-09-30 18:00:00,Persian Gulf,29.632271792300116,26.5,57.0,2025-09-30
2023-05-01 12:00:00,South Asia,25.651463451105997,22.25,88.0,2023-05-01
2023-05-02 12:00:00,South Asia,26.20519191944328,23.5,87.75,2023-05-02
2023-05-03 06:00:00,South Asia,26.660537288614535,22.25,88.0,2023-05-03
2023-05-04 12:00:00,South Asia,26.586388093520554,22.25,88.0,2023-05-04
2023-05-05 12:00:00,South Asia,27.945658264898384,23.5,87.0,2023-05-05
2023-05-06 12:00:00,South Asia,28.447412832794214,22.25,88.0,2023-05-06
2023-05-07 18:00:00,South Asia,28.88905820323339,22.0,88.0,2023-05-07
2023-05-08 12:00:00,South Asia,29.67099737889862,22.0,88.0,2023-05-08
2023-05-09 12:00:00,South Asia,30.2528878993582,23.75,86.75,2023-05-09
2023-05-10 18:00:00,South Asia,28.22152626488554,22.0,88.0,2023-05-10
2023-05-11 12:00:00,South Asia,29.40985774135811,22.75,78.25,2023-05-11
2023-05-12 12:00:00,South Asia,28.300209666491526,22.25,88.0,2023-05-12
2023-05-13 12:00:00,South Asia,31.029777099398245,26.0,84.25,2023-05-13
2023-05-14 12:00:00,South Asia,29.86471098314587,25.75,84.25,2023-05-14
2023-05-15 12:00:00,South Asia,29.532064697598116,22.0,87.25,2023-05-15
2023-05-16 12:00:00,South Asia,29.02421837313733,22.0,87.25,2023-05-16
2023-05-17 12:00:00,South Asia,30.08564749424596,25.25,83.25,2023-05-17
2023-05-18 12:00:00,South Asia,28.991914559532347,22.25,87.0,2023-05-18
2023-05-19 12:00:00,South Asia,29.786909000310175,22.25,88.0,2023-05-19
2023-05-20 12:00:00,South Asia,30.691348834143696,24.5,84.0,2023-05-20
2023-05-21 12:00:00,South Asia,31.75996646303821,25.5,84.0,2023-05-21
2023-05-22 12:00:00,South Asia,29.847232992509873,23.25,88.0,2023-05-22
2023-05-23 12:00:00,South Asia,30.572715277872362,23.5,81.0,2023-05-23
2023-05-24 12:00:00,South Asia,29.066865125424954,22.5,86.5,2023-05-24
2023-05-25 12:00:00,South Asia,29.163026965325116,22.0,87.25,2023-05-25
2023-05-26 12:00:00,South Asia,28.405499675216447,22.25,72.5,2023-05-26
2023-05-27 12:00:00,South Asia,28.844603393470095,22.5,72.75,2023-05-27
2023-05-28 12:00:00,South Asia,28.70281131247276,22.25,72.5,2023-05-28
2023-05-29 12:00:00,South Asia,29.632431244825,26.25,85.5,2023-05-29
2023-05-30 12:00:00,South Asia,30.74580370941635,25.75,85.5,2023-05-30
2023-05-31 12:00:00,South Asia,30.98800327553829,26.25,87.25,2023-05-31
2023-06-01 12:00:00,South Asia,29.962728958031903,22.0,88.0,2023-06-01
2023-06-02 12:00:00,South Asia,29.144517985621462,22.25,88.0,2023-06-02
2023-06-03 12:00:00,South Asia,30.258900191705152,23.25,86.75,2023-06-03
2023-06-04 12:00:00,South Asia,30.24861223286365,22.0,87.25,2023-06-04
2023-06-05 12:00:00,South Asia,29.064734163729156,22.25,88.0,2023-06-05
2023-06-06 12:00:00,South Asia,31.424969044757177,25.0,87.75,2023-06-06
2023-06-07 18:00:00,South Asia,29.78138684392553,22.0,88.0,2023-06-07
2023-06-08 12:00:00,South Asia,30.9762151676112,26.25,88.0,2023-06-08
2023-06-09 06:00:00,South Asia,30.181946984197737,22.25,88.0,2023-06-09
2023-06-10 12:00:00,South Asia,29.063558985775728,27.5,68.25,2023-06-10
2023-06-11 12:00:00,South Asia,29.964767977742724,22.0,87.75,2023-06-11
2023-06-12 06:00:00,South Asia,29.851245894198257,22.0,87.75,2023-06-12
2023-06-13 06:00:00,South Asia,29.189659599288746,23.25,88.0,2023-06-13
2023-06-14 12:00:00,South Asia,30.32815172073481,22.25,88.0,2023-06-14
2023-06-15 12:00:00,South Asia,30.898306620470805,23.25,87.0,2023-06-15
2023-06-16 12:00:00,South Asia,30.560107673697303,22.25,87.75,2023-06-16
2023-06-17 06:00:00,South Asia,30.18162674989503,22.75,87.75,2023-06-17
2023-06-18 12:00:00,South Asia,29.915183956809983,26.75,70.25,2023-06-18
2023-06-19 12:00:00,South Asia,29.484286367745824,25.5,85.75,2023-06-19
2023-06-20 12:00:00,South Asia,29.973540824066276,24.5,88.0,2023-06-20
2023-06-21 12:00:00,South Asia,29.804808146657535,30.75,70.75,2023-06-21
2023-06-22 12:00:00,South Asia,30.89236288467788,31.5,71.0,2023-06-22
2023-06-23 12:00:00,South Asia,30.2318268859608,31.25,75.5,2023-06-23
2023-06-24 12:00:00,South Asia,30.259427689023426,30.75,71.0,2023-06-24
2023-06-25 06:00:00,South Asia,29.881495657083065,26.75,81.5,2023-06-25
2023-06-26 06:00:00,South Asia,29.391176995816807,26.0,79.75,2023-06-26
2023-06-27 18:00:00,South Asia,29.594471895854042,31.5,70.75,2023-06-27
2023-06-28 18:00:00,South Asia,30.180684781232458,31.5,70.75,2023-06-28
2023-06-29 18:00:00,South Asia,30.56457829590562,31.5,70.75,2023-06-29
2023-06-30 12:00:00,South Asia,30.056548804723036,27.75,68.0,2023-06-30
2023-07-01 12:00:00,South Asia,29.736330725835785,27.75,68.0,2023-07-01
2023-07-02 18:00:00,South Asia,31.291907051732437,31.5,70.75,2023-07-02
2023-07-03 12:00:00,South Asia,31.400248463976027,31.25,70.75,2023-07-03
2023-07-04 12:00:00,South Asia,30.63097977981471,28.5,68.25,2023-07-04
2023-07-05 12:00:00,South Asia,30.05053405622374,27.5,68.5,2023-07-05
2023-07-06 18:00:00,South Asia,30.151388354756023,29.0,68.0,2023-07-06
2023-07-07 06:00:00,South Asia,29.324898520227975,25.75,85.75,2023-07-07
2023-07-08 06:00:00,South Asia,29.758690556621218,26.5,84.25,2023-07-08
2023-07-09 06:00:00,South Asia,29.813194418808337,26.25,85.0,2023-07-09
2023-07-10 12:00:00,South Asia,29.811589282447926,25.25,71.75,2023-07-10
2023-07-11 06:00:00,South Asia,30.09379441202816,25.25,85.5,2023-07-11
2023-07-12 12:00:00,South Asia,30.021297552974715,26.0,83.5,2023-07-12
2023-07-13 06:00:00,South Asia,30.122188925900048,27.0,77.0,2023-07-13
2023-07-14 06:00:00,South Asia,29.498277265086756,26.25,84.25,2023-07-14
2023-07-15 06:00:00,South Asia,29.731450091063266,31.75,75.25,2023-07-15
2023-07-16 06:00:00,South Asia,29.732142895051823,26.5,83.5,2023-07-16
2023-07-17 12:00:00,South Asia,30.133136522519294,31.5,75.0,2023-07-17
2023-07-18 12:00:00,South Asia,30.507376713328995,30.25,71.0,2023-07-18
2023-07-19 06:00:00,South Asia,30.26484521498054,26.25,87.0,2023-07-19
2023-07-20 12:00:00,South Asia,30.6673316308665,28.0,68.5,2023-07-20
2023-07-21 06:00:00,South Asia,30.336114232346063,30.75,75.25,2023-07-21
2023-07-22 12:00:00,South Asia,30.576272822013664,28.5,68.5,2023-07-22
2023-07-23 06:00:00,South Asia,29.947296896523085,26.75,84.25,2023-07-23
2023-07-24 06:00:00,South Asia,29.999033635268574,26.25,85.25,2023-07-24
2023-07-25 12:00:00,South Asia,29.88811310061641,30.0,75.75,2023-07-25
2023-07-26 12:00:00,South Asia,29.771518023586452,28.25,68.0,2023-07-26
2023-07-27 06:00:00,South Asia,29.97541185765789,30.75,70.75,2023-07-27
2023-07-28 12:00:00,South Asia,30.092429198694504,27.5,69.75,2023-07-28
2023-07-29 12:00:00,South Asia,29.905789863199743,28.25,68.0,2023-07-29
2023-07-30 18:00:00,South Asia,29.743553409207834,27.75,68.25,2023-07-30
2023-07-31 12:00:00,South Asia,30.967401509164404,28.5,68.0,2023-07-31
2023-08-01 06:00:00,South Asia,30.98018572601478,26.75,84.0,2023-08-01
2023-08-02 12:00:00,South Asia,31.068500406936266,31.0,71.0,2023-08-02
2023-08-03 12:00:00,South Asia,30.630106491135848,30.5,70.75,2023-08-03
2023-08-04 12:00:00,South Asia,30.492862711532666,30.75,70.75,2023-08-04
2023-08-05 12:00:00,South Asia,30.54854041029637,30.25,76.0,2023-08-05
2023-08-06 12:00:00,South Asia,30.4434778753905,31.5,71.0,2023-08-06
2023-08-07 12:00:00,South Asia,30.123846760642778,28.5,68.5,2023-08-07
2023-08-08 12:00:00,South Asia,30.00462120511861,31.75,75.25,2023-08-08
2023-08-09 12:00:00,South Asia,30.236408681191904,28.25,68.0,2023-08-09
2023-08-10 12:00:00,South Asia,29.99272385740312,31.0,71.0,2023-08-10
2023-08-11 06:00:00,South Asia,30.1003106285051,28.5,80.0,2023-08-11
2023-08-12 12:00:00,South Asia,30.21874356483255,31.0,71.0,2023-08-12
2023-08-13 12:00:00,South Asia,30.171434156496503,32.0,75.0,2023-08-13
2023-08-14 12:00:00,South Asia,29.438673370059973,26.5,68.25,2023-08-14
2023-08-15 06:00:00,South Asia,29.990086853955688,26.5,85.5,2023-08-15
2023-08-16 06:00:00,South Asia,29.998747810645625,26.5,87.75,2023-08-16
2023-08-17 12:00:00,South Asia,30.01305597113327,26.0,86.5,2023-08-17
2023-08-18 06:00:00,South Asia,30.470321494982727,26.75,84.5,2023-08-18
2023-08-19 06:00:00,South Asia,29.910384095740596,26.75,81.5,2023-08-19
2023-08-20 18:00:00,South Asia,30.418609325858768,28.5,71.25,2023-08-20
2023-08-21 12:00:00,South Asia,30.679322360258823,32.0,75.25,2023-08-21
2023-08-22 12:00:00,South Asia,30.868068903948938,31.75,75.25,2023-08-22
2023-08-23 12:00:00,South Asia,29.966741709528435,28.0,68.0,2023-08-23
2023-08-24 12:00:00,South Asia,29.135099463630183,30.75,76.5,2023-08-24
2023-08-25 12:00:00,South Asia,29.031078554184546,27.75,68.0,2023-08-25
2023-08-26 12:00:00,South Asia,28.88083282015856,28.25,81.25,2023-08-26
2023-08-27 12:00:00,South Asia,29.222368277689498,28.5,68.0,2023-08-27
2023-08-28 12:00:00,South Asia,29.660316913096665,31.0,71.0,2023-08-28
2023-08-29 06:00:00,South Asia,29.55694124948235,26.75,85.5,2023-08-29
2023-08-30 06:00:00,South Asia,29.949707984042902,27.0,84.75,2023-08-30
2023-08-31 06:00:00,South Asia,30.707805810856996,26.25,87.0,2023-08-31
2023-09-01 06:00:00,South Asia,30.346456584483633,27.0,83.75,2023-09-01
2023-09-02 06:00:00,South Asia,30.430496967592433,26.25,85.75,2023-09-02
2023-09-03 06:00:00,South Asia,30.279928153511037,26.5,87.25,2023-09-03
2023-09-04 12:00:00,South Asia,29.345371085191914,26.5,88.0,2023-09-04
2023-09-05 12:00:00,South Asia,30.7967207920247,26.5,87.0,2023-09-05
2023-09-06 06:00:00,South Asia,29.98213991294392,26.25,86.5,2023-09-06
2023-09-07 12:00:00,South Asia,30.17964501791994,32.0,75.25,2023-09-07
2023-09-08 12:00:00,South Asia,29.852646201498146,31.0,71.0,2023-09-08
2023-09-09 12:00:00,South Asia,29.914816514088955,26.25,69.0,2023-09-09
2023-09-10 06:00:00,South Asia,30.085339683462735,26.0,86.75,2023-09-10
2023-09-11 06:00:00,South Asia,30.45894501428046,26.25,85.25,2023-09-11
2023-09-12 06:00:00,South Asia,30.570532020565395,25.75,83.75,2023-09-12
2023-09-13 06:00:00,South Asia,30.77016872265085,26.25,85.5,2023-09-13
2023-09-14 06:00:00,South Asia,30.454411551907754,26.25,84.75,2023-09-14
2023-09-15 12:00:00,South Asia,29.652078564538158,28.25,69.75,2023-09-15
2023-09-16 12:00:00,South Asia,29.70404609994506,26.25,88.0,2023-09-16
2023-09-17 06:00:00,South Asia,30.40735350009504,26.5,85.25,2023-09-17
2023-09-18 12:00:00,South Asia,30.286573214097928,26.0,85.25,2023-09-18
2023-09-19 06:00:00,South Asia,30.316554500263805,26.75,85.25,2023-09-19
2023-09-20 06:00:00,South Asia,29.243818874656483,25.25,81.25,2023-09-20
2023-09-21 06:00:00,South Asia,29.211526040104843,28.5,79.0,2023-09-21
2023-09-22 12:00:00,South Asia,28.965195426530443,29.25,72.25,2023-09-22
2023-09-23 12:00:00,South Asia,28.84951680857614,24.75,69.5,2023-09-23
2023-09-24 06:00:00,South Asia,28.841133213503724,24.0,71.75,2023-09-24
2023-09-25 06:00:00,South Asia,29.037141087489545,22.5,87.75,2023-09-25
2023-09-26 12:00:00,South Asia,29.406968517058658,26.0,85.0,2023-09-26
2023-09-27 06:00:00,South Asia,30.097586380281427,26.25,86.25,2023-09-27
2023-09-28 12:00:00,South Asia,30.121134369947185,26.5,84.75,2023-09-28
2023-09-29 12:00:00,South Asia,30.379901491714122,26.0,87.0,2023-09-29
2023-09-30 06:00:00,South Asia,28.590198848310024,26.5,84.0,2023-09-30
2024-05-01 12:00:00,South Asia,29.359875718231876,22.0,88.0,2024-05-01
2024-05-02 12:00:00,South Asia,30.02618285000898,22.0,88.0,2024-05-02
2024-05-03 12:00:00,South Asia,30.01527343051316,22.0,88.0,2024-05-03
2024-05-04 12:00:00,South Asia,30.068066360129535,22.0,87.25,2024-05-04
2024-05-05 12:00:00,South Asia,29.80503184408917,22.25,88.0,2024-05-05
2024-05-06 06:00:00,South Asia,29.787480577558654,22.0,87.0,2024-05-06
2024-05-07 12:00:00,South Asia,29.895920676270123,24.0,79.5,2024-05-07
2024-05-08 12:00:00,South Asia,27.66015511723333,23.75,80.0,2024-05-08
2024-05-09 12:00:00,South Asia,27.35807997940617,22.0,72.5,2024-05-09
2024-05-10 12:00:00,South Asia,28.729728566204358,28.75,80.0,2024-05-10
2024-05-11 06:00:00,South Asia,28.481951017774463,22.75,87.5,2024-05-11
2024-05-12 12:00:00,South Asia,29.42569057941745,22.5,77.0,2024-05-12
2024-05-13 12:00:00,South Asia,28.66908631326072,23.0,73.5,2024-05-13
2024-05-14 12:00:00,South Asia,28.876329873976943,25.5,87.0,2024-05-14
2024-05-15 12:00:00,South Asia,29.147286208262074,30.75,73.25,2024-05-15
2024-05-16 12:00:00,South Asia,30.210551468322308,26.0,86.5,2024-05-16
2024-05-17 12:00:00,South Asia,30.592189086248993,26.5,87.0,2024-05-17
2024-05-18 12:00:00,South Asia,31.763654588169572,25.5,86.5,2024-05-18
2024-05-19 12:00:00,South Asia,30.771063181011925,24.0,77.75,2024-05-19
2024-05-20 12:00:00,South Asia,29.73099935584969,23.25,75.0,2024-05-20
2024-05-21 12:00:00,South Asia,28.814726568696813,24.0,69.0,2024-05-21
2024-05-22 12:00:00,South Asia,30.886771172639158,23.75,79.25,2024-05-22
2024-05-23 12:00:00,South Asia,32.86088629529877,22.25,76.75,2024-05-23
2024-05-24 12:00:00,South Asia,30.086750099344897,28.5,81.25,2024-05-24
2024-05-25 12:00:00,South Asia,30.619289615157527,26.0,87.0,2024-05-25
2024-05-26 12:00:00,South Asia,30.810137459946986,25.75,87.0,2024-05-26
2024-05-27 12:00:00,South Asia,30.508049469139735,22.0,82.25,2024-05-27
2024-05-28 12:00:00,South Asia,32.46423871821503,25.5,82.75,2024-05-28
2024-05-29 12:00:00,South Asia,32.51321913170659,26.25,82.5,2024-05-29
2024-05-30 12:00:00,South Asia,32.50084875004211,24.5,83.75,2024-05-30
2024-05-31 12:00:00,South Asia,32.14715201651666,28.5,81.0,2024-05-31
2024-06-01 12:00:00,South Asia,30.417234850121588,25.25,87.0,2024-06-01
2024-06-02 12:00:00,South Asia,29.68405939728899,25.0,88.0,2024-06-02
2024-06-03 12:00:00,South Asia,31.48898193811459,25.75,87.0,2024-06-03
2024-06-04 12:00:00,South Asia,30.47044944374653,22.25,84.75,2024-06-04
2024-06-05 12:00:00,South Asia,29.567416595063264,27.5,68.5,2024-06-05
2024-06-06 12:00:00,South Asia,29.971813424721233,22.0,88.0,2024-06-06
2024-06-07 12:00:00,South Asia,30.74837854180953,22.25,88.0,2024-06-07
2024-06-08 12:00:00,South Asia,30.646108022798728,22.0,87.0,2024-06-08
2024-06-09 12:00:00,South Asia,31.52151204676943,22.5,87.75,2024-06-09
2024-06-10 12:00:00,South Asia,31.721118655337477,22.25,86.5,2024-06-10
2024-06-11 12:00:00,South Asia,30.648790903384793,22.5,87.0,2024-06-11
2024-06-12 12:00:00,South Asia,31.342551740830004,23.5,88.0,2024-06-12
2024-06-13 12:00:00,South Asia,30.55838253120629,22.5,88.0,2024-06-13
2024-06-14 12:00:00,South Asia,32.01821314682513,23.75,86.75,2024-06-14
2024-06-15 12:00:00,South Asia,31.588197051424572,22.25,86.75,2024-06-15
2024-06-16 12:00:00,South Asia,30.86713308850824,25.0,85.25,2024-06-16
2024-06-17 12:00:00,South Asia,30.744681157170646,22.75,88.0,2024-06-17
2024-06-18 12:00:00,South Asia,30.855465780221664,28.5,81.0,2024-06-18
2024-06-19 12:00:00,South Asia,31.04191364572364,28.5,80.75,2024-06-19
2024-06-20 06:00:00,South Asia,30.143126313896175,22.25,88.0,2024-06-20
2024-06-21 12:00:00,South Asia,28.99913240614859,26.25,84.5,2024-06-21
2024-06-22 06:00:00,South Asia,29.333186810328414,22.75,87.25,2024-06-22
2024-06-23 06:00:00,South Asia,29.805570808415553,26.5,87.0,2024-06-23
2024-06-24 12:00:00,South Asia,30.070578343079262,27.0,84.0,2024-06-24
2024-06-25 12:00:00,South Asia,29.605946090655266,27.0,83.75,2024-06-25
2024-06-26 18:00:00,South Asia,30.01022045934286,24.0,70.25,2024-06-26
2024-06-27 06:00:00,South Asia,30.097680773349396,25.5,86.75,2024-06-27
2024-06-28 06:00:00,South Asia,30.24208413280695,25.75,81.0,2024-06-28
2024-06-29 06:00:00,South Asia,30.193514127528772,26.0,86.0,2024-06-29
2024-06-30 12:00:00,South Asia,30.685679962529207,30.75,71.0,2024-06-30
2024-07-01 12:00:00,South Asia,31.150956603255395,31.75,70.75,2024-07-01
2024-07-02 12:00:00,South Asia,30.625717564899162,30.25,76.0,2024-07-02
2024-07-03 12:00:00,South Asia,31.175394996508658,31.0,75.0,2024-07-03
2024-07-04 12:00:00,South Asia,31.45899645308299,30.75,71.0,2024-07-04
2024-07-05 12:00:00,South Asia,30.76901324912518,27.5,68.0,2024-07-05
2024-07-06 12:00:00,South Asia,30.828935583948805,28.25,68.0,2024-07-06
2024-07-07 12:00:00,South Asia,29.956310463169245,26.0,68.75,2024-07-07
2024-07-08 06:00:00,South Asia,30.370029435453603,25.5,85.25,2024-07-08
2024-07-09 06:00:00,South Asia,30.366512546278557,25.75,84.25,2024-07-09
2024-07-10 06:00:00,South Asia,30.51912003396302,25.75,81.0,2024-07-10
2024-07-11 18:00:00,South Asia,31.539255302534457,30.75,70.75,2024-07-11
2024-07-12 12:00:00,South Asia,30.68946727269696,28.25,68.75,2024-07-12
2024-07-13 06:00:00,South Asia,29.56607587377215,25.25,87.0,2024-07-13
2024-07-14 06:00:00,South Asia,29.9692790142052,26.25,79.5,2024-07-14
2024-07-15 12:00:00,South Asia,30.354109788034975,27.5,68.0,2024-07-15
2024-07-16 06:00:00,South Asia,30.566013215270004,28.0,77.75,2024-07-16
2024-07-17 12:00:00,South Asia,30.823939720861176,28.25,69.5,2024-07-17
2024-07-18 06:00:00,South Asia,30.717172679182568,26.25,87.0,2024-07-18
2024-07-19 06:00:00,South Asia,30.634466749349258,29.25,76.75,2024-07-19
2024-07-20 12:00:00,South Asia,31.269133757721818,32.0,75.25,2024-07-20
2024-07-21 06:00:00,South Asia,31.086772989960934,26.75,77.25,2024-07-21
2024-07-22 06:00:00,South Asia,30.69633897961046,26.25,69.0,2024-07-22
2024-07-23 12:00:00,South Asia,30.6535103131518,28.25,68.5,2024-07-23
2024-07-24 12:00:00,South Asia,30.452499956072813,27.75,68.0,2024-07-24
2024-07-25 12:00:00,South Asia,31.04172873065295,32.0,75.25,2024-07-25
2024-07-26 12:00:00,South Asia,30.75206534319784,30.75,71.0,2024-07-26
2024-07-27 12:00:00,South Asia,31.065823926443215,32.0,75.25,2024-07-27
2024-07-28 06:00:00,South Asia,31.04459038696308,29.25,76.5,2024-07-28
2024-07-29 12:00:00,South Asia,30.93364457886571,31.75,72.25,2024-07-29
2024-07-30 06:00:00,South Asia,31.20001119785502,30.5,75.0,2024-07-30
2024-07-31 12:00:00,South Asia,31.223345195942898,31.5,74.25,2024-07-31
2024-08-01 06:00:00,South Asia,30.859143350783654,31.5,70.75,2024-08-01
2024-08-02 12:00:00,South Asia,30.35554149818188,27.0,68.0,2024-08-02
2024-08-03 12:00:00,South Asia,30.007676794435042,29.0,68.0,2024-08-03
2024-08-04 06:00:00,South Asia,29.742878108283662,30.5,75.0,2024-08-04
2024-08-05 18:00:00,South Asia,30.329199449268685,30.75,70.75,2024-08-05
2024-08-06 12:00:00,South Asia,30.49541502372415,31.75,70.5,2024-08-06
2024-08-07 06:00:00,South Asia,30.39685202222813,30.75,70.75,2024-08-07
2024-08-08 12:00:00,South Asia,31.37260223198507,28.25,68.0,2024-08-08
2024-08-09 12:00:00,South Asia,31.436197021867713,29.0,68.0,2024-08-09
2024-08-10 12:00:00,South Asia,31.110857485284725,31.5,70.5,2024-08-10
2024-08-11 12:00:00,South Asia,31.620517576618113,27.75,68.0,2024-08-11
2024-08-12 06:00:00,South Asia,29.85089395060254,26.75,85.5,2024-08-12
2024-08-13 12:00:00,South Asia,30.479325465702914,28.25,68.0,2024-08-13
2024-08-14 12:00:00,South Asia,30.77363183732848,28.25,68.0,2024-08-14
2024-08-15 12:00:00,South Asia,30.756170901462497,27.75,68.0,2024-08-15
2024-08-16 06:00:00,South Asia,30.226927422770302,26.0,84.5,2024-08-16
2024-08-17 06:00:00,South Asia,30.7621888262301,27.0,81.0,2024-08-17
2024-08-18 12:00:00,South Asia,30.206112629702375,27.25,78.25,2024-08-18
2024-08-19 12:00:00,South Asia,30.359261512067803,28.0,68.0,2024-08-19
2024-08-20 12:00:00,South Asia,30.420333513370224,28.25,68.0,2024-08-20
2024-08-21 12:00:00,South Asia,30.589054540845723,29.0,68.0,2024-08-21
2024-08-22 06:00:00,South Asia,30.974565185981874,28.25,68.5,2024-08-22
2024-08-23 12:00:00,South Asia,31.029511467666623,27.75,68.0,2024-08-23
2024-08-24 12:00:00,South Asia,31.48156307382243,28.25,68.0,2024-08-24
2024-08-25 12:00:00,South Asia,30.886411257806174,28.25,68.0,2024-08-25
2024-08-26 12:00:00,South Asia,30.0745181064633,28.5,68.0,2024-08-26
2024-08-27 12:00:00,South Asia,29.317439460300193,29.25,68.0,2024-08-27
2024-08-28 06:00:00,South Asia,29.83308325866915,26.75,84.75,2024-08-28
2024-08-29 06:00:00,South Asia,30.139691827408626,27.0,84.0,2024-08-29
2024-08-30 12:00:00,South Asia,30.271377536117768,28.5,80.5,2024-08-30
2024-08-31 06:00:00,South Asia,30.700555102995395,26.5,86.25,2024-08-31
2024-09-01 06:00:00,South Asia,30.22958639687073,28.75,78.75,2024-09-01
2024-09-02 06:00:00,South Asia,29.671320888362573,26.25,86.0,2024-09-02
2024-09-03 06:00:00,South Asia,29.999915415750536,27.25,77.75,2024-09-03
2024-09-04 06:00:00,South Asia,29.813483368817515,26.0,82.25,2024-09-04
2024-09-05 12:00:00,South Asia,29.919541576952383,28.0,68.0,2024-09-05
2024-09-06 18:00:00,South Asia,30.69113474374558,28.75,68.0,2024-09-06
2024-09-07 18:00:00,South Asia,30.607762260689924,28.75,68.0,2024-09-07
2024-09-08 18:00:00,South Asia,30.173442172312946,28.75,68.0,2024-09-08
2024-09-09 12:00:00,South Asia,30.435119475738986,28.0,68.0,2024-09-09
2024-09-10 06:00:00,South Asia,30.017863926503594,28.5,78.75,2024-09-10
2024-09-11 06:00:00,South Asia,29.901354030122548,26.25,87.75,2024-09-11
2024-09-12 12:00:00,South Asia,30.11437592859204,27.75,68.0,2024-09-12
2024-09-13 06:00:00,South Asia,30.303392377164073,26.0,86.75,2024-09-13
2024-09-14 06:00:00,South Asia,28.879585484255983,27.0,85.25,2024-09-14
2024-09-15 06:00:00,South Asia,28.538893214771633,26.25,84.0,2024-09-15
2024-09-16 12:00:00,South Asia,29.09907342101218,28.25,68.0,2024-09-16
2024-09-17 12:00:00,South Asia,29.27231611181344,28.25,68.0,2024-09-17
2024-09-18 12:00:00,South Asia,29.8973022590871,27.0,85.25,2024-09-18
2024-09-19 12:00:00,South Asia,29.833750407384002,23.0,88.0,2024-09-19
2024-09-20 12:00:00,South Asia,30.268026265115054,26.5,88.0,2024-09-20
2024-09-21 12:00:00,South Asia,30.533887817108678,26.5,87.0,2024-09-21
2024-09-22 12:00:00,South Asia,31.323638410535636,26.0,87.5,2024-09-22
2024-09-23 06:00:00,South Asia,30.993907541331737,26.25,87.25,2024-09-23
2024-09-24 12:00:00,South Asia,30.402053759436114,30.5,76.5,2024-09-24
2024-09-25 06:00:00,South Asia,29.86220467654249,29.5,76.75,2024-09-25
2024-09-26 12:00:00,South Asia,29.674634015425283,27.75,68.0,2024-09-26
2024-09-27 12:00:00,South Asia,29.86149710228665,27.75,68.0,2024-09-27
2024-09-28 12:00:00,South Asia,29.690090456773305,27.75,68.0,2024-09-28
2024-09-29 12:00:00,South Asia,29.584501919046716,27.75,68.0,2024-09-29
2024-09-30 12:00:00,South Asia,29.622883576538413,23.25,88.0,2024-09-30
2025-05-01 12:00:00,South Asia,29.617077480435114,22.5,76.75,2025-05-01
2025-05-02 12:00:00,South Asia,27.93374223295467,22.75,78.25,2025-05-02
2025-05-03 12:00:00,South Asia,27.629512502800253,22.0,72.5,2025-05-03
2025-05-04 12:00:00,South Asia,27.575570406828092,22.25,72.5,2025-05-04
2025-05-05 12:00:00,South Asia,28.206451682251725,22.25,72.5,2025-05-05
2025-05-06 06:00:00,South Asia,27.65026622550272,22.25,88.0,2025-05-06
2025-05-07 06:00:00,South Asia,28.37408827565139,22.25,88.0,2025-05-07
2025-05-08 12:00:00,South Asia,29.4520296427919,25.25,88.0,2025-05-08
2025-05-09 12:00:00,South Asia,29.07342409249901,22.0,88.0,2025-05-09
2025-05-10 12:00:00,South Asia,29.577033989615074,22.25,88.0,2025-05-10
2025-05-11 12:00:00,South Asia,29.901285811443472,23.75,88.0,2025-05-11
2025-05-12 12:00:00,South Asia,29.329054645015958,27.0,84.75,2025-05-12
2025-05-13 06:00:00,South Asia,29.090531758256702,22.25,88.0,2025-05-13
2025-05-14 12:00:00,South Asia,29.252275637904916,22.0,87.25,2025-05-14
2025-05-15 06:00:00,South Asia,29.330398500230785,22.75,87.25,2025-05-15
2025-05-16 12:00:00,South Asia,29.729946012820903,23.75,81.25,2025-05-16
2025-05-17 12:00:00,South Asia,29.039151309180795,23.5,79.75,2025-05-17
2025-05-18 12:00:00,South Asia,28.192216867187028,23.0,73.5,2025-05-18
2025-05-19 12:00:00,South Asia,28.464079713671936,29.0,76.75,2025-05-19
2025-05-20 12:00:00,South Asia,29.190787341281407,23.5,76.25,2025-05-20
2025-05-21 06:00:00,South Asia,29.057266634295445,22.25,88.0,2025-05-21
2025-05-22 12:00:00,South Asia,29.380312001484413,22.0,73.5,2025-05-22
2025-05-23 12:00:00,South Asia,29.22918754531611,27.25,68.5,2025-05-23
2025-05-24 12:00:00,South Asia,28.603283917223052,26.0,69.0,2025-05-24
2025-05-25 12:00:00,South Asia,29.964372803187075,22.0,73.5,2025-05-25
2025-05-26 12:00:00,South Asia,30.109841723067348,24.0,69.0,2025-05-26
2025-05-27 12:00:00,South Asia,28.434434392573735,22.0,72.25,2025-05-27
2025-05-28 12:00:00,South Asia,29.3751762920798,25.0,68.0,2025-05-28
2025-05-29 12:00:00,South Asia,29.10703052110415,24.25,68.75,2025-05-29
2025-05-30 12:00:00,South Asia,29.452186198920174,22.0,87.25,2025-05-30
2025-05-31 12:00:00,South Asia,29.64016256233424,22.0,87.25,2025-05-31
2025-06-01 12:00:00,South Asia,30.017719478668425,26.0,87.0,2025-06-01
2025-06-02 12:00:00,South Asia,29.72277132967463,25.5,87.5,2025-06-02
2025-06-03 12:00:00,South Asia,29.122794951253354,22.0,88.0,2025-06-03
2025-06-04 06:00:00,South Asia,28.940389818166295,22.0,88.0,2025-06-04
2025-06-05 06:00:00,South Asia,28.834360178577185,22.0,87.5,2025-06-05
2025-06-06 06:00:00,South Asia,29.70540663661683,22.25,87.75,2025-06-06
2025-06-07 12:00:00,South Asia,29.219198726057357,22.25,87.75,2025-06-07
2025-06-08 12:00:00,South Asia,29.66711767086241,22.0,84.0,2025-06-08
2025-06-09 06:00:00,South Asia,30.201926225443287,22.25,88.0,2025-06-09
2025-06-10 12:00:00,South Asia,29.91723601941169,28.75,79.0,2025-06-10
2025-06-11 12:00:00,South Asia,30.217783874098416,26.0,87.0,2025-06-11
2025-06-12 12:00:00,South Asia,29.753714277214442,28.5,80.25,2025-06-12
2025-06-13 06:00:00,South Asia,30.032903729862312,26.25,87.25,2025-06-13
2025-06-14 12:00:00,South Asia,30.855575647461933,28.25,81.0,2025-06-14
2025-06-15 06:00:00,South Asia,29.186246107311263,25.5,87.5,2025-06-15
2025-06-16 06:00:00,South Asia,29.246323538572483,25.5,87.0,2025-06-16
2025-06-17 06:00:00,South Asia,29.16403289395072,28.75,79.25,2025-06-17
2025-06-18 12:00:00,South Asia,29.784646740000767,24.0,71.25,2025-06-18
2025-06-19 12:00:00,South Asia,29.96439914965083,28.5,81.0,2025-06-19
2025-06-20 12:00:00,South Asia,29.615829698874677,29.0,74.75,2025-06-20
2025-06-21 12:00:00,South Asia,29.875603299760428,27.75,68.75,2025-06-21
2025-06-22 06:00:00,South Asia,29.85313848975352,28.25,68.0,2025-06-22
2025-06-23 12:00:00,South Asia,29.905473939703256,30.25,71.0,2025-06-23
2025-06-24 12:00:00,South Asia,30.12778671439122,29.0,75.0,2025-06-24
2025-06-25 06:00:00,South Asia,29.967975491456116,26.5,77.75,2025-06-25
2025-06-26 06:00:00,South Asia,29.776858027511423,26.0,72.0,2025-06-26
2025-06-27 12:00:00,South Asia,29.94104370400629,28.5,72.0,2025-06-27
2025-06-28 06:00:00,South Asia,30.128684060729086,30.5,74.25,2025-06-28
2025-06-29 06:00:00,South Asia,29.99813791449145,31.75,73.25,2025-06-29
2025-06-30 12:00:00,South Asia,29.572601874556938,26.75,68.25,2025-06-30
2025-07-01 12:00:00,South Asia,29.89374277177319,27.25,68.0,2025-07-01
2025-07-02 12:00:00,South Asia,29.624010534300055,31.0,70.75,2025-07-02
2025-07-03 06:00:00,South Asia,29.57044199337622,29.5,77.25,2025-07-03
2025-07-04 12:00:00,South Asia,29.971110815586655,30.25,71.0,2025-07-04
2025-07-05 12:00:00,South Asia,30.115981505010723,31.5,75.25,2025-07-05
2025-07-06 12:00:00,South Asia,30.14600917274879,27.0,78.0,2025-07-06
2025-07-07 06:00:00,South Asia,29.208997244517434,31.75,75.25,2025-07-07
2025-07-08 06:00:00,South Asia,30.121915153461998,26.25,80.25,2025-07-08
2025-07-09 12:00:00,South Asia,29.24679116534901,28.5,68.25,2025-07-09
2025-07-10 12:00:00,South Asia,29.00637385684763,29.25,71.0,2025-07-10
2025-07-11 12:00:00,South Asia,29.303390793941674,29.75,70.75,2025-07-11
2025-07-12 12:00:00,South Asia,29.71643772726469,27.75,68.0,2025-07-12
2025-07-13 18:00:00,South Asia,30.173763046370766,30.75,70.75,2025-07-13
2025-07-14 06:00:00,South Asia,29.149573193242873,26.25,85.25,2025-07-14
2025-07-15 06:00:00,South Asia,29.14139070784057,27.25,82.25,2025-07-15
2025-07-16 06:00:00,South Asia,28.905068669658135,26.25,80.0,2025-07-16
2025-07-17 06:00:00,South Asia,29.592305341292615,25.0,87.0,2025-07-17
2025-07-18 06:00:00,South Asia,30.19575409692243,26.5,88.0,2025-07-18
2025-07-19 06:00:00,South Asia,30.450466063347505,26.5,85.75,2025-07-19
2025-07-20 12:00:00,South Asia,29.071284708381825,31.25,75.0,2025-07-20
2025-07-21 06:00:00,South Asia,30.09022067133253,26.25,87.25,2025-07-21
2025-07-22 06:00:00,South Asia,29.80158488393363,25.75,82.25,2025-07-22
2025-07-23 18:00:00,South Asia,30.38817891573467,26.75,84.5,2025-07-23
2025-07-24 06:00:00,South Asia,30.45440054875155,26.5,87.0,2025-07-24
2025-07-25 06:00:00,South Asia,30.427756394386336,26.0,81.5,2025-07-25
2025-07-26 12:00:00,South Asia,30.006576847338806,29.25,78.5,2025-07-26
2025-07-27 12:00:00,South Asia,30.16793106035209,30.75,71.0,2025-07-27
2025-07-28 12:00:00,South Asia,30.647672553878692,30.5,71.0,2025-07-28
2025-07-29 12:00:00,South Asia,30.66898952644533,28.5,68.5,2025-07-29
2025-07-30 12:00:00,South Asia,29.623123494606375,28.25,68.0,2025-07-30
2025-07-31 12:00:00,South Asia,29.25861642132685,28.25,68.0,2025-07-31
2025-08-01 06:00:00,South Asia,29.799420130498902,27.75,81.5,2025-08-01
2025-08-02 18:00:00,South Asia,30.051440448711162,31.75,70.5,2025-08-02
2025-08-03 12:00:00,South Asia,30.04255359912196,30.5,75.5,2025-08-03
2025-08-04 12:00:00,South Asia,29.747163423592497,28.25,68.0,2025-08-04
2025-08-05 12:00:00,South Asia,29.482879084184958,28.5,68.25,2025-08-05
2025-08-06 12:00:00,South Asia,29.117251168261873,27.75,68.0,2025-08-06
2025-08-07 06:00:00,South Asia,29.53112265819709,26.5,87.5,2025-08-07
2025-08-08 12:00:00,South Asia,28.952092551252406,29.75,76.25,2025-08-08
2025-08-09 06:00:00,South Asia,29.152614110689115,26.5,85.5,2025-08-09
2025-08-10 12:00:00,South Asia,29.830422673330816,30.25,76.25,2025-08-10
2025-08-11 12:00:00,South Asia,30.180866504336677,31.75,75.0,2025-08-11
2025-08-12 06:00:00,South Asia,30.32394613114724,25.75,85.75,2025-08-12
2025-08-13 06:00:00,South Asia,29.42375701037156,22.25,88.0,2025-08-13
2025-08-14 12:00:00,South Asia,28.89206162056496,30.5,71.75,2025-08-14
2025-08-15 06:00:00,South Asia,29.375289801777967,25.75,87.25,2025-08-15
2025-08-16 06:00:00,South Asia,29.86651350170655,26.25,87.25,2025-08-16
2025-08-17 06:00:00,South Asia,29.789142377475173,26.75,84.5,2025-08-17
2025-08-18 06:00:00,South Asia,29.729935712332406,26.75,70.0,2025-08-18
2025-08-19 06:00:00,South Asia,29.97806431212581,27.0,69.25,2025-08-19
2025-08-20 06:00:00,South Asia,30.454842804376995,26.5,69.0,2025-08-20
2025-08-21 06:00:00,South Asia,29.75578805011378,26.0,70.5,2025-08-21
2025-08-22 18:00:00,South Asia,29.827025957325816,30.75,70.75,2025-08-22
2025-08-23 18:00:00,South Asia,30.73418851210306,28.75,68.0,2025-08-23
2025-08-24 06:00:00,South Asia,29.98211586052389,28.25,68.0,2025-08-24
2025-08-25 12:00:00,South Asia,30.432470254546786,27.75,68.0,2025-08-25
2025-08-26 06:00:00,South Asia,30.184214895216996,27.75,68.0,2025-08-26
2025-08-27 06:00:00,South Asia,29.547017051559465,26.25,82.25,2025-08-27
2025-08-28 06:00:00,South Asia,29.64013060905478,25.75,79.75,2025-08-28
2025-08-29 06:00:00,South Asia,29.891286304675873,29.75,73.75,2025-08-29
2025-08-30 12:00:00,South Asia,29.78882575149663,27.25,68.0,2025-08-30
2025-08-31 06:00:00,South Asia,29.596381928999904,25.75,84.0,2025-08-31
2025-09-01 12:00:00,South Asia,29.768332216416866,26.5,87.0,2025-09-01
2025-09-02 12:00:00,South Asia,29.69230075546068,28.25,68.0,2025-09-02
2025-09-03 12:00:00,South Asia,29.354667717857865,28.25,68.0,2025-09-03
2025-09-04 12:00:00,South Asia,28.98790390854731,27.75,68.0,2025-09-04
2025-09-05 06:00:00,South Asia,29.355462857330735,25.75,85.5,2025-09-05
2025-09-06 06:00:00,South Asia,29.667732818524485,25.75,82.5,2025-09-06
2025-09-07 06:00:00,South Asia,29.315214672758827,27.5,80.5,2025-09-07
2025-09-08 06:00:00,South Asia,29.546038959976727,25.25,84.25,2025-09-08
2025-09-09 06:00:00,South Asia,29.261994209175498,26.25,82.0,2025-09-09
2025-09-10 06:00:00,South Asia,29.89145932593931,27.5,83.0,2025-09-10
2025-09-11 06:00:00,South Asia,29.123489613256766,22.75,87.5,2025-09-11
2025-09-12 12:00:00,South Asia,29.208269707474983,27.0,85.25,2025-09-12
2025-09-13 18:00:00,South Asia,29.818259011921384,28.75,68.0,2025-09-13
2025-09-14 18:00:00,South Asia,29.658938868855216,29.25,68.0,2025-09-14
2025-09-15 12:00:00,South Asia,29.93938817070523,27.75,68.0,2025-09-15
2025-09-16 12:00:00,South Asia,29.751014902309976,27.25,68.0,2025-09-16
2025-09-17 12:00:00,South Asia,29.634670055549066,27.75,68.0,2025-09-17
2025-09-18 12:00:00,South Asia,29.55599237321161,28.25,68.0,2025-09-18
2025-09-19 06:00:00,South Asia,28.939067943694,22.75,88.0,2025-09-19
2025-09-20 06:00:00,South Asia,29.460281388675526,26.0,80.75,2025-09-20
2025-09-21 12:00:00,South Asia,29.125551709867523,25.5,85.5,2025-09-21
2025-09-22 12:00:00,South Asia,29.62928610276913,26.25,88.0,2025-09-22
2025-09-23 12:00:00,South Asia,29.659382035847216,26.25,82.75,2025-09-23
2025-09-24 12:00:00,South Asia,29.577434859714344,28.75,80.0,2025-09-24
2025-09-25 06:00:00,South Asia,30.330550187939366,25.25,84.0,2025-09-25
2025-09-26 12:00:00,South Asia,30.03474878708687,27.0,85.25,2025-09-26
2025-09-27 12:00:00,South Asia,29.54113236651341,28.5,80.75,2025-09-27
2025-09-28 12:00:00,South Asia,29.547306279791655,26.25,87.25,2025-09-28
2025-09-29 12:00:00,South Asia,29.461678151484023,30.5,71.0,2025-09-29
2025-09-30 12:00:00,South Asia,28.949154869552956,26.0,86.5,2025-09-30
2023-05-01 18:00:00,US Gulf coast,22.26609174435555,28.25,263.0,2023-05-01
2023-05-02 18:00:00,US Gulf coast,22.87494571350794,28.25,263.0,2023-05-02
2023-05-03 18:00:00,US Gulf coast,22.1978922847955,28.25,263.0,2023-05-03
2023-05-04 18:00:00,US Gulf coast,24.76843421438099,28.5,263.25,2023-05-04
2023-05-05 18:00:00,US Gulf coast,25.486687154778338,29.0,264.5,2023-05-05
2023-05-06 18:00:00,US Gulf coast,26.040170192049743,29.0,264.0,2023-05-06
2023-05-07 12:00:00,US Gulf coast,25.325218641863387,28.25,263.0,2023-05-07
2023-05-08 18:00:00,US Gulf coast,25.510226354007045,30.0,263.75,2023-05-08
2023-05-09 06:00:00,US Gulf coast,24.985667986838166,27.0,264.5,2023-05-09
2023-05-10 06:00:00,US Gulf coast,24.81395098122624,27.0,263.25,2023-05-10
2023-05-11 18:00:00,US Gulf coast,26.156746542063615,29.5,269.25,2023-05-11
2023-05-12 06:00:00,US Gulf coast,25.700588706657584,28.25,263.0,2023-05-12
2023-05-13 06:00:00,US Gulf coast,26.058165830245343,30.0,266.5,2023-05-13
2023-05-14 18:00:00,US Gulf coast,24.97195407001948,29.0,263.75,2023-05-14
2023-05-15 18:00:00,US Gulf coast,25.581924031584663,29.75,264.5,2023-05-15
2023-05-16 18:00:00,US Gulf coast,25.256891890536224,30.5,273.25,2023-05-16
2023-05-17 18:00:00,US Gulf coast,24.050594650806715,29.75,270.0,2023-05-17
2023-05-18 18:00:00,US Gulf coast,23.974221655983513,30.5,273.0,2023-05-18
2023-05-19 18:00:00,US Gulf coast,25.840586189747228,28.25,263.0,2023-05-19
2023-05-20 18:00:00,US Gulf coast,25.532148140337995,28.25,278.5,2023-05-20
2023-05-21 18:00:00,US Gulf coast,24.864657733879426,29.5,269.75,2023-05-21
2023-05-22 18:00:00,US Gulf coast,25.85858120021379,27.25,277.75,2023-05-22
2023-05-23 18:00:00,US Gulf coast,25.43156424297905,27.25,277.75,2023-05-23
2023-05-24 18:00:00,US Gulf coast,24.53903882167066,28.25,263.0,2023-05-24
2023-05-25 18:00:00,US Gulf coast,25.213467876855873,28.25,263.0,2023-05-25
2023-05-26 18:00:00,US Gulf coast,23.87588968320597,28.25,263.0,2023-05-26
2023-05-27 18:00:00,US Gulf coast,23.893492622128804,28.25,263.0,2023-05-27
2023-05-28 18:00:00,US Gulf coast,25.07596056784945,27.0,279.0,2023-05-28
2023-05-29 18:00:00,US Gulf coast,24.39066120136448,29.25,264.75,2023-05-29
2023-05-30 18:00:00,US Gulf coast,25.300604823924687,28.25,263.0,2023-05-30
2023-05-31 18:00:00,US Gulf coast,24.64684784972576,27.0,278.5,2023-05-31
2023-06-01 18:00:00,US Gulf coast,25.481536819862242,28.25,263.0,2023-06-01
2023-06-02 18:00:00,US Gulf coast,24.78154947338993,28.25,263.0,2023-06-02
2023-06-03 18:00:00,US Gulf coast,24.88469759696943,33.0,265.25,2023-06-03
2023-06-04 06:00:00,US Gulf coast,25.21966027283304,28.0,268.5,2023-06-04
2023-06-05 18:00:00,US Gulf coast,24.313118264190678,27.5,277.5,2023-06-05
2023-06-06 18:00:00,US Gulf coast,23.90350055537715,30.5,276.25,2023-06-06
2023-06-07 18:00:00,US Gulf coast,25.40346870536746,27.75,277.5,2023-06-07
2023-06-08 18:00:00,US Gulf coast,25.779125737639276,30.25,274.75,2023-06-08
2023-06-09 18:00:00,US Gulf coast,27.684483550249297,28.5,263.25,2023-06-09
2023-06-10 18:00:00,US Gulf coast,26.922971717491407,28.25,263.0,2023-06-10
2023-06-11 18:00:00,US Gulf coast,26.255852984942806,28.25,263.0,2023-06-11
2023-06-12 18:00:00,US Gulf coast,27.24554149260848,28.5,263.25,2023-06-12
2023-06-13 18:00:00,US Gulf coast,27.016152266732888,30.75,272.0,2023-06-13
2023-06-14 18:00:00,US Gulf coast,27.790606177862685,30.75,272.5,2023-06-14
2023-06-15 18:00:00,US Gulf coast,28.692988921373058,31.75,267.0,2023-06-15
2023-06-16 06:00:00,US Gulf coast,28.16717437566666,28.5,263.5,2023-06-16
2023-06-17 18:00:00,US Gulf coast,28.435696677740225,28.25,263.0,2023-06-17
2023-06-18 18:00:00,US Gulf coast,28.02966996575907,28.25,263.0,2023-06-18
2023-06-19 18:00:00,US Gulf coast,28.394027547422752,31.75,268.25,2023-06-19
2023-06-20 06:00:00,US Gulf coast,28.13524427819027,28.5,263.5,2023-06-20
2023-06-21 06:00:00,US Gulf coast,27.92209287317229,28.5,263.5,2023-06-21
2023-06-22 06:00:00,US Gulf coast,27.65842123560384,27.0,263.75,2023-06-22
2023-06-23 06:00:00,US Gulf coast,27.76591158064133,29.0,265.25,2023-06-23
2023-06-24 18:00:00,US Gulf coast,27.955464836973533,29.5,269.25,2023-06-24
2023-06-25 18:00:00,US Gulf coast,27.933917878504246,28.25,263.0,2023-06-25
2023-06-26 18:00:00,US Gulf coast,27.26649748508595,33.0,263.5,2023-06-26
2023-06-27 18:00:00,US Gulf coast,28.10382157121262,32.25,268.0,2023-06-27
2023-06-28 06:00:00,US Gulf coast,27.895643157733275,30.0,271.25,2023-06-28
2023-06-29 12:00:00,US Gulf coast,28.693678485938904,29.75,271.25,2023-06-29
2023-06-30 06:00:00,US Gulf coast,28.100665490247536,30.25,270.0,2023-06-30
2023-07-01 18:00:00,US Gulf coast,27.738737274562823,28.25,263.0,2023-07-01
2023-07-02 18:00:00,US Gulf coast,27.90462958699902,29.5,265.0,2023-07-02
2023-07-03 18:00:00,US Gulf coast,27.789538830251843,28.25,263.0,2023-07-03
2023-07-04 18:00:00,US Gulf coast,27.54672542992455,30.0,275.0,2023-07-04
2023-07-05 18:00:00,US Gulf coast,27.16377446876652,31.75,278.25,2023-07-05
2023-07-06 18:00:00,US Gulf coast,27.661322811725654,33.0,269.5,2023-07-06
2023-07-07 18:00:00,US Gulf coast,27.014269012968498,33.0,268.0,2023-07-07
2023-07-08 18:00:00,US Gulf coast,28.784238338224213,28.75,263.25,2023-07-08
2023-07-09 18:00:00,US Gulf coast,28.675453010805143,29.0,264.5,2023-07-09
2023-07-10 18:00:00,US Gulf coast,27.905966735866514,30.75,268.5,2023-07-10
2023-07-11 18:00:00,US Gulf coast,28.6523860019675,28.5,263.25,2023-07-11
2023-07-12 18:00:00,US Gulf coast,28.57071425491091,30.5,269.5,2023-07-12
2023-07-13 18:00:00,US Gulf coast,28.195389802189652,28.5,263.5,2023-07-13
2023-07-14 18:00:00,US Gulf coast,28.148386921490328,28.5,263.5,2023-07-14
2023-07-15 18:00:00,US Gulf coast,28.361182576639806,30.5,272.5,2023-07-15
2023-07-16 18:00:00,US Gulf coast,28.673077571649003,30.5,274.25,2023-07-16
2023-07-17 18:00:00,US Gulf coast,28.66513222990602,30.25,276.25,2023-07-17
2023-07-18 18:00:00,US Gulf coast,27.876673721901625,29.5,269.5,2023-07-18
2023-07-19 06:00:00,US Gulf coast,27.35670783866925,30.25,270.25,2023-07-19
2023-07-20 18:00:00,US Gulf coast,27.992014190681687,32.5,272.25,2023-07-20
2023-07-21 18:00:00,US Gulf coast,28.813624504958057,28.25,278.0,2023-07-21
2023-07-22 18:00:00,US Gulf coast,28.463434315490815,31.25,268.25,2023-07-22
2023-07-23 18:00:00,US Gulf coast,27.657391467409866,30.0,266.25,2023-07-23
2023-07-24 18:00:00,US Gulf coast,27.42975043045334,30.5,275.75,2023-07-24
2023-07-25 18:00:00,US Gulf coast,27.529090717337056,28.5,263.25,2023-07-25
2023-07-26 18:00:00,US Gulf coast,27.221369519062932,29.0,279.0,2023-07-26
2023-07-27 18:00:00,US Gulf coast,27.50463229741314,29.25,264.5,2023-07-27
2023-07-28 18:00:00,US Gulf coast,27.214224615889123,28.5,263.5,2023-07-28
2023-07-29 18:00:00,US Gulf coast,28.28592976331487,30.25,274.75,2023-07-29
2023-07-30 18:00:00,US Gulf coast,28.163206610695795,27.0,278.5,2023-07-30
2023-07-31 18:00:00,US Gulf coast,28.00480289473228,29.75,270.0,2023-07-31
2023-08-01 06:00:00,US Gulf coast,27.770595680876,30.25,270.25,2023-08-01
2023-08-02 06:00:00,US Gulf coast,27.642019047833912,30.0,266.25,2023-08-02
2023-08-03 18:00:00,US Gulf coast,28.3819527175055,30.5,273.75,2023-08-03
2023-08-04 06:00:00,US Gulf coast,27.41860182333511,29.75,266.25,2023-08-04
2023-08-05 18:00:00,US Gulf coast,28.70657911408,31.25,273.25,2023-08-05
2023-08-06 18:00:00,US Gulf coast,28.770711726108345,31.0,273.25,2023-08-06
2023-08-07 18:00:00,US Gulf coast,28.601157166621817,27.0,279.0,2023-08-07
2023-08-08 18:00:00,US Gulf coast,29.0933338658067,30.5,274.0,2023-08-08
2023-08-09 18:00:00,US Gulf coast,29.072821777959973,27.0,278.75,2023-08-09
2023-08-10 18:00:00,US Gulf coast,28.38091830374367,28.0,279.0,2023-08-10
2023-08-11 18:00:00,US Gulf coast,28.96301474571368,27.25,278.0,2023-08-11
2023-08-12 18:00:00,US Gulf coast,30.1676107439813,30.75,273.0,2023-08-12
2023-08-13 18:00:00,US Gulf coast,29.11045051971496,30.0,275.0,2023-08-13
2023-08-14 18:00:00,US Gulf coast,28.563259890069332,30.5,274.75,2023-08-14
2023-08-15 18:00:00,US Gulf coast,28.696807099579928,30.5,274.0,2023-08-15
2023-08-16 06:00:00,US Gulf coast,28.49614910376539,29.5,266.75,2023-08-16
2023-08-17 18:00:00,US Gulf coast,27.109362088278942,29.5,278.5,2023-08-17
2023-08-18 18:00:00,US Gulf coast,27.46948824670835,28.0,263.0,2023-08-18
2023-08-19 18:00:00,US Gulf coast,27.526554402096394,29.75,267.5,2023-08-19
2023-08-20 18:00:00,US Gulf coast,27.77123614670876,30.0,266.25,2023-08-20
2023-08-21 06:00:00,US Gulf coast,28.191354700062107,29.75,266.25,2023-08-21
2023-08-22 18:00:00,US Gulf coast,27.585553282688124,29.5,265.0,2023-08-22
2023-08-23 18:00:00,US Gulf coast,28.911250851761338,28.5,263.25,2023-08-23
2023-08-24 18:00:00,US Gulf coast,28.04339377768821,30.0,266.25,2023-08-24
2023-08-25 18:00:00,US Gulf coast,28.146647064278625,31.5,268.75,2023-08-25
2023-08-26 18:00:00,US Gulf coast,28.43728976708894,30.5,272.0,2023-08-26
2023-08-27 18:00:00,US Gulf coast,29.14698917666766,30.5,272.0,2023-08-27
2023-08-28 06:00:00,US Gulf coast,29.01209591481978,28.75,268.75,2023-08-28
2023-08-29 18:00:00,US Gulf coast,27.674941137492965,28.25,279.0,2023-08-29
2023-08-30 18:00:00,US Gulf coast,27.479848572804542,27.0,278.25,2023-08-30
2023-08-31 18:00:00,US Gulf coast,27.747468613046237,27.5,278.0,2023-08-31
2023-09-01 18:00:00,US Gulf coast,27.873934838021512,28.5,278.75,2023-09-01
2023-09-02 18:00:00,US Gulf coast,27.351077477367596,28.5,263.5,2023-09-02
2023-09-03 18:00:00,US Gulf coast,27.575097035476233,30.25,268.5,2023-09-03
2023-09-04 18:00:00,US Gulf coast,28.616203879193847,28.25,263.0,2023-09-04
2023-09-05 18:00:00,US Gulf coast,28.33144508169977,29.5,265.0,2023-09-05
2023-09-06 18:00:00,US Gulf coast,27.695203010943885,28.25,263.0,2023-09-06
2023-09-07 18:00:00,US Gulf coast,27.96177809489626,29.75,267.5,2023-09-07
2023-09-08 18:00:00,US Gulf coast,27.11555433225425,29.5,267.25,2023-09-08
2023-09-09 06:00:00,US Gulf coast,26.983848282738165,29.0,267.25,2023-09-09
2023-09-10 06:00:00,US Gulf coast,26.924849463079624,28.5,263.75,2023-09-10
2023-09-11 18:00:00,US Gulf coast,27.056814628399138,30.0,275.0,2023-09-11
2023-09-12 18:00:00,US Gulf coast,27.100100519766727,28.0,279.0,2023-09-12
2023-09-13 18:00:00,US Gulf coast,27.331553501908672,28.0,278.75,2023-09-13
2023-09-14 18:00:00,US Gulf coast,27.057321456089028,29.5,265.0,2023-09-14
2023-09-15 18:00:00,US Gulf coast,27.82868019805136,29.0,264.5,2023-09-15
2023-09-16 18:00:00,US Gulf coast,27.338822492619386,29.0,264.5,2023-09-16
2023-09-17 18:00:00,US Gulf coast,27.540067696842584,27.5,277.75,2023-09-17
2023-09-18 18:00:00,US Gulf coast,26.238423285727492,27.5,277.5,2023-09-18
2023-09-19 18:00:00,US Gulf coast,25.386139148152495,27.0,278.0,2023-09-19
2023-09-20 18:00:00,US Gulf coast,26.54856175232709,27.0,278.0,2023-09-20
2023-09-21 18:00:00,US Gulf coast,27.08026641325523,28.25,263.0,2023-09-21
2023-09-22 18:00:00,US Gulf coast,28.05526197274787,29.5,265.0,2023-09-22
2023-09-23 18:00:00,US Gulf coast,27.517407970851707,28.25,263.0,2023-09-23
2023-09-24 18:00:00,US Gulf coast,27.278650629812773,28.5,263.25,2023-09-24
2023-09-25 18:00:00,US Gulf coast,26.820187729748,28.25,263.0,2023-09-25
2023-09-26 18:00:00,US Gulf coast,27.488217237756828,27.25,279.0,2023-09-26
2023-09-27 18:00:00,US Gulf coast,26.465592618212384,27.25,277.75,2023-09-27
2023-09-28 18:00:00,US Gulf coast,26.430829367058266,27.0,279.0,2023-09-28
2023-09-29 18:00:00,US Gulf coast,27.518982941407444,27.0,278.75,2023-09-29
2023-09-30 18:00:00,US Gulf coast,27.584422387349036,27.0,278.25,2023-09-30
2024-05-01 18:00:00,US Gulf coast,25.391363905665344,29.0,263.0,2024-05-01
2024-05-02 06:00:00,US Gulf coast,25.139836831092055,28.25,263.0,2024-05-02
2024-05-03 06:00:00,US Gulf coast,25.214875950006444,28.25,263.0,2024-05-03
2024-05-04 18:00:00,US Gulf coast,25.17525689804944,29.0,264.0,2024-05-04
2024-05-05 06:00:00,US Gulf coast,24.929794396304942,28.25,263.0,2024-05-05
2024-05-06 18:00:00,US Gulf coast,25.307827304759144,30.5,264.75,2024-05-06
2024-05-07 18:00:00,US Gulf coast,26.52675736186427,31.25,264.5,2024-05-07
2024-05-08 18:00:00,US Gulf coast,26.202718574097673,29.75,265.0,2024-05-08
2024-05-09 18:00:00,US Gulf coast,26.817089251349557,28.25,263.0,2024-05-09
2024-05-10 06:00:00,US Gulf coast,26.26913022454238,27.0,263.0,2024-05-10
2024-05-11 18:00:00,US Gulf coast,25.816197040357395,27.0,278.0,2024-05-11
2024-05-12 18:00:00,US Gulf coast,26.607911274837704,28.5,263.0,2024-05-12
2024-05-13 18:00:00,US Gulf coast,26.776545514133716,29.0,264.5,2024-05-13
2024-05-14 18:00:00,US Gulf coast,26.31548842577388,27.0,275.75,2024-05-14
2024-05-15 12:00:00,US Gulf coast,27.07719534347683,27.0,278.0,2024-05-15
2024-05-16 18:00:00,US Gulf coast,26.51827622392136,27.25,264.0,2024-05-16
2024-05-17 06:00:00,US Gulf coast,26.588508099585,27.0,265.25,2024-05-17
2024-05-18 18:00:00,US Gulf coast,27.034926927295032,28.0,277.5,2024-05-18
2024-05-19 06:00:00,US Gulf coast,26.055161178761182,27.0,272.5,2024-05-19
2024-05-20 18:00:00,US Gulf coast,26.788186472565883,28.25,263.0,2024-05-20
2024-05-21 18:00:00,US Gulf coast,27.602432002752607,28.75,263.5,2024-05-21
2024-05-22 18:00:00,US Gulf coast,27.550981811934378,28.25,263.0,2024-05-22
2024-05-23 06:00:00,US Gulf coast,27.23517505678967,28.25,263.0,2024-05-23
2024-05-24 18:00:00,US Gulf coast,27.482354549428806,28.25,263.0,2024-05-24
2024-05-25 18:00:00,US Gulf coast,27.66049552910215,28.5,263.5,2024-05-25
2024-05-26 18:00:00,US Gulf coast,27.41397277629494,28.25,263.0,2024-05-26
2024-05-27 18:00:00,US Gulf coast,28.73423180851205,28.5,263.25,2024-05-27
2024-05-28 06:00:00,US Gulf coast,27.697492289564764,30.75,265.0,2024-05-28
2024-05-29 18:00:00,US Gulf coast,26.79107423817601,28.75,263.5,2024-05-29
2024-05-30 18:00:00,US Gulf coast,27.411450712019075,28.5,263.5,2024-05-30
2024-05-31 12:00:00,US Gulf coast,26.790670977440186,27.0,263.75,2024-05-31
2024-06-01 18:00:00,US Gulf coast,27.674344341425638,29.75,267.75,2024-06-01
2024-06-02 18:00:00,US Gulf coast,28.036585671361138,30.0,263.75,2024-06-02
2024-06-03 06:00:00,US Gulf coast,27.742901341900563,28.25,263.0,2024-06-03
2024-06-04 18:00:00,US Gulf coast,27.75218753822145,28.25,263.0,2024-06-04
2024-06-05 06:00:00,US Gulf coast,28.119415006063264,28.25,263.0,2024-06-05
2024-06-06 06:00:00,US Gulf coast,27.381558461845998,27.0,263.0,2024-06-06
2024-06-07 06:00:00,US Gulf coast,26.77829842634634,27.5,263.0,2024-06-07
2024-06-08 06:00:00,US Gulf coast,26.977553415550858,30.0,266.25,2024-06-08
2024-06-09 18:00:00,US Gulf coast,26.70072569066491,29.25,264.75,2024-06-09
2024-06-10 18:00:00,US Gulf coast,26.897961673030636,28.0,278.75,2024-06-10
2024-06-11 18:00:00,US Gulf coast,27.422025463802413,29.75,265.25,2024-06-11
2024-06-12 18:00:00,US Gulf coast,27.551986271452506,28.5,263.25,2024-06-12
2024-06-13 18:00:00,US Gulf coast,27.25953266287962,29.75,264.5,2024-06-13
2024-06-14 18:00:00,US Gulf coast,26.169041444951176,28.0,263.0,2024-06-14
2024-06-15 18:00:00,US Gulf coast,27.103120366209794,28.75,263.25,2024-06-15
2024-06-16 18:00:00,US Gulf coast,27.196270373573327,28.25,263.0,2024-06-16
2024-06-17 18:00:00,US Gulf coast,27.14649266889728,30.0,264.75,2024-06-17
2024-06-18 06:00:00,US Gulf coast,26.155212067782372,27.25,267.75,2024-06-18
2024-06-19 18:00:00,US Gulf coast,26.88400555891525,30.0,269.25,2024-06-19
2024-06-20 18:00:00,US Gulf coast,27.98735009296695,28.5,263.0,2024-06-20
2024-06-21 18:00:00,US Gulf coast,27.12919201101704,29.25,264.25,2024-06-21
2024-06-22 18:00:00,US Gulf coast,27.13129280300751,29.0,278.25,2024-06-22
2024-06-23 18:00:00,US Gulf coast,27.609298336811037,29.5,264.75,2024-06-23
2024-06-24 18:00:00,US Gulf coast,27.784732380099967,30.0,268.5,2024-06-24
2024-06-25 18:00:00,US Gulf coast,28.382419177036127,29.75,265.0,2024-06-25
2024-06-26 18:00:00,US Gulf coast,28.477508096641543,29.75,265.0,2024-06-26
2024-06-27 18:00:00,US Gulf coast,28.43096809087598,29.75,265.5,2024-06-27
2024-06-28 18:00:00,US Gulf coast,27.84285177126975,30.0,265.75,2024-06-28
2024-06-29 18:00:00,US Gulf coast,28.611875192550315,30.0,264.75,2024-06-29
2024-06-30 18:00:00,US Gulf coast,28.660153234203733,33.0,269.0,2024-06-30
2024-07-01 18:00:00,US Gulf coast,29.039355094474672,32.25,268.25,2024-07-01
2024-07-02 18:00:00,US Gulf coast,29.249111708459168,29.75,267.5,2024-07-02
2024-07-03 18:00:00,US Gulf coast,28.76811772624177,33.0,269.75,2024-07-03
2024-07-04 18:00:00,US Gulf coast,28.7541020311171,32.75,269.0,2024-07-04
2024-07-05 18:00:00,US Gulf coast,28.38356725798576,29.75,269.5,2024-07-05
2024-07-06 18:00:00,US Gulf coast,27.812932035471817,31.0,269.0,2024-07-06
2024-07-07 18:00:00,US Gulf coast,28.520923731542325,31.5,269.5,2024-07-07
2024-07-08 18:00:00,US Gulf coast,28.32162743452136,27.0,278.0,2024-07-08
2024-07-09 18:00:00,US Gulf coast,28.520093067575317,29.25,264.25,2024-07-09
2024-07-10 18:00:00,US Gulf coast,27.620305267946094,29.5,264.0,2024-07-10
2024-07-11 18:00:00,US Gulf coast,27.009750717794986,29.75,264.25,2024-07-11
2024-07-12 18:00:00,US Gulf coast,27.26680324862008,30.0,267.0,2024-07-12
2024-07-13 18:00:00,US Gulf coast,27.66145927265461,28.75,263.0,2024-07-13
2024-07-14 18:00:00,US Gulf coast,28.11290758146157,30.75,273.75,2024-07-14
2024-07-15 18:00:00,US Gulf coast,27.812254607668024,28.5,279.0,2024-07-15
2024-07-16 18:00:00,US Gulf coast,27.482041480412306,30.5,270.0,2024-07-16
2024-07-17 18:00:00,US Gulf coast,28.183651855114704,29.25,264.5,2024-07-17
2024-07-18 18:00:00,US Gulf coast,27.43940372706362,27.5,277.5,2024-07-18
2024-07-19 18:00:00,US Gulf coast,27.660590390276468,27.5,277.5,2024-07-19
2024-07-20 18:00:00,US Gulf coast,27.57268939724389,28.0,278.75,2024-07-20
2024-07-21 18:00:00,US Gulf coast,28.166816563783925,28.25,278.5,2024-07-21
2024-07-22 18:00:00,US Gulf coast,27.976270875332773,28.5,279.0,2024-07-22
2024-07-23 18:00:00,US Gulf coast,27.695354176904004,30.5,274.0,2024-07-23
2024-07-24 18:00:00,US Gulf coast,27.868604476279813,27.75,277.5,2024-07-24
2024-07-25 18:00:00,US Gulf coast,27.87955281800612,30.25,269.25,2024-07-25
2024-07-26 18:00:00,US Gulf coast,27.11657990762933,28.5,278.25,2024-07-26
2024-07-27 18:00:00,US Gulf coast,27.36626408086454,32.25,275.0,2024-07-27
2024-07-28 18:00:00,US Gulf coast,28.267590882541754,30.25,266.0,2024-07-28
2024-07-29 18:00:00,US Gulf coast,28.69577327051445,29.25,263.75,2024-07-29
2024-07-30 18:00:00,US Gulf coast,28.932918129301925,29.75,265.0,2024-07-30
2024-07-31 18:00:00,US Gulf coast,27.954685352677927,29.5,269.25,2024-07-31
2024-08-01 18:00:00,US Gulf coast,28.68494884540985,29.5,269.25,2024-08-01
2024-08-02 18:00:00,US Gulf coast,28.002876467373596,29.75,269.75,2024-08-02
2024-08-03 06:00:00,US Gulf coast,28.063958761640322,30.25,270.25,2024-08-03
2024-08-04 18:00:00,US Gulf coast,28.50655937999079,29.75,270.0,2024-08-04
2024-08-05 18:00:00,US Gulf coast,27.97923567587975,29.75,269.5,2024-08-05
2024-08-06 18:00:00,US Gulf coast,28.541035121046093,27.5,277.5,2024-08-06
2024-08-07 06:00:00,US Gulf coast,28.509829825643408,29.75,273.75,2024-08-07
2024-08-08 18:00:00,US Gulf coast,28.436292124533622,29.5,276.5,2024-08-08
2024-08-09 06:00:00,US Gulf coast,28.30465945316007,29.5,276.75,2024-08-09
2024-08-10 18:00:00,US Gulf coast,28.356416622568815,30.0,275.0,2024-08-10
2024-08-11 18:00:00,US Gulf coast,27.54449493146859,28.25,278.0,2024-08-11
2024-08-12 18:00:00,US Gulf coast,28.047170386441508,30.25,277.0,2024-08-12
2024-08-13 18:00:00,US Gulf coast,28.685895356551782,29.0,264.25,2024-08-13
2024-08-14 18:00:00,US Gulf coast,27.93530955229386,29.5,269.0,2024-08-14
2024-08-15 18:00:00,US Gulf coast,28.212251721520488,29.75,270.0,2024-08-15
2024-08-16 18:00:00,US Gulf coast,28.680108153707806,29.5,269.5,2024-08-16
2024-08-17 18:00:00,US Gulf coast,27.841555553506282,30.75,268.75,2024-08-17
2024-08-18 18:00:00,US Gulf coast,28.996605355767713,29.75,268.75,2024-08-18
2024-08-19 12:00:00,US Gulf coast,28.59340252722609,29.5,270.75,2024-08-19
2024-08-20 06:00:00,US Gulf coast,28.141566362746005,29.5,265.75,2024-08-20
2024-08-21 18:00:00,US Gulf coast,28.107475202162902,28.5,263.5,2024-08-21
2024-08-22 18:00:00,US Gulf coast,28.465501368861737,29.0,264.0,2024-08-22
2024-08-23 18:00:00,US Gulf coast,27.99267435559375,30.5,264.0,2024-08-23
2024-08-24 18:00:00,US Gulf coast,27.001525176744053,29.25,264.75,2024-08-24
2024-08-25 18:00:00,US Gulf coast,27.714308672728237,28.25,263.0,2024-08-25
2024-08-26 18:00:00,US Gulf coast,27.228369146088653,27.0,278.25,2024-08-26
2024-08-27 18:00:00,US Gulf coast,27.316420766670717,28.5,278.5,2024-08-27
2024-08-28 18:00:00,US Gulf coast,27.30983821120077,28.5,278.75,2024-08-28
2024-08-29 18:00:00,US Gulf coast,27.44893656966059,32.25,268.25,2024-08-29
2024-08-30 18:00:00,US Gulf coast,27.06147408729339,27.75,279.0,2024-08-30
2024-08-31 18:00:00,US Gulf coast,27.149138990733604,28.25,263.0,2024-08-31
2024-09-01 18:00:00,US Gulf coast,27.073086660061165,28.25,263.0,2024-09-01
2024-09-02 18:00:00,US Gulf coast,27.797763048852403,29.5,277.0,2024-09-02
2024-09-03 18:00:00,US Gulf coast,26.9883412395061,29.25,264.25,2024-09-03
2024-09-04 18:00:00,US Gulf coast,28.1891813436921,28.0,278.75,2024-09-04
2024-09-05 18:00:00,US Gulf coast,28.324459245235232,28.25,277.5,2024-09-05
2024-09-06 18:00:00,US Gulf coast,27.220330210091504,30.25,278.25,2024-09-06
2024-09-07 18:00:00,US Gulf coast,27.682532878514905,28.0,277.5,2024-09-07
2024-09-08 18:00:00,US Gulf coast,27.716921436381256,28.25,278.75,2024-09-08
2024-09-09 18:00:00,US Gulf coast,27.382684408950126,27.0,278.75,2024-09-09
2024-09-10 18:00:00,US Gulf coast,27.185738912830686,28.5,278.75,2024-09-10
2024-09-11 18:00:00,US Gulf coast,27.810249262488526,28.5,278.0,2024-09-11
2024-09-12 18:00:00,US Gulf coast,27.988959165685856,27.0,278.0,2024-09-12
2024-09-13 18:00:00,US Gulf coast,27.936972872520982,27.5,277.75,2024-09-13
2024-09-14 18:00:00,US Gulf coast,27.531219512016605,28.0,279.0,2024-09-14
2024-09-15 18:00:00,US Gulf coast,27.33647742222695,27.5,278.25,2024-09-15
2024-09-16 18:00:00,US Gulf coast,26.614680370374117,30.0,266.0,2024-09-16
2024-09-17 18:00:00,US Gulf coast,26.88945822357931,27.75,277.5,2024-09-17
2024-09-18 18:00:00,US Gulf coast,27.378757016170198,28.25,263.0,2024-09-18
2024-09-19 18:00:00,US Gulf coast,27.752043777024255,28.75,264.25,2024-09-19
2024-09-20 18:00:00,US Gulf coast,27.66350002753404,28.5,263.5,2024-09-20
2024-09-21 06:00:00,US Gulf coast,26.483132366634038,27.75,263.0,2024-09-21
2024-09-22 18:00:00,US Gulf coast,27.16060501930491,29.75,268.75,2024-09-22
2024-09-23 18:00:00,US Gulf coast,27.310884757822464,27.5,279.0,2024-09-23
2024-09-24 18:00:00,US Gulf coast,27.012016297652337,27.0,278.75,2024-09-24
2024-09-25 18:00:00,US Gulf coast,26.998444821956184,27.75,278.0,2024-09-25
2024-09-26 18:00:00,US Gulf coast,27.39491660366889,28.0,278.75,2024-09-26
2024-09-27 18:00:00,US Gulf coast,27.695016319481965,27.0,278.75,2024-09-27
2024-09-28 18:00:00,US Gulf coast,27.12150657124016,28.25,279.0,2024-09-28
2024-09-29 18:00:00,US Gulf coast,28.25549297302058,27.0,278.5,2024-09-29
2024-09-30 18:00:00,US Gulf coast,28.107815924367117,28.25,277.5,2024-09-30
2025-05-01 18:00:00,US Gulf coast,24.51064839517369,29.75,264.25,2025-05-01
2025-05-02 18:00:00,US Gulf coast,24.16954423790048,28.5,263.25,2025-05-02
2025-05-03 06:00:00,US Gulf coast,24.405204350693907,27.0,263.5,2025-05-03
2025-05-04 18:00:00,US Gulf coast,23.174465226086227,27.5,277.75,2025-05-04
2025-05-05 18:00:00,US Gulf coast,24.043735442990453,27.0,263.0,2025-05-05
2025-05-06 18:00:00,US Gulf coast,25.339690485546214,29.0,263.0,2025-05-06
2025-05-07 18:00:00,US Gulf coast,25.210280814342354,27.0,271.25,2025-05-07
2025-05-08 06:00:00,US Gulf coast,25.303410032210195,27.0,271.75,2025-05-08
2025-05-09 18:00:00,US Gulf coast,25.052478963737258,28.0,277.5,2025-05-09
2025-05-10 18:00:00,US Gulf coast,24.638484035823808,27.25,277.5,2025-05-10
2025-05-11 18:00:00,US Gulf coast,24.308119353517668,27.0,276.25,2025-05-11
2025-05-12 18:00:00,US Gulf coast,23.969007834159584,27.5,277.75,2025-05-12
2025-05-13 18:00:00,US Gulf coast,24.62433921988844,29.75,265.0,2025-05-13
2025-05-14 18:00:00,US Gulf coast,25.318576527136486,33.0,264.0,2025-05-14
2025-05-15 18:00:00,US Gulf coast,25.887188068201453,29.5,265.0,2025-05-15
2025-05-16 18:00:00,US Gulf coast,26.360176145317098,28.25,263.0,2025-05-16
2025-05-17 18:00:00,US Gulf coast,27.203844014673734,32.25,265.75,2025-05-17
2025-05-18 06:00:00,US Gulf coast,26.06271861225855,28.25,263.0,2025-05-18
2025-05-19 18:00:00,US Gulf coast,26.130666360065845,28.25,263.0,2025-05-19
2025-05-20 18:00:00,US Gulf coast,26.68931637729463,29.25,263.0,2025-05-20
2025-05-21 06:00:00,US Gulf coast,26.60516566506982,28.25,263.0,2025-05-21
2025-05-22 18:00:00,US Gulf coast,26.52049899728422,29.0,264.5,2025-05-22
2025-05-23 18:00:00,US Gulf coast,26.651060148005797,29.75,269.0,2025-05-23
2025-05-24 18:00:00,US Gulf coast,26.89029918477064,30.0,265.5,2025-05-24
2025-05-25 18:00:00,US Gulf coast,26.854358942519525,30.0,266.5,2025-05-25
2025-05-26 18:00:00,US Gulf coast,26.80979355767198,28.5,279.0,2025-05-26
2025-05-27 18:00:00,US Gulf coast,26.672263289521652,28.25,278.5,2025-05-27
2025-05-28 18:00:00,US Gulf coast,26.969156471640133,30.5,271.5,2025-05-28
2025-05-29 18:00:00,US Gulf coast,26.447199009894405,28.0,277.5,2025-05-29
2025-05-30 18:00:00,US Gulf coast,26.49338354067976,29.5,269.5,2025-05-30
2025-05-31 06:00:00,US Gulf coast,25.540959322512094,27.0,277.25,2025-05-31
2025-06-01 18:00:00,US Gulf coast,26.62060745320275,28.25,263.0,2025-06-01
2025-06-02 18:00:00,US Gulf coast,26.397005494538007,30.5,266.0,2025-06-02
2025-06-03 18:00:00,US Gulf coast,26.70289458737392,28.25,263.0,2025-06-03
2025-06-04 18:00:00,US Gulf coast,26.68602486941927,28.5,263.5,2025-06-04
2025-06-05 18:00:00,US Gulf coast,26.6708565107117,28.25,277.5,2025-06-05
2025-06-06 18:00:00,US Gulf coast,26.908989232028432,28.5,263.5,2025-06-06
2025-06-07 18:00:00,US Gulf coast,26.753927537180004,32.25,279.0,2025-06-07
2025-06-08 18:00:00,US Gulf coast,26.908495765618966,30.5,269.5,2025-06-08
2025-06-09 18:00:00,US Gulf coast,27.17248785569319,27.0,278.0,2025-06-09
2025-06-10 18:00:00,US Gulf coast,27.301612154095324,30.0,268.0,2025-06-10
2025-06-11 06:00:00,US Gulf coast,27.39225921868291,27.0,263.25,2025-06-11
2025-06-12 06:00:00,US Gulf coast,27.05118642904614,27.0,263.25,2025-06-12
2025-06-13 18:00:00,US Gulf coast,28.817978344122764,28.75,263.25,2025-06-13
2025-06-14 18:00:00,US Gulf coast,27.532377819155784,28.75,263.0,2025-06-14
2025-06-15 18:00:00,US Gulf coast,28.715415286253005,29.25,263.0,2025-06-15
2025-06-16 18:00:00,US Gulf coast,27.369853807531968,29.75,264.0,2025-06-16
2025-06-17 18:00:00,US Gulf coast,27.498362521485774,29.75,265.0,2025-06-17
2025-06-18 18:00:00,US Gulf coast,26.67219653541588,30.25,274.75,2025-06-18
2025-06-19 18:00:00,US Gulf coast,27.402800212517036,28.5,263.25,2025-06-19
2025-06-20 18:00:00,US Gulf coast,27.02300296421896,33.0,267.75,2025-06-20
2025-06-21 18:00:00,US Gulf coast,27.072302285363833,29.75,270.0,2025-06-21
2025-06-22 18:00:00,US Gulf coast,27.407573242356307,30.25,276.0,2025-06-22
2025-06-23 18:00:00,US Gulf coast,27.852453106852806,29.75,265.0,2025-06-23
2025-06-24 18:00:00,US Gulf coast,27.357874755113357,30.5,274.0,2025-06-24
2025-06-25 18:00:00,US Gulf coast,26.91163565045997,32.75,272.25,2025-06-25
2025-06-26 18:00:00,US Gulf coast,26.82601272666193,29.75,265.0,2025-06-26
2025-06-27 18:00:00,US Gulf coast,27.18144939121322,29.75,265.0,2025-06-27
2025-06-28 18:00:00,US Gulf coast,26.67118879557529,27.75,279.0,2025-06-28
2025-06-29 18:00:00,US Gulf coast,27.08840384715137,30.75,264.0,2025-06-29
2025-06-30 18:00:00,US Gulf coast,27.125935629900255,31.25,270.75,2025-06-30
2025-07-01 18:00:00,US Gulf coast,26.803682526732985,30.75,273.0,2025-07-01
2025-07-02 18:00:00,US Gulf coast,27.08331954664186,30.25,274.75,2025-07-02
2025-07-03 18:00:00,US Gulf coast,28.31750341651332,28.75,263.0,2025-07-03
2025-07-04 18:00:00,US Gulf coast,28.105923017192765,29.5,264.75,2025-07-04
2025-07-05 18:00:00,US Gulf coast,27.37017007715508,30.25,266.0,2025-07-05
2025-07-06 18:00:00,US Gulf coast,27.082580669794652,29.0,279.0,2025-07-06
2025-07-07 18:00:00,US Gulf coast,27.11965346787798,27.0,278.25,2025-07-07
2025-07-08 18:00:00,US Gulf coast,27.303097084941726,27.0,278.75,2025-07-08
2025-07-09 18:00:00,US Gulf coast,27.281872123473306,27.25,278.5,2025-07-09
2025-07-10 18:00:00,US Gulf coast,27.532707832610527,28.5,279.0,2025-07-10
2025-07-11 18:00:00,US Gulf coast,27.12478884642013,27.0,279.0,2025-07-11
2025-07-12 18:00:00,US Gulf coast,27.74842852481953,28.75,263.5,2025-07-12
2025-07-13 18:00:00,US Gulf coast,27.600008823082987,32.75,278.75,2025-07-13
2025-07-14 18:00:00,US Gulf coast,27.167776742467936,32.25,279.0,2025-07-14
2025-07-15 18:00:00,US Gulf coast,27.762125853833027,30.0,265.75,2025-07-15
2025-07-16 06:00:00,US Gulf coast,27.723177037802202,30.0,272.5,2025-07-16
2025-07-17 18:00:00,US Gulf coast,27.599548257905212,27.25,278.25,2025-07-17
2025-07-18 18:00:00,US Gulf coast,27.986750754071466,29.75,276.75,2025-07-18
2025-07-19 18:00:00,US Gulf coast,28.4285795822193,29.5,278.75,2025-07-19
2025-07-20 18:00:00,US Gulf coast,27.675170537990766,28.5,279.0,2025-07-20
2025-07-21 18:00:00,US Gulf coast,28.492412257953617,27.0,278.75,2025-07-21
2025-07-22 18:00:00,US Gulf coast,27.87782438632712,30.0,267.5,2025-07-22
2025-07-23 18:00:00,US Gulf coast,28.12193214619674,29.75,270.0,2025-07-23
2025-07-24 18:00:00,US Gulf coast,27.92078508940409,30.75,268.5,2025-07-24
2025-07-25 18:00:00,US Gulf coast,27.917624340947498,27.75,279.0,2025-07-25
2025-07-26 18:00:00,US Gulf coast,28.032076357075084,30.75,273.0,2025-07-26
2025-07-27 18:00:00,US Gulf coast,27.879288215382985,30.5,270.5,2025-07-27
2025-07-28 18:00:00,US Gulf coast,28.467502945074614,28.0,277.5,2025-07-28
2025-07-29 12:00:00,US Gulf coast,28.612428154604743,29.25,276.75,2025-07-29
2025-07-30 18:00:00,US Gulf coast,28.455437277947055,32.0,268.25,2025-07-30
2025-07-31 18:00:00,US Gulf coast,28.77068455043593,33.0,272.0,2025-07-31
2025-08-01 18:00:00,US Gulf coast,27.654802566446108,32.0,278.75,2025-08-01
2025-08-02 18:00:00,US Gulf coast,27.541156926456267,27.0,278.25,2025-08-02
2025-08-03 18:00:00,US Gulf coast,27.73898883632654,27.0,278.25,2025-08-03
2025-08-04 18:00:00,US Gulf coast,27.51102925433014,28.25,278.75,2025-08-04
2025-08-05 18:00:00,US Gulf coast,27.264613377456442,28.5,278.75,2025-08-05
2025-08-06 18:00:00,US Gulf coast,27.721395447969655,29.0,264.5,2025-08-06
2025-08-07 18:00:00,US Gulf coast,27.988229062825724,29.0,264.5,2025-08-07
2025-08-08 18:00:00,US Gulf coast,27.914303263252464,30.0,265.75,2025-08-08
2025-08-09 06:00:00,US Gulf coast,26.772356292299037,28.25,263.5,2025-08-09
2025-08-10 18:00:00,US Gulf coast,27.08412691320467,27.0,278.0,2025-08-10
2025-08-11 18:00:00,US Gulf coast,27.329936168971358,27.5,279.0,2025-08-11
2025-08-12 18:00:00,US Gulf coast,27.726766543376016,32.25,279.0,2025-08-12
2025-08-13 18:00:00,US Gulf coast,27.9075472936795,31.0,269.0,2025-08-13
2025-08-14 18:00:00,US Gulf coast,27.97061079637666,31.25,271.0,2025-08-14
2025-08-15 18:00:00,US Gulf coast,28.511378307392135,27.5,278.25,2025-08-15
2025-08-16 18:00:00,US Gulf coast,27.984809341910534,28.25,277.5,2025-08-16
2025-08-17 18:00:00,US Gulf coast,27.790520214127127,29.0,279.0,2025-08-17
2025-08-18 18:00:00,US Gulf coast,27.714980687970694,28.0,278.25,2025-08-18
2025-08-19 18:00:00,US Gulf coast,27.281539942950246,30.5,266.5,2025-08-19
2025-08-20 18:00:00,US Gulf coast,27.84053981876906,29.75,270.0,2025-08-20
2025-08-21 18:00:00,US Gulf coast,27.604202125794757,27.25,278.25,2025-08-21
2025-08-22 18:00:00,US Gulf coast,27.49702549474472,31.0,272.0,2025-08-22
2025-08-23 18:00:00,US Gulf coast,26.700011450446766,29.75,270.0,2025-08-23
2025-08-24 18:00:00,US Gulf coast,26.91659215268902,30.25,274.5,2025-08-24
2025-08-25 18:00:00,US Gulf coast,27.57012521706673,27.0,278.5,2025-08-25
2025-08-26 18:00:00,US Gulf coast,26.779753110592424,29.0,264.5,2025-08-26
2025-08-27 18:00:00,US Gulf coast,27.019784011936338,30.0,265.5,2025-08-27
2025-08-28 18:00:00,US Gulf coast,27.258187236279355,29.25,264.5,2025-08-28
2025-08-29 18:00:00,US Gulf coast,26.96558097473695,28.5,263.5,2025-08-29
2025-08-30 18:00:00,US Gulf coast,27.466298721453313,29.25,264.5,2025-08-30
2025-08-31 06:00:00,US Gulf coast,26.58710258635182,27.5,263.0,2025-08-31
2025-09-01 18:00:00,US Gulf coast,26.859800491201156,28.25,263.0,2025-09-01
2025-09-02 18:00:00,US Gulf coast,26.98538710593681,27.75,279.0,2025-09-02
2025-09-03 18:00:00,US Gulf coast,26.20962515011894,29.75,265.0,2025-09-03
2025-09-04 18:00:00,US Gulf coast,26.156322252629764,28.5,264.25,2025-09-04
2025-09-05 18:00:00,US Gulf coast,26.700172252760183,28.0,278.25,2025-09-05
2025-09-06 18:00:00,US Gulf coast,27.630162161607473,28.5,263.25,2025-09-06
2025-09-07 18:00:00,US Gulf coast,26.913489373008304,29.0,278.25,2025-09-07
2025-09-08 18:00:00,US Gulf coast,26.625467768862677,28.25,279.0,2025-09-08
2025-09-09 18:00:00,US Gulf coast,26.276506586658,28.25,279.0,2025-09-09
2025-09-10 18:00:00,US Gulf coast,26.10990080419714,29.75,268.75,2025-09-10
2025-09-11 18:00:00,US Gulf coast,27.19472676060991,29.25,264.25,2025-09-11
2025-09-12 18:00:00,US Gulf coast,26.222811145076832,27.0,278.75,2025-09-12
2025-09-13 18:00:00,US Gulf coast,25.254754795948998,29.5,265.0,2025-09-13
2025-09-14 06:00:00,US Gulf coast,25.1245380237541,27.0,263.0,2025-09-14
2025-09-15 18:00:00,US Gulf coast,25.1930318927362,27.0,278.75,2025-09-15
2025-09-16 18:00:00,US Gulf coast,25.548072624501685,27.0,279.0,2025-09-16
2025-09-17 18:00:00,US Gulf coast,25.527792757054385,27.75,278.0,2025-09-17
2025-09-18 18:00:00,US Gulf coast,25.49683977076404,31.5,266.25,2025-09-18
2025-09-19 18:00:00,US Gulf coast,25.597361580204563,27.5,279.0,2025-09-19
2025-09-20 18:00:00,US Gulf coast,26.368050404442556,29.25,264.75,2025-09-20
2025-09-21 18:00:00,US Gulf coast,25.993471994711967,28.25,263.0,2025-09-21
2025-09-22 18:00:00,US Gulf coast,26.764751595247958,28.5,263.5,2025-09-22
2025-09-23 18:00:00,US Gulf coast,26.73602964268025,29.5,264.5,2025-09-23
2025-09-24 18:00:00,US Gulf coast,27.024695584171752,28.5,263.5,2025-09-24
2025-09-25 18:00:00,US Gulf coast,26.64619427008239,28.5,278.75,2025-09-25
2025-09-26 18:00:00,US Gulf coast,26.26376224481902,28.25,277.75,2025-09-26
2025-09-27 18:00:00,US Gulf coast,26.596884023285043,27.25,279.0,2025-09-27
2025-09-28 18:00:00,US Gulf coast,27.31577894787415,27.75,278.25,2025-09-28
2025-09-29 18:00:00,US Gulf coast,26.061810035918484,28.0,279.0,2025-09-29
2025-09-30 06:00:00,US Gulf coast,24.684046732651495,29.25,268.75,2025-09-30
