dataset,world,draw,model,gap,gap_restricted,rmse_noncliff,n_cliff_test,n_hc_test,pair_diff_sd,label_sd
CHEMBL1862_Ki,normal,0,RF,0.09554054999252937,0.18015736114897962,0.7165587117726101,66,6,0.9235678977058177,1.405533319982568
CHEMBL1862_Ki,normal,0,SVR,0.14318956185404175,0.15663125447342197,0.6687797327195107,66,6,0.9235678977058177,1.405533319982568
CHEMBL1862_Ki,normal,0,GBM,0.1156519835755927,0.2635443293496367,0.7123384310628283,66,6,0.9235678977058177,1.405533319982568
CHEMBL1862_Ki,normal,0,KNN,0.16310660456559944,0.3336216951123504,0.6249545579946276,66,6,0.9235678977058177,1.405533319982568
CHEMBL1862_Ki,normal,1,RF,-0.08469516503909347,0.45566377008428105,0.7924592432554026,65,7,0.8782619550150969,1.3993842409042974
CHEMBL1862_Ki,normal,1,SVR,-0.03017525014441247,0.2463581576170718,0.7225292003952,65,7,0.8782619550150969,1.3993842409042974
CHEMBL1862_Ki,normal,1,GBM,-0.047766837282672614,0.3492470119064489,0.7538773935757603,65,7,0.8782619550150969,1.3993842409042974
CHEMBL1862_Ki,normal,1,KNN,0.09374834041470936,0.6016887745312095,0.5974995671287316,65,7,0.8782619550150969,1.3993842409042974
CHEMBL1862_Ki,normal,2,RF,-0.10984628046749556,0.2127194388514544,0.8196579869718456,68,11,0.8965463985063892,1.400018807327327
CHEMBL1862_Ki,normal,2,SVR,0.020202004408399254,0.34624221461743643,0.706365711434885,68,11,0.8965463985063892,1.400018807327327
CHEMBL1862_Ki,normal,2,GBM,0.02259424598246418,0.32173323077347493,0.7529960591854497,68,11,0.8965463985063892,1.400018807327327
CHEMBL1862_Ki,normal,2,KNN,0.0004565576036736907,0.43818157156949467,0.6947481012017376,68,11,0.8965463985063892,1.400018807327327
CHEMBL1862_Ki,normal,3,RF,-0.1552289899387731,0.08011165374407403,0.7771312301040014,61,10,0.867993925039441,1.3835633524122992
CHEMBL1862_Ki,normal,3,SVR,-0.08524404141017916,0.18753685803864106,0.72434259879207,61,10,0.867993925039441,1.3835633524122992
CHEMBL1862_Ki,normal,3,GBM,-0.1570014018325665,0.12687394343853375,0.8045467246085216,61,10,0.867993925039441,1.3835633524122992
CHEMBL1862_Ki,normal,3,KNN,0.05089397310937771,0.18805623570977414,0.5739117904695129,61,10,0.867993925039441,1.3835633524122992
CHEMBL1862_Ki,normal,4,RF,0.012370615110830818,0.12012922406760884,0.7324626760695127,73,1,0.8622811257732346,1.3738603510493113
CHEMBL1862_Ki,normal,4,SVR,0.11793588677873279,0.8106797781543984,0.6613541414854647,73,1,0.8622811257732346,1.3738603510493113
CHEMBL1862_Ki,normal,4,GBM,0.04166677061029256,0.4719275539067348,0.7128800820329654,73,1,0.8622811257732346,1.3738603510493113
CHEMBL1862_Ki,normal,4,KNN,0.1448992240337491,0.5020428902944744,0.6100211679362604,73,1,0.8622811257732346,1.3738603510493113
CHEMBL1862_Ki,t,0,RF,0.13145279444323688,0.47050772303118826,0.9030439168785684,83,28,1.2265056670361028,1.5036432530847228
CHEMBL1862_Ki,t,0,SVR,0.14757052651357516,0.5523607641470029,0.85975909679692,83,28,1.2265056670361028,1.5036432530847228
CHEMBL1862_Ki,t,0,GBM,0.1572867653890666,0.5317016128501403,0.8595648669294835,83,28,1.2265056670361028,1.5036432530847228
CHEMBL1862_Ki,t,0,KNN,0.1475725612868729,0.5427070697587603,0.8796009753767323,83,28,1.2265056670361028,1.5036432530847228
CHEMBL1862_Ki,t,1,RF,-0.04214179339218682,0.5445546540304734,0.9276532621836248,77,19,1.1153399553548984,1.4267515076610993
CHEMBL1862_Ki,t,1,SVR,0.011579866711566411,0.5171141699897914,0.8558311231759452,77,19,1.1153399553548984,1.4267515076610993
CHEMBL1862_Ki,t,1,GBM,0.05990002734140698,0.6242928512834166,0.8676913087437595,77,19,1.1153399553548984,1.4267515076610993
CHEMBL1862_Ki,t,1,KNN,0.10984565137617452,0.727954955027943,0.7950442800472686,77,19,1.1153399553548984,1.4267515076610993
CHEMBL1862_Ki,t,2,RF,0.14722859714894965,0.747011004776312,0.9689446260626106,81,26,1.1968186112007804,1.4414911200226899
CHEMBL1862_Ki,t,2,SVR,0.19393698161043382,0.7717378774010495,0.9359073266870476,81,26,1.1968186112007804,1.4414911200226899
CHEMBL1862_Ki,t,2,GBM,0.18067958468531264,0.7615387919154387,0.9593513541600374,81,26,1.1968186112007804,1.4414911200226899
CHEMBL1862_Ki,t,2,KNN,0.28044303510191804,0.8740476249880008,0.8758070899560557,81,26,1.1968186112007804,1.4414911200226899
CHEMBL1862_Ki,t,3,RF,-0.021056994546249097,0.054509832024898563,0.798390982468381,72,16,0.9805127516879222,1.4714621086525923
CHEMBL1862_Ki,t,3,SVR,-0.05234543376270928,-0.05752269085935324,0.7476981586703112,72,16,0.9805127516879222,1.4714621086525923
CHEMBL1862_Ki,t,3,GBM,-0.07927012751656592,-0.11218050972552784,0.8059111507290311,72,16,0.9805127516879222,1.4714621086525923
CHEMBL1862_Ki,t,3,KNN,0.014292898658084252,0.053602182366224715,0.7476516704898857,72,16,0.9805127516879222,1.4714621086525923
CHEMBL1862_Ki,t,4,RF,0.0022007962651623414,0.28274844587610126,0.8078692100126214,74,30,1.1998636980170436,1.4934474360915466
CHEMBL1862_Ki,t,4,SVR,0.023621402276828296,0.3014039560890782,0.7860674022415773,74,30,1.1998636980170436,1.4934474360915466
CHEMBL1862_Ki,t,4,GBM,-0.029000637033058996,0.34237022357483926,0.837991278165524,74,30,1.1998636980170436,1.4934474360915466
CHEMBL1862_Ki,t,4,KNN,0.11151477202983373,0.465296395663106,0.6908810770246263,74,30,1.1998636980170436,1.4934474360915466
CHEMBL1862_Ki,docfx_0.2,0,RF,-0.08063354507872533,0.44080195168146274,0.6035749737544102,40,2,0.594938930229404,1.2018660859605503
CHEMBL1862_Ki,docfx_0.2,0,SVR,-0.009769621630300263,0.396044195565575,0.5461937794805561,40,2,0.594938930229404,1.2018660859605503
CHEMBL1862_Ki,docfx_0.2,0,GBM,-0.04569060048374318,0.5158012637790295,0.5601721557141442,40,2,0.594938930229404,1.2018660859605503
CHEMBL1862_Ki,docfx_0.2,0,KNN,-0.008087351451365077,0.3707770891674398,0.4319148208405084,40,2,0.594938930229404,1.2018660859605503
CHEMBL1862_Ki,docfx_0.2,1,RF,-0.16892167203229036,0.2047163516824283,0.6126658146364754,42,1,0.6123304480894365,1.3861987126021733
CHEMBL1862_Ki,docfx_0.2,1,SVR,-0.1492128887709832,0.15461781984608913,0.5934611169323326,42,1,0.6123304480894365,1.3861987126021733
CHEMBL1862_Ki,docfx_0.2,1,GBM,-0.1801428969148744,0.2723223310112475,0.6112258079313402,42,1,0.6123304480894365,1.3861987126021733
CHEMBL1862_Ki,docfx_0.2,1,KNN,-0.10396192043281799,0.0886210913847445,0.5383561766671537,42,1,0.6123304480894365,1.3861987126021733
CHEMBL1862_Ki,docfx_0.2,2,RF,-0.012196384560004714,,0.5758584619541592,44,0,0.6255645920682772,1.4816870052698308
CHEMBL1862_Ki,docfx_0.2,2,SVR,0.09112554147533014,,0.5260625896208545,44,0,0.6255645920682772,1.4816870052698308
CHEMBL1862_Ki,docfx_0.2,2,GBM,0.057764844256529835,,0.5485368193177257,44,0,0.6255645920682772,1.4816870052698308
CHEMBL1862_Ki,docfx_0.2,2,KNN,0.0002671721031157759,,0.5220038899534154,44,0,0.6255645920682772,1.4816870052698308
CHEMBL1862_Ki,docfx_0.2,3,RF,-0.22283368253556934,0.017369247387200804,0.5970116849515836,40,1,0.5914653288445494,1.7150832392349995
CHEMBL1862_Ki,docfx_0.2,3,SVR,-0.09478565065504158,0.03205512465063676,0.5295148273908147,40,1,0.5914653288445494,1.7150832392349995
CHEMBL1862_Ki,docfx_0.2,3,GBM,-0.13513944149514612,0.03999284076649734,0.5543056954840332,40,1,0.5914653288445494,1.7150832392349995
CHEMBL1862_Ki,docfx_0.2,3,KNN,-0.17870358254288526,0.05074802548512769,0.5511543086675956,40,1,0.5914653288445494,1.7150832392349995
CHEMBL1862_Ki,docfx_0.2,4,RF,-0.08904948208363317,-0.04241381430126323,0.6234479042942002,41,1,0.6261334285005435,1.2251329677136547
CHEMBL1862_Ki,docfx_0.2,4,SVR,-0.011156013683448096,-0.14816126653907713,0.5611615216177234,41,1,0.6261334285005435,1.2251329677136547
CHEMBL1862_Ki,docfx_0.2,4,GBM,-0.06472265464702465,0.1077916184531722,0.5846518666454519,41,1,0.6261334285005435,1.2251329677136547
CHEMBL1862_Ki,docfx_0.2,4,KNN,0.010236363877867638,0.051950131192488924,0.4569351794549579,41,1,0.6261334285005435,1.2251329677136547
CHEMBL1862_Ki,docfx_0.3,0,RF,-0.03153351864864917,0.517381385309354,0.641127435389234,51,2,0.6659184353388131,1.2428442348836557
CHEMBL1862_Ki,docfx_0.3,0,SVR,-0.005190829164044564,0.4954071227560708,0.5854673502337232,51,2,0.6659184353388131,1.2428442348836557
CHEMBL1862_Ki,docfx_0.3,0,GBM,0.004102798527913953,0.6645738353070358,0.5865968003502218,51,2,0.6659184353388131,1.2428442348836557
CHEMBL1862_Ki,docfx_0.3,0,KNN,0.0011594431471656508,0.47204255731786154,0.48597636972380676,51,2,0.6659184353388131,1.2428442348836557
CHEMBL1862_Ki,docfx_0.3,1,RF,-0.06967161549739542,0.4038218967415823,0.6491692139998079,49,1,0.6929687165907323,1.3995780801246345
CHEMBL1862_Ki,docfx_0.3,1,SVR,-0.03488884831387329,0.33631196882896053,0.627178642763138,49,1,0.6929687165907323,1.3995780801246345
CHEMBL1862_Ki,docfx_0.3,1,GBM,-0.06257568340796948,0.4442969740053043,0.6752496390969922,49,1,0.6929687165907323,1.3995780801246345
CHEMBL1862_Ki,docfx_0.3,1,KNN,-0.0280213135108196,0.17538542386167932,0.5902917691368167,49,1,0.6929687165907323,1.3995780801246345
CHEMBL1862_Ki,docfx_0.3,2,RF,-0.023644750005945347,0.7211707343585813,0.6271326696506474,51,1,0.6961322647517548,1.4816050228278685
CHEMBL1862_Ki,docfx_0.3,2,SVR,0.08935506595843701,0.9143698746341071,0.5631524856895945,51,1,0.6961322647517548,1.4816050228278685
CHEMBL1862_Ki,docfx_0.3,2,GBM,0.04855103760821766,0.8471270458663283,0.5905965622334365,51,1,0.6961322647517548,1.4816050228278685
CHEMBL1862_Ki,docfx_0.3,2,KNN,0.011825353312510778,0.7382773133399904,0.5779742372423783,51,1,0.6961322647517548,1.4816050228278685
CHEMBL1862_Ki,docfx_0.3,3,RF,-0.19158567149535694,0.08938047103678282,0.6381909192164245,49,1,0.6753843895769862,1.6744699452991056
CHEMBL1862_Ki,docfx_0.3,3,SVR,-0.06550708917298775,0.07926184944449677,0.5739955653516384,49,1,0.6753843895769862,1.6744699452991056
CHEMBL1862_Ki,docfx_0.3,3,GBM,-0.09304333356557459,0.06411731632151163,0.5870894704185573,49,1,0.6753843895769862,1.6744699452991056
CHEMBL1862_Ki,docfx_0.3,3,KNN,-0.15103641828362907,0.15044345387797065,0.5908051715176675,49,1,0.6753843895769862,1.6744699452991056
CHEMBL1862_Ki,docfx_0.3,4,RF,-0.02718235159705973,-0.010804977349005429,0.6547049098903893,50,1,0.6992286424933363,1.248536389067154
CHEMBL1862_Ki,docfx_0.3,4,SVR,0.018272356231327835,-0.008139192198943546,0.6005431401245822,50,1,0.6992286424933363,1.248536389067154
CHEMBL1862_Ki,docfx_0.3,4,GBM,0.020191564643964544,0.22859281016351418,0.6110456322119018,50,1,0.6992286424933363,1.248536389067154
CHEMBL1862_Ki,docfx_0.3,4,KNN,0.050259039448613874,0.09749036432533253,0.5079053123687913,50,1,0.6992286424933363,1.248536389067154
CHEMBL1871_Ki,normal,0,RF,0.3826261050213271,,0.5282460485494567,43,0,0.7136909135384464,1.0306101016908285
CHEMBL1871_Ki,normal,0,SVR,0.3168200072579592,,0.4935643211924241,43,0,0.7136909135384464,1.0306101016908285
CHEMBL1871_Ki,normal,0,GBM,0.3867430229516926,,0.5084218820529451,43,0,0.7136909135384464,1.0306101016908285
CHEMBL1871_Ki,normal,0,KNN,0.2852714156510443,,0.49261831145517776,43,0,0.7136909135384464,1.0306101016908285
CHEMBL1871_Ki,normal,1,RF,0.2723832791513806,,0.5282242412889239,47,0,0.7367179711942988,1.004675386869888
CHEMBL1871_Ki,normal,1,SVR,0.2566636489827093,,0.537459704339715,47,0,0.7367179711942988,1.004675386869888
CHEMBL1871_Ki,normal,1,GBM,0.2625734628745804,,0.5197763568135377,47,0,0.7367179711942988,1.004675386869888
CHEMBL1871_Ki,normal,1,KNN,0.27131812866141203,,0.5007332092752336,47,0,0.7367179711942988,1.004675386869888
CHEMBL1871_Ki,normal,2,RF,0.30985712174267066,,0.47297206633532274,32,0,0.7193714572849467,0.9775551003660333
CHEMBL1871_Ki,normal,2,SVR,0.30550291180935923,,0.4762605664785951,32,0,0.7193714572849467,0.9775551003660333
CHEMBL1871_Ki,normal,2,GBM,0.30132031237219487,,0.4943062659556671,32,0,0.7193714572849467,0.9775551003660333
CHEMBL1871_Ki,normal,2,KNN,0.2931030290481338,,0.4646367436282475,32,0,0.7193714572849467,0.9775551003660333
CHEMBL1871_Ki,normal,3,RF,0.28069571031274,0.7252265954540768,0.5263323461782252,43,2,0.7230926347114541,1.0256772129696838
CHEMBL1871_Ki,normal,3,SVR,0.22565223683748348,0.6621244045921924,0.5303845868705389,43,2,0.7230926347114541,1.0256772129696838
CHEMBL1871_Ki,normal,3,GBM,0.2795628375159088,0.766388580031448,0.5381677364623263,43,2,0.7230926347114541,1.0256772129696838
CHEMBL1871_Ki,normal,3,KNN,0.243344951979514,0.6700614268695235,0.5187040390215057,43,2,0.7230926347114541,1.0256772129696838
CHEMBL1871_Ki,normal,4,RF,0.3185033791262725,1.3341374632191687,0.49858313544736327,42,2,0.7737714167014712,0.9831065414178821
CHEMBL1871_Ki,normal,4,SVR,0.31008229406863963,1.3459410061066341,0.4953603254764868,42,2,0.7737714167014712,0.9831065414178821
CHEMBL1871_Ki,normal,4,GBM,0.3154473701776519,1.3529409110342594,0.4997616628109892,42,2,0.7737714167014712,0.9831065414178821
CHEMBL1871_Ki,normal,4,KNN,0.33602339978910084,1.3332470632826325,0.4607616259431862,42,2,0.7737714167014712,0.9831065414178821
CHEMBL1871_Ki,t,0,RF,0.48352263095592785,0.8811851558501342,0.5828790205429043,55,9,1.1006571094338393,1.1404012707245934
CHEMBL1871_Ki,t,0,SVR,0.47535610412562546,0.7981637978332201,0.5661426049717374,55,9,1.1006571094338393,1.1404012707245934
CHEMBL1871_Ki,t,0,GBM,0.5292887602869982,0.8787786822622711,0.5592372756445845,55,9,1.1006571094338393,1.1404012707245934
CHEMBL1871_Ki,t,0,KNN,0.43265615193379936,0.6577839177733915,0.5894233624152451,55,9,1.1006571094338393,1.1404012707245934
CHEMBL1871_Ki,t,1,RF,0.35588428900305313,1.0115690480512725,0.6198624869869098,58,7,1.051951540325762,1.0984799909081069
CHEMBL1871_Ki,t,1,SVR,0.3200282409454701,0.914065760521198,0.5508375069725531,58,7,1.051951540325762,1.0984799909081069
CHEMBL1871_Ki,t,1,GBM,0.27723042392981645,0.9377170294743675,0.6812932435176107,58,7,1.051951540325762,1.0984799909081069
CHEMBL1871_Ki,t,1,KNN,0.39523947799672743,1.0954736066733837,0.5847597485702337,58,7,1.051951540325762,1.0984799909081069
CHEMBL1871_Ki,t,2,RF,0.16879686010831207,0.8180976625189611,0.6871086071695275,54,7,0.9690296846095905,1.1001472110779704
CHEMBL1871_Ki,t,2,SVR,0.17313175541598702,0.8369452363760173,0.7103223489691713,54,7,0.9690296846095905,1.1001472110779704
CHEMBL1871_Ki,t,2,GBM,0.238891431262379,0.8516501266478801,0.6743409346564819,54,7,0.9690296846095905,1.1001472110779704
CHEMBL1871_Ki,t,2,KNN,0.23485593506200309,0.794649307736118,0.6751935574558792,54,7,0.9690296846095905,1.1001472110779704
CHEMBL1871_Ki,t,3,RF,0.2784946355413078,0.8557757514542298,0.5767472800958032,61,5,0.9083062703533026,1.0857324584056507
CHEMBL1871_Ki,t,3,SVR,0.24051448126843078,0.6699565075043409,0.5704529460711208,61,5,0.9083062703533026,1.0857324584056507
CHEMBL1871_Ki,t,3,GBM,0.2189257451040546,0.597816803152031,0.6549062769794842,61,5,0.9083062703533026,1.0857324584056507
CHEMBL1871_Ki,t,3,KNN,0.21509552742380833,0.6817662847075998,0.6515278623258529,61,5,0.9083062703533026,1.0857324584056507
CHEMBL1871_Ki,t,4,RF,0.3419940535452428,0.8520862662855107,0.6732481113444544,50,8,0.9799822358743763,1.0919840414113966
CHEMBL1871_Ki,t,4,SVR,0.30893679168254007,0.8087585040947791,0.6669904477598777,50,8,0.9799822358743763,1.0919840414113966
CHEMBL1871_Ki,t,4,GBM,0.2264131665425666,0.7571556225142066,0.7528982193307929,50,8,0.9799822358743763,1.0919840414113966
CHEMBL1871_Ki,t,4,KNN,0.31946644693253334,0.8114124196297177,0.6704333976369314,50,8,0.9799822358743763,1.0919840414113966
CHEMBL1871_Ki,docfx_0.2,0,RF,0.40106834209878994,0.7017468388402739,0.40438531242231435,10,3,0.5025941174914041,1.048673652857015
CHEMBL1871_Ki,docfx_0.2,0,SVR,0.38987802989005343,0.6863080171769775,0.4159616631731106,10,3,0.5025941174914041,1.048673652857015
CHEMBL1871_Ki,docfx_0.2,0,GBM,0.16816990140525023,0.29369367658039747,0.4401907961806011,10,3,0.5025941174914041,1.048673652857015
CHEMBL1871_Ki,docfx_0.2,0,KNN,0.4835844954255562,0.8764786077642368,0.3446177966416664,10,3,0.5025941174914041,1.048673652857015
CHEMBL1871_Ki,docfx_0.2,1,RF,0.013867624972043635,,0.5074185638939825,9,0,0.4446354385302946,1.0469894155503119
CHEMBL1871_Ki,docfx_0.2,1,SVR,0.035558752063686694,,0.4620721049075342,9,0,0.4446354385302946,1.0469894155503119
CHEMBL1871_Ki,docfx_0.2,1,GBM,0.07113576207876493,,0.49440436521776154,9,0,0.4446354385302946,1.0469894155503119
CHEMBL1871_Ki,docfx_0.2,1,KNN,-0.03108419170145038,,0.4486549887486647,9,0,0.4446354385302946,1.0469894155503119
CHEMBL1871_Ki,docfx_0.2,2,RF,0.474822832800327,,0.324692681286035,8,0,0.4371614539514702,0.9246487729236254
CHEMBL1871_Ki,docfx_0.2,2,SVR,0.5288829098805647,,0.32190197049264674,8,0,0.4371614539514702,0.9246487729236254
CHEMBL1871_Ki,docfx_0.2,2,GBM,0.4800101367516949,,0.3455487317791608,8,0,0.4371614539514702,0.9246487729236254
CHEMBL1871_Ki,docfx_0.2,2,KNN,0.5492592933903111,,0.3117482026299629,8,0,0.4371614539514702,0.9246487729236254
CHEMBL1871_Ki,docfx_0.2,3,RF,-0.08223107770997284,,0.43053451595035064,7,0,0.4546949230357409,1.023498322661874
CHEMBL1871_Ki,docfx_0.2,3,SVR,-0.16340770821401254,,0.4062816477780865,7,0,0.4546949230357409,1.023498322661874
CHEMBL1871_Ki,docfx_0.2,3,GBM,-0.045219926331259264,,0.44040158135624957,7,0,0.4546949230357409,1.023498322661874
CHEMBL1871_Ki,docfx_0.2,3,KNN,0.09571223469831813,,0.3583407571606337,7,0,0.4546949230357409,1.023498322661874
CHEMBL1871_Ki,docfx_0.2,4,RF,0.33468011794193236,,0.3834021616488796,10,0,0.4293143832706937,0.8848085690525441
CHEMBL1871_Ki,docfx_0.2,4,SVR,0.2840620251933477,,0.41630704270768953,10,0,0.4293143832706937,0.8848085690525441
CHEMBL1871_Ki,docfx_0.2,4,GBM,0.3794933627800633,,0.3956227610564448,10,0,0.4293143832706937,0.8848085690525441
CHEMBL1871_Ki,docfx_0.2,4,KNN,0.3873682368767176,,0.37595795175373314,10,0,0.4293143832706937,0.8848085690525441
CHEMBL1871_Ki,docfx_0.3,0,RF,0.29714344725423714,0.8211715539758038,0.4499417729982904,20,2,0.5691929291737372,1.0336790489386867
CHEMBL1871_Ki,docfx_0.3,0,SVR,0.23012606039447842,0.671299126302791,0.4609572853589687,20,2,0.5691929291737372,1.0336790489386867
CHEMBL1871_Ki,docfx_0.3,0,GBM,0.18058025140206424,0.5756926791903185,0.4906537397428632,20,2,0.5691929291737372,1.0336790489386867
CHEMBL1871_Ki,docfx_0.3,0,KNN,0.3589474896162628,0.9288390092027345,0.38517755611804944,20,2,0.5691929291737372,1.0336790489386867
CHEMBL1871_Ki,docfx_0.3,1,RF,0.104631225402813,,0.5540943059094102,20,0,0.5342884183697691,1.041400758096664
CHEMBL1871_Ki,docfx_0.3,1,SVR,0.15224581022833222,,0.49042683094592404,20,0,0.5342884183697691,1.041400758096664
CHEMBL1871_Ki,docfx_0.3,1,GBM,0.1486250171392176,,0.5402377989430529,20,0,0.5342884183697691,1.041400758096664
CHEMBL1871_Ki,docfx_0.3,1,KNN,0.09243162375820196,,0.4900705121467382,20,0,0.5342884183697691,1.041400758096664
CHEMBL1871_Ki,docfx_0.3,2,RF,0.33226864056855593,,0.3827243037977583,13,0,0.5119610061613248,0.9347066633381862
CHEMBL1871_Ki,docfx_0.3,2,SVR,0.44024379677920955,,0.35928497645309054,13,0,0.5119610061613248,0.9347066633381862
CHEMBL1871_Ki,docfx_0.3,2,GBM,0.39148104464688227,,0.37144645658198305,13,0,0.5119610061613248,0.9347066633381862
CHEMBL1871_Ki,docfx_0.3,2,KNN,0.41808486699658665,,0.36508328949765145,13,0,0.5119610061613248,0.9347066633381862
CHEMBL1871_Ki,docfx_0.3,3,RF,0.018048513420094003,,0.49589207475961167,17,0,0.5472806215194888,1.0171933541257807
CHEMBL1871_Ki,docfx_0.3,3,SVR,0.05939359482115203,,0.4616484757809979,17,0,0.5472806215194888,1.0171933541257807
CHEMBL1871_Ki,docfx_0.3,3,GBM,0.08246718042990375,,0.49566926611979845,17,0,0.5472806215194888,1.0171933541257807
CHEMBL1871_Ki,docfx_0.3,3,KNN,0.15460083798903224,,0.4136461577160633,17,0,0.5472806215194888,1.0171933541257807
CHEMBL1871_Ki,docfx_0.3,4,RF,0.3067515513124676,,0.42467667521350055,19,0,0.527485235005267,0.9034001724129201
CHEMBL1871_Ki,docfx_0.3,4,SVR,0.2810797007344411,,0.46014050809782225,19,0,0.527485235005267,0.9034001724129201
CHEMBL1871_Ki,docfx_0.3,4,GBM,0.35454268907171926,,0.41152185661598795,19,0,0.527485235005267,0.9034001724129201
CHEMBL1871_Ki,docfx_0.3,4,KNN,0.34443607112215163,,0.420567654588664,19,0,0.527485235005267,0.9034001724129201
CHEMBL2034_Ki,normal,0,RF,0.19687953398970592,0.6227884269078023,0.5148047206530222,71,3,0.7652738098581446,0.9713334168346542
CHEMBL2034_Ki,normal,0,SVR,0.21472158251131906,0.68923450311074,0.4576154667598729,71,3,0.7652738098581446,0.9713334168346542
CHEMBL2034_Ki,normal,0,GBM,0.20488504236248595,0.6146295683247475,0.4866386897931564,71,3,0.7652738098581446,0.9713334168346542
CHEMBL2034_Ki,normal,0,KNN,0.18676583366125665,0.3947962401551246,0.47515530426065566,71,3,0.7652738098581446,0.9713334168346542
CHEMBL2034_Ki,normal,1,RF,0.24364893435452462,0.1357073021932197,0.4440559788269637,69,2,0.7796576251182039,0.9778252137322885
CHEMBL2034_Ki,normal,1,SVR,0.2888330113802759,0.046408338013161354,0.43487357508878505,69,2,0.7796576251182039,0.9778252137322885
CHEMBL2034_Ki,normal,1,GBM,0.23412098954792382,0.27048278154773464,0.5105420439548931,69,2,0.7796576251182039,0.9778252137322885
CHEMBL2034_Ki,normal,1,KNN,0.25475470628394487,0.3741551817952786,0.4270610328100241,69,2,0.7796576251182039,0.9778252137322885
CHEMBL2034_Ki,normal,2,RF,0.15079298898064836,0.6327471365415065,0.4888007242984633,60,4,0.7419124815098656,0.9740609448121196
CHEMBL2034_Ki,normal,2,SVR,0.17382266437133015,0.8090668712439937,0.48833615291117544,60,4,0.7419124815098656,0.9740609448121196
CHEMBL2034_Ki,normal,2,GBM,0.11015856125420886,0.3980100678943209,0.5313646212942321,60,4,0.7419124815098656,0.9740609448121196
CHEMBL2034_Ki,normal,2,KNN,0.1701002862353504,0.6847328769653459,0.4751595812005301,60,4,0.7419124815098656,0.9740609448121196
CHEMBL2034_Ki,normal,3,RF,0.29051036598488517,0.5241398367473401,0.44659262590749743,64,1,0.7373594789140597,0.9848730657744884
CHEMBL2034_Ki,normal,3,SVR,0.24924143615708144,0.3011640749390042,0.43987403216420057,64,1,0.7373594789140597,0.9848730657744884
CHEMBL2034_Ki,normal,3,GBM,0.22539712691572805,0.24236559696711368,0.48076278727517857,64,1,0.7373594789140597,0.9848730657744884
CHEMBL2034_Ki,normal,3,KNN,0.21815506905417914,0.6804385636955665,0.48679609767718723,64,1,0.7373594789140597,0.9848730657744884
CHEMBL2034_Ki,normal,4,RF,0.12727070890227965,0.3524799449224435,0.5152321481891902,60,3,0.7663281104665132,0.9841647420274358
CHEMBL2034_Ki,normal,4,SVR,0.09588608544497401,0.40045483060659093,0.5011045921846113,60,3,0.7663281104665132,0.9841647420274358
CHEMBL2034_Ki,normal,4,GBM,0.11333145492781727,0.42177326236784807,0.5194828978246777,60,3,0.7663281104665132,0.9841647420274358
CHEMBL2034_Ki,normal,4,KNN,0.134915729006149,0.4543821142759419,0.5014949278328436,60,3,0.7663281104665132,0.9841647420274358
CHEMBL2034_Ki,t,0,RF,0.35184956336294804,0.647139008380129,0.5199826794805325,84,15,0.9995425873604131,1.1029096675542707
CHEMBL2034_Ki,t,0,SVR,0.28810604258087913,0.6027126846052797,0.5263490416114998,84,15,0.9995425873604131,1.1029096675542707
CHEMBL2034_Ki,t,0,GBM,0.36712932212178784,0.6954769307004686,0.5405796998503025,84,15,0.9995425873604131,1.1029096675542707
CHEMBL2034_Ki,t,0,KNN,0.39020688916575463,0.6323305275602493,0.4705989887824209,84,15,0.9995425873604131,1.1029096675542707
CHEMBL2034_Ki,t,1,RF,0.2011803280558102,0.5049559759746662,0.5818854619591829,86,16,0.9494879497774732,1.0511133610361012
CHEMBL2034_Ki,t,1,SVR,0.2306921434327921,0.49781889848706173,0.5308739010821308,86,16,0.9494879497774732,1.0511133610361012
CHEMBL2034_Ki,t,1,GBM,0.22742425934280652,0.5705058051029506,0.5861471372685706,86,16,0.9494879497774732,1.0511133610361012
CHEMBL2034_Ki,t,1,KNN,0.26166649077007276,0.57693164301968,0.5441229986490728,86,16,0.9494879497774732,1.0511133610361012
CHEMBL2034_Ki,t,2,RF,-0.024682558512764796,0.2908106462020592,0.860112549414469,80,15,0.9523701623821095,1.0731400774723738
CHEMBL2034_Ki,t,2,SVR,0.012781120683931224,0.376225284630477,0.7873426035927703,80,15,0.9523701623821095,1.0731400774723738
CHEMBL2034_Ki,t,2,GBM,-0.025366208083455355,0.34750757355789974,0.8956806097982091,80,15,0.9523701623821095,1.0731400774723738
CHEMBL2034_Ki,t,2,KNN,0.019356897770731463,0.44668108780835813,0.8231495724247508,80,15,0.9523701623821095,1.0731400774723738
CHEMBL2034_Ki,t,3,RF,0.3055698270709287,0.570294994693377,0.503492970582544,80,15,0.9343022283433469,1.0490359871340802
CHEMBL2034_Ki,t,3,SVR,0.3094569087788659,0.6469206499370854,0.5090488168919983,80,15,0.9343022283433469,1.0490359871340802
CHEMBL2034_Ki,t,3,GBM,0.3924204630406506,0.7544072618668685,0.503915334904062,80,15,0.9343022283433469,1.0490359871340802
CHEMBL2034_Ki,t,3,KNN,0.28319849636556005,0.6876203239180414,0.5462069811469715,80,15,0.9343022283433469,1.0490359871340802
CHEMBL2034_Ki,t,4,RF,0.24002407736894216,0.4763757223451379,0.5925376030529017,93,21,1.020374172674583,1.0700506952418354
CHEMBL2034_Ki,t,4,SVR,0.1512085107990493,0.3597110494549417,0.6056424737357832,93,21,1.020374172674583,1.0700506952418354
CHEMBL2034_Ki,t,4,GBM,0.21153036174532747,0.41208684563779396,0.6169033123546566,93,21,1.020374172674583,1.0700506952418354
CHEMBL2034_Ki,t,4,KNN,0.1320384838319868,0.3823062457188309,0.662745321782539,93,21,1.020374172674583,1.0700506952418354
CHEMBL2034_Ki,docfx_0.2,0,RF,0.24897259303632996,0.29420376476660876,0.34463685769418645,18,2,0.5497701589607287,1.036926837696768
CHEMBL2034_Ki,docfx_0.2,0,SVR,0.22370151140915395,0.3968047819002741,0.37507619076818643,18,2,0.5497701589607287,1.036926837696768
CHEMBL2034_Ki,docfx_0.2,0,GBM,0.1634182184604256,0.539220450636319,0.3765617469475092,18,2,0.5497701589607287,1.036926837696768
CHEMBL2034_Ki,docfx_0.2,0,KNN,0.16028842441770963,0.27460357552372233,0.3455714554888971,18,2,0.5497701589607287,1.036926837696768
CHEMBL2034_Ki,docfx_0.2,1,RF,-0.012870028704565328,,0.36849014798007873,27,0,0.5537245964914289,1.0800333765100774
CHEMBL2034_Ki,docfx_0.2,1,SVR,0.01984767966419021,,0.35982764183648475,27,0,0.5537245964914289,1.0800333765100774
CHEMBL2034_Ki,docfx_0.2,1,GBM,-0.03433884723771352,,0.42957715549401504,27,0,0.5537245964914289,1.0800333765100774
CHEMBL2034_Ki,docfx_0.2,1,KNN,0.1067844147249839,,0.2943554290175577,27,0,0.5537245964914289,1.0800333765100774
CHEMBL2034_Ki,docfx_0.2,2,RF,0.02030067130991542,,0.37743310659952,18,0,0.4805485058362525,0.8748055447726476
CHEMBL2034_Ki,docfx_0.2,2,SVR,0.008281276336524757,,0.37220989865327325,18,0,0.4805485058362525,0.8748055447726476
CHEMBL2034_Ki,docfx_0.2,2,GBM,0.005984739434845843,,0.35090685955246254,18,0,0.4805485058362525,0.8748055447726476
CHEMBL2034_Ki,docfx_0.2,2,KNN,0.04897233459147249,,0.3324885882066369,18,0,0.4805485058362525,0.8748055447726476
CHEMBL2034_Ki,docfx_0.2,3,RF,0.06049111755407316,,0.3593710253640967,18,0,0.4889440189888206,0.8404332504695664
CHEMBL2034_Ki,docfx_0.2,3,SVR,0.07967383978089448,,0.34919178423440916,18,0,0.4889440189888206,0.8404332504695664
CHEMBL2034_Ki,docfx_0.2,3,GBM,0.0036183192792206276,,0.3877642543568824,18,0,0.4889440189888206,0.8404332504695664
CHEMBL2034_Ki,docfx_0.2,3,KNN,0.14663168962731282,,0.3077354200811415,18,0,0.4889440189888206,0.8404332504695664
CHEMBL2034_Ki,docfx_0.2,4,RF,0.08031577997635136,,0.3588116647857828,19,0,0.5248669557074223,0.9817341415038215
CHEMBL2034_Ki,docfx_0.2,4,SVR,0.1281186848593498,,0.3293724599506899,19,0,0.5248669557074223,0.9817341415038215
CHEMBL2034_Ki,docfx_0.2,4,GBM,0.08376771178863857,,0.36230829685397,19,0,0.5248669557074223,0.9817341415038215
CHEMBL2034_Ki,docfx_0.2,4,KNN,0.1370787092757148,,0.31728697724682975,19,0,0.5248669557074223,0.9817341415038215
CHEMBL2034_Ki,docfx_0.3,0,RF,0.3039528548316033,0.2561754225532274,0.3779022728294762,24,2,0.6056294014149511,1.0243703563302047
CHEMBL2034_Ki,docfx_0.3,0,SVR,0.34045289558137837,0.47278521573611854,0.39368801312947654,24,2,0.6056294014149511,1.0243703563302047
CHEMBL2034_Ki,docfx_0.3,0,GBM,0.25974026424093616,0.4920143308659882,0.402055166443774,24,2,0.6056294014149511,1.0243703563302047
CHEMBL2034_Ki,docfx_0.3,0,KNN,0.24519349140446306,0.3351093136187493,0.37864470013117774,24,2,0.6056294014149511,1.0243703563302047
CHEMBL2034_Ki,docfx_0.3,1,RF,0.042386353603517835,,0.41949013589592965,36,0,0.633231363712617,1.0668138903858557
CHEMBL2034_Ki,docfx_0.3,1,SVR,0.05463321066297594,,0.409583755667205,36,0,0.633231363712617,1.0668138903858557
CHEMBL2034_Ki,docfx_0.3,1,GBM,0.03414253050300142,,0.465969579666097,36,0,0.633231363712617,1.0668138903858557
CHEMBL2034_Ki,docfx_0.3,1,KNN,0.11137446886535363,,0.35458447739362897,36,0,0.633231363712617,1.0668138903858557
CHEMBL2034_Ki,docfx_0.3,2,RF,0.13348441392824695,0.012088559182159397,0.4329424583187431,27,2,0.5619043886591095,0.8894456981352336
CHEMBL2034_Ki,docfx_0.3,2,SVR,0.15076597027683863,0.16175639817695114,0.423124307528249,27,2,0.5619043886591095,0.8894456981352336
CHEMBL2034_Ki,docfx_0.3,2,GBM,0.1437835054857235,0.0346208042446447,0.4016880224684377,27,2,0.5619043886591095,0.8894456981352336
CHEMBL2034_Ki,docfx_0.3,2,KNN,0.10931749837355054,0.11417353130809416,0.39137830554019604,27,2,0.5619043886591095,0.8894456981352336
CHEMBL2034_Ki,docfx_0.3,3,RF,0.09767035401392271,-0.13680693639449243,0.41299483828740385,35,1,0.5943450323442581,0.8649207035018079
CHEMBL2034_Ki,docfx_0.3,3,SVR,0.10784202276499383,-0.029444179072802557,0.3934169081758943,35,1,0.5943450323442581,0.8649207035018079
CHEMBL2034_Ki,docfx_0.3,3,GBM,0.059375048121146634,-0.33051007741174315,0.4549628899458454,35,1,0.5943450323442581,0.8649207035018079
CHEMBL2034_Ki,docfx_0.3,3,KNN,0.14241117009783028,-0.12808108511673638,0.3602980322418928,35,1,0.5943450323442581,0.8649207035018079
CHEMBL2034_Ki,docfx_0.3,4,RF,0.09299388707370543,-0.16418055900053996,0.4167532441156228,38,1,0.6095524530021758,0.9846506925747928
CHEMBL2034_Ki,docfx_0.3,4,SVR,0.09172221550077947,0.34876651564104405,0.3930861154204725,38,1,0.6095524530021758,0.9846506925747928
CHEMBL2034_Ki,docfx_0.3,4,GBM,0.10389398502002178,-0.12374720941998996,0.42507269715413976,38,1,0.6095524530021758,0.9846506925747928
CHEMBL2034_Ki,docfx_0.3,4,KNN,0.136851735844696,0.5553597734884734,0.3778409532204199,38,1,0.6095524530021758,0.9846506925747928
CHEMBL2047_EC50,normal,0,RF,0.18835934921891,0.5248009235458722,0.4675501864323524,46,12,0.7192072641438296,0.819770378685752
CHEMBL2047_EC50,normal,0,SVR,0.1559666136275969,0.4856374455976007,0.4457993037252579,46,12,0.7192072641438296,0.819770378685752
CHEMBL2047_EC50,normal,0,GBM,0.13548343425207687,0.4945648781031531,0.5218792068653162,46,12,0.7192072641438296,0.819770378685752
CHEMBL2047_EC50,normal,0,KNN,0.2168850771589924,0.532554504721508,0.401717147420661,46,12,0.7192072641438296,0.819770378685752
CHEMBL2047_EC50,normal,1,RF,0.06647141495105874,0.28736475559366553,0.4344823938762941,49,8,0.7208433647692017,0.8441949993842857
CHEMBL2047_EC50,normal,1,SVR,0.08770516197435974,0.3469527629962944,0.42978013671516213,49,8,0.7208433647692017,0.8441949993842857
CHEMBL2047_EC50,normal,1,GBM,0.14301573952076108,0.47598933473899036,0.43378904792399064,49,8,0.7208433647692017,0.8441949993842857
CHEMBL2047_EC50,normal,1,KNN,0.13280370285824233,0.30978347232830006,0.4044655052073128,49,8,0.7208433647692017,0.8441949993842857
CHEMBL2047_EC50,normal,2,RF,0.13937356909620158,-0.06317917304789827,0.4154842090386479,35,4,0.6873467985976944,0.840654426249239
CHEMBL2047_EC50,normal,2,SVR,0.13202523038248903,0.09084208395416815,0.408197892155407,35,4,0.6873467985976944,0.840654426249239
CHEMBL2047_EC50,normal,2,GBM,0.1770212940603359,0.013349259126822444,0.4240211528047159,35,4,0.6873467985976944,0.840654426249239
CHEMBL2047_EC50,normal,2,KNN,0.18271040612410305,0.049349272565082314,0.384170531959215,35,4,0.6873467985976944,0.840654426249239
CHEMBL2047_EC50,normal,3,RF,0.054269443789360106,0.2710753115270377,0.47702559836761754,45,9,0.7212416742806075,0.8561815268659101
CHEMBL2047_EC50,normal,3,SVR,0.03503514330288515,0.2517205416442972,0.49138167271926636,45,9,0.7212416742806075,0.8561815268659101
CHEMBL2047_EC50,normal,3,GBM,0.055204617901560615,0.24123790405751733,0.509728993784458,45,9,0.7212416742806075,0.8561815268659101
CHEMBL2047_EC50,normal,3,KNN,0.07548117899929013,0.20981749393328658,0.4859035340262254,45,9,0.7212416742806075,0.8561815268659101
CHEMBL2047_EC50,normal,4,RF,0.0986425511291546,0.2801904422749604,0.4480648899765662,35,7,0.6730103753140605,0.8384324242200687
CHEMBL2047_EC50,normal,4,SVR,0.12948365392977873,0.3685158320482248,0.42234259728681506,35,7,0.6730103753140605,0.8384324242200687
CHEMBL2047_EC50,normal,4,GBM,0.09739582692903326,0.3293157268182337,0.46294345791920377,35,7,0.6730103753140605,0.8384324242200687
CHEMBL2047_EC50,normal,4,KNN,0.15080761710123003,0.38831145125435446,0.4092790710927102,35,7,0.6730103753140605,0.8384324242200687
CHEMBL2047_EC50,t,0,RF,0.12492052473160709,0.3575185984756576,0.6084865390447011,64,25,0.8906429727568302,0.9332512170147876
CHEMBL2047_EC50,t,0,SVR,0.07370503156802743,0.36699207086263386,0.6270723394270522,64,25,0.8906429727568302,0.9332512170147876
CHEMBL2047_EC50,t,0,GBM,0.09326983538600797,0.35925445747069473,0.6421922339179684,64,25,0.8906429727568302,0.9332512170147876
CHEMBL2047_EC50,t,0,KNN,0.0607144198340126,0.3600934457219894,0.5927084077144975,64,25,0.8906429727568302,0.9332512170147876
CHEMBL2047_EC50,t,1,RF,0.0033332117158513253,0.12846489078866075,0.6213446982546174,55,25,0.9134826990103906,0.9166301533667449
CHEMBL2047_EC50,t,1,SVR,-0.058824826323989665,0.13114014045499223,0.6243665475960427,55,25,0.9134826990103906,0.9166301533667449
CHEMBL2047_EC50,t,1,GBM,-0.04315809396508796,0.19940260493388184,0.6692889574644512,55,25,0.9134826990103906,0.9166301533667449
CHEMBL2047_EC50,t,1,KNN,-0.07250304003198527,0.1349036177334474,0.6194125881083947,55,25,0.9134826990103906,0.9166301533667449
CHEMBL2047_EC50,t,2,RF,0.1812264731807971,0.2754246502561062,0.5175289524144552,65,29,0.8637372303874962,0.9029909962889466
CHEMBL2047_EC50,t,2,SVR,0.1368346664450022,0.2602408459738811,0.4968450173152934,65,29,0.8637372303874962,0.9029909962889466
CHEMBL2047_EC50,t,2,GBM,0.16343974202453915,0.27197927952242773,0.5368624889865735,65,29,0.8637372303874962,0.9029909962889466
CHEMBL2047_EC50,t,2,KNN,0.17484987524381623,0.3088137367579522,0.5075087205685054,65,29,0.8637372303874962,0.9029909962889466
CHEMBL2047_EC50,t,3,RF,0.1069352103829081,0.20580019224777735,0.5993343689094978,69,24,0.8708491867280767,0.9214595488540959
CHEMBL2047_EC50,t,3,SVR,0.10403650260116348,0.2941576001893712,0.5980908820970385,69,24,0.8708491867280767,0.9214595488540959
CHEMBL2047_EC50,t,3,GBM,0.06446437635601665,0.30527448527136947,0.65324427208821,69,24,0.8708491867280767,0.9214595488540959
CHEMBL2047_EC50,t,3,KNN,0.08357860578222442,0.25453883426835444,0.5935859675045384,69,24,0.8708491867280767,0.9214595488540959
CHEMBL2047_EC50,t,4,RF,0.11710427091134457,0.168233760664122,0.5802552965007916,58,20,0.8117410964923173,0.9021990548746353
CHEMBL2047_EC50,t,4,SVR,0.11438205857360206,0.2181304447228305,0.558200738896491,58,20,0.8117410964923173,0.9021990548746353
CHEMBL2047_EC50,t,4,GBM,0.1145062296990974,0.24623387705314626,0.6111085234823396,58,20,0.8117410964923173,0.9021990548746353
CHEMBL2047_EC50,t,4,KNN,0.16007595111221978,0.25134163436417656,0.4981187292114339,58,20,0.8117410964923173,0.9021990548746353
CHEMBL2047_EC50,docfx_0.2,0,RF,0.17148378631010874,0.18469963700860342,0.3052433520511272,17,4,0.5566825861489582,0.7430116624721508
CHEMBL2047_EC50,docfx_0.2,0,SVR,0.16790424603569964,0.34750564413623525,0.3308587283744729,17,4,0.5566825861489582,0.7430116624721508
CHEMBL2047_EC50,docfx_0.2,0,GBM,0.17338616247074468,0.4850044348539155,0.34403166702810695,17,4,0.5566825861489582,0.7430116624721508
CHEMBL2047_EC50,docfx_0.2,0,KNN,0.1791627259808254,0.2611212390911317,0.3075106255771355,17,4,0.5566825861489582,0.7430116624721508
CHEMBL2047_EC50,docfx_0.2,1,RF,0.06696753492823238,0.34347095910459136,0.32740739432289834,24,2,0.5837996185754953,0.8458173211410562
CHEMBL2047_EC50,docfx_0.2,1,SVR,0.04464345226982336,0.3226676747133944,0.3435023160971144,24,2,0.5837996185754953,0.8458173211410562
CHEMBL2047_EC50,docfx_0.2,1,GBM,-0.019314456350383036,0.26755256691778645,0.39189085922794564,24,2,0.5837996185754953,0.8458173211410562
CHEMBL2047_EC50,docfx_0.2,1,KNN,0.09102826110135798,0.22474572727406367,0.32572290138341653,24,2,0.5837996185754953,0.8458173211410562
CHEMBL2047_EC50,docfx_0.2,2,RF,0.015242129478690303,-0.023198618007541583,0.4047253388924486,26,5,0.5557576516509194,0.7710790746423686
CHEMBL2047_EC50,docfx_0.2,2,SVR,0.018467736195804607,-0.025057619581351775,0.36491539387116706,26,5,0.5557576516509194,0.7710790746423686
CHEMBL2047_EC50,docfx_0.2,2,GBM,-0.009315485582980232,-0.03356130275217972,0.3995762746939878,26,5,0.5557576516509194,0.7710790746423686
CHEMBL2047_EC50,docfx_0.2,2,KNN,0.07186578875497168,0.02254201973785097,0.32501797248524084,26,5,0.5557576516509194,0.7710790746423686
CHEMBL2047_EC50,docfx_0.2,3,RF,0.10658130467954668,0.3587354613701635,0.3976980111230523,25,6,0.5965162340986817,0.8514261783300974
CHEMBL2047_EC50,docfx_0.2,3,SVR,0.15380457198636976,0.395570772753697,0.3656484418230528,25,6,0.5965162340986817,0.8514261783300974
CHEMBL2047_EC50,docfx_0.2,3,GBM,0.11934655647289671,0.37602227923670667,0.3929757139260759,25,6,0.5965162340986817,0.8514261783300974
CHEMBL2047_EC50,docfx_0.2,3,KNN,0.18691235609302076,0.4470572793813799,0.3300525219765858,25,6,0.5965162340986817,0.8514261783300974
CHEMBL2047_EC50,docfx_0.2,4,RF,0.07126207823882369,-0.08841776126971285,0.4100223510362327,24,2,0.579828706972584,0.8141129521644814
CHEMBL2047_EC50,docfx_0.2,4,SVR,-0.0007641539800955499,0.13835261592891018,0.38923850871723,24,2,0.579828706972584,0.8141129521644814
CHEMBL2047_EC50,docfx_0.2,4,GBM,0.02557666471423692,0.20361159059568895,0.4431577524564357,24,2,0.579828706972584,0.8141129521644814
CHEMBL2047_EC50,docfx_0.2,4,KNN,0.10725732497866675,-0.05760382329199132,0.3276180364968904,24,2,0.579828706972584,0.8141129521644814
CHEMBL2047_EC50,docfx_0.3,0,RF,0.22068655836890422,0.4192400403682475,0.3475105823997486,26,7,0.6364997505330855,0.7686378896132426
CHEMBL2047_EC50,docfx_0.3,0,SVR,0.18174384557041057,0.3856170573759997,0.37654865199285603,26,7,0.6364997505330855,0.7686378896132426
CHEMBL2047_EC50,docfx_0.3,0,GBM,0.1771537377280878,0.36758363960880114,0.3935604570798535,26,7,0.6364997505330855,0.7686378896132426
CHEMBL2047_EC50,docfx_0.3,0,KNN,0.2116245073176719,0.43203528865099183,0.3426969537895862,26,7,0.6364997505330855,0.7686378896132426
CHEMBL2047_EC50,docfx_0.3,1,RF,0.07172451000226449,0.3465692940229158,0.4026995278277824,38,4,0.673211829225413,0.8502023366780618
CHEMBL2047_EC50,docfx_0.3,1,SVR,0.09959253351151587,0.37019509432791514,0.39165113045940814,38,4,0.673211829225413,0.8502023366780618
CHEMBL2047_EC50,docfx_0.3,1,GBM,0.02744195986287412,0.295410486787438,0.459425964390234,38,4,0.673211829225413,0.8502023366780618
CHEMBL2047_EC50,docfx_0.3,1,KNN,0.09568395483433467,0.3508146109570319,0.38332415863071867,38,4,0.673211829225413,0.8502023366780618
CHEMBL2047_EC50,docfx_0.3,2,RF,0.05796484208764563,0.10567835659811142,0.45924292877314354,37,7,0.6322232676059455,0.8071461344263595
CHEMBL2047_EC50,docfx_0.3,2,SVR,0.04283853275670707,0.02024534892296298,0.43108291224540185,37,7,0.6322232676059455,0.8071461344263595
CHEMBL2047_EC50,docfx_0.3,2,GBM,0.0520766078150709,0.03285788784926358,0.4448436072527241,37,7,0.6322232676059455,0.8071461344263595
CHEMBL2047_EC50,docfx_0.3,2,KNN,0.13306430101333133,0.08739505815689647,0.3694128315347158,37,7,0.6322232676059455,0.8071461344263595
CHEMBL2047_EC50,docfx_0.3,3,RF,0.06892513209613216,0.24154952276004993,0.45667494842529444,38,8,0.6784131221606313,0.8502558573242898
CHEMBL2047_EC50,docfx_0.3,3,SVR,0.10317760254718994,0.3688409712529226,0.42211423416000765,38,8,0.6784131221606313,0.8502558573242898
CHEMBL2047_EC50,docfx_0.3,3,GBM,0.09417652474000615,0.36500950566788215,0.4437800861588641,38,8,0.6784131221606313,0.8502558573242898
CHEMBL2047_EC50,docfx_0.3,3,KNN,0.14033605924653375,0.3075928396198723,0.38609709323520175,38,8,0.6784131221606313,0.8502558573242898
CHEMBL2047_EC50,docfx_0.3,4,RF,0.20596750208018555,0.3201253548731313,0.42597754862812487,38,5,0.663339123260366,0.8420038213485541
CHEMBL2047_EC50,docfx_0.3,4,SVR,0.06487122315696153,0.2571038871893567,0.43971335157450125,38,5,0.663339123260366,0.8420038213485541
CHEMBL2047_EC50,docfx_0.3,4,GBM,0.1227758592716578,0.19088997890113413,0.47453928133954204,38,5,0.663339123260366,0.8420038213485541
CHEMBL2047_EC50,docfx_0.3,4,KNN,0.17451989211430374,0.2530913958525757,0.3636935903302144,38,5,0.663339123260366,0.8420038213485541
CHEMBL204_Ki,normal,0,RF,0.07737443738739125,0.2500165948434271,0.6246559142659475,249,13,0.8419705330360097,1.3993296378273363
CHEMBL204_Ki,normal,0,SVR,0.13880161681913605,0.40069184037430594,0.5909477089250869,249,13,0.8419705330360097,1.3993296378273363
CHEMBL204_Ki,normal,0,GBM,0.0672469945948374,0.2568645621175726,0.6353503937247755,249,13,0.8419705330360097,1.3993296378273363
CHEMBL204_Ki,normal,0,KNN,0.13908529846206896,0.48280775229342865,0.5571109511174593,249,13,0.8419705330360097,1.3993296378273363
CHEMBL204_Ki,normal,1,RF,0.17094771682775323,0.5707058697822478,0.5772145757592179,257,11,0.8401126341847639,1.4033319433665659
CHEMBL204_Ki,normal,1,SVR,0.18073851251791384,0.6748107584924798,0.5612532786020714,257,11,0.8401126341847639,1.4033319433665659
CHEMBL204_Ki,normal,1,GBM,0.14802991056628334,0.5364235535834311,0.5807293174085528,257,11,0.8401126341847639,1.4033319433665659
CHEMBL204_Ki,normal,1,KNN,0.17295201120130388,0.5350914912754643,0.5324241223336896,257,11,0.8401126341847639,1.4033319433665659
CHEMBL204_Ki,normal,2,RF,0.13562655835837023,0.6306153899667699,0.5982092764715268,244,11,0.8229893372475661,1.4175506827448756
CHEMBL204_Ki,normal,2,SVR,0.14149406166023915,0.5434171953267776,0.5930851540961041,244,11,0.8229893372475661,1.4175506827448756
CHEMBL204_Ki,normal,2,GBM,0.10921245187402662,0.583582613108737,0.6171079671110853,244,11,0.8229893372475661,1.4175506827448756
CHEMBL204_Ki,normal,2,KNN,0.17942289352528484,0.6313117967471136,0.5419171063027896,244,11,0.8229893372475661,1.4175506827448756
CHEMBL204_Ki,normal,3,RF,0.22034025398446966,0.4521748947386598,0.5779258757652221,250,23,0.8698437329212547,1.4131124826764925
CHEMBL204_Ki,normal,3,SVR,0.21229854369168621,0.34412724396599004,0.5783765682529727,250,23,0.8698437329212547,1.4131124826764925
CHEMBL204_Ki,normal,3,GBM,0.2268091766720528,0.5046628933889815,0.5530141423768816,250,23,0.8698437329212547,1.4131124826764925
CHEMBL204_Ki,normal,3,KNN,0.23775677450250754,0.48844543209807934,0.5202933590140526,250,23,0.8698437329212547,1.4131124826764925
CHEMBL204_Ki,normal,4,RF,0.12390636010532075,0.5625935817622607,0.6457822382044398,242,15,0.8621861160778124,1.4022014854614062
CHEMBL204_Ki,normal,4,SVR,0.1334418137936847,0.5929405929122652,0.6305979929521875,242,15,0.8621861160778124,1.4022014854614062
CHEMBL204_Ki,normal,4,GBM,0.10266080140310796,0.5739834725316301,0.6530969925497935,242,15,0.8621861160778124,1.4022014854614062
CHEMBL204_Ki,normal,4,KNN,0.16107278854648832,0.5360074906249173,0.5778880020092522,242,15,0.8621861160778124,1.4022014854614062
CHEMBL204_Ki,t,0,RF,0.15209375777632173,0.6283144581695138,0.7921765021762829,296,58,1.1370947397247453,1.5212161956086228
CHEMBL204_Ki,t,0,SVR,0.16250175667046907,0.6178841414890548,0.7510261852704841,296,58,1.1370947397247453,1.5212161956086228
CHEMBL204_Ki,t,0,GBM,0.15053919338755728,0.6030187760576197,0.7760359732576442,296,58,1.1370947397247453,1.5212161956086228
CHEMBL204_Ki,t,0,KNN,0.25883275221255486,0.6740330378379378,0.6701139743092975,296,58,1.1370947397247453,1.5212161956086228
CHEMBL204_Ki,t,1,RF,0.25960626724526437,0.8049034312521427,0.6652557361695872,278,53,1.0360616985555107,1.4856272675574624
CHEMBL204_Ki,t,1,SVR,0.2638385458744179,0.8265431297719178,0.653846826800683,278,53,1.0360616985555107,1.4856272675574624
CHEMBL204_Ki,t,1,GBM,0.26439062880945674,0.844970043746622,0.6660914403172898,278,53,1.0360616985555107,1.4856272675574624
CHEMBL204_Ki,t,1,KNN,0.27865899474217704,0.8263912762273794,0.6120051369357201,278,53,1.0360616985555107,1.4856272675574624
CHEMBL204_Ki,t,2,RF,0.36979851035208355,0.9816849964364748,0.6741858114569512,302,62,1.133696262219646,1.4996341522133094
CHEMBL204_Ki,t,2,SVR,0.38792234457116137,1.000395347365039,0.6353078235378374,302,62,1.133696262219646,1.4996341522133094
CHEMBL204_Ki,t,2,GBM,0.3855814900973431,1.025459773317325,0.6422821611927965,302,62,1.133696262219646,1.4996341522133094
CHEMBL204_Ki,t,2,KNN,0.3738151103315014,1.0319933825496812,0.6416809787624168,302,62,1.133696262219646,1.4996341522133094
CHEMBL204_Ki,t,3,RF,0.224197386543313,0.8245583914232433,0.7412090367163291,296,56,1.0684096730926607,1.500735766705021
CHEMBL204_Ki,t,3,SVR,0.23814496818730224,0.7539550984910216,0.7081037518800775,296,56,1.0684096730926607,1.500735766705021
CHEMBL204_Ki,t,3,GBM,0.18468565062276476,0.7397469402646385,0.7562845781500437,296,56,1.0684096730926607,1.500735766705021
CHEMBL204_Ki,t,3,KNN,0.2328289886398781,0.8292381399912594,0.7044965357896481,296,56,1.0684096730926607,1.500735766705021
CHEMBL204_Ki,t,4,RF,0.2807028486798241,0.7365083498917052,0.7027896784768758,304,69,1.1115930053443226,1.5039765257541395
CHEMBL204_Ki,t,4,SVR,0.31504702876999136,0.7400129649856627,0.6994608214584492,304,69,1.1115930053443226,1.5039765257541395
CHEMBL204_Ki,t,4,GBM,0.2774977261147731,0.7119542642028508,0.7234284544744833,304,69,1.1115930053443226,1.5039765257541395
CHEMBL204_Ki,t,4,KNN,0.30792551323781037,0.7445743645998294,0.6658545605172682,304,69,1.1115930053443226,1.5039765257541395
CHEMBL204_Ki,docfx_0.2,0,RF,0.18068502634915368,0.5318355676811442,0.4787667280659959,102,6,0.6110764249772476,1.3827409675571343
CHEMBL204_Ki,docfx_0.2,0,SVR,0.20378669674259564,0.5219464030405592,0.4566903768691718,102,6,0.6110764249772476,1.3827409675571343
CHEMBL204_Ki,docfx_0.2,0,GBM,0.2041112480753045,0.6335843563678568,0.4867446691557276,102,6,0.6110764249772476,1.3827409675571343
CHEMBL204_Ki,docfx_0.2,0,KNN,0.2530744071885326,0.771830109313724,0.39861262702549827,102,6,0.6110764249772476,1.3827409675571343
CHEMBL204_Ki,docfx_0.2,1,RF,0.16560327926968726,0.24531595311515297,0.4598550143233015,129,8,0.6360047392595988,1.4268533204850395
CHEMBL204_Ki,docfx_0.2,1,SVR,0.19578820011714032,0.5101578984532189,0.4777053123929143,129,8,0.6360047392595988,1.4268533204850395
CHEMBL204_Ki,docfx_0.2,1,GBM,0.18617843784398586,0.2208829825834988,0.4713542508333714,129,8,0.6360047392595988,1.4268533204850395
CHEMBL204_Ki,docfx_0.2,1,KNN,0.2281422536491119,0.3908258077065123,0.3962977305487413,129,8,0.6360047392595988,1.4268533204850395
CHEMBL204_Ki,docfx_0.2,2,RF,0.10304104526413727,0.42318008785582617,0.4595164947911219,108,6,0.6255977567685208,1.3844746414373321
CHEMBL204_Ki,docfx_0.2,2,SVR,0.18167800757834296,0.42940575973995865,0.4755696388573821,108,6,0.6255977567685208,1.3844746414373321
CHEMBL204_Ki,docfx_0.2,2,GBM,0.10643123019702194,0.583398021110688,0.4945924338377201,108,6,0.6255977567685208,1.3844746414373321
CHEMBL204_Ki,docfx_0.2,2,KNN,0.20295033736384333,0.7699408393928713,0.3909509957146277,108,6,0.6255977567685208,1.3844746414373321
CHEMBL204_Ki,docfx_0.2,3,RF,0.07572614487429974,0.18794892898391324,0.5058301570685245,105,10,0.6237199609619422,1.4906719048824244
CHEMBL204_Ki,docfx_0.2,3,SVR,0.12209456108178618,0.4245817496389047,0.5219925222551784,105,10,0.6237199609619422,1.4906719048824244
CHEMBL204_Ki,docfx_0.2,3,GBM,0.07516313818095788,0.15007019742319072,0.5287374548975424,105,10,0.6237199609619422,1.4906719048824244
CHEMBL204_Ki,docfx_0.2,3,KNN,0.12722649267968467,0.15958994396615023,0.43358500742469064,105,10,0.6237199609619422,1.4906719048824244
CHEMBL204_Ki,docfx_0.2,4,RF,0.17469455711034382,0.6049633867167727,0.45800154164084655,120,8,0.626841005203667,1.3191209145007554
CHEMBL204_Ki,docfx_0.2,4,SVR,0.22043492861081843,0.517416694809432,0.46559711962314193,120,8,0.626841005203667,1.3191209145007554
CHEMBL204_Ki,docfx_0.2,4,GBM,0.18410882971385684,0.5135749608392919,0.48082367366609774,120,8,0.626841005203667,1.3191209145007554
CHEMBL204_Ki,docfx_0.2,4,KNN,0.289257378290517,0.8295666150133068,0.36732546562859236,120,8,0.626841005203667,1.3191209145007554
CHEMBL204_Ki,docfx_0.3,0,RF,0.1792747810833064,0.581676948043217,0.5128126076952285,149,9,0.6699109466841102,1.3877302230483037
CHEMBL204_Ki,docfx_0.3,0,SVR,0.21832648166342522,0.5343528251791975,0.48498569330214053,149,9,0.6699109466841102,1.3877302230483037
CHEMBL204_Ki,docfx_0.3,0,GBM,0.20988607798309167,0.6286908664546677,0.5187369612552263,149,9,0.6699109466841102,1.3877302230483037
CHEMBL204_Ki,docfx_0.3,0,KNN,0.2355280020323265,0.732097549516082,0.4319603860075375,149,9,0.6699109466841102,1.3877302230483037
CHEMBL204_Ki,docfx_0.3,1,RF,0.20968401484772803,0.3810773219531818,0.4848060503655477,161,11,0.6917904141640799,1.4237362700801954
CHEMBL204_Ki,docfx_0.3,1,SVR,0.233872823788689,0.5046292064452311,0.5024559449395406,161,11,0.6917904141640799,1.4237362700801954
CHEMBL204_Ki,docfx_0.3,1,GBM,0.21973058737577478,0.3525345626761861,0.4882549869218312,161,11,0.6917904141640799,1.4237362700801954
CHEMBL204_Ki,docfx_0.3,1,KNN,0.2599667017610774,0.4034468591295516,0.4245880522187765,161,11,0.6917904141640799,1.4237362700801954
CHEMBL204_Ki,docfx_0.3,2,RF,0.13365825935721626,0.33872969326067237,0.48578180330672444,148,8,0.6946404190179117,1.3886839573539376
CHEMBL204_Ki,docfx_0.3,2,SVR,0.18597311681095474,0.32286857362895105,0.5014850167143552,148,8,0.6946404190179117,1.3886839573539376
CHEMBL204_Ki,docfx_0.3,2,GBM,0.1601570403820618,0.3757873275286062,0.5193309338779837,148,8,0.6946404190179117,1.3886839573539376
CHEMBL204_Ki,docfx_0.3,2,KNN,0.2019072163921496,0.6153338631920736,0.4260727995165595,148,8,0.6946404190179117,1.3886839573539376
CHEMBL204_Ki,docfx_0.3,3,RF,0.09919890442431167,0.055561673408432655,0.5335757306159674,132,7,0.6812487447149315,1.481749392299026
CHEMBL204_Ki,docfx_0.3,3,SVR,0.13484337702297167,0.5680463852313957,0.5496821442189088,132,7,0.6812487447149315,1.481749392299026
CHEMBL204_Ki,docfx_0.3,3,GBM,0.06773213509189513,0.17363478219496986,0.5548662886704854,132,7,0.6812487447149315,1.481749392299026
CHEMBL204_Ki,docfx_0.3,3,KNN,0.1424405216609952,0.2268657726599792,0.461690307694108,132,7,0.6812487447149315,1.481749392299026
CHEMBL204_Ki,docfx_0.3,4,RF,0.16383459356322716,0.6655438024708289,0.5026806325926013,165,7,0.7026411904431101,1.331681645797308
CHEMBL204_Ki,docfx_0.3,4,SVR,0.20263085118429902,0.57608941285992,0.507511564797694,165,7,0.7026411904431101,1.331681645797308
CHEMBL204_Ki,docfx_0.3,4,GBM,0.15461548950357384,0.587465646063365,0.5286747154474385,165,7,0.7026411904431101,1.331681645797308
CHEMBL204_Ki,docfx_0.3,4,KNN,0.2566625464064085,0.8871491035945943,0.4147973757260349,165,7,0.7026411904431101,1.331681645797308
CHEMBL2147_Ki,normal,0,RF,0.06563591944473135,0.024531615207453172,0.6868041344271664,138,34,0.996290269955731,1.9280265440545183
CHEMBL2147_Ki,normal,0,SVR,0.07866549064801887,0.08949042283326569,0.668400018117007,138,34,0.996290269955731,1.9280265440545183
CHEMBL2147_Ki,normal,0,GBM,0.011926677357606219,0.018888331328641095,0.7128705046612855,138,34,0.996290269955731,1.9280265440545183
CHEMBL2147_Ki,normal,0,KNN,0.005422727835191377,-0.06381863423007206,0.6558016227201268,138,34,0.996290269955731,1.9280265440545183
CHEMBL2147_Ki,normal,1,RF,0.015186277285807459,0.002177311286014394,0.710134730242069,130,30,0.9635212245282356,1.9078836987625625
CHEMBL2147_Ki,normal,1,SVR,-0.00042553792180588523,0.08234746745734156,0.7226289762809811,130,30,0.9635212245282356,1.9078836987625625
CHEMBL2147_Ki,normal,1,GBM,-0.002347991227819035,-0.02945309423985787,0.714214273353301,130,30,0.9635212245282356,1.9078836987625625
CHEMBL2147_Ki,normal,1,KNN,0.05075067385660159,0.04633497799196207,0.642999258107,130,30,0.9635212245282356,1.9078836987625625
CHEMBL2147_Ki,normal,2,RF,0.10809710340547796,-0.21601776054153649,0.6464778030300367,127,25,0.9608551036827324,1.9079677556169339
CHEMBL2147_Ki,normal,2,SVR,0.06287097919326823,-0.10386963014803574,0.6804525597352178,127,25,0.9608551036827324,1.9079677556169339
CHEMBL2147_Ki,normal,2,GBM,0.03398930456522564,-0.23576043494916155,0.683082626941439,127,25,0.9608551036827324,1.9079677556169339
CHEMBL2147_Ki,normal,2,KNN,0.13903129058400798,-0.16934587571250787,0.5729003375992532,127,25,0.9608551036827324,1.9079677556169339
CHEMBL2147_Ki,normal,3,RF,0.05691399125643759,0.15861912726557692,0.6867475279548815,137,28,0.9722908863245794,1.8823529095856897
CHEMBL2147_Ki,normal,3,SVR,0.07889576432664025,0.044076464959788564,0.6561897316680363,137,28,0.9722908863245794,1.8823529095856897
CHEMBL2147_Ki,normal,3,GBM,0.04667175923111677,0.011024192683493195,0.6925218284929837,137,28,0.9722908863245794,1.8823529095856897
CHEMBL2147_Ki,normal,3,KNN,-0.008825211781050224,-0.027359145277897845,0.6747077422218595,137,28,0.9722908863245794,1.8823529095856897
CHEMBL2147_Ki,normal,4,RF,-0.011858796709007136,-0.06625257332831158,0.7008753100116255,140,37,1.0366419490246268,1.899336073446905
CHEMBL2147_Ki,normal,4,SVR,0.013407722892214702,-0.032073696483228,0.6999348373037811,140,37,1.0366419490246268,1.899336073446905
CHEMBL2147_Ki,normal,4,GBM,0.05198604551078467,-0.08317792325843698,0.6887008865385593,140,37,1.0366419490246268,1.899336073446905
CHEMBL2147_Ki,normal,4,KNN,0.035789202237976214,-0.09114897560398583,0.6259723533857133,140,37,1.0366419490246268,1.899336073446905
CHEMBL2147_Ki,t,0,RF,0.11853573365462222,0.27191084247880126,0.8061438660618937,163,56,1.2205524491178543,1.9789447024694111
CHEMBL2147_Ki,t,0,SVR,0.022522847113010114,0.18389326304541187,0.8479013492480778,163,56,1.2205524491178543,1.9789447024694111
CHEMBL2147_Ki,t,0,GBM,-0.0008899849435608509,0.22227602571869498,0.8825764442352514,163,56,1.2205524491178543,1.9789447024694111
CHEMBL2147_Ki,t,0,KNN,0.0035987092131157805,0.17763873600396385,0.7832990233653583,163,56,1.2205524491178543,1.9789447024694111
CHEMBL2147_Ki,t,1,RF,0.2307003408748899,0.5708863782540861,0.7641720980485359,161,56,1.2488826940954156,1.9504396772839154
CHEMBL2147_Ki,t,1,SVR,0.30835995200950383,0.6039092004417115,0.7000282731511062,161,56,1.2488826940954156,1.9504396772839154
CHEMBL2147_Ki,t,1,GBM,0.28750151425584336,0.5496103214361934,0.7425068756189411,161,56,1.2488826940954156,1.9504396772839154
CHEMBL2147_Ki,t,1,KNN,0.21145527686886423,0.5879858278642451,0.7040922239467112,161,56,1.2488826940954156,1.9504396772839154
CHEMBL2147_Ki,t,2,RF,0.01138581125964555,0.20941309139570063,0.9258030467637576,152,47,1.1496019720770072,1.968570039181332
CHEMBL2147_Ki,t,2,SVR,-0.12035369699852305,0.17870888226847315,0.9613830327352352,152,47,1.1496019720770072,1.968570039181332
CHEMBL2147_Ki,t,2,GBM,-0.04400253614097149,0.21568686656826475,0.9590726526329593,152,47,1.1496019720770072,1.968570039181332
CHEMBL2147_Ki,t,2,KNN,-0.026896208816297285,0.25772281720880674,0.8516531867810428,152,47,1.1496019720770072,1.968570039181332
CHEMBL2147_Ki,t,3,RF,0.18026909658921497,0.38807135619484767,0.7759470368834365,151,61,1.2088352474638453,1.9715367923113793
CHEMBL2147_Ki,t,3,SVR,0.15909255066642247,0.34261054803925994,0.7687143516219389,151,61,1.2088352474638453,1.9715367923113793
CHEMBL2147_Ki,t,3,GBM,0.11889878809783405,0.3527089898155432,0.8378136391684989,151,61,1.2088352474638453,1.9715367923113793
CHEMBL2147_Ki,t,3,KNN,0.1394900747994211,0.3457739193658612,0.7321114956504875,151,61,1.2088352474638453,1.9715367923113793
CHEMBL2147_Ki,t,4,RF,-0.02194577036334555,0.18404928193142378,0.9016397483590167,154,59,1.237013886246356,1.993962081924579
CHEMBL2147_Ki,t,4,SVR,0.029982988451239145,0.17529617270715148,0.8329130030384417,154,59,1.237013886246356,1.993962081924579
CHEMBL2147_Ki,t,4,GBM,-0.04857940180558451,0.11295109741144027,0.918956758272239,154,59,1.237013886246356,1.993962081924579
CHEMBL2147_Ki,t,4,KNN,0.10455264946463605,0.28151982382051144,0.7582516592161577,154,59,1.237013886246356,1.993962081924579
CHEMBL2147_Ki,docfx_0.2,0,RF,-0.019721334864660767,0.2445225692195545,0.5075209711756469,93,18,0.8175463573393004,1.6319563011209848
CHEMBL2147_Ki,docfx_0.2,0,SVR,-0.019883267380024328,0.11742409964929856,0.5018352981244711,93,18,0.8175463573393004,1.6319563011209848
CHEMBL2147_Ki,docfx_0.2,0,GBM,-0.05320754011285084,0.15473823644472362,0.538282145835417,93,18,0.8175463573393004,1.6319563011209848
CHEMBL2147_Ki,docfx_0.2,0,KNN,-0.04132027789988035,0.049798755030756814,0.40793186334083165,93,18,0.8175463573393004,1.6319563011209848
CHEMBL2147_Ki,docfx_0.2,1,RF,0.005717385323154023,0.04475406848346741,0.5077355465674981,86,30,0.8739391631456346,1.9406792638722694
CHEMBL2147_Ki,docfx_0.2,1,SVR,-0.037772534342108366,0.020487777645352145,0.5544449551180035,86,30,0.8739391631456346,1.9406792638722694
CHEMBL2147_Ki,docfx_0.2,1,GBM,-0.050704566903788106,-0.08683299677894962,0.5369496474007001,86,30,0.8739391631456346,1.9406792638722694
CHEMBL2147_Ki,docfx_0.2,1,KNN,-0.004143000520097806,0.03660919821950959,0.4587252479112683,86,30,0.8739391631456346,1.9406792638722694
CHEMBL2147_Ki,docfx_0.2,2,RF,-0.009492482737528896,0.04976785646516346,0.5588539912848949,103,31,0.9688901422393513,1.9564298514608238
CHEMBL2147_Ki,docfx_0.2,2,SVR,-0.05384415990814595,0.0876553676285784,0.5841677491281251,103,31,0.9688901422393513,1.9564298514608238
CHEMBL2147_Ki,docfx_0.2,2,GBM,-0.12571944748061503,-0.009473831457686321,0.6269679755386354,103,31,0.9688901422393513,1.9564298514608238
CHEMBL2147_Ki,docfx_0.2,2,KNN,0.022767903373556386,0.13687346038092618,0.5239590135613141,103,31,0.9688901422393513,1.9564298514608238
CHEMBL2147_Ki,docfx_0.2,3,RF,-0.03343707622618197,0.039088850177367906,0.5091032427241086,94,19,0.8364015640997998,1.740532815354257
CHEMBL2147_Ki,docfx_0.2,3,SVR,-0.020292679133101788,0.00360414216600774,0.5031018780570211,94,19,0.8364015640997998,1.740532815354257
CHEMBL2147_Ki,docfx_0.2,3,GBM,-0.05944572809963927,0.0021637456155786383,0.5385587806558124,94,19,0.8364015640997998,1.740532815354257
CHEMBL2147_Ki,docfx_0.2,3,KNN,0.022964796087086847,0.043072894010512564,0.4186704410424204,94,19,0.8364015640997998,1.740532815354257
CHEMBL2147_Ki,docfx_0.2,4,RF,0.06860187628078673,0.1743149802505919,0.519959608887242,88,18,0.8373879435528778,1.74127062101946
CHEMBL2147_Ki,docfx_0.2,4,SVR,0.033643851370384614,0.3154716900741126,0.5226335545216413,88,18,0.8373879435528778,1.74127062101946
CHEMBL2147_Ki,docfx_0.2,4,GBM,0.046048961535377186,0.10707901376269924,0.527481505076111,88,18,0.8373879435528778,1.74127062101946
CHEMBL2147_Ki,docfx_0.2,4,KNN,-0.02248756961333931,0.11349986433786585,0.47027064408159003,88,18,0.8373879435528778,1.74127062101946
CHEMBL2147_Ki,docfx_0.3,0,RF,0.01051763265833816,0.24955674828371166,0.5458657851429569,105,19,0.8663536564061338,1.6715286787620063
CHEMBL2147_Ki,docfx_0.3,0,SVR,0.004916017348046031,0.09562320398911917,0.5416147511475684,105,19,0.8663536564061338,1.6715286787620063
CHEMBL2147_Ki,docfx_0.3,0,GBM,0.011327279973717297,0.1703640280539055,0.5665989118794181,105,19,0.8663536564061338,1.6715286787620063
CHEMBL2147_Ki,docfx_0.3,0,KNN,-0.020234091308631297,0.07574053533198288,0.45864968952328355,105,19,0.8663536564061338,1.6715286787620063
CHEMBL2147_Ki,docfx_0.3,1,RF,0.01633488529579763,0.015561539938622193,0.5510221151289935,101,29,0.9120818903449105,1.9427878192169759
CHEMBL2147_Ki,docfx_0.3,1,SVR,-0.025355609085912167,-0.04627339094493965,0.6020123971951866,101,29,0.9120818903449105,1.9427878192169759
CHEMBL2147_Ki,docfx_0.3,1,GBM,-0.004862549886263112,-0.0659496468509092,0.5741669692910046,101,29,0.9120818903449105,1.9427878192169759
CHEMBL2147_Ki,docfx_0.3,1,KNN,-0.01045659769961782,-0.022196265056021236,0.5137758345024139,101,29,0.9120818903449105,1.9427878192169759
CHEMBL2147_Ki,docfx_0.3,2,RF,-0.012292137559921423,0.04746344968333227,0.5919396020885441,109,29,0.9867271195290007,1.9494571931286895
CHEMBL2147_Ki,docfx_0.3,2,SVR,-0.07132064989199904,0.095457424120717,0.6329518133212461,109,29,0.9867271195290007,1.9494571931286895
CHEMBL2147_Ki,docfx_0.3,2,GBM,-0.09253266377425229,0.036443544611237555,0.6585069746120916,109,29,0.9867271195290007,1.9494571931286895
CHEMBL2147_Ki,docfx_0.3,2,KNN,0.004187837967589703,0.14388290334610343,0.5647615925081779,109,29,0.9867271195290007,1.9494571931286895
CHEMBL2147_Ki,docfx_0.3,3,RF,-0.009547253696169267,0.023211014280420383,0.5538159190154767,98,22,0.8670630885426204,1.7600648422096055
CHEMBL2147_Ki,docfx_0.3,3,SVR,-0.018576203891114473,0.05648992992855706,0.5505825748510657,98,22,0.8670630885426204,1.7600648422096055
CHEMBL2147_Ki,docfx_0.3,3,GBM,-0.03180965294887139,-0.016996061019797004,0.5810027637062901,98,22,0.8670630885426204,1.7600648422096055
CHEMBL2147_Ki,docfx_0.3,3,KNN,0.040507958912095354,0.04739587051843824,0.467541390870455,98,22,0.8670630885426204,1.7600648422096055
CHEMBL2147_Ki,docfx_0.3,4,RF,0.11103210266657437,0.1754367146222645,0.5392133967622346,105,16,0.8828690496000492,1.7645229922941517
CHEMBL2147_Ki,docfx_0.3,4,SVR,0.0470608630050986,0.3354530274527563,0.5653936313997776,105,16,0.8828690496000492,1.7645229922941517
CHEMBL2147_Ki,docfx_0.3,4,GBM,0.05677833951547073,0.15399961750821034,0.5690249269583395,105,16,0.8828690496000492,1.7645229922941517
CHEMBL2147_Ki,docfx_0.3,4,KNN,-0.00022851779797350424,0.05521485084872557,0.5195797333989738,105,16,0.8828690496000492,1.7645229922941517
CHEMBL214_Ki,normal,0,RF,0.17177314724783876,0.3937374438800555,0.5745397416200162,286,19,0.8472087312396921,1.0557441398562881
CHEMBL214_Ki,normal,0,SVR,0.1490239838139522,0.39187374118951335,0.5880395328226025,286,19,0.8472087312396921,1.0557441398562881
CHEMBL214_Ki,normal,0,GBM,0.14233408268085124,0.4352446805509188,0.5850656876591559,286,19,0.8472087312396921,1.0557441398562881
CHEMBL214_Ki,normal,0,KNN,0.20576827865187253,0.5801846563088894,0.5417856767629096,286,19,0.8472087312396921,1.0557441398562881
CHEMBL214_Ki,normal,1,RF,0.214995103255609,0.41527918956176446,0.5403020866557449,306,17,0.8417794133002315,1.058947843459139
CHEMBL214_Ki,normal,1,SVR,0.1929265883517126,0.36106934886667863,0.5554005272077942,306,17,0.8417794133002315,1.058947843459139
CHEMBL214_Ki,normal,1,GBM,0.20591766121513644,0.4327359146015586,0.5426385400140941,306,17,0.8417794133002315,1.058947843459139
CHEMBL214_Ki,normal,1,KNN,0.20849269003214022,0.3401012970126911,0.5191709309035638,306,17,0.8417794133002315,1.058947843459139
CHEMBL214_Ki,normal,2,RF,0.18005697182456248,0.4099515164242359,0.5571602791855675,291,14,0.8236373494514833,1.0636944113225761
CHEMBL214_Ki,normal,2,SVR,0.15775628031853273,0.5063613613819038,0.5662598958061621,291,14,0.8236373494514833,1.0636944113225761
CHEMBL214_Ki,normal,2,GBM,0.17036245010668138,0.4760486342736524,0.5588509351763288,291,14,0.8236373494514833,1.0636944113225761
CHEMBL214_Ki,normal,2,KNN,0.1752004012570283,0.49342854233486266,0.5186465334570678,291,14,0.8236373494514833,1.0636944113225761
CHEMBL214_Ki,normal,3,RF,0.19895595384238007,0.5149428678209398,0.5332516770575864,274,16,0.8244480509502436,1.0406351418131985
CHEMBL214_Ki,normal,3,SVR,0.17254545503561258,0.42894726959328855,0.534807426957282,274,16,0.8244480509502436,1.0406351418131985
CHEMBL214_Ki,normal,3,GBM,0.1758975364891583,0.43696256200638706,0.5463561418324607,274,16,0.8244480509502436,1.0406351418131985
CHEMBL214_Ki,normal,3,KNN,0.24081507370490807,0.5033170546294685,0.5081774898077317,274,16,0.8244480509502436,1.0406351418131985
CHEMBL214_Ki,normal,4,RF,0.18279787601953346,0.2975804834024416,0.5326137405355331,283,13,0.8416824490306783,1.0671195985660626
CHEMBL214_Ki,normal,4,SVR,0.1818801650278986,0.3233360301498407,0.5261575300844658,283,13,0.8416824490306783,1.0671195985660626
CHEMBL214_Ki,normal,4,GBM,0.16759969734451585,0.30093670434602127,0.5486133181598312,283,13,0.8416824490306783,1.0671195985660626
CHEMBL214_Ki,normal,4,KNN,0.19346072193032343,0.1336690952834806,0.494925097845413,283,13,0.8416824490306783,1.0671195985660626
CHEMBL214_Ki,t,0,RF,0.34761832156133854,0.7593440442897436,0.6581714915779139,355,75,1.089903392429509,1.1747037178852375
CHEMBL214_Ki,t,0,SVR,0.2965299505543576,0.6189278873664761,0.6344606122517886,355,75,1.089903392429509,1.1747037178852375
CHEMBL214_Ki,t,0,GBM,0.32986644609309435,0.6925708385967962,0.6454706427248438,355,75,1.089903392429509,1.1747037178852375
CHEMBL214_Ki,t,0,KNN,0.34667370879582526,0.769425390187862,0.6191054639643002,355,75,1.089903392429509,1.1747037178852375
CHEMBL214_Ki,t,1,RF,0.2962104238429524,0.7257109830647976,0.6612623125259001,346,61,1.0734639541826592,1.150855497284426
CHEMBL214_Ki,t,1,SVR,0.23878909436601714,0.6373271474930022,0.6814647023761404,346,61,1.0734639541826592,1.150855497284426
CHEMBL214_Ki,t,1,GBM,0.26571121669955267,0.6912189475610617,0.6768471638674769,346,61,1.0734639541826592,1.150855497284426
CHEMBL214_Ki,t,1,KNN,0.2982174931299,0.7346067421735019,0.6217451277298662,346,61,1.0734639541826592,1.150855497284426
CHEMBL214_Ki,t,2,RF,0.26257711750998713,0.6672041107482484,0.6952213576774102,361,77,1.0920801299253877,1.1507052929518815
CHEMBL214_Ki,t,2,SVR,0.23989455195582743,0.6099019547796004,0.6861902285417641,361,77,1.0920801299253877,1.1507052929518815
CHEMBL214_Ki,t,2,GBM,0.22024954426508003,0.6498473577136726,0.7324557479052636,361,77,1.0920801299253877,1.1507052929518815
CHEMBL214_Ki,t,2,KNN,0.319275745227111,0.7473287838411963,0.6345906853694276,361,77,1.0920801299253877,1.1507052929518815
CHEMBL214_Ki,t,3,RF,0.41383175692662644,0.8200905516826148,0.5990186037773312,325,72,1.0867856890591345,1.166373062164893
CHEMBL214_Ki,t,3,SVR,0.3618450619935323,0.7830479787375673,0.6084691200041061,325,72,1.0867856890591345,1.166373062164893
CHEMBL214_Ki,t,3,GBM,0.35607314689445824,0.7636976482260129,0.6253170734216349,325,72,1.0867856890591345,1.166373062164893
CHEMBL214_Ki,t,3,KNN,0.4254425893906596,0.8790661699766321,0.5836373498679724,325,72,1.0867856890591345,1.166373062164893
CHEMBL214_Ki,t,4,RF,0.29253702564586037,0.670961354255362,0.6657567980941578,358,91,1.089411152406656,1.1693937385554853
CHEMBL214_Ki,t,4,SVR,0.26316309001104865,0.6271581569141352,0.6574511127025132,358,91,1.089411152406656,1.1693937385554853
CHEMBL214_Ki,t,4,GBM,0.2648511268195055,0.6531403943778246,0.6859113666345623,358,91,1.089411152406656,1.1693937385554853
CHEMBL214_Ki,t,4,KNN,0.343994355478219,0.751549762658831,0.6391880991904157,358,91,1.089411152406656,1.1693937385554853
CHEMBL214_Ki,docfx_0.2,0,RF,0.17753366802504084,0.5345749634469719,0.4065309733376428,115,5,0.5787363471974437,1.055228722258563
CHEMBL214_Ki,docfx_0.2,0,SVR,0.17821597103511494,0.36195616317289314,0.4101593145716396,115,5,0.5787363471974437,1.055228722258563
CHEMBL214_Ki,docfx_0.2,0,GBM,0.18342070434995505,0.48734071055374384,0.4375951577731766,115,5,0.5787363471974437,1.055228722258563
CHEMBL214_Ki,docfx_0.2,0,KNN,0.16535411905204717,0.4506802604171666,0.37516126608254924,115,5,0.5787363471974437,1.055228722258563
CHEMBL214_Ki,docfx_0.2,1,RF,0.16076910457733823,-0.05540861788452195,0.45099775324620023,123,2,0.5888557114483616,1.0108555554026806
CHEMBL214_Ki,docfx_0.2,1,SVR,0.19101394066996003,0.044567532206795435,0.4582709398699294,123,2,0.5888557114483616,1.0108555554026806
CHEMBL214_Ki,docfx_0.2,1,GBM,0.16976985445149562,-0.1534246663783128,0.48706078415478615,123,2,0.5888557114483616,1.0108555554026806
CHEMBL214_Ki,docfx_0.2,1,KNN,0.1642970462560735,-0.1410864098227264,0.4146057910660013,123,2,0.5888557114483616,1.0108555554026806
CHEMBL214_Ki,docfx_0.2,2,RF,0.11041806358408718,0.3221735984290825,0.45752661388738874,135,11,0.6584978754843446,1.0320550556143593
CHEMBL214_Ki,docfx_0.2,2,SVR,0.1511818751050482,0.39047874743367594,0.44756219131385955,135,11,0.6584978754843446,1.0320550556143593
CHEMBL214_Ki,docfx_0.2,2,GBM,0.1551092267949274,0.3601273883208274,0.46012549407182174,135,11,0.6584978754843446,1.0320550556143593
CHEMBL214_Ki,docfx_0.2,2,KNN,0.18255055626842892,0.42538074109737667,0.3821027597836461,135,11,0.6584978754843446,1.0320550556143593
CHEMBL214_Ki,docfx_0.2,3,RF,0.21261468272299966,0.19946598804639176,0.43884459948040355,124,3,0.6059393304207908,1.0495629023796096
CHEMBL214_Ki,docfx_0.2,3,SVR,0.18293853780107017,0.30788396719827027,0.4485215580779972,124,3,0.6059393304207908,1.0495629023796096
CHEMBL214_Ki,docfx_0.2,3,GBM,0.1915700457774409,0.35158202690317447,0.4464422687981969,124,3,0.6059393304207908,1.0495629023796096
CHEMBL214_Ki,docfx_0.2,3,KNN,0.19761368688743958,0.3952408749243607,0.39642305460162813,124,3,0.6059393304207908,1.0495629023796096
CHEMBL214_Ki,docfx_0.2,4,RF,0.06172906275690487,0.46901560692619226,0.44924337357481875,146,10,0.6151885799589819,1.1459944107163742
CHEMBL214_Ki,docfx_0.2,4,SVR,0.15014051837446152,0.6369195470952207,0.46326061049617573,146,10,0.6151885799589819,1.1459944107163742
CHEMBL214_Ki,docfx_0.2,4,GBM,0.10220575712372065,0.5220339883916989,0.48950726909470227,146,10,0.6151885799589819,1.1459944107163742
CHEMBL214_Ki,docfx_0.2,4,KNN,0.1339625221326266,0.5068327861178594,0.39748703208830494,146,10,0.6151885799589819,1.1459944107163742
CHEMBL214_Ki,docfx_0.3,0,RF,0.1910282926497926,0.18586452201082443,0.4380105195186017,153,5,0.6415957648649628,1.0581982661261278
CHEMBL214_Ki,docfx_0.3,0,SVR,0.1712319019160481,0.1827957307983072,0.44088683938047313,153,5,0.6415957648649628,1.0581982661261278
CHEMBL214_Ki,docfx_0.3,0,GBM,0.17933088855562002,0.26519682834475733,0.4618371958609489,153,5,0.6415957648649628,1.0581982661261278
CHEMBL214_Ki,docfx_0.3,0,KNN,0.19281749614533816,0.27325217006643227,0.40402351131244496,153,5,0.6415957648649628,1.0581982661261278
CHEMBL214_Ki,docfx_0.3,1,RF,0.1528853603648056,0.5271060624744819,0.4841175432109134,166,5,0.657833246797327,1.0226236590842988
CHEMBL214_Ki,docfx_0.3,1,SVR,0.14311948355557624,0.5189386753264286,0.5020983466497548,166,5,0.657833246797327,1.0226236590842988
CHEMBL214_Ki,docfx_0.3,1,GBM,0.15713598166919573,0.3925562907609813,0.511050270445549,166,5,0.657833246797327,1.0226236590842988
CHEMBL214_Ki,docfx_0.3,1,KNN,0.15737254258701888,0.4902504157012809,0.4560904112162573,166,5,0.657833246797327,1.0226236590842988
CHEMBL214_Ki,docfx_0.3,2,RF,0.11691995690459056,0.3000025808514014,0.502747172206567,172,12,0.7071530574587732,1.0373001900257552
CHEMBL214_Ki,docfx_0.3,2,SVR,0.15631124482306213,0.3906159740596683,0.48501386521863055,172,12,0.7071530574587732,1.0373001900257552
CHEMBL214_Ki,docfx_0.3,2,GBM,0.12501375812247906,0.4124279327942306,0.5095151294530045,172,12,0.7071530574587732,1.0373001900257552
CHEMBL214_Ki,docfx_0.3,2,KNN,0.1954001645834102,0.47765341041872694,0.4201608474566824,172,12,0.7071530574587732,1.0373001900257552
CHEMBL214_Ki,docfx_0.3,3,RF,0.21866425669313339,0.22765544593914155,0.47441456650122105,162,5,0.6659515340978963,1.0505891315802451
CHEMBL214_Ki,docfx_0.3,3,SVR,0.16324691913602074,0.29891120970074303,0.48733390453667214,162,5,0.6659515340978963,1.0505891315802451
CHEMBL214_Ki,docfx_0.3,3,GBM,0.1584098417363798,0.193238227711941,0.4910857892587221,162,5,0.6659515340978963,1.0505891315802451
CHEMBL214_Ki,docfx_0.3,3,KNN,0.18990608635280581,0.2933557942287524,0.43541373297507124,162,5,0.6659515340978963,1.0505891315802451
CHEMBL214_Ki,docfx_0.3,4,RF,0.12003224487004693,0.4555983232341533,0.4748182656818548,170,11,0.6759349135168932,1.1369655423188907
CHEMBL214_Ki,docfx_0.3,4,SVR,0.1769733515943413,0.5968088546890791,0.4950844368799125,170,11,0.6759349135168932,1.1369655423188907
CHEMBL214_Ki,docfx_0.3,4,GBM,0.14363758835997742,0.4643042009146314,0.5084341092939547,170,11,0.6759349135168932,1.1369655423188907
CHEMBL214_Ki,docfx_0.3,4,KNN,0.1765870821269016,0.48354093323090713,0.42542983214589686,170,11,0.6759349135168932,1.1369655423188907
CHEMBL218_EC50,normal,0,RF,0.16055986586837545,0.41083010605192993,0.4620645620751087,42,7,0.6154902744178413,0.8768221377326832
CHEMBL218_EC50,normal,0,SVR,0.15702366928627826,0.4561412593422805,0.46490600985452163,42,7,0.6154902744178413,0.8768221377326832
CHEMBL218_EC50,normal,0,GBM,0.14900537572222272,0.4019987754468194,0.46085324276052053,42,7,0.6154902744178413,0.8768221377326832
CHEMBL218_EC50,normal,0,KNN,0.19451529606598084,0.5142971617455472,0.436846095694327,42,7,0.6154902744178413,0.8768221377326832
CHEMBL218_EC50,normal,1,RF,0.2372155771829107,0.2977810482429258,0.4453012368488763,49,16,0.657341481679966,0.874406682982531
CHEMBL218_EC50,normal,1,SVR,0.2379630429522429,0.2967814505565327,0.4410292121849091,49,16,0.657341481679966,0.874406682982531
CHEMBL218_EC50,normal,1,GBM,0.2533280830229342,0.27827795819067447,0.4420929230157432,49,16,0.657341481679966,0.874406682982531
CHEMBL218_EC50,normal,1,KNN,0.2073514034054073,0.26935176827208795,0.43305120341933706,49,16,0.657341481679966,0.874406682982531
CHEMBL218_EC50,normal,2,RF,0.2228237095131294,0.18241338499053383,0.4692641227409741,59,7,0.6644562551244411,0.8923921255915048
CHEMBL218_EC50,normal,2,SVR,0.20503842725728788,0.2014228301031893,0.46118653352246447,59,7,0.6644562551244411,0.8923921255915048
CHEMBL218_EC50,normal,2,GBM,0.21260942693988827,0.24598328380253076,0.4624436018738497,59,7,0.6644562551244411,0.8923921255915048
CHEMBL218_EC50,normal,2,KNN,0.22647322927768826,0.4812578774938082,0.4564520682599668,59,7,0.6644562551244411,0.8923921255915048
CHEMBL218_EC50,normal,3,RF,0.10622744247805305,0.11857625083664008,0.4801248707115563,41,5,0.6546290883622066,0.8844410653505431
CHEMBL218_EC50,normal,3,SVR,0.09282183898701096,0.17316364331325318,0.4865515640085894,41,5,0.6546290883622066,0.8844410653505431
CHEMBL218_EC50,normal,3,GBM,0.1063039269907487,0.12067757446544203,0.48822981232478596,41,5,0.6546290883622066,0.8844410653505431
CHEMBL218_EC50,normal,3,KNN,0.1687545129134967,0.1423674056056295,0.44233087183857395,41,5,0.6546290883622066,0.8844410653505431
CHEMBL218_EC50,normal,4,RF,0.2221039426420447,0.22635421645024023,0.48494814576114587,40,6,0.6323319774172088,0.9006186269491945
CHEMBL218_EC50,normal,4,SVR,0.20739684174210793,0.3061186806544568,0.47835211838039304,40,6,0.6323319774172088,0.9006186269491945
CHEMBL218_EC50,normal,4,GBM,0.18966445606770949,0.17430640190451085,0.4938344413787929,40,6,0.6323319774172088,0.9006186269491945
CHEMBL218_EC50,normal,4,KNN,0.26963261890786233,0.34293837894905094,0.431304077184191,40,6,0.6323319774172088,0.9006186269491945
CHEMBL218_EC50,t,0,RF,0.25761477378915143,0.4927638358653149,0.6477742534657684,76,31,0.8878161155758604,0.9729288715416313
CHEMBL218_EC50,t,0,SVR,0.27923618032659436,0.5024863561405107,0.6032831366427303,76,31,0.8878161155758604,0.9729288715416313
CHEMBL218_EC50,t,0,GBM,0.3004412815471802,0.5575631410008434,0.62098404481715,76,31,0.8878161155758604,0.9729288715416313
CHEMBL218_EC50,t,0,KNN,0.26545765138927235,0.4888437011758735,0.5981162947467568,76,31,0.8878161155758604,0.9729288715416313
CHEMBL218_EC50,t,1,RF,0.26458948663171533,0.39664323675871827,0.5552846633169283,68,23,0.8104100788623595,0.9404403829925164
CHEMBL218_EC50,t,1,SVR,0.24104812337197823,0.3676210540586182,0.5420409518732889,68,23,0.8104100788623595,0.9404403829925164
CHEMBL218_EC50,t,1,GBM,0.21016040635464772,0.2878330110487973,0.5761983867470518,68,23,0.8104100788623595,0.9404403829925164
CHEMBL218_EC50,t,1,KNN,0.21046600210180177,0.3092279399702008,0.5768169480468185,68,23,0.8104100788623595,0.9404403829925164
CHEMBL218_EC50,t,2,RF,0.29331247100902536,0.49154926235941765,0.5444443935159259,75,30,0.8362588012559692,0.937267664158614
CHEMBL218_EC50,t,2,SVR,0.308285988428038,0.49175933471482525,0.5304075715706921,75,30,0.8362588012559692,0.937267664158614
CHEMBL218_EC50,t,2,GBM,0.32648163957276766,0.47115921504319336,0.5444479777051882,75,30,0.8362588012559692,0.937267664158614
CHEMBL218_EC50,t,2,KNN,0.36725438201843225,0.4873365981864284,0.4825012243220938,75,30,0.8362588012559692,0.937267664158614
CHEMBL218_EC50,t,3,RF,0.09004400043861183,0.2152427089295177,0.6332297895125489,72,28,0.7902199643957074,0.9588789151248381
CHEMBL218_EC50,t,3,SVR,0.07681000212043265,0.20094652973965088,0.6122586694240475,72,28,0.7902199643957074,0.9588789151248381
CHEMBL218_EC50,t,3,GBM,0.09263080161992177,0.24616121503589594,0.6520678711348882,72,28,0.7902199643957074,0.9588789151248381
CHEMBL218_EC50,t,3,KNN,0.10261919540585329,0.2574125815418129,0.6165870373948951,72,28,0.7902199643957074,0.9588789151248381
CHEMBL218_EC50,t,4,RF,0.168457065240477,0.3862066551474237,0.5767425058092159,74,29,0.8571217539735387,0.9532142652095961
CHEMBL218_EC50,t,4,SVR,0.1354765998222115,0.32660161630040485,0.5757748586413548,74,29,0.8571217539735387,0.9532142652095961
CHEMBL218_EC50,t,4,GBM,0.16670959725246715,0.39343918658809396,0.5620784316245121,74,29,0.8571217539735387,0.9532142652095961
CHEMBL218_EC50,t,4,KNN,0.17272753322457202,0.36509199104719825,0.5411447618971402,74,29,0.8571217539735387,0.9532142652095961
CHEMBL218_EC50,docfx_0.2,0,RF,0.15115899193513338,0.015075061682455093,0.387508497088923,26,4,0.5139676391966067,0.9185771409640229
CHEMBL218_EC50,docfx_0.2,0,SVR,0.1287614684164199,0.09139753707738607,0.40241898297453393,26,4,0.5139676391966067,0.9185771409640229
CHEMBL218_EC50,docfx_0.2,0,GBM,0.12461427690322435,0.16938706225186717,0.3856736448447019,26,4,0.5139676391966067,0.9185771409640229
CHEMBL218_EC50,docfx_0.2,0,KNN,0.15929090099383625,-0.12384606719419522,0.3585797503018857,26,4,0.5139676391966067,0.9185771409640229
CHEMBL218_EC50,docfx_0.2,1,RF,0.14336863715807385,-0.11681771829212562,0.40757799342730044,19,3,0.4889722414863257,0.8989272097450622
CHEMBL218_EC50,docfx_0.2,1,SVR,0.19626712558140547,-0.04842949167823274,0.39944638906726093,19,3,0.4889722414863257,0.8989272097450622
CHEMBL218_EC50,docfx_0.2,1,GBM,0.20424164148177953,-0.1981443150641573,0.40514276558767975,19,3,0.4889722414863257,0.8989272097450622
CHEMBL218_EC50,docfx_0.2,1,KNN,0.1692694588804633,-0.08734370526582919,0.39723138958501714,19,3,0.4889722414863257,0.8989272097450622
CHEMBL218_EC50,docfx_0.2,2,RF,0.048372425635760774,0.006630863757784378,0.4360281660021266,24,5,0.5065669632085659,0.8832911145619393
CHEMBL218_EC50,docfx_0.2,2,SVR,0.05367689110160123,0.07449126738178918,0.422361123755517,24,5,0.5065669632085659,0.8832911145619393
CHEMBL218_EC50,docfx_0.2,2,GBM,0.08882996783252611,0.029055330336088814,0.416912047977355,24,5,0.5065669632085659,0.8832911145619393
CHEMBL218_EC50,docfx_0.2,2,KNN,0.1367283644010045,-0.046631645291563106,0.41624561890284567,24,5,0.5065669632085659,0.8832911145619393
CHEMBL218_EC50,docfx_0.2,3,RF,0.19276550044752577,0.0889953463467022,0.41454672545193655,21,4,0.5144713397120584,0.8824707724466082
CHEMBL218_EC50,docfx_0.2,3,SVR,0.15996427319198686,0.11513087132613675,0.41400592569966826,21,4,0.5144713397120584,0.8824707724466082
CHEMBL218_EC50,docfx_0.2,3,GBM,0.09694130772112047,0.05755500138505815,0.42226181545262914,21,4,0.5144713397120584,0.8824707724466082
CHEMBL218_EC50,docfx_0.2,3,KNN,0.17449458318555794,-0.04166183411400798,0.39267893780175406,21,4,0.5144713397120584,0.8824707724466082
CHEMBL218_EC50,docfx_0.2,4,RF,0.07301818758657774,-0.031202205360669644,0.41945661267943984,24,5,0.510942192937612,0.824609495910189
CHEMBL218_EC50,docfx_0.2,4,SVR,0.10160330765094411,-0.04696887646168302,0.42796758651654904,24,5,0.510942192937612,0.824609495910189
CHEMBL218_EC50,docfx_0.2,4,GBM,0.061121274576020956,0.014620824192877746,0.421915508486064,24,5,0.510942192937612,0.824609495910189
CHEMBL218_EC50,docfx_0.2,4,KNN,0.24973210764696602,0.002274810470060229,0.35935774592164077,24,5,0.510942192937612,0.824609495910189
CHEMBL218_EC50,docfx_0.3,0,RF,0.20486230320255328,0.07737539743251742,0.4289642086995853,36,6,0.601749629899289,0.9074806065052897
CHEMBL218_EC50,docfx_0.3,0,SVR,0.17789192826303035,0.15504313136525544,0.4425008203052949,36,6,0.601749629899289,0.9074806065052897
CHEMBL218_EC50,docfx_0.3,0,GBM,0.21122222678091745,0.13428856382275944,0.42809993697253496,36,6,0.601749629899289,0.9074806065052897
CHEMBL218_EC50,docfx_0.3,0,KNN,0.19547804014660813,0.06046922696525214,0.39268948089902284,36,6,0.601749629899289,0.9074806065052897
CHEMBL218_EC50,docfx_0.3,1,RF,0.17314140873331746,-0.17779688305983005,0.44048825704476074,30,5,0.5636303575816938,0.8931836269412421
CHEMBL218_EC50,docfx_0.3,1,SVR,0.1584226182020383,-0.07506898528883987,0.4458127534418772,30,5,0.5636303575816938,0.8931836269412421
CHEMBL218_EC50,docfx_0.3,1,GBM,0.20751881047411397,-0.08806316517164714,0.4410774095870073,30,5,0.5636303575816938,0.8931836269412421
CHEMBL218_EC50,docfx_0.3,1,KNN,0.22614664795304806,-0.12453770626766564,0.41861287037251294,30,5,0.5636303575816938,0.8931836269412421
CHEMBL218_EC50,docfx_0.3,2,RF,0.08762526703594631,0.1312101037001293,0.47135354080269465,39,8,0.5846806024130126,0.8798272807309844
CHEMBL218_EC50,docfx_0.3,2,SVR,0.09876262733974334,0.10845515351715318,0.4676904538933509,39,8,0.5846806024130126,0.8798272807309844
CHEMBL218_EC50,docfx_0.3,2,GBM,0.10853100088217227,0.14058172410191383,0.464263053237865,39,8,0.5846806024130126,0.8798272807309844
CHEMBL218_EC50,docfx_0.3,2,KNN,0.18434306854501187,0.09654154113324181,0.4518205035038631,39,8,0.5846806024130126,0.8798272807309844
CHEMBL218_EC50,docfx_0.3,3,RF,0.1683714393058472,0.21037325038194737,0.447346649056396,39,5,0.5901473393084488,0.8819730319794737
CHEMBL218_EC50,docfx_0.3,3,SVR,0.13529793711984128,0.27048174526298757,0.45053957788845134,39,5,0.5901473393084488,0.8819730319794737
CHEMBL218_EC50,docfx_0.3,3,GBM,0.1448886028150213,0.3227748972756165,0.4531256377067872,39,5,0.5901473393084488,0.8819730319794737
CHEMBL218_EC50,docfx_0.3,3,KNN,0.17047125458632556,0.15375701676455367,0.41664946053957524,39,5,0.5901473393084488,0.8819730319794737
CHEMBL218_EC50,docfx_0.3,4,RF,0.11431771949650871,0.009596845463269721,0.45841564888161423,38,8,0.590978991464998,0.8484159883430128
CHEMBL218_EC50,docfx_0.3,4,SVR,0.14821869805235627,0.01961018401851622,0.47208367056490413,38,8,0.590978991464998,0.8484159883430128
CHEMBL218_EC50,docfx_0.3,4,GBM,0.12879028660099445,-0.041691506958670355,0.4634628721163935,38,8,0.590978991464998,0.8484159883430128
CHEMBL218_EC50,docfx_0.3,4,KNN,0.24346946190059288,0.08182382407608219,0.4032219796480399,38,8,0.590978991464998,0.8484159883430128
CHEMBL219_Ki,normal,0,RF,0.1177822512616411,0.40524143165010296,0.604936321927736,168,17,0.9154726530793538,0.9520807494065902
CHEMBL219_Ki,normal,0,SVR,0.07947635795891306,0.36340042177476206,0.6311430726331442,168,17,0.9154726530793538,0.9520807494065902
CHEMBL219_Ki,normal,0,GBM,0.06898192579997908,0.33929449277501833,0.6343553253727255,168,17,0.9154726530793538,0.9520807494065902
CHEMBL219_Ki,normal,0,KNN,0.13512684809115294,0.21031565035580202,0.559834378503845,168,17,0.9154726530793538,0.9520807494065902
CHEMBL219_Ki,normal,1,RF,0.16899796500325015,0.38786892767713055,0.5333851766026918,151,13,0.8735221677034212,0.9501755256262867
CHEMBL219_Ki,normal,1,SVR,0.12169425336835682,0.4478742464715678,0.5852374228552815,151,13,0.8735221677034212,0.9501755256262867
CHEMBL219_Ki,normal,1,GBM,0.1698631640294732,0.38975710151422627,0.5733932657070171,151,13,0.8735221677034212,0.9501755256262867
CHEMBL219_Ki,normal,1,KNN,0.17490162071865656,0.38822189836206034,0.5257903559748832,151,13,0.8735221677034212,0.9501755256262867
CHEMBL219_Ki,normal,2,RF,0.1660156325611314,0.3582368937773286,0.5711573758796429,157,16,0.8475789299624222,0.9517947576265023
CHEMBL219_Ki,normal,2,SVR,0.13190425494384428,0.396259133279819,0.6090509155496416,157,16,0.8475789299624222,0.9517947576265023
CHEMBL219_Ki,normal,2,GBM,0.15097991974439118,0.25330372797827483,0.5836506028859012,157,16,0.8475789299624222,0.9517947576265023
CHEMBL219_Ki,normal,2,KNN,0.1353617528773975,0.3043240060785334,0.5905388505638312,157,16,0.8475789299624222,0.9517947576265023
CHEMBL219_Ki,normal,3,RF,0.19521649761378734,0.3531350356171451,0.5568986301645215,170,14,0.8636773402156102,0.945530788254382
CHEMBL219_Ki,normal,3,SVR,0.19833990134792145,0.42702017565845674,0.5614515711381395,170,14,0.8636773402156102,0.945530788254382
CHEMBL219_Ki,normal,3,GBM,0.16878834454064628,0.3309731048174347,0.555615179684282,170,14,0.8636773402156102,0.945530788254382
CHEMBL219_Ki,normal,3,KNN,0.2661491881606725,0.4753068894660837,0.4879323153781922,170,14,0.8636773402156102,0.945530788254382
CHEMBL219_Ki,normal,4,RF,0.27688094826620757,0.5917681506027601,0.4927336433575491,161,16,0.8834964217197423,0.9611524995192244
CHEMBL219_Ki,normal,4,SVR,0.24145397812446112,0.46981543123090364,0.5316169127286375,161,16,0.8834964217197423,0.9611524995192244
CHEMBL219_Ki,normal,4,GBM,0.2495175826706839,0.5537977873829585,0.5195595786020203,161,16,0.8834964217197423,0.9611524995192244
CHEMBL219_Ki,normal,4,KNN,0.24356533139846492,0.5176676132223739,0.51954626422223,161,16,0.8834964217197423,0.9611524995192244
CHEMBL219_Ki,t,0,RF,0.24003167775953982,0.536448221198717,0.6532472386654741,204,44,1.0728768086466605,1.0838303005448844
CHEMBL219_Ki,t,0,SVR,0.2675933650915483,0.5394644230211504,0.6393691325311901,204,44,1.0728768086466605,1.0838303005448844
CHEMBL219_Ki,t,0,GBM,0.21775676385832432,0.49959211462525854,0.6709774908163638,204,44,1.0728768086466605,1.0838303005448844
CHEMBL219_Ki,t,0,KNN,0.296912718764618,0.5732526995642732,0.6167808801573098,204,44,1.0728768086466605,1.0838303005448844
CHEMBL219_Ki,t,1,RF,0.36156959421746526,0.729029877362625,0.6171063951743914,199,42,1.0794095272114328,1.0714711788496754
CHEMBL219_Ki,t,1,SVR,0.2941441265065097,0.6247738793629746,0.6472891773989277,199,42,1.0794095272114328,1.0714711788496754
CHEMBL219_Ki,t,1,GBM,0.3532976629079283,0.7357288448304957,0.6080346736220269,199,42,1.0794095272114328,1.0714711788496754
CHEMBL219_Ki,t,1,KNN,0.30999861160523434,0.6596599228043026,0.637922846935193,199,42,1.0794095272114328,1.0714711788496754
CHEMBL219_Ki,t,2,RF,0.3221990298840036,0.6426480909085448,0.6879403322554216,189,52,1.1203619728110115,1.0606659896291646
CHEMBL219_Ki,t,2,SVR,0.2927534353054102,0.6259046595307308,0.6870560599350327,189,52,1.1203619728110115,1.0606659896291646
CHEMBL219_Ki,t,2,GBM,0.3179408976004008,0.6624716070959024,0.6847562612536242,189,52,1.1203619728110115,1.0606659896291646
CHEMBL219_Ki,t,2,KNN,0.34562830398137545,0.6695018876721684,0.6503969543072858,189,52,1.1203619728110115,1.0606659896291646
CHEMBL219_Ki,t,3,RF,0.24472612687764062,0.6746051305904888,0.6492569319676443,199,41,1.067468353748046,1.054299801153292
CHEMBL219_Ki,t,3,SVR,0.19307327358291715,0.645944004678275,0.6758492304794695,199,41,1.067468353748046,1.054299801153292
CHEMBL219_Ki,t,3,GBM,0.227778554650495,0.6680524877028071,0.6633344094627244,199,41,1.067468353748046,1.054299801153292
CHEMBL219_Ki,t,3,KNN,0.19707215045302995,0.5837377302863511,0.6589193239250583,199,41,1.067468353748046,1.054299801153292
CHEMBL219_Ki,t,4,RF,0.3460175850596229,0.7487388724134796,0.673462875291143,196,52,1.1225125011213417,1.070061622151534
CHEMBL219_Ki,t,4,SVR,0.29052127269595984,0.6590546016283664,0.6849208521117562,196,52,1.1225125011213417,1.070061622151534
CHEMBL219_Ki,t,4,GBM,0.2869269364460393,0.6268871181609665,0.7037102510939904,196,52,1.1225125011213417,1.070061622151534
CHEMBL219_Ki,t,4,KNN,0.3169503052631434,0.6317433772715474,0.6656624813285678,196,52,1.1225125011213417,1.070061622151534
CHEMBL219_Ki,docfx_0.2,0,RF,0.17133294971690866,0.33731873238947213,0.45634192402722357,94,11,0.7434596087138247,0.9773106185897215
CHEMBL219_Ki,docfx_0.2,0,SVR,0.15037747343711966,0.11493771740302416,0.4770364641056884,94,11,0.7434596087138247,0.9773106185897215
CHEMBL219_Ki,docfx_0.2,0,GBM,0.16229769275043077,0.11530047575595281,0.4648355364737728,94,11,0.7434596087138247,0.9773106185897215
CHEMBL219_Ki,docfx_0.2,0,KNN,0.2050462524895179,0.13870916646798015,0.3856117233880876,94,11,0.7434596087138247,0.9773106185897215
CHEMBL219_Ki,docfx_0.2,1,RF,0.14752936975044256,0.39904529034324054,0.4740747108484921,79,10,0.6459420897840148,0.9715776905090312
CHEMBL219_Ki,docfx_0.2,1,SVR,0.1394646042769006,0.45252976790788546,0.4956920037259946,79,10,0.6459420897840148,0.9715776905090312
CHEMBL219_Ki,docfx_0.2,1,GBM,0.1362481261012019,0.31810109252462726,0.4824697422410013,79,10,0.6459420897840148,0.9715776905090312
CHEMBL219_Ki,docfx_0.2,1,KNN,0.15650721269393603,0.3260630160001367,0.4262476967431125,79,10,0.6459420897840148,0.9715776905090312
CHEMBL219_Ki,docfx_0.2,2,RF,0.11612322085479304,0.3708098936877776,0.4684841538819032,81,12,0.7047653567094696,0.8840910304826749
CHEMBL219_Ki,docfx_0.2,2,SVR,0.07597218208715256,0.32832269947398185,0.4895545527450013,81,12,0.7047653567094696,0.8840910304826749
CHEMBL219_Ki,docfx_0.2,2,GBM,0.0932779078080378,0.2660826387514938,0.4697735489291974,81,12,0.7047653567094696,0.8840910304826749
CHEMBL219_Ki,docfx_0.2,2,KNN,0.14070031601485594,0.3900502548304776,0.4074750435474765,81,12,0.7047653567094696,0.8840910304826749
CHEMBL219_Ki,docfx_0.2,3,RF,0.11304929107179379,0.2590409416179046,0.4891347711639609,78,9,0.7114926296369167,0.9231369855477404
CHEMBL219_Ki,docfx_0.2,3,SVR,0.1726588732486971,0.43171022343089305,0.4963962774386539,78,9,0.7114926296369167,0.9231369855477404
CHEMBL219_Ki,docfx_0.2,3,GBM,0.11575019608841713,0.17731122478713912,0.47928571258939473,78,9,0.7114926296369167,0.9231369855477404
CHEMBL219_Ki,docfx_0.2,3,KNN,0.09580515458959188,0.045849150226317636,0.4489916237366946,78,9,0.7114926296369167,0.9231369855477404
CHEMBL219_Ki,docfx_0.2,4,RF,0.11843354514967397,0.12814992193649327,0.46591844802851523,77,13,0.6961684730127373,0.9449658661278976
CHEMBL219_Ki,docfx_0.2,4,SVR,0.14723024802476437,0.1610280311322998,0.5042388700752041,77,13,0.6961684730127373,0.9449658661278976
CHEMBL219_Ki,docfx_0.2,4,GBM,0.11394586191398498,0.04789288568045669,0.4712505855045576,77,13,0.6961684730127373,0.9449658661278976
CHEMBL219_Ki,docfx_0.2,4,KNN,0.18335302206417342,0.12707057847227887,0.4144340597622483,77,13,0.6961684730127373,0.9449658661278976
CHEMBL219_Ki,docfx_0.3,0,RF,0.1986379034825827,0.35703478383877785,0.47937858457807037,112,12,0.7750473572268303,0.9713424942840854
CHEMBL219_Ki,docfx_0.3,0,SVR,0.16994461301454078,0.3207537064411138,0.50111005331822,112,12,0.7750473572268303,0.9713424942840854
CHEMBL219_Ki,docfx_0.3,0,GBM,0.18618289578722502,0.2911321501077002,0.49154439919481285,112,12,0.7750473572268303,0.9713424942840854
CHEMBL219_Ki,docfx_0.3,0,KNN,0.22327539038469035,0.2824050361754732,0.4142822538017441,112,12,0.7750473572268303,0.9713424942840854
CHEMBL219_Ki,docfx_0.3,1,RF,0.21575504022891878,0.15709186736569858,0.48363444267623945,103,7,0.7062999660792825,0.9770717502008032
CHEMBL219_Ki,docfx_0.3,1,SVR,0.1829026670185243,0.2567339215634469,0.5032294273665393,103,7,0.7062999660792825,0.9770717502008032
CHEMBL219_Ki,docfx_0.3,1,GBM,0.20633341491431856,0.08124650288267665,0.4780710695823981,103,7,0.7062999660792825,0.9770717502008032
CHEMBL219_Ki,docfx_0.3,1,KNN,0.18823708087190355,0.20720991821681256,0.45276585409030806,103,7,0.7062999660792825,0.9770717502008032
CHEMBL219_Ki,docfx_0.3,2,RF,0.14777604891724772,0.3875024815847864,0.4973224315216329,102,12,0.7452781037601953,0.8969917982801637
CHEMBL219_Ki,docfx_0.3,2,SVR,0.12288696956666956,0.29917013660167646,0.5118190117041659,102,12,0.7452781037601953,0.8969917982801637
CHEMBL219_Ki,docfx_0.3,2,GBM,0.10309155917036672,0.2967727867583331,0.5006344835577642,102,12,0.7452781037601953,0.8969917982801637
CHEMBL219_Ki,docfx_0.3,2,KNN,0.14230073824133688,0.2695840120676386,0.44818923363013713,102,12,0.7452781037601953,0.8969917982801637
CHEMBL219_Ki,docfx_0.3,3,RF,0.14657600632992018,0.2177154854555926,0.5133234597612685,96,10,0.7606242141283531,0.9291864317432665
CHEMBL219_Ki,docfx_0.3,3,SVR,0.17634303445862864,0.40530661113523303,0.5280998968227696,96,10,0.7606242141283531,0.9291864317432665
CHEMBL219_Ki,docfx_0.3,3,GBM,0.14213450079701906,0.16972710004331415,0.5016294592892544,96,10,0.7606242141283531,0.9291864317432665
CHEMBL219_Ki,docfx_0.3,3,KNN,0.12479485175328281,0.045616149722897736,0.4747500930809611,96,10,0.7606242141283531,0.9291864317432665
CHEMBL219_Ki,docfx_0.3,4,RF,0.15517976133063643,0.22368444123024267,0.49617381992959914,104,8,0.7419077643819519,0.9510683648750804
CHEMBL219_Ki,docfx_0.3,4,SVR,0.17770147344523235,0.2154692585378032,0.5309149256195674,104,8,0.7419077643819519,0.9510683648750804
CHEMBL219_Ki,docfx_0.3,4,GBM,0.16120045667340288,0.10190533715749761,0.5018174643706923,104,8,0.7419077643819519,0.9510683648750804
CHEMBL219_Ki,docfx_0.3,4,KNN,0.20448527693720653,0.1650985420452642,0.44979600236998396,104,8,0.7419077643819519,0.9510683648750804
CHEMBL228_Ki,normal,0,RF,0.17020574377033215,0.3989006323166654,0.5849148639257296,145,7,0.8424547702800501,1.0775760671351569
CHEMBL228_Ki,normal,0,SVR,0.18046590951108876,0.5292116092455176,0.5399483133537437,145,7,0.8424547702800501,1.0775760671351569
CHEMBL228_Ki,normal,0,GBM,0.1626757716597269,0.5102705515981129,0.5620243055075616,145,7,0.8424547702800501,1.0775760671351569
CHEMBL228_Ki,normal,0,KNN,0.19974448395735322,0.48079478871102466,0.5304460340857098,145,7,0.8424547702800501,1.0775760671351569
CHEMBL228_Ki,normal,1,RF,0.1491538679243667,-0.030380330006416822,0.606446040718862,140,5,0.8195622664311117,1.067093530889863
CHEMBL228_Ki,normal,1,SVR,0.18364553141555806,-0.03188329863124262,0.5439685569052994,140,5,0.8195622664311117,1.067093530889863
CHEMBL228_Ki,normal,1,GBM,0.19256264889683727,-0.14260246111176478,0.5520746103480476,140,5,0.8195622664311117,1.067093530889863
CHEMBL228_Ki,normal,1,KNN,0.16241043265297994,-0.19333454371158315,0.5361100415704462,140,5,0.8195622664311117,1.067093530889863
CHEMBL228_Ki,normal,2,RF,0.11312914545664987,0.009650908965754268,0.6086125167137615,134,13,0.8365984289684554,1.080845034039651
CHEMBL228_Ki,normal,2,SVR,0.1462504028206696,-0.023018258268232672,0.5633156803928911,134,13,0.8365984289684554,1.080845034039651
CHEMBL228_Ki,normal,2,GBM,0.1494222310340796,-0.009066215824505619,0.5804251764875614,134,13,0.8365984289684554,1.080845034039651
CHEMBL228_Ki,normal,2,KNN,0.19653866113138319,0.038610326839263465,0.5456261186173774,134,13,0.8365984289684554,1.080845034039651
CHEMBL228_Ki,normal,3,RF,0.20691479753423192,0.2300767372282253,0.5444496600733871,147,13,0.8619687824612817,1.0845533999918378
CHEMBL228_Ki,normal,3,SVR,0.19007837184485554,0.19303253084177208,0.5310986000455327,147,13,0.8619687824612817,1.0845533999918378
CHEMBL228_Ki,normal,3,GBM,0.17545385820030013,0.1842586190642207,0.5595058054670853,147,13,0.8619687824612817,1.0845533999918378
CHEMBL228_Ki,normal,3,KNN,0.18748068611894309,0.2898781949336725,0.5212660796589567,147,13,0.8619687824612817,1.0845533999918378
CHEMBL228_Ki,normal,4,RF,0.17065865833548088,0.346202389086118,0.6203780021583437,140,12,0.8647070474537735,1.094400002928502
CHEMBL228_Ki,normal,4,SVR,0.16033274523603802,0.3771305481748398,0.589371903261411,140,12,0.8647070474537735,1.094400002928502
CHEMBL228_Ki,normal,4,GBM,0.15239403680773278,0.22555055730884654,0.6017013109020937,140,12,0.8647070474537735,1.094400002928502
CHEMBL228_Ki,normal,4,KNN,0.2029991834800663,0.2689957957005631,0.5439671632705652,140,12,0.8647070474537735,1.094400002928502
CHEMBL228_Ki,t,0,RF,0.20640372098629656,0.49517828162852073,0.738760841864182,178,37,1.11184682546555,1.1854529494868702
CHEMBL228_Ki,t,0,SVR,0.2278768024038531,0.5361991582953531,0.667698066629545,178,37,1.11184682546555,1.1854529494868702
CHEMBL228_Ki,t,0,GBM,0.2002366587807063,0.5118606162303879,0.7308950988088738,178,37,1.11184682546555,1.1854529494868702
CHEMBL228_Ki,t,0,KNN,0.250217778872844,0.5473845403012383,0.6412152158175879,178,37,1.11184682546555,1.1854529494868702
CHEMBL228_Ki,t,1,RF,0.2688745109506665,0.6759050830334529,0.7485343675513654,179,44,1.1148545663483074,1.2245515118930028
CHEMBL228_Ki,t,1,SVR,0.26862900117803623,0.7099064122587563,0.7063156698243819,179,44,1.1148545663483074,1.2245515118930028
CHEMBL228_Ki,t,1,GBM,0.27556429749075784,0.688898896465425,0.7313239380242763,179,44,1.1148545663483074,1.2245515118930028
CHEMBL228_Ki,t,1,KNN,0.23760924357699165,0.6000950033108109,0.717266082656823,179,44,1.1148545663483074,1.2245515118930028
CHEMBL228_Ki,t,2,RF,0.2978905891500696,0.8517534495971439,0.6701642751639072,179,31,1.0484519936534564,1.2087105560444116
CHEMBL228_Ki,t,2,SVR,0.22572287545126046,0.7775394009734192,0.7013033794366513,179,31,1.0484519936534564,1.2087105560444116
CHEMBL228_Ki,t,2,GBM,0.25320108702911814,0.8674107908651989,0.7096390909863876,179,31,1.0484519936534564,1.2087105560444116
CHEMBL228_Ki,t,2,KNN,0.2638129769544315,0.7264823293853404,0.6449705872510654,179,31,1.0484519936534564,1.2087105560444116
CHEMBL228_Ki,t,3,RF,0.3030404704229842,0.603346817971316,0.6867232675356032,178,41,1.1131982224433896,1.2236062761945647
CHEMBL228_Ki,t,3,SVR,0.34972331209220286,0.6577885774005056,0.6264265644528914,178,41,1.1131982224433896,1.2236062761945647
CHEMBL228_Ki,t,3,GBM,0.3253434658000329,0.7444991755508611,0.6611207116538953,178,41,1.1131982224433896,1.2236062761945647
CHEMBL228_Ki,t,3,KNN,0.28466386593423576,0.6324044921943718,0.6516351526519985,178,41,1.1131982224433896,1.2236062761945647
CHEMBL228_Ki,t,4,RF,0.21790140142873538,0.90179445468308,0.7783024296110712,172,36,1.0651214183074436,1.1915069553118989
CHEMBL228_Ki,t,4,SVR,0.21272103635178574,0.7624390119282264,0.7410348162813096,172,36,1.0651214183074436,1.1915069553118989
CHEMBL228_Ki,t,4,GBM,0.16709033170983856,0.7996113151894739,0.8049155073972332,172,36,1.0651214183074436,1.1915069553118989
CHEMBL228_Ki,t,4,KNN,0.19413960822286935,0.8411824455595371,0.7829750996477515,172,36,1.0651214183074436,1.1915069553118989
CHEMBL228_Ki,docfx_0.2,0,RF,0.15087019634379412,0.31326620751899703,0.4849450954482086,53,11,0.6102778432730906,1.0579936201662399
CHEMBL228_Ki,docfx_0.2,0,SVR,0.17158253633795423,0.4187413853983089,0.432797761604032,53,11,0.6102778432730906,1.0579936201662399
CHEMBL228_Ki,docfx_0.2,0,GBM,0.16201119007324505,0.3710263009595351,0.47688342136893425,53,11,0.6102778432730906,1.0579936201662399
CHEMBL228_Ki,docfx_0.2,0,KNN,0.1445759451660487,0.1587147936770661,0.38775355506686476,53,11,0.6102778432730906,1.0579936201662399
CHEMBL228_Ki,docfx_0.2,1,RF,0.014563870104557952,0.009438821172720213,0.5077871489524787,57,6,0.6218219470244817,1.1177770438280539
CHEMBL228_Ki,docfx_0.2,1,SVR,0.08706944407067935,0.07445729911091392,0.46823338030999934,57,6,0.6218219470244817,1.1177770438280539
CHEMBL228_Ki,docfx_0.2,1,GBM,0.02773950003150205,-0.06690853895348198,0.4999515279110506,57,6,0.6218219470244817,1.1177770438280539
CHEMBL228_Ki,docfx_0.2,1,KNN,0.11441876393744888,0.05652454822526676,0.39410882809519543,57,6,0.6218219470244817,1.1177770438280539
CHEMBL228_Ki,docfx_0.2,2,RF,0.13192153066470746,-0.1137360541941082,0.4591831584860505,58,9,0.6180932009354274,1.0603693420408682
CHEMBL228_Ki,docfx_0.2,2,SVR,0.20254718320971338,0.3142588451755208,0.3916936258051587,58,9,0.6180932009354274,1.0603693420408682
CHEMBL228_Ki,docfx_0.2,2,GBM,0.13883602541511247,0.01615893091465842,0.4244022096209357,58,9,0.6180932009354274,1.0603693420408682
CHEMBL228_Ki,docfx_0.2,2,KNN,0.13888310962444494,-0.048224911966777195,0.3560069320015672,58,9,0.6180932009354274,1.0603693420408682
CHEMBL228_Ki,docfx_0.2,3,RF,0.09276450525574576,0.5105713376109693,0.48771950502659156,56,5,0.6320996476713936,1.0752816864714783
CHEMBL228_Ki,docfx_0.2,3,SVR,0.14340360033477184,0.6880399845513152,0.47776182025403413,56,5,0.6320996476713936,1.0752816864714783
CHEMBL228_Ki,docfx_0.2,3,GBM,0.024475129163509857,0.43937096803550485,0.496650196875642,56,5,0.6320996476713936,1.0752816864714783
CHEMBL228_Ki,docfx_0.2,3,KNN,0.19514765702211623,0.6727342844888297,0.40885637618039106,56,5,0.6320996476713936,1.0752816864714783
CHEMBL228_Ki,docfx_0.2,4,RF,0.21992089172117157,0.413640596100065,0.5039588473456548,51,17,0.6628942426333955,1.0849913815851422
CHEMBL228_Ki,docfx_0.2,4,SVR,0.2694461986290677,0.44015105118024267,0.4485781032738293,51,17,0.6628942426333955,1.0849913815851422
CHEMBL228_Ki,docfx_0.2,4,GBM,0.20544476645168075,0.32633969216015457,0.4811003317213546,51,17,0.6628942426333955,1.0849913815851422
CHEMBL228_Ki,docfx_0.2,4,KNN,0.24154643317246277,0.2534837957971007,0.3911830370397679,51,17,0.6628942426333955,1.0849913815851422
CHEMBL228_Ki,docfx_0.3,0,RF,0.16798114475650083,0.44600696762257264,0.5213019165795926,72,9,0.6804361261776056,1.062290364412999
CHEMBL228_Ki,docfx_0.3,0,SVR,0.18170396323013105,0.4991336244481213,0.4667546419060076,72,9,0.6804361261776056,1.062290364412999
CHEMBL228_Ki,docfx_0.3,0,GBM,0.1387664695056594,0.427099961436632,0.5169861999344211,72,9,0.6804361261776056,1.062290364412999
CHEMBL228_Ki,docfx_0.3,0,KNN,0.18576323461817512,0.21145813975180094,0.42673154956493875,72,9,0.6804361261776056,1.062290364412999
CHEMBL228_Ki,docfx_0.3,1,RF,0.015993084515082745,-0.008937590950918062,0.5466981100211055,75,6,0.6920834024862432,1.1133773538208036
CHEMBL228_Ki,docfx_0.3,1,SVR,0.06759333809963941,0.0682623499885412,0.5095282163764809,75,6,0.6920834024862432,1.1133773538208036
CHEMBL228_Ki,docfx_0.3,1,GBM,0.026548783689921418,-0.16175653360405712,0.523268667449005,75,6,0.6920834024862432,1.1133773538208036
CHEMBL228_Ki,docfx_0.3,1,KNN,0.11074844315560345,0.003506796671382595,0.4380602859624479,75,6,0.6920834024862432,1.1133773538208036
CHEMBL228_Ki,docfx_0.3,2,RF,0.13812059104871793,0.07728568262099156,0.48398021826693477,84,11,0.6838616790550133,1.060176302950864
CHEMBL228_Ki,docfx_0.3,2,SVR,0.20907723625829855,0.2457034587194617,0.4159597977406254,84,11,0.6838616790550133,1.060176302950864
CHEMBL228_Ki,docfx_0.3,2,GBM,0.1643170864647337,0.15232209269512365,0.45678609302061907,84,11,0.6838616790550133,1.060176302950864
CHEMBL228_Ki,docfx_0.3,2,KNN,0.1521353445410918,0.1970695184841661,0.3962450623826491,84,11,0.6838616790550133,1.060176302950864
CHEMBL228_Ki,docfx_0.3,3,RF,0.0915280293151216,0.5598042217073907,0.539651326111157,76,6,0.6916057812889026,1.078841730746191
CHEMBL228_Ki,docfx_0.3,3,SVR,0.130160472950563,0.6998016037985652,0.5276367258504397,76,6,0.6916057812889026,1.078841730746191
CHEMBL228_Ki,docfx_0.3,3,GBM,0.06334378576705502,0.5217711819727012,0.5353077362798878,76,6,0.6916057812889026,1.078841730746191
CHEMBL228_Ki,docfx_0.3,3,KNN,0.1725341850511366,0.6473655581961308,0.4581834812679493,76,6,0.6916057812889026,1.078841730746191
CHEMBL228_Ki,docfx_0.3,4,RF,0.2292266302253394,0.48790562671420923,0.5251483388761344,75,16,0.7329715820476128,1.0847432956818635
CHEMBL228_Ki,docfx_0.3,4,SVR,0.2608257615141725,0.5266569575049581,0.474594058277139,75,16,0.7329715820476128,1.0847432956818635
CHEMBL228_Ki,docfx_0.3,4,GBM,0.22295689776846672,0.37067586649993445,0.4999155027604183,75,16,0.7329715820476128,1.0847432956818635
CHEMBL228_Ki,docfx_0.3,4,KNN,0.26654551446234065,0.27169877088199,0.41360329723896727,75,16,0.7329715820476128,1.0847432956818635
CHEMBL231_Ki,normal,0,RF,0.11828675959310564,,0.6485106153883144,58,0,0.7275614770290683,1.1788476099840866
CHEMBL231_Ki,normal,0,SVR,0.10377192559495796,,0.6181624101587639,58,0,0.7275614770290683,1.1788476099840866
CHEMBL231_Ki,normal,0,GBM,0.07853216267923602,,0.6845021109536901,58,0,0.7275614770290683,1.1788476099840866
CHEMBL231_Ki,normal,0,KNN,0.1780387007299673,,0.5697687343087898,58,0,0.7275614770290683,1.1788476099840866
CHEMBL231_Ki,normal,1,RF,0.02467923496117741,,0.6760793711851869,62,0,0.7472897200309427,1.163452079703692
CHEMBL231_Ki,normal,1,SVR,0.07710623808983408,,0.6335594447415188,62,0,0.7472897200309427,1.163452079703692
CHEMBL231_Ki,normal,1,GBM,0.03016311571464736,,0.6954778870121466,62,0,0.7472897200309427,1.163452079703692
CHEMBL231_Ki,normal,1,KNN,0.136951623286371,,0.5910218936614731,62,0,0.7472897200309427,1.163452079703692
CHEMBL231_Ki,normal,2,RF,0.15344958957029486,0.35521466351515973,0.624702466001082,79,2,0.792539503612864,1.185800862264786
CHEMBL231_Ki,normal,2,SVR,0.1383346216052581,0.4593231075444161,0.6174231557486015,79,2,0.792539503612864,1.185800862264786
CHEMBL231_Ki,normal,2,GBM,0.14936533731071822,0.30618252544024016,0.6295533840790191,79,2,0.792539503612864,1.185800862264786
CHEMBL231_Ki,normal,2,KNN,0.16915552307983328,0.752812512461903,0.5887186920314975,79,2,0.792539503612864,1.185800862264786
CHEMBL231_Ki,normal,3,RF,0.20304158691424756,1.1829563665875868,0.5905427015106279,64,2,0.7655557313609487,1.1826932375715968
CHEMBL231_Ki,normal,3,SVR,0.21875266419234085,1.0183224310783907,0.5722609660736983,64,2,0.7655557313609487,1.1826932375715968
CHEMBL231_Ki,normal,3,GBM,0.21637680179762842,1.0166122783434153,0.6185818509158704,64,2,0.7655557313609487,1.1826932375715968
CHEMBL231_Ki,normal,3,KNN,0.20872111641328595,1.0106417438612465,0.5510573024907188,64,2,0.7655557313609487,1.1826932375715968
CHEMBL231_Ki,normal,4,RF,0.14218649592705046,0.532975726941573,0.6605632012025303,68,4,0.809963524662118,1.1946587975608134
CHEMBL231_Ki,normal,4,SVR,0.1698416443761962,0.5353807708915382,0.6305984938176467,68,4,0.809963524662118,1.1946587975608134
CHEMBL231_Ki,normal,4,GBM,0.14625285013213252,0.4253737223235611,0.6734860804954852,68,4,0.809963524662118,1.1946587975608134
CHEMBL231_Ki,normal,4,KNN,0.22613960568417968,0.459150892112248,0.5964859756013728,68,4,0.809963524662118,1.1946587975608134
CHEMBL231_Ki,t,0,RF,0.19003595646013982,0.7200639115631706,0.8523374970164451,96,19,1.1316087613289354,1.3060086523991754
CHEMBL231_Ki,t,0,SVR,0.19996940510686778,0.6227937932238579,0.7947207812099955,96,19,1.1316087613289354,1.3060086523991754
CHEMBL231_Ki,t,0,GBM,0.19561403498480712,0.7274968975936051,0.8417588707330882,96,19,1.1316087613289354,1.3060086523991754
CHEMBL231_Ki,t,0,KNN,0.21696649299597726,0.7266322781699753,0.7507287499140806,96,19,1.1316087613289354,1.3060086523991754
CHEMBL231_Ki,t,1,RF,0.2430752644966787,0.9808109803226004,0.7221312486076796,80,10,0.9897379904469921,1.2891607123495652
CHEMBL231_Ki,t,1,SVR,0.2513421261617309,0.8778117674453526,0.7499323499172644,80,10,0.9897379904469921,1.2891607123495652
CHEMBL231_Ki,t,1,GBM,0.20126209062678313,0.9265717401205448,0.7570129809536049,80,10,0.9897379904469921,1.2891607123495652
CHEMBL231_Ki,t,1,KNN,0.3484434112850111,1.104024911692269,0.6185026775963636,80,10,0.9897379904469921,1.2891607123495652
CHEMBL231_Ki,t,2,RF,0.18612043793568722,0.28015040755556386,0.791135299127667,83,8,0.9382137789984744,1.2687581727380322
CHEMBL231_Ki,t,2,SVR,0.18595232069896372,0.35666054533753966,0.729117840839031,83,8,0.9382137789984744,1.2687581727380322
CHEMBL231_Ki,t,2,GBM,0.1880436478744033,0.4312284735207993,0.7700800694380192,83,8,0.9382137789984744,1.2687581727380322
CHEMBL231_Ki,t,2,KNN,0.2358461769875776,0.5372186530335344,0.748059587462875,83,8,0.9382137789984744,1.2687581727380322
CHEMBL231_Ki,t,3,RF,-0.013307954130715838,0.5068330986278174,0.8454983697958203,77,13,0.9565303805149159,1.295959749968087
CHEMBL231_Ki,t,3,SVR,0.03578902888173641,0.546132506850915,0.8210306184777826,77,13,0.9565303805149159,1.295959749968087
CHEMBL231_Ki,t,3,GBM,-0.006588082748236079,0.43350084304021175,0.870668635399118,77,13,0.9565303805149159,1.295959749968087
CHEMBL231_Ki,t,3,KNN,0.11675772314695865,0.6692978903564549,0.7527806407823956,77,13,0.9565303805149159,1.295959749968087
CHEMBL231_Ki,t,4,RF,0.2225020802264469,1.0613182767542764,0.7535787409470391,90,9,1.0414724699948974,1.280273377915586
CHEMBL231_Ki,t,4,SVR,0.25747271211561373,1.0511135052499005,0.7224025044608747,90,9,1.0414724699948974,1.280273377915586
CHEMBL231_Ki,t,4,GBM,0.19769749792551083,1.0347793120123367,0.7796360924131136,90,9,1.0414724699948974,1.280273377915586
CHEMBL231_Ki,t,4,KNN,0.197538361466993,1.0592440056752408,0.7123228955599394,90,9,1.0414724699948974,1.280273377915586
CHEMBL231_Ki,docfx_0.2,0,RF,0.1621061201673969,1.1519649757198294,0.5949577381792617,23,1,0.5082152169472377,1.2720141872828463
CHEMBL231_Ki,docfx_0.2,0,SVR,0.23693886498263206,1.7304811439242687,0.5226463614498308,23,1,0.5082152169472377,1.2720141872828463
CHEMBL231_Ki,docfx_0.2,0,GBM,0.19765664414165918,1.4685358080669078,0.5546179033431251,23,1,0.5082152169472377,1.2720141872828463
CHEMBL231_Ki,docfx_0.2,0,KNN,0.29097670665068437,1.8993084674952727,0.4530056310577815,23,1,0.5082152169472377,1.2720141872828463
CHEMBL231_Ki,docfx_0.2,1,RF,0.2215583683877964,0.9509511367103785,0.5224056463637088,23,4,0.5388046814765776,1.2302494137014637
CHEMBL231_Ki,docfx_0.2,1,SVR,0.320152866470244,1.1327184024341528,0.5038786590136258,23,4,0.5388046814765776,1.2302494137014637
CHEMBL231_Ki,docfx_0.2,1,GBM,0.2604647610587921,1.0843328860806707,0.5697121946743874,23,4,0.5388046814765776,1.2302494137014637
CHEMBL231_Ki,docfx_0.2,1,KNN,0.1104819746655138,0.6824917078093602,0.4600600712234638,23,4,0.5388046814765776,1.2302494137014637
CHEMBL231_Ki,docfx_0.2,2,RF,-0.03746400477766332,,0.4997790358448962,13,0,0.4507384451636049,1.1088930352723083
CHEMBL231_Ki,docfx_0.2,2,SVR,0.12102377037778228,,0.4313324704244536,13,0,0.4507384451636049,1.1088930352723083
CHEMBL231_Ki,docfx_0.2,2,GBM,0.030535216439871338,,0.44851778282040855,13,0,0.4507384451636049,1.1088930352723083
CHEMBL231_Ki,docfx_0.2,2,KNN,0.00571683466503381,,0.41104707722014056,13,0,0.4507384451636049,1.1088930352723083
CHEMBL231_Ki,docfx_0.2,3,RF,0.09388255532390133,,0.5082137587765289,23,0,0.5175485996304129,1.1144147501308426
CHEMBL231_Ki,docfx_0.2,3,SVR,0.07108733073636397,,0.49498176925633397,23,0,0.5175485996304129,1.1144147501308426
CHEMBL231_Ki,docfx_0.2,3,GBM,0.07510830720369865,,0.5048824005730312,23,0,0.5175485996304129,1.1144147501308426
CHEMBL231_Ki,docfx_0.2,3,KNN,0.04513434687103929,,0.44105263845390735,23,0,0.5175485996304129,1.1144147501308426
CHEMBL231_Ki,docfx_0.2,4,RF,0.07770561617508742,,0.5110709798085892,20,0,0.47880699958969475,1.134397805778826
CHEMBL231_Ki,docfx_0.2,4,SVR,0.07934661611603722,,0.4964290206836556,20,0,0.47880699958969475,1.134397805778826
CHEMBL231_Ki,docfx_0.2,4,GBM,0.17545353438842215,,0.5050185055301507,20,0,0.47880699958969475,1.134397805778826
CHEMBL231_Ki,docfx_0.2,4,KNN,-0.015625744756075477,,0.4413909796302196,20,0,0.47880699958969475,1.134397805778826
CHEMBL231_Ki,docfx_0.3,0,RF,0.17924351206428857,1.3808264721199053,0.5997505754106954,28,1,0.5828644312815019,1.261891705045412
CHEMBL231_Ki,docfx_0.3,0,SVR,0.13107230855005902,1.770872597444325,0.556586371155156,28,1,0.5828644312815019,1.261891705045412
CHEMBL231_Ki,docfx_0.3,0,GBM,0.10252336730688594,1.319686914830772,0.5984423180946302,28,1,0.5828644312815019,1.261891705045412
CHEMBL231_Ki,docfx_0.3,0,KNN,0.24784957388623624,1.9757662510538714,0.48220007313975416,28,1,0.5828644312815019,1.261891705045412
CHEMBL231_Ki,docfx_0.3,1,RF,0.1268793826862058,0.7638023593667934,0.5429075824209114,36,2,0.601134516526556,1.2193873399089157
CHEMBL231_Ki,docfx_0.3,1,SVR,0.2290088227700614,0.9565993792372879,0.5174644641338859,36,2,0.601134516526556,1.2193873399089157
CHEMBL231_Ki,docfx_0.3,1,GBM,0.1583709845960698,0.9809676027921044,0.5704886990515875,36,2,0.601134516526556,1.2193873399089157
CHEMBL231_Ki,docfx_0.3,1,KNN,0.11884642414781449,0.4830485294921416,0.46859402133148104,36,2,0.601134516526556,1.2193873399089157
CHEMBL231_Ki,docfx_0.3,2,RF,0.00208176856604092,,0.5508100067714552,25,0,0.5457356486019432,1.113320033014441
CHEMBL231_Ki,docfx_0.3,2,SVR,0.1055082519708419,,0.49103359846008665,25,0,0.5457356486019432,1.113320033014441
CHEMBL231_Ki,docfx_0.3,2,GBM,0.06475591823667426,,0.5204618425204395,25,0,0.5457356486019432,1.113320033014441
CHEMBL231_Ki,docfx_0.3,2,KNN,0.06451028747160853,,0.4667384642940455,25,0,0.5457356486019432,1.113320033014441
CHEMBL231_Ki,docfx_0.3,3,RF,0.1044427651689831,,0.5459466126949806,47,0,0.6081338035794323,1.1266439836395625
CHEMBL231_Ki,docfx_0.3,3,SVR,0.10564726336553243,,0.5336097036800997,47,0,0.6081338035794323,1.1266439836395625
CHEMBL231_Ki,docfx_0.3,3,GBM,0.11288548275146115,,0.5417811067937973,47,0,0.6081338035794323,1.1266439836395625
CHEMBL231_Ki,docfx_0.3,3,KNN,0.1881590065166081,,0.46293340173328346,47,0,0.6081338035794323,1.1266439836395625
CHEMBL231_Ki,docfx_0.3,4,RF,0.12408329361105286,,0.5345797603168617,31,0,0.5796955922338896,1.143192852622228
CHEMBL231_Ki,docfx_0.3,4,SVR,0.07235000195658414,,0.5338282120771923,31,0,0.5796955922338896,1.143192852622228
CHEMBL231_Ki,docfx_0.3,4,GBM,0.1694008474985219,,0.5414668367547124,31,0,0.5796955922338896,1.143192852622228
CHEMBL231_Ki,docfx_0.3,4,KNN,0.0225251303145636,,0.48604633678491826,31,0,0.5796955922338896,1.143192852622228
CHEMBL233_Ki,normal,0,RF,0.11472265289984174,0.33036208902891784,0.5870966670484062,293,18,0.8370668903188525,1.1895523501031606
CHEMBL233_Ki,normal,0,SVR,0.1316300583383625,0.367099870860782,0.5880427488241684,293,18,0.8370668903188525,1.1895523501031606
CHEMBL233_Ki,normal,0,GBM,0.1079913578231303,0.364864155635668,0.5690745354498009,293,18,0.8370668903188525,1.1895523501031606
CHEMBL233_Ki,normal,0,KNN,0.12164993779582467,0.34863081051995537,0.5456987458159402,293,18,0.8370668903188525,1.1895523501031606
CHEMBL233_Ki,normal,1,RF,0.1631140395574755,0.31469421800490116,0.5837134837070163,292,22,0.827713056270346,1.1888720588663302
CHEMBL233_Ki,normal,1,SVR,0.13619544750077728,0.3106330976594376,0.6008241208550145,292,22,0.827713056270346,1.1888720588663302
CHEMBL233_Ki,normal,1,GBM,0.11957005560625666,0.31537954210373864,0.5903915274266857,292,22,0.827713056270346,1.1888720588663302
CHEMBL233_Ki,normal,1,KNN,0.13612611557608278,0.28900176413170164,0.5519221749255918,292,22,0.827713056270346,1.1888720588663302
CHEMBL233_Ki,normal,2,RF,0.14524055458611895,0.293367495473969,0.6052482640871153,295,29,0.8735359589681869,1.1879871818785168
CHEMBL233_Ki,normal,2,SVR,0.14635216080655555,0.3576908820584206,0.6210902469723323,295,29,0.8735359589681869,1.1879871818785168
CHEMBL233_Ki,normal,2,GBM,0.14724240073137773,0.3808939491093165,0.6084660793340988,295,29,0.8735359589681869,1.1879871818785168
CHEMBL233_Ki,normal,2,KNN,0.16730546068214625,0.3441836671572519,0.5306180009102341,295,29,0.8735359589681869,1.1879871818785168
CHEMBL233_Ki,normal,3,RF,0.21240244491524862,0.4570548361571559,0.527627694213638,291,30,0.847973878844486,1.1848992167926133
CHEMBL233_Ki,normal,3,SVR,0.1714310381098183,0.5270370362785625,0.5592552883605433,291,30,0.847973878844486,1.1848992167926133
CHEMBL233_Ki,normal,3,GBM,0.15046322371640364,0.4856123162257281,0.5702852708445915,291,30,0.847973878844486,1.1848992167926133
CHEMBL233_Ki,normal,3,KNN,0.1961100341891988,0.4168192811963166,0.5172318507564972,291,30,0.847973878844486,1.1848992167926133
CHEMBL233_Ki,normal,4,RF,0.12382638856099293,0.2899514985972702,0.6058466435606358,288,30,0.840908694645103,1.1979560207142934
CHEMBL233_Ki,normal,4,SVR,0.10503058740076321,0.37739464262284406,0.6447752755442219,288,30,0.840908694645103,1.1979560207142934
CHEMBL233_Ki,normal,4,GBM,0.14408140172077377,0.4008246707205627,0.58452794749076,288,30,0.840908694645103,1.1979560207142934
CHEMBL233_Ki,normal,4,KNN,0.14068989391725295,0.2547246935994003,0.571937202422442,288,30,0.840908694645103,1.1979560207142934
CHEMBL233_Ki,t,0,RF,0.23954251663376613,0.5334175051635015,0.6680699219420669,358,94,1.0807242833253392,1.304333146845315
CHEMBL233_Ki,t,0,SVR,0.21797960641968428,0.5021140202905638,0.6901805315611595,358,94,1.0807242833253392,1.304333146845315
CHEMBL233_Ki,t,0,GBM,0.20012947662804048,0.5184372475121427,0.6829843172629463,358,94,1.0807242833253392,1.304333146845315
CHEMBL233_Ki,t,0,KNN,0.13696108500739557,0.5157690104104752,0.7325900861717254,358,94,1.0807242833253392,1.304333146845315
CHEMBL233_Ki,t,1,RF,0.22683780863391112,0.6925591164839017,0.746329637116513,328,76,1.1214330411685454,1.2822171638917532
CHEMBL233_Ki,t,1,SVR,0.2041788709324428,0.7741868864782956,0.753366040229403,328,76,1.1214330411685454,1.2822171638917532
CHEMBL233_Ki,t,1,GBM,0.2006856142301945,0.7370490421157079,0.7450590717393124,328,76,1.1214330411685454,1.2822171638917532
CHEMBL233_Ki,t,1,KNN,0.2502749014278268,0.717412420716429,0.7232950731242035,328,76,1.1214330411685454,1.2822171638917532
CHEMBL233_Ki,t,2,RF,0.29083699446791333,0.6541363589375233,0.7012654467693616,340,98,1.1406638308596477,1.2897522002656399
CHEMBL233_Ki,t,2,SVR,0.25967395435917007,0.6365514013187561,0.7142485237033449,340,98,1.1406638308596477,1.2897522002656399
CHEMBL233_Ki,t,2,GBM,0.2317926860792474,0.6401076803828235,0.7220650178782955,340,98,1.1406638308596477,1.2897522002656399
CHEMBL233_Ki,t,2,KNN,0.275917955547468,0.7050076485441231,0.6656860087333822,340,98,1.1406638308596477,1.2897522002656399
CHEMBL233_Ki,t,3,RF,0.3576282465000744,0.8568326795015643,0.6785287367791222,338,85,1.0816354007925788,1.266153575851256
CHEMBL233_Ki,t,3,SVR,0.31988607368584476,0.7850917832336897,0.7060069531444729,338,85,1.0816354007925788,1.266153575851256
CHEMBL233_Ki,t,3,GBM,0.3739160240287347,0.8535362025734218,0.6813025127248282,338,85,1.0816354007925788,1.266153575851256
CHEMBL233_Ki,t,3,KNN,0.3514312782094605,0.8398323426802383,0.6487950593733732,338,85,1.0816354007925788,1.266153575851256
CHEMBL233_Ki,t,4,RF,0.28055091677280164,0.5837859961900851,0.6387456511944618,342,92,1.054098417198557,1.3046402833437434
CHEMBL233_Ki,t,4,SVR,0.24231271434317625,0.5652787260921358,0.6720116333129017,342,92,1.054098417198557,1.3046402833437434
CHEMBL233_Ki,t,4,GBM,0.21485761261083725,0.5691655498313337,0.6954927096772706,342,92,1.054098417198557,1.3046402833437434
CHEMBL233_Ki,t,4,KNN,0.24415692586452065,0.5447951891668396,0.634388535327278,342,92,1.054098417198557,1.3046402833437434
CHEMBL233_Ki,docfx_0.2,0,RF,0.0707822591424882,0.4021153137845627,0.47164219774380406,145,17,0.6328972586405998,1.2706263513462064
CHEMBL233_Ki,docfx_0.2,0,SVR,0.11455101251090916,0.4236861616876074,0.5145681809305365,145,17,0.6328972586405998,1.2706263513462064
CHEMBL233_Ki,docfx_0.2,0,GBM,0.09613580430430207,0.3950343763781407,0.4844379770757051,145,17,0.6328972586405998,1.2706263513462064
CHEMBL233_Ki,docfx_0.2,0,KNN,0.10171956492325596,0.15658724377034183,0.4120572576328575,145,17,0.6328972586405998,1.2706263513462064
CHEMBL233_Ki,docfx_0.2,1,RF,0.1182308937766603,0.14618726231063445,0.45841004114230766,140,19,0.5993910196299621,1.2065307325918264
CHEMBL233_Ki,docfx_0.2,1,SVR,0.14636362172443979,0.330768499684964,0.4747242003736783,140,19,0.5993910196299621,1.2065307325918264
CHEMBL233_Ki,docfx_0.2,1,GBM,0.14986840184959382,0.24302939930918982,0.470340843399624,140,19,0.5993910196299621,1.2065307325918264
CHEMBL233_Ki,docfx_0.2,1,KNN,0.12605300053826202,0.17464185275543903,0.41784410904978503,140,19,0.5993910196299621,1.2065307325918264
CHEMBL233_Ki,docfx_0.2,2,RF,0.11141904406676395,0.3309124852494093,0.4554939569071378,123,12,0.5995599948252601,1.197403112890541
CHEMBL233_Ki,docfx_0.2,2,SVR,0.13203747665032534,0.3240754376570133,0.49346907925714795,123,12,0.5995599948252601,1.197403112890541
CHEMBL233_Ki,docfx_0.2,2,GBM,0.0992252412003436,0.25825855142903065,0.48748899331249884,123,12,0.5995599948252601,1.197403112890541
CHEMBL233_Ki,docfx_0.2,2,KNN,0.0700831497490475,0.1839079477637635,0.4214973697711778,123,12,0.5995599948252601,1.197403112890541
CHEMBL233_Ki,docfx_0.2,3,RF,0.21241356641143322,0.5058983896091791,0.46081489851591356,142,18,0.629338209977871,1.1118570702945914
CHEMBL233_Ki,docfx_0.2,3,SVR,0.22130769266930783,0.5270525698934373,0.48144460736489003,142,18,0.629338209977871,1.1118570702945914
CHEMBL233_Ki,docfx_0.2,3,GBM,0.2065036573996648,0.4541704307167438,0.4730183357889759,142,18,0.629338209977871,1.1118570702945914
CHEMBL233_Ki,docfx_0.2,3,KNN,0.11642566471507743,0.14373455067099944,0.4205852969219249,142,18,0.629338209977871,1.1118570702945914
CHEMBL233_Ki,docfx_0.2,4,RF,0.10225532816016036,0.16159862033315336,0.460969176310577,163,35,0.7009124195304847,1.2061098648911726
CHEMBL233_Ki,docfx_0.2,4,SVR,0.13903241985298637,0.20826934169288192,0.4742804191719922,163,35,0.7009124195304847,1.2061098648911726
CHEMBL233_Ki,docfx_0.2,4,GBM,0.12258810881169396,0.19541512808495326,0.46256302942773225,163,35,0.7009124195304847,1.2061098648911726
CHEMBL233_Ki,docfx_0.2,4,KNN,0.11484826288453337,0.169089725192328,0.39057083178816726,163,35,0.7009124195304847,1.2061098648911726
CHEMBL233_Ki,docfx_0.3,0,RF,0.11264776723866321,0.5116702615124574,0.49362830459185203,186,14,0.6889193831565648,1.2586996605022238
CHEMBL233_Ki,docfx_0.3,0,SVR,0.13448955253487227,0.5219888903718317,0.5355840011353252,186,14,0.6889193831565648,1.2586996605022238
CHEMBL233_Ki,docfx_0.3,0,GBM,0.14408123024958686,0.5297019202140508,0.504830419485159,186,14,0.6889193831565648,1.2586996605022238
CHEMBL233_Ki,docfx_0.3,0,KNN,0.13325317314048507,0.23636012489680458,0.44091888911604443,186,14,0.6889193831565648,1.2586996605022238
CHEMBL233_Ki,docfx_0.3,1,RF,0.13224712569018932,0.22398838145041278,0.4974825451604112,173,19,0.6619193760384493,1.2062269328015418
CHEMBL233_Ki,docfx_0.3,1,SVR,0.1524189502035691,0.3678108168198735,0.5092279917147251,173,19,0.6619193760384493,1.2062269328015418
CHEMBL233_Ki,docfx_0.3,1,GBM,0.12895709411630174,0.30225285590304785,0.5159447097012995,173,19,0.6619193760384493,1.2062269328015418
CHEMBL233_Ki,docfx_0.3,1,KNN,0.15650438275594075,0.2686306454830484,0.4563891154159084,173,19,0.6619193760384493,1.2062269328015418
CHEMBL233_Ki,docfx_0.3,2,RF,0.1650358630323428,0.2842041186311808,0.48559090907176333,173,14,0.6641507669436103,1.1980223024082386
CHEMBL233_Ki,docfx_0.3,2,SVR,0.15152420766013874,0.25380429266102056,0.5211844060871903,173,14,0.6641507669436103,1.1980223024082386
CHEMBL233_Ki,docfx_0.3,2,GBM,0.1252945654998533,0.23290920947017113,0.5209144951629545,173,14,0.6641507669436103,1.1980223024082386
CHEMBL233_Ki,docfx_0.3,2,KNN,0.13700007163686123,0.17744691903320126,0.4502362211842257,173,14,0.6641507669436103,1.1980223024082386
CHEMBL233_Ki,docfx_0.3,3,RF,0.1737847682757997,0.479007822576645,0.5018048708061805,187,17,0.6852128878262179,1.1235150840968353
CHEMBL233_Ki,docfx_0.3,3,SVR,0.18283425304099654,0.5631137392445353,0.5193547852993424,187,17,0.6852128878262179,1.1235150840968353
CHEMBL233_Ki,docfx_0.3,3,GBM,0.1509137747813496,0.4221658037767041,0.5209876463345348,187,17,0.6852128878262179,1.1235150840968353
CHEMBL233_Ki,docfx_0.3,3,KNN,0.0888975949461488,0.12846865232511334,0.4674522872163056,187,17,0.6852128878262179,1.1235150840968353
CHEMBL233_Ki,docfx_0.3,4,RF,0.1395868599381947,0.16207448698458116,0.4860356151790676,203,31,0.744701203835395,1.2040100166981695
CHEMBL233_Ki,docfx_0.3,4,SVR,0.13949415156848233,0.26196983422741116,0.5040380061298636,203,31,0.744701203835395,1.2040100166981695
CHEMBL233_Ki,docfx_0.3,4,GBM,0.14333074856277833,0.17241195237998463,0.483422879315568,203,31,0.744701203835395,1.2040100166981695
CHEMBL233_Ki,docfx_0.3,4,KNN,0.1298285873555265,0.17481280431503904,0.4336601052651189,203,31,0.744701203835395,1.2040100166981695
CHEMBL234_Ki,normal,0,RF,0.14041707075376297,0.1556194022777534,0.5537823579061849,362,46,0.9068200218332991,1.0820296795853062
CHEMBL234_Ki,normal,0,SVR,0.1440144711972987,0.1887146895518932,0.5485601425679598,362,46,0.9068200218332991,1.0820296795853062
CHEMBL234_Ki,normal,0,GBM,0.14340688862528173,0.17065056480914653,0.5591926340784477,362,46,0.9068200218332991,1.0820296795853062
CHEMBL234_Ki,normal,0,KNN,0.13718945940856986,0.18948349019255362,0.5414584965794973,362,46,0.9068200218332991,1.0820296795853062
CHEMBL234_Ki,normal,1,RF,0.1351029004348181,0.327990767245704,0.5647432152122146,349,32,0.8945107872104967,1.073181175249466
CHEMBL234_Ki,normal,1,SVR,0.12466483707453624,0.31327582389112485,0.5522956185288764,349,32,0.8945107872104967,1.073181175249466
CHEMBL234_Ki,normal,1,GBM,0.11083142348025332,0.3105896335220988,0.5630984317522784,349,32,0.8945107872104967,1.073181175249466
CHEMBL234_Ki,normal,1,KNN,0.157169895404492,0.3606263357304319,0.5343890655000264,349,32,0.8945107872104967,1.073181175249466
CHEMBL234_Ki,normal,2,RF,0.10789825603258507,0.2551941653469145,0.5652502485981461,349,39,0.9020046096582658,1.0677048474367634
CHEMBL234_Ki,normal,2,SVR,0.11255869891897974,0.23439308826079164,0.5452789908296802,349,39,0.9020046096582658,1.0677048474367634
CHEMBL234_Ki,normal,2,GBM,0.10618210455501309,0.23897534954889044,0.5458448168097664,349,39,0.9020046096582658,1.0677048474367634
CHEMBL234_Ki,normal,2,KNN,0.15044014115277848,0.2946862038412663,0.5228889022901585,349,39,0.9020046096582658,1.0677048474367634
CHEMBL234_Ki,normal,3,RF,0.12653548096511602,0.19173517707609067,0.5687801028436889,357,48,0.9215255656416801,1.0773162989742004
CHEMBL234_Ki,normal,3,SVR,0.08994659329423038,0.21835495361674107,0.5936848770162189,357,48,0.9215255656416801,1.0773162989742004
CHEMBL234_Ki,normal,3,GBM,0.09050474630365735,0.21274029040635722,0.5837194903279733,357,48,0.9215255656416801,1.0773162989742004
CHEMBL234_Ki,normal,3,KNN,0.1395897904090192,0.1844788912449279,0.5404719360564005,357,48,0.9215255656416801,1.0773162989742004
CHEMBL234_Ki,normal,4,RF,0.14249617593039976,0.2998501564321089,0.5769918074957717,361,37,0.8985972055031698,1.081383862884078
CHEMBL234_Ki,normal,4,SVR,0.14063831821559336,0.2647071892576054,0.5712884564031395,361,37,0.8985972055031698,1.081383862884078
CHEMBL234_Ki,normal,4,GBM,0.12280307461948403,0.2518824802253329,0.5761650820837277,361,37,0.8985972055031698,1.081383862884078
CHEMBL234_Ki,normal,4,KNN,0.1512485406757671,0.3513199377965168,0.5397715978269824,361,37,0.8985972055031698,1.081383862884078
CHEMBL234_Ki,t,0,RF,0.1427526389774575,0.4785736953797377,0.746161810595033,417,113,1.1528109838687655,1.204249410253522
CHEMBL234_Ki,t,0,SVR,0.11936442083185439,0.48348063538480246,0.7341656744830682,417,113,1.1528109838687655,1.204249410253522
CHEMBL234_Ki,t,0,GBM,0.09771643137603714,0.47986383592837867,0.7782971912365665,417,113,1.1528109838687655,1.204249410253522
CHEMBL234_Ki,t,0,KNN,0.16301614072791148,0.5095036940560296,0.6910282575641091,417,113,1.1528109838687655,1.204249410253522
CHEMBL234_Ki,t,1,RF,0.3067722804321712,0.4866909589010793,0.6585387101735763,393,122,1.1492694226617608,1.1853590067424071
CHEMBL234_Ki,t,1,SVR,0.23854763259631462,0.476674178084351,0.6613262805890757,393,122,1.1492694226617608,1.1853590067424071
CHEMBL234_Ki,t,1,GBM,0.2585215287204662,0.48468289927170494,0.6563135821706347,393,122,1.1492694226617608,1.1853590067424071
CHEMBL234_Ki,t,1,KNN,0.28487341456981063,0.5387262560302265,0.631243826972995,393,122,1.1492694226617608,1.1853590067424071
CHEMBL234_Ki,t,2,RF,0.19746628349380246,0.5244533574616841,0.7388033457349372,420,125,1.184835230540207,1.1767826606800007
CHEMBL234_Ki,t,2,SVR,0.1901954290769694,0.48218577825381315,0.7151276924239496,420,125,1.184835230540207,1.1767826606800007
CHEMBL234_Ki,t,2,GBM,0.19815079174365868,0.5040249072117525,0.732281167814492,420,125,1.184835230540207,1.1767826606800007
CHEMBL234_Ki,t,2,KNN,0.20577831058546003,0.5545135567029296,0.7070206211045078,420,125,1.184835230540207,1.1767826606800007
CHEMBL234_Ki,t,3,RF,0.17114258256897064,0.349874540105091,0.6717396857159613,423,114,1.1078287054343718,1.1690479753567542
CHEMBL234_Ki,t,3,SVR,0.14670526095210457,0.3200741869058005,0.6793873319257051,423,114,1.1078287054343718,1.1690479753567542
CHEMBL234_Ki,t,3,GBM,0.15184325522530817,0.3537258399340052,0.6838839754789862,423,114,1.1078287054343718,1.1690479753567542
CHEMBL234_Ki,t,3,KNN,0.1946892488904316,0.35868419053155465,0.634982098912248,423,114,1.1078287054343718,1.1690479753567542
CHEMBL234_Ki,t,4,RF,0.20123380470398955,0.5646933031587923,0.7439454609612792,402,122,1.1942669585270445,1.2052876088648294
CHEMBL234_Ki,t,4,SVR,0.15524722441134475,0.5619802516083644,0.7639840741949115,402,122,1.1942669585270445,1.2052876088648294
CHEMBL234_Ki,t,4,GBM,0.15705337606420045,0.5625428449915495,0.7712878242238332,402,122,1.1942669585270445,1.2052876088648294
CHEMBL234_Ki,t,4,KNN,0.1613668683309445,0.5476377661872072,0.7806494094408476,402,122,1.1942669585270445,1.2052876088648294
CHEMBL234_Ki,docfx_0.2,0,RF,0.04643753830336372,-0.0009161259284102274,0.44458957299418833,239,59,0.9653247592708675,1.1246452325667524
CHEMBL234_Ki,docfx_0.2,0,SVR,0.03611994915161454,0.03883329452366141,0.4452287947499125,239,59,0.9653247592708675,1.1246452325667524
CHEMBL234_Ki,docfx_0.2,0,GBM,0.060876420473605086,0.0703879242972425,0.44567956765952743,239,59,0.9653247592708675,1.1246452325667524
CHEMBL234_Ki,docfx_0.2,0,KNN,0.06976597226306558,0.09285730980233525,0.4096363900318965,239,59,0.9653247592708675,1.1246452325667524
CHEMBL234_Ki,docfx_0.2,1,RF,0.057667965677055955,-0.09844013541615004,0.44826381052615666,217,35,0.8467255449037301,1.0751126016617543
CHEMBL234_Ki,docfx_0.2,1,SVR,0.021121805154997286,-0.0563642298736573,0.4646811146490518,217,35,0.8467255449037301,1.0751126016617543
CHEMBL234_Ki,docfx_0.2,1,GBM,0.028772140881403396,-0.0934146479247821,0.47599055411322905,217,35,0.8467255449037301,1.0751126016617543
CHEMBL234_Ki,docfx_0.2,1,KNN,0.03347730796462234,-0.09712607801139095,0.43814969122974917,217,35,0.8467255449037301,1.0751126016617543
CHEMBL234_Ki,docfx_0.2,2,RF,0.02132016902613182,0.2338555450513824,0.46904634585797494,219,15,0.6707258910426493,1.098048866918923
CHEMBL234_Ki,docfx_0.2,2,SVR,0.0064881436811896065,0.20460510184799585,0.48955634831594785,219,15,0.6707258910426493,1.098048866918923
CHEMBL234_Ki,docfx_0.2,2,GBM,0.024695394742132115,0.18021808880175455,0.49069211034085547,219,15,0.6707258910426493,1.098048866918923
CHEMBL234_Ki,docfx_0.2,2,KNN,0.03453882022736704,0.3488862021005429,0.4516646309825968,219,15,0.6707258910426493,1.098048866918923
CHEMBL234_Ki,docfx_0.2,3,RF,-0.03708588192048462,-0.14936126767510355,0.5053096263514716,193,14,0.6822395433865928,1.1287720030205306
CHEMBL234_Ki,docfx_0.2,3,SVR,-0.03982688939028817,-0.11245168989345983,0.5297330835872452,193,14,0.6822395433865928,1.1287720030205306
CHEMBL234_Ki,docfx_0.2,3,GBM,-0.04982617573374759,-0.12696062415090115,0.5352352176735466,193,14,0.6822395433865928,1.1287720030205306
CHEMBL234_Ki,docfx_0.2,3,KNN,-0.006452198492726324,0.013941993879124981,0.4808504914789323,193,14,0.6822395433865928,1.1287720030205306
CHEMBL234_Ki,docfx_0.2,4,RF,0.046881282393115786,0.014548040348535185,0.4543604499255908,223,34,0.8258739854570759,1.0889108820948756
CHEMBL234_Ki,docfx_0.2,4,SVR,0.02200828030644858,0.05305804950924553,0.4791707282003657,223,34,0.8258739854570759,1.0889108820948756
CHEMBL234_Ki,docfx_0.2,4,GBM,0.04243561429056547,0.0701570515086688,0.4648519588048297,223,34,0.8258739854570759,1.0889108820948756
CHEMBL234_Ki,docfx_0.2,4,KNN,0.04198007931821762,0.07759993064491333,0.42194338810828075,223,34,0.8258739854570759,1.0889108820948756
CHEMBL234_Ki,docfx_0.3,0,RF,0.06979973672883044,-0.03038203139788398,0.47641180333044886,276,62,0.9678409829868702,1.1195239859228618
CHEMBL234_Ki,docfx_0.3,0,SVR,0.04183771429946437,0.008207649557781527,0.4858157744592222,276,62,0.9678409829868702,1.1195239859228618
CHEMBL234_Ki,docfx_0.3,0,GBM,0.07063493099091461,0.025635110648366988,0.47613109679120696,276,62,0.9678409829868702,1.1195239859228618
CHEMBL234_Ki,docfx_0.3,0,KNN,0.07557348985507772,0.05777570684490585,0.44650669776855834,276,62,0.9678409829868702,1.1195239859228618
CHEMBL234_Ki,docfx_0.3,1,RF,0.07342562224719817,-0.013169103647300395,0.4847340312918288,273,40,0.8818143363116127,1.0775406048323277
CHEMBL234_Ki,docfx_0.3,1,SVR,0.043783285024388885,0.033496095907735945,0.5008741697361772,273,40,0.8818143363116127,1.0775406048323277
CHEMBL234_Ki,docfx_0.3,1,GBM,0.060154780028968124,0.014093238632311156,0.5004358341947694,273,40,0.8818143363116127,1.0775406048323277
CHEMBL234_Ki,docfx_0.3,1,KNN,0.07107375650351239,0.011981831016077082,0.46976747707411376,273,40,0.8818143363116127,1.0775406048323277
CHEMBL234_Ki,docfx_0.3,2,RF,0.06938650390496337,0.2242974184615505,0.5004551009021977,274,17,0.7272621034435952,1.0960027559419612
CHEMBL234_Ki,docfx_0.3,2,SVR,0.0573552665969258,0.3308324060018778,0.5213377056604553,274,17,0.7272621034435952,1.0960027559419612
CHEMBL234_Ki,docfx_0.3,2,GBM,0.07010001021862933,0.26191979146575306,0.5152444133235636,274,17,0.7272621034435952,1.0960027559419612
CHEMBL234_Ki,docfx_0.3,2,KNN,0.06392585138284496,0.28165855788260796,0.4883080098065297,274,17,0.7272621034435952,1.0960027559419612
CHEMBL234_Ki,docfx_0.3,3,RF,0.03649308152340225,0.1918732497261859,0.530984760504093,235,20,0.7359320820250344,1.123513321824583
CHEMBL234_Ki,docfx_0.3,3,SVR,0.022457836372782647,0.1609294475900357,0.5504477878675352,235,20,0.7359320820250344,1.123513321824583
CHEMBL234_Ki,docfx_0.3,3,GBM,0.03618629333458734,0.16489512047648047,0.5470427113033758,235,20,0.7359320820250344,1.123513321824583
CHEMBL234_Ki,docfx_0.3,3,KNN,0.060637502158532586,0.1724901085157553,0.5000272786235771,235,20,0.7359320820250344,1.123513321824583
CHEMBL234_Ki,docfx_0.3,4,RF,0.0835473918552182,0.12311901208925036,0.4851245662086835,253,33,0.8471146787651412,1.0881922182106447
CHEMBL234_Ki,docfx_0.3,4,SVR,0.05045322629580917,0.10469889936106336,0.5076136836924959,253,33,0.8471146787651412,1.0881922182106447
CHEMBL234_Ki,docfx_0.3,4,GBM,0.053310936499703865,0.07255387107310818,0.5054367023354875,253,33,0.8471146787651412,1.0881922182106447
CHEMBL234_Ki,docfx_0.3,4,KNN,0.08766336209462944,0.13516694585687022,0.45239571451069793,253,33,0.8471146787651412,1.0881922182106447
CHEMBL235_EC50,normal,0,RF,0.26035047248419463,0.4080970590848679,0.416161920277507,132,24,0.6851458971961751,0.9916351017085059
CHEMBL235_EC50,normal,0,SVR,0.23832695751876148,0.39731601444461456,0.43384231565541703,132,24,0.6851458971961751,0.9916351017085059
CHEMBL235_EC50,normal,0,GBM,0.24073080137362513,0.40976207489595323,0.43974586393660897,132,24,0.6851458971961751,0.9916351017085059
CHEMBL235_EC50,normal,0,KNN,0.2615635029855293,0.3893522782855645,0.39965169053459865,132,24,0.6851458971961751,0.9916351017085059
CHEMBL235_EC50,normal,1,RF,0.31375661930578214,0.6382702856959617,0.4116928601949672,139,28,0.6719798596706122,0.9919944592131461
CHEMBL235_EC50,normal,1,SVR,0.2954130044102669,0.5651792068205378,0.43420964817780167,139,28,0.6719798596706122,0.9919944592131461
CHEMBL235_EC50,normal,1,GBM,0.2863287763600288,0.5637011470609581,0.4388749013559717,139,28,0.6719798596706122,0.9919944592131461
CHEMBL235_EC50,normal,1,KNN,0.3302867756859362,0.5684418805272962,0.3801393256127649,139,28,0.6719798596706122,0.9919944592131461
CHEMBL235_EC50,normal,2,RF,0.2379707302248633,0.2517950656439547,0.4102582922649463,121,20,0.660508838339864,0.9840495842051689
CHEMBL235_EC50,normal,2,SVR,0.2160484306517893,0.18193013978577283,0.4303507049124808,121,20,0.660508838339864,0.9840495842051689
CHEMBL235_EC50,normal,2,GBM,0.2113027281920159,0.2243908676562794,0.41494925384424963,121,20,0.660508838339864,0.9840495842051689
CHEMBL235_EC50,normal,2,KNN,0.22262149602426673,0.21836278447486707,0.3981780120379569,121,20,0.660508838339864,0.9840495842051689
CHEMBL235_EC50,normal,3,RF,0.2649739082367212,0.3650893977011254,0.4056262309753811,127,26,0.6513902940222579,0.9828217785752118
CHEMBL235_EC50,normal,3,SVR,0.21483104848930612,0.3196028113146822,0.42701835360496354,127,26,0.6513902940222579,0.9828217785752118
CHEMBL235_EC50,normal,3,GBM,0.24236862059894998,0.3537491139748708,0.4203926437627476,127,26,0.6513902940222579,0.9828217785752118
CHEMBL235_EC50,normal,3,KNN,0.26823214350406555,0.4219309884256771,0.37012678184624836,127,26,0.6513902940222579,0.9828217785752118
CHEMBL235_EC50,normal,4,RF,0.2872430583632437,0.6507408490184734,0.4343052432977399,132,27,0.666568840588354,0.986301535271141
CHEMBL235_EC50,normal,4,SVR,0.2616553488892496,0.6580158699994763,0.46885643073584105,132,27,0.666568840588354,0.986301535271141
CHEMBL235_EC50,normal,4,GBM,0.2555370546130329,0.6323254161339171,0.4543361171516104,132,27,0.666568840588354,0.986301535271141
CHEMBL235_EC50,normal,4,KNN,0.23433801262119236,0.5002299925956648,0.41731118712194204,132,27,0.666568840588354,0.986301535271141
CHEMBL235_EC50,t,0,RF,0.3249191000650401,0.5123707580309292,0.5023223483332627,198,76,0.8388655861424703,1.0568120844996916
CHEMBL235_EC50,t,0,SVR,0.2808274248333802,0.44731135971370684,0.5194938420455119,198,76,0.8388655861424703,1.0568120844996916
CHEMBL235_EC50,t,0,GBM,0.2874817172159361,0.48434665833205004,0.5231904462121545,198,76,0.8388655861424703,1.0568120844996916
CHEMBL235_EC50,t,0,KNN,0.32737808237804483,0.5413835991813422,0.48170929248272937,198,76,0.8388655861424703,1.0568120844996916
CHEMBL235_EC50,t,1,RF,0.30072322897015924,0.44580139094918225,0.47766100062656713,186,67,0.8244667139947242,1.0572808744063347
CHEMBL235_EC50,t,1,SVR,0.29285132891801424,0.45736351420764065,0.5020889180615395,186,67,0.8244667139947242,1.0572808744063347
CHEMBL235_EC50,t,1,GBM,0.27957373022617915,0.4182775022363032,0.5012108351456394,186,67,0.8244667139947242,1.0572808744063347
CHEMBL235_EC50,t,1,KNN,0.30677460852706234,0.4969036562023088,0.46616960339965413,186,67,0.8244667139947242,1.0572808744063347
CHEMBL235_EC50,t,2,RF,0.2450546144816914,0.44559592163698614,0.5108300182114297,182,59,0.8195161624453092,1.0495743099278236
CHEMBL235_EC50,t,2,SVR,0.22805617601121797,0.4442147015531728,0.5276544819576892,182,59,0.8195161624453092,1.0495743099278236
CHEMBL235_EC50,t,2,GBM,0.22438164662719307,0.4394959094347901,0.5342809916940866,182,59,0.8195161624453092,1.0495743099278236
CHEMBL235_EC50,t,2,KNN,0.2522867724294392,0.4572561816693623,0.4956913887445993,182,59,0.8195161624453092,1.0495743099278236
CHEMBL235_EC50,t,3,RF,0.19070592622862392,0.3208352702145726,0.517830745005797,193,62,0.8195748636941523,1.0624041693282347
CHEMBL235_EC50,t,3,SVR,0.21591030748968798,0.39374515792625264,0.5124595228996944,193,62,0.8195748636941523,1.0624041693282347
CHEMBL235_EC50,t,3,GBM,0.21654287793238303,0.37895846487263685,0.5089892617797346,193,62,0.8195748636941523,1.0624041693282347
CHEMBL235_EC50,t,3,KNN,0.22839032206388,0.38650575511934804,0.469789645466932,193,62,0.8195748636941523,1.0624041693282347
CHEMBL235_EC50,t,4,RF,0.32564087844093653,0.4858655078182753,0.4677981396443062,193,76,0.8439430196679621,1.0391204057733705
CHEMBL235_EC50,t,4,SVR,0.29351391016799705,0.47354994253366633,0.49404408882269263,193,76,0.8439430196679621,1.0391204057733705
CHEMBL235_EC50,t,4,GBM,0.31095259788600044,0.47338895563351624,0.48566482021088125,193,76,0.8439430196679621,1.0391204057733705
CHEMBL235_EC50,t,4,KNN,0.3185426646592773,0.4726771813149354,0.47431980429134724,193,76,0.8439430196679621,1.0391204057733705
CHEMBL235_EC50,docfx_0.2,0,RF,0.24035881640838336,0.25700210895823133,0.35273707969560136,56,12,0.5464972600193954,1.0281788057369683
CHEMBL235_EC50,docfx_0.2,0,SVR,0.17712490690012406,0.1410621601020653,0.3865614548760903,56,12,0.5464972600193954,1.0281788057369683
CHEMBL235_EC50,docfx_0.2,0,GBM,0.19827481063462893,0.21131060446176414,0.3674572525160883,56,12,0.5464972600193954,1.0281788057369683
CHEMBL235_EC50,docfx_0.2,0,KNN,0.18947481903748892,0.11293246784676964,0.33559859026781186,56,12,0.5464972600193954,1.0281788057369683
CHEMBL235_EC50,docfx_0.2,1,RF,0.18990135184313517,0.1843623197843659,0.3751279235173801,64,12,0.5493122173657902,0.9583801458811918
CHEMBL235_EC50,docfx_0.2,1,SVR,0.20112245779403343,0.19482616061526614,0.3924195152843661,64,12,0.5493122173657902,0.9583801458811918
CHEMBL235_EC50,docfx_0.2,1,GBM,0.14639584868587707,0.10710946181194231,0.38427456100325985,64,12,0.5493122173657902,0.9583801458811918
CHEMBL235_EC50,docfx_0.2,1,KNN,0.1957978064801319,0.18677916857035365,0.33770943988803814,64,12,0.5493122173657902,0.9583801458811918
CHEMBL235_EC50,docfx_0.2,2,RF,0.23334473581649479,0.38146241228492495,0.35428278112044537,55,12,0.5333866982916585,0.9883640148826399
CHEMBL235_EC50,docfx_0.2,2,SVR,0.2208952038279276,0.38721387733733753,0.37001572575841524,55,12,0.5333866982916585,0.9883640148826399
CHEMBL235_EC50,docfx_0.2,2,GBM,0.18617160066557265,0.24150469974541372,0.3764309353335121,55,12,0.5333866982916585,0.9883640148826399
CHEMBL235_EC50,docfx_0.2,2,KNN,0.24030645837332665,0.3261972451973194,0.3001681239155385,55,12,0.5333866982916585,0.9883640148826399
CHEMBL235_EC50,docfx_0.2,3,RF,0.21031605866838976,0.37715288356270527,0.38196894001757986,68,13,0.5297120346052817,1.035982958517286
CHEMBL235_EC50,docfx_0.2,3,SVR,0.2182183301704106,0.4833166687628203,0.40353226325018643,68,13,0.5297120346052817,1.035982958517286
CHEMBL235_EC50,docfx_0.2,3,GBM,0.21715682273665105,0.4546658592218752,0.3962925594511185,68,13,0.5297120346052817,1.035982958517286
CHEMBL235_EC50,docfx_0.2,3,KNN,0.19383929060684507,0.3812953774500278,0.34398057693258827,68,13,0.5297120346052817,1.035982958517286
CHEMBL235_EC50,docfx_0.2,4,RF,0.16975575811202848,0.20811464377758998,0.37543298437701556,63,15,0.5230945896370667,0.9894376379445106
CHEMBL235_EC50,docfx_0.2,4,SVR,0.15300783745662805,0.23723743364124295,0.39795751927893497,63,15,0.5230945896370667,0.9894376379445106
CHEMBL235_EC50,docfx_0.2,4,GBM,0.15188309426787028,0.19974174480279705,0.4011367367268073,63,15,0.5230945896370667,0.9894376379445106
CHEMBL235_EC50,docfx_0.2,4,KNN,0.20007876794203766,0.14915301507286488,0.3258368031295787,63,15,0.5230945896370667,0.9894376379445106
CHEMBL235_EC50,docfx_0.3,0,RF,0.2656706828029289,0.2735657183434237,0.38113287645229504,88,19,0.6131777713103628,1.0157855907608377
CHEMBL235_EC50,docfx_0.3,0,SVR,0.229147571070549,0.22132526466339802,0.40136987145092656,88,19,0.6131777713103628,1.0157855907608377
CHEMBL235_EC50,docfx_0.3,0,GBM,0.27653499280253085,0.30281979671948184,0.3839582877789453,88,19,0.6131777713103628,1.0157855907608377
CHEMBL235_EC50,docfx_0.3,0,KNN,0.23145448356655945,0.1496924689711352,0.3643904050064127,88,19,0.6131777713103628,1.0157855907608377
CHEMBL235_EC50,docfx_0.3,1,RF,0.20651783767541193,0.14157504238012614,0.41807644637320956,107,21,0.62155042694369,0.9701351409026979
CHEMBL235_EC50,docfx_0.3,1,SVR,0.21109919741359157,0.15603721203488508,0.4237751991908975,107,21,0.62155042694369,0.9701351409026979
CHEMBL235_EC50,docfx_0.3,1,GBM,0.19783680318247193,0.1572721429915666,0.4188059250353871,107,21,0.62155042694369,0.9701351409026979
CHEMBL235_EC50,docfx_0.3,1,KNN,0.2416273519669226,0.22971239396111204,0.36445379219834456,107,21,0.62155042694369,0.9701351409026979
CHEMBL235_EC50,docfx_0.3,2,RF,0.2304690116774024,0.3699979318002597,0.3935756726546622,74,20,0.6136665482836713,0.9914319354407652
CHEMBL235_EC50,docfx_0.3,2,SVR,0.19609070772328074,0.4292291930810618,0.4094231141886041,74,20,0.6136665482836713,0.9914319354407652
CHEMBL235_EC50,docfx_0.3,2,GBM,0.19448231680712275,0.289686224863944,0.3994506770416751,74,20,0.6136665482836713,0.9914319354407652
CHEMBL235_EC50,docfx_0.3,2,KNN,0.23869188832882537,0.2920120711372825,0.34971145116649416,74,20,0.6136665482836713,0.9914319354407652
CHEMBL235_EC50,docfx_0.3,3,RF,0.200972548809647,0.4045208276820573,0.4247440582164448,107,17,0.6049541752221375,1.023003817349343
CHEMBL235_EC50,docfx_0.3,3,SVR,0.2037301974571752,0.4223204169037481,0.43882583484282384,107,17,0.6049541752221375,1.023003817349343
CHEMBL235_EC50,docfx_0.3,3,GBM,0.2172844928303332,0.40602546780698473,0.4328670814240559,107,17,0.6049541752221375,1.023003817349343
CHEMBL235_EC50,docfx_0.3,3,KNN,0.1885818009751301,0.27255416128860266,0.39628166182552804,107,17,0.6049541752221375,1.023003817349343
CHEMBL235_EC50,docfx_0.3,4,RF,0.23122348751737382,0.23672795952874365,0.4041657629879833,110,21,0.6138418827397828,0.994738739968619
CHEMBL235_EC50,docfx_0.3,4,SVR,0.22243710012045603,0.24098501305090797,0.430289499130182,110,21,0.6138418827397828,0.994738739968619
CHEMBL235_EC50,docfx_0.3,4,GBM,0.25440480379898195,0.2778103310788597,0.41040977095115067,110,21,0.6138418827397828,0.994738739968619
CHEMBL235_EC50,docfx_0.3,4,KNN,0.28069683701802983,0.2100880574475399,0.3522069810307431,110,21,0.6138418827397828,0.994738739968619
CHEMBL236_Ki,normal,0,RF,0.2574098678044514,0.5764330193223408,0.5388386208825707,237,20,0.8482292780973623,1.2884993671242448
CHEMBL236_Ki,normal,0,SVR,0.18231501915873893,0.454656916109379,0.5566437941591128,237,20,0.8482292780973623,1.2884993671242448
CHEMBL236_Ki,normal,0,GBM,0.16878341436149458,0.47352625490836353,0.5715795228716983,237,20,0.8482292780973623,1.2884993671242448
CHEMBL236_Ki,normal,0,KNN,0.17107911637115691,0.429502216490776,0.5392319087035923,237,20,0.8482292780973623,1.2884993671242448
CHEMBL236_Ki,normal,1,RF,0.24510087242084044,0.7406462587329815,0.5598435590837649,238,24,0.8570672151629682,1.2661626323234578
CHEMBL236_Ki,normal,1,SVR,0.16444099978042992,0.5345989976363417,0.5764682899608862,238,24,0.8570672151629682,1.2661626323234578
CHEMBL236_Ki,normal,1,GBM,0.18228051743950657,0.5749629598557588,0.5866124192176103,238,24,0.8570672151629682,1.2661626323234578
CHEMBL236_Ki,normal,1,KNN,0.20643766266923735,0.5433744367305161,0.5613185299373317,238,24,0.8570672151629682,1.2661626323234578
CHEMBL236_Ki,normal,2,RF,0.20532648025204436,0.3896429682140099,0.5964514911789532,221,16,0.826413494519414,1.2867464358056317
CHEMBL236_Ki,normal,2,SVR,0.1752385168126508,0.4428574652349837,0.5841694598227218,221,16,0.826413494519414,1.2867464358056317
CHEMBL236_Ki,normal,2,GBM,0.17998983260315116,0.4224151887397307,0.5919693714734263,221,16,0.826413494519414,1.2867464358056317
CHEMBL236_Ki,normal,2,KNN,0.18129242369377696,0.2890894304843984,0.571112249571956,221,16,0.826413494519414,1.2867464358056317
CHEMBL236_Ki,normal,3,RF,0.13353460226486413,0.5302295061977171,0.5921452061854213,220,14,0.8120750500187187,1.271690061760685
CHEMBL236_Ki,normal,3,SVR,0.11849247158057419,0.38910142593386654,0.5469446781992292,220,14,0.8120750500187187,1.271690061760685
CHEMBL236_Ki,normal,3,GBM,0.07397950396887432,0.3442115688297833,0.5935212612718793,220,14,0.8120750500187187,1.271690061760685
CHEMBL236_Ki,normal,3,KNN,0.13560782343749456,0.3557349039855128,0.5509437433386595,220,14,0.8120750500187187,1.271690061760685
CHEMBL236_Ki,normal,4,RF,0.22802307619921036,0.6331409433472146,0.5599890692502315,212,17,0.8636491804331867,1.2917242724337512
CHEMBL236_Ki,normal,4,SVR,0.18725676427357052,0.5932605102263339,0.5739446911555466,212,17,0.8636491804331867,1.2917242724337512
CHEMBL236_Ki,normal,4,GBM,0.18360584546413727,0.5483708533157261,0.579403878027573,212,17,0.8636491804331867,1.2917242724337512
CHEMBL236_Ki,normal,4,KNN,0.19278697126029265,0.5841050191758316,0.5395366784087464,212,17,0.8636491804331867,1.2917242724337512
CHEMBL236_Ki,t,0,RF,0.3622032763889468,0.8531878637278185,0.6870379096039093,294,70,1.1702253786272667,1.3954323630427672
CHEMBL236_Ki,t,0,SVR,0.29295324795080624,0.7797578231071068,0.6792527992759542,294,70,1.1702253786272667,1.3954323630427672
CHEMBL236_Ki,t,0,GBM,0.31684799677080355,0.7896479636287507,0.6924586332450133,294,70,1.1702253786272667,1.3954323630427672
CHEMBL236_Ki,t,0,KNN,0.30733345333326,0.7680035111214706,0.7139726355947732,294,70,1.1702253786272667,1.3954323630427672
CHEMBL236_Ki,t,1,RF,0.16101787993762262,0.5059358214385588,0.6798243331901533,273,47,1.052828167686409,1.350526586235623
CHEMBL236_Ki,t,1,SVR,0.13538343121041774,0.4807601803665952,0.6708612311454228,273,47,1.052828167686409,1.350526586235623
CHEMBL236_Ki,t,1,GBM,0.15919832247835164,0.5155230431958405,0.68717661340987,273,47,1.052828167686409,1.350526586235623
CHEMBL236_Ki,t,1,KNN,0.17940482101478006,0.544657475499375,0.6469073399331893,273,47,1.052828167686409,1.350526586235623
CHEMBL236_Ki,t,2,RF,0.3013535725346047,0.6177096689444063,0.6821973303054875,270,53,1.061004566482713,1.3729671136994817
CHEMBL236_Ki,t,2,SVR,0.2511907465143599,0.5848079074272372,0.6728849622914588,270,53,1.061004566482713,1.3729671136994817
CHEMBL236_Ki,t,2,GBM,0.25270047765603165,0.5949410361540608,0.6988462837259529,270,53,1.061004566482713,1.3729671136994817
CHEMBL236_Ki,t,2,KNN,0.26950501311192554,0.6202703565588332,0.658504097708071,270,53,1.061004566482713,1.3729671136994817
CHEMBL236_Ki,t,3,RF,0.33059346731185213,0.6850987199435166,0.7047037084593472,263,74,1.0520276369379897,1.3605136476806354
CHEMBL236_Ki,t,3,SVR,0.2935145747341432,0.7202911647103266,0.7107420422220558,263,74,1.0520276369379897,1.3605136476806354
CHEMBL236_Ki,t,3,GBM,0.24679270262410002,0.6879294318274305,0.7483467094650994,263,74,1.0520276369379897,1.3605136476806354
CHEMBL236_Ki,t,3,KNN,0.3389860233337205,0.7789695690760834,0.6744533045313443,263,74,1.0520276369379897,1.3605136476806354
CHEMBL236_Ki,t,4,RF,0.22030913237607597,0.6236878895660362,0.673264745776016,292,58,1.12072703982509,1.3672986660281092
CHEMBL236_Ki,t,4,SVR,0.17643639579211667,0.6134192828927778,0.6586157890383353,292,58,1.12072703982509,1.3672986660281092
CHEMBL236_Ki,t,4,GBM,0.22168718641349794,0.6818059033981569,0.6805925466107448,292,58,1.12072703982509,1.3672986660281092
CHEMBL236_Ki,t,4,KNN,0.20410661587858814,0.6575673783730099,0.649196131219402,292,58,1.12072703982509,1.3672986660281092
CHEMBL236_Ki,docfx_0.2,0,RF,0.205706475882716,0.5693183716633274,0.42079658517484336,124,10,0.6194939689372017,1.2874401873756252
CHEMBL236_Ki,docfx_0.2,0,SVR,0.17565226406857964,0.6566953369228969,0.4315907329956156,124,10,0.6194939689372017,1.2874401873756252
CHEMBL236_Ki,docfx_0.2,0,GBM,0.20296238960594976,0.7396247477437449,0.44914006344328944,124,10,0.6194939689372017,1.2874401873756252
CHEMBL236_Ki,docfx_0.2,0,KNN,0.15078637422744473,0.44108531283857133,0.398438604849168,124,10,0.6194939689372017,1.2874401873756252
CHEMBL236_Ki,docfx_0.2,1,RF,0.27185924637214015,0.7763188441607967,0.4172566133851942,111,5,0.6249183859590853,1.300895640032651
CHEMBL236_Ki,docfx_0.2,1,SVR,0.23972783101838957,0.7974983189797273,0.43192844608461545,111,5,0.6249183859590853,1.300895640032651
CHEMBL236_Ki,docfx_0.2,1,GBM,0.25595225211369427,0.6422666397156243,0.43119150708124027,111,5,0.6249183859590853,1.300895640032651
CHEMBL236_Ki,docfx_0.2,1,KNN,0.17807382950880885,0.6274555059483544,0.4136615958422633,111,5,0.6249183859590853,1.300895640032651
CHEMBL236_Ki,docfx_0.2,2,RF,0.1862710725219367,0.5619534439493843,0.4703213923764516,119,9,0.6343110144704016,1.2056191179822635
CHEMBL236_Ki,docfx_0.2,2,SVR,0.17125636825206908,0.36578202615324396,0.4688110677775205,119,9,0.6343110144704016,1.2056191179822635
CHEMBL236_Ki,docfx_0.2,2,GBM,0.18772503565900117,0.4968138281426224,0.47896614843948576,119,9,0.6343110144704016,1.2056191179822635
CHEMBL236_Ki,docfx_0.2,2,KNN,0.17089499899344224,0.44189474088181685,0.44165642408633715,119,9,0.6343110144704016,1.2056191179822635
CHEMBL236_Ki,docfx_0.2,3,RF,0.24278149338897914,0.45575247173516786,0.4450459004089168,142,18,0.7082945559237303,1.3047478925146476
CHEMBL236_Ki,docfx_0.2,3,SVR,0.23670102573599472,0.39388323735709063,0.488633809963283,142,18,0.7082945559237303,1.3047478925146476
CHEMBL236_Ki,docfx_0.2,3,GBM,0.22994086892254362,0.40973703354277935,0.47150557783849767,142,18,0.7082945559237303,1.3047478925146476
CHEMBL236_Ki,docfx_0.2,3,KNN,0.25615079952973696,0.4786028775382051,0.4378989423308318,142,18,0.7082945559237303,1.3047478925146476
CHEMBL236_Ki,docfx_0.2,4,RF,0.21278211712695283,1.1055373638946056,0.4511648381933605,121,5,0.6114483774335382,1.3057294380094382
CHEMBL236_Ki,docfx_0.2,4,SVR,0.16491237117110813,0.5169049965418421,0.4415884646806305,121,5,0.6114483774335382,1.3057294380094382
CHEMBL236_Ki,docfx_0.2,4,GBM,0.1456874295344026,0.6643367657210428,0.47288723497498253,121,5,0.6114483774335382,1.3057294380094382
CHEMBL236_Ki,docfx_0.2,4,KNN,0.1871274273385004,0.3852049041398176,0.3717441878555997,121,5,0.6114483774335382,1.3057294380094382
CHEMBL236_Ki,docfx_0.3,0,RF,0.212465854181412,0.6281880598784532,0.45593774001115356,146,8,0.6808657030687829,1.285622350654079
CHEMBL236_Ki,docfx_0.3,0,SVR,0.16283554653052673,0.6314364548978357,0.47124482368416337,146,8,0.6808657030687829,1.285622350654079
CHEMBL236_Ki,docfx_0.3,0,GBM,0.21137350862115284,0.7424519151392899,0.4784956804576485,146,8,0.6808657030687829,1.285622350654079
CHEMBL236_Ki,docfx_0.3,0,KNN,0.1473432823433949,0.4178091191883997,0.4443329239917061,146,8,0.6808657030687829,1.285622350654079
CHEMBL236_Ki,docfx_0.3,1,RF,0.2500742351716707,0.6527259573401222,0.4492164495417432,149,8,0.6952565410726643,1.2979051733829623
CHEMBL236_Ki,docfx_0.3,1,SVR,0.19647816103910803,0.6774447769128906,0.4756045870297882,149,8,0.6952565410726643,1.2979051733829623
CHEMBL236_Ki,docfx_0.3,1,GBM,0.21519112179955424,0.5740103444969695,0.47624654408672096,149,8,0.6952565410726643,1.2979051733829623
CHEMBL236_Ki,docfx_0.3,1,KNN,0.18454909115992207,0.548798467601604,0.44477605852831775,149,8,0.6952565410726643,1.2979051733829623
CHEMBL236_Ki,docfx_0.3,2,RF,0.1845792506613686,0.5120539204537584,0.5243608011381448,149,11,0.6863016584941279,1.2142614135489902
CHEMBL236_Ki,docfx_0.3,2,SVR,0.15567572929331763,0.34496684848750336,0.5151923111249759,149,11,0.6863016584941279,1.2142614135489902
CHEMBL236_Ki,docfx_0.3,2,GBM,0.17387320242613868,0.4249257768579965,0.5265417704969791,149,11,0.6863016584941279,1.2142614135489902
CHEMBL236_Ki,docfx_0.3,2,KNN,0.19131139288361365,0.44210732589949964,0.4795167575614694,149,11,0.6863016584941279,1.2142614135489902
CHEMBL236_Ki,docfx_0.3,3,RF,0.20718922725508626,0.3464389711075203,0.49375735158794665,166,19,0.7511017561637496,1.2998172067020295
CHEMBL236_Ki,docfx_0.3,3,SVR,0.19011094358205982,0.3009682801698005,0.530781635337814,166,19,0.7511017561637496,1.2998172067020295
CHEMBL236_Ki,docfx_0.3,3,GBM,0.20129009537399878,0.34677062207953635,0.5153612228390755,166,19,0.7511017561637496,1.2998172067020295
CHEMBL236_Ki,docfx_0.3,3,KNN,0.2037792339305345,0.34867224904608884,0.4882215171039061,166,19,0.7511017561637496,1.2998172067020295
CHEMBL236_Ki,docfx_0.3,4,RF,0.22754019018539245,1.060217216170758,0.48131962009946144,139,5,0.6702023507188727,1.3061010620331646
CHEMBL236_Ki,docfx_0.3,4,SVR,0.1715708410319179,0.5246599259497202,0.4761905010679939,139,5,0.6702023507188727,1.3061010620331646
CHEMBL236_Ki,docfx_0.3,4,GBM,0.1515341830243776,0.5894315427929083,0.5032489670284106,139,5,0.6702023507188727,1.3061010620331646
CHEMBL236_Ki,docfx_0.3,4,KNN,0.2011875235895323,0.37489805451235425,0.410226284423876,139,5,0.6702023507188727,1.3061010620331646
CHEMBL237_EC50,normal,0,RF,0.17250116170864865,0.20369403071515801,0.4992808482543792,84,24,0.8181447765676924,1.1547971081341744
CHEMBL237_EC50,normal,0,SVR,0.18715966659639,0.14092165696689496,0.48835235530782156,84,24,0.8181447765676924,1.1547971081341744
CHEMBL237_EC50,normal,0,GBM,0.22026137628039,0.17441786391561853,0.49012914410816855,84,24,0.8181447765676924,1.1547971081341744
CHEMBL237_EC50,normal,0,KNN,0.2000496756583231,0.22176079043040897,0.4586814786322846,84,24,0.8181447765676924,1.1547971081341744
CHEMBL237_EC50,normal,1,RF,0.18819715162863093,0.25429852107802287,0.5202787371370045,72,28,0.8651654377710388,1.1642141644923094
CHEMBL237_EC50,normal,1,SVR,0.23021565386353982,0.3159702788741212,0.5036784743420541,72,28,0.8651654377710388,1.1642141644923094
CHEMBL237_EC50,normal,1,GBM,0.18818387228923827,0.21107690350502084,0.5129219324421883,72,28,0.8651654377710388,1.1642141644923094
CHEMBL237_EC50,normal,1,KNN,0.26643182099883533,0.2888487110653575,0.4674152202631825,72,28,0.8651654377710388,1.1642141644923094
CHEMBL237_EC50,normal,2,RF,0.11996436560020018,0.23344605506926497,0.5664637728230044,80,26,0.8315062023098064,1.1653676886870876
CHEMBL237_EC50,normal,2,SVR,0.15141440154534735,0.21498921433092633,0.5453078831206948,80,26,0.8315062023098064,1.1653676886870876
CHEMBL237_EC50,normal,2,GBM,0.1676016950866167,0.201256134596823,0.5523626730332817,80,26,0.8315062023098064,1.1653676886870876
CHEMBL237_EC50,normal,2,KNN,0.23332361578114436,0.4149017198786248,0.5013676521705916,80,26,0.8315062023098064,1.1653676886870876
CHEMBL237_EC50,normal,3,RF,0.24008094844700273,0.3524479481552609,0.4921494773674518,65,25,0.8417561358530228,1.1346251259105302
CHEMBL237_EC50,normal,3,SVR,0.19102020927408636,0.37583461662281414,0.5356719569618338,65,25,0.8417561358530228,1.1346251259105302
CHEMBL237_EC50,normal,3,GBM,0.19077235283879246,0.28747845686092877,0.5071389527046976,65,25,0.8417561358530228,1.1346251259105302
CHEMBL237_EC50,normal,3,KNN,0.22946669098892297,0.3224094463566727,0.481084230368311,65,25,0.8417561358530228,1.1346251259105302
CHEMBL237_EC50,normal,4,RF,0.2244197412200869,0.4190401439573439,0.5314426508830833,70,32,0.8586752799012092,1.1567285252334274
CHEMBL237_EC50,normal,4,SVR,0.17946332589219927,0.3331646239340804,0.5323092034604526,70,32,0.8586752799012092,1.1567285252334274
CHEMBL237_EC50,normal,4,GBM,0.13864557007701317,0.2654783230822665,0.5468434338134812,70,32,0.8586752799012092,1.1567285252334274
CHEMBL237_EC50,normal,4,KNN,0.2438942623543619,0.42531784083358226,0.4939777759536557,70,32,0.8586752799012092,1.1567285252334274
CHEMBL237_EC50,t,0,RF,0.18527385107654892,0.3358878411892705,0.5869271686974834,88,45,1.0647454889623869,1.2215510059496035
CHEMBL237_EC50,t,0,SVR,0.14846601246564195,0.2475508034574302,0.5656635164783458,88,45,1.0647454889623869,1.2215510059496035
CHEMBL237_EC50,t,0,GBM,0.18694463095138536,0.28310775964909574,0.6342433825887845,88,45,1.0647454889623869,1.2215510059496035
CHEMBL237_EC50,t,0,KNN,0.3052485143469369,0.38400206539916837,0.5136678697718892,88,45,1.0647454889623869,1.2215510059496035
CHEMBL237_EC50,t,1,RF,0.1935063700427646,0.2607177378038976,0.551574021320541,76,47,1.0159135456078954,1.1965661541216122
CHEMBL237_EC50,t,1,SVR,0.1867971842809184,0.30587661585774817,0.56111962667078,76,47,1.0159135456078954,1.1965661541216122
CHEMBL237_EC50,t,1,GBM,0.1973423933195091,0.27656246247237615,0.5577538524848389,76,47,1.0159135456078954,1.1965661541216122
CHEMBL237_EC50,t,1,KNN,0.1582489828064978,0.21045147831427757,0.5226158257486025,76,47,1.0159135456078954,1.1965661541216122
CHEMBL237_EC50,t,2,RF,0.14544023509804216,0.28125637969545414,0.6226570946827737,86,47,0.9944976242596506,1.2020648220279038
CHEMBL237_EC50,t,2,SVR,0.14106394494313235,0.2581655837514035,0.6030378156587182,86,47,0.9944976242596506,1.2020648220279038
CHEMBL237_EC50,t,2,GBM,0.1631721380456037,0.2985939036904993,0.6244043632312045,86,47,0.9944976242596506,1.2020648220279038
CHEMBL237_EC50,t,2,KNN,0.16789024857778412,0.2441067835849905,0.6097717002872938,86,47,0.9944976242596506,1.2020648220279038
CHEMBL237_EC50,t,3,RF,0.21202597303587778,0.3684133489446758,0.637738290579692,74,42,0.9622100966480263,1.213467326887296
CHEMBL237_EC50,t,3,SVR,0.1734021813918658,0.305190839077939,0.6615882747825211,74,42,0.9622100966480263,1.213467326887296
CHEMBL237_EC50,t,3,GBM,0.19420517372587975,0.3461707142814273,0.6522824073390553,74,42,0.9622100966480263,1.213467326887296
CHEMBL237_EC50,t,3,KNN,0.2689280581322625,0.35898360881516156,0.6230312749279489,74,42,0.9622100966480263,1.213467326887296
CHEMBL237_EC50,t,4,RF,0.1200851254554618,0.2527047773026251,0.7115093684220161,97,44,1.022662082052188,1.252931850921141
CHEMBL237_EC50,t,4,SVR,0.09882732712294306,0.22302315481617763,0.7078061302495623,97,44,1.022662082052188,1.252931850921141
CHEMBL237_EC50,t,4,GBM,0.07095512346723365,0.20733722962717516,0.7464411905453059,97,44,1.022662082052188,1.252931850921141
CHEMBL237_EC50,t,4,KNN,0.12913635802379098,0.3144525924913455,0.6679906192691174,97,44,1.022662082052188,1.252931850921141
CHEMBL237_EC50,docfx_0.2,0,RF,0.11147596411612298,0.1761471722604035,0.46447476507298974,62,28,0.8408584340225411,1.135487168600905
CHEMBL237_EC50,docfx_0.2,0,SVR,0.17101372275834736,0.213044752343599,0.480106124321947,62,28,0.8408584340225411,1.135487168600905
CHEMBL237_EC50,docfx_0.2,0,GBM,0.11517635813558019,0.08702442238508101,0.4892095319759741,62,28,0.8408584340225411,1.135487168600905
CHEMBL237_EC50,docfx_0.2,0,KNN,0.1915227114188805,0.18514195698206132,0.4391958805591732,62,28,0.8408584340225411,1.135487168600905
CHEMBL237_EC50,docfx_0.2,1,RF,0.14718150926274387,0.29963927818220926,0.504884203721549,52,24,0.7489800158830061,1.1838621129995877
CHEMBL237_EC50,docfx_0.2,1,SVR,0.18331446701565823,0.2841124947429245,0.4729043673663974,52,24,0.7489800158830061,1.1838621129995877
CHEMBL237_EC50,docfx_0.2,1,GBM,0.17302453020301617,0.30245173559706956,0.4695538414573382,52,24,0.7489800158830061,1.1838621129995877
CHEMBL237_EC50,docfx_0.2,1,KNN,0.24438631284538026,0.33421664522673666,0.4325645618873477,52,24,0.7489800158830061,1.1838621129995877
CHEMBL237_EC50,docfx_0.2,2,RF,0.12696571089066477,0.24690098728163373,0.4540707548183345,56,24,0.750560681315548,1.173187541162294
CHEMBL237_EC50,docfx_0.2,2,SVR,0.14789851173236995,0.2443173345724397,0.42811354372335914,56,24,0.750560681315548,1.173187541162294
CHEMBL237_EC50,docfx_0.2,2,GBM,0.09788797879309652,0.1924689992813991,0.4575957218116614,56,24,0.750560681315548,1.173187541162294
CHEMBL237_EC50,docfx_0.2,2,KNN,0.10575094391485873,0.18698003246337974,0.44031799940865934,56,24,0.750560681315548,1.173187541162294
CHEMBL237_EC50,docfx_0.2,3,RF,0.11850552273283643,0.14458739677255172,0.48701760711918396,60,28,0.8001604341836268,1.1843222395296176
CHEMBL237_EC50,docfx_0.2,3,SVR,0.15506029282435707,0.16557732433281364,0.46400667824707886,60,28,0.8001604341836268,1.1843222395296176
CHEMBL237_EC50,docfx_0.2,3,GBM,0.092978553047394,0.03887058621195649,0.509504625320963,60,28,0.8001604341836268,1.1843222395296176
CHEMBL237_EC50,docfx_0.2,3,KNN,0.06945083694954624,0.14497313227606345,0.5199832409373241,60,28,0.8001604341836268,1.1843222395296176
CHEMBL237_EC50,docfx_0.2,4,RF,0.12887256277566467,0.2036052506698005,0.467144344672804,64,27,0.792664995358585,1.1297844798511818
CHEMBL237_EC50,docfx_0.2,4,SVR,0.1329628784834006,0.16454419951216415,0.5052285442004171,64,27,0.792664995358585,1.1297844798511818
CHEMBL237_EC50,docfx_0.2,4,GBM,0.12892829995136973,0.14377546980501332,0.499854155872234,64,27,0.792664995358585,1.1297844798511818
CHEMBL237_EC50,docfx_0.2,4,KNN,0.12904317835323104,0.14323248772216135,0.45551375675998856,64,27,0.792664995358585,1.1297844798511818
CHEMBL237_EC50,docfx_0.3,0,RF,0.15552570129798726,0.23111360766919375,0.48792805023075225,70,33,0.8634785397720841,1.1369850999554785
CHEMBL237_EC50,docfx_0.3,0,SVR,0.1889802278127719,0.2626806482488915,0.502128237885742,70,33,0.8634785397720841,1.1369850999554785
CHEMBL237_EC50,docfx_0.3,0,GBM,0.11430161463533384,0.144286455442719,0.5330044663167418,70,33,0.8634785397720841,1.1369850999554785
CHEMBL237_EC50,docfx_0.3,0,KNN,0.19668000085149046,0.1993826894990431,0.4569145551869787,70,33,0.8634785397720841,1.1369850999554785
CHEMBL237_EC50,docfx_0.3,1,RF,0.14016023933706612,0.23266019217237455,0.5088752059870205,61,27,0.7902361260781409,1.1752511224398832
CHEMBL237_EC50,docfx_0.3,1,SVR,0.1483730387272547,0.2016136935277435,0.5131666755967187,61,27,0.7902361260781409,1.1752511224398832
CHEMBL237_EC50,docfx_0.3,1,GBM,0.12263219053631091,0.20402989794444049,0.5208736181535617,61,27,0.7902361260781409,1.1752511224398832
CHEMBL237_EC50,docfx_0.3,1,KNN,0.1972297136442317,0.2542198274120206,0.4610357452803644,61,27,0.7902361260781409,1.1752511224398832
CHEMBL237_EC50,docfx_0.3,2,RF,0.11655363404053826,0.23472679832906712,0.4858684681656997,64,29,0.8100048926868598,1.1629132498937282
CHEMBL237_EC50,docfx_0.3,2,SVR,0.12212031517071958,0.2123291760888894,0.4717293982350716,64,29,0.8100048926868598,1.1629132498937282
CHEMBL237_EC50,docfx_0.3,2,GBM,0.11959408592353632,0.17761467858108976,0.48280993596771854,64,29,0.8100048926868598,1.1629132498937282
CHEMBL237_EC50,docfx_0.3,2,KNN,0.08717608088626538,0.1847121977280919,0.48291658971911433,64,29,0.8100048926868598,1.1629132498937282
CHEMBL237_EC50,docfx_0.3,3,RF,0.13145837490105872,0.16668578195064454,0.5142753847487748,66,29,0.8519498593475177,1.1834408367038345
CHEMBL237_EC50,docfx_0.3,3,SVR,0.13254442215586998,0.12895368264829288,0.4986845998949649,66,29,0.8519498593475177,1.1834408367038345
CHEMBL237_EC50,docfx_0.3,3,GBM,0.11038306201666959,0.07867542702576036,0.5184815950330315,66,29,0.8519498593475177,1.1834408367038345
CHEMBL237_EC50,docfx_0.3,3,KNN,0.07642694648708814,0.1634459507835746,0.5474729711665774,66,29,0.8519498593475177,1.1834408367038345
CHEMBL237_EC50,docfx_0.3,4,RF,0.1740184216384647,0.28012166852191545,0.5101861972293936,67,32,0.8349000077802047,1.1386640179913583
CHEMBL237_EC50,docfx_0.3,4,SVR,0.17242487876338475,0.24992152966129444,0.5396844021479411,67,32,0.8349000077802047,1.1386640179913583
CHEMBL237_EC50,docfx_0.3,4,GBM,0.14821346188244044,0.2259835844774506,0.5444096613411109,67,32,0.8349000077802047,1.1386640179913583
CHEMBL237_EC50,docfx_0.3,4,KNN,0.19169352071955226,0.31547486969615807,0.4745647882839623,67,32,0.8349000077802047,1.1386640179913583
CHEMBL237_Ki,normal,0,RF,0.22257630314172672,0.5074578038464306,0.5423188175349696,246,29,0.8735932693295437,1.2511246909482028
CHEMBL237_Ki,normal,0,SVR,0.21032266028908497,0.5540486529396438,0.5420302732911703,246,29,0.8735932693295437,1.2511246909482028
CHEMBL237_Ki,normal,0,GBM,0.16759385575815355,0.48284105794253507,0.5797733566223419,246,29,0.8735932693295437,1.2511246909482028
CHEMBL237_Ki,normal,0,KNN,0.2404582390573209,0.4640950590903682,0.5024910882714764,246,29,0.8735932693295437,1.2511246909482028
CHEMBL237_Ki,normal,1,RF,0.21944994475260915,0.5453399835800029,0.5525172150269322,245,22,0.8643469000676129,1.2518709785288613
CHEMBL237_Ki,normal,1,SVR,0.18744197886480163,0.4966063112230137,0.5754477409337101,245,22,0.8643469000676129,1.2518709785288613
CHEMBL237_Ki,normal,1,GBM,0.199544563798966,0.4799871173274566,0.568225936143825,245,22,0.8643469000676129,1.2518709785288613
CHEMBL237_Ki,normal,1,KNN,0.2417049822037335,0.5081545582118087,0.5137133189163336,245,22,0.8643469000676129,1.2518709785288613
CHEMBL237_Ki,normal,2,RF,0.14531562217332028,0.5228388299796495,0.5524916206194119,251,12,0.8572498617588459,1.2371748200528918
CHEMBL237_Ki,normal,2,SVR,0.1368959860841924,0.5584178857414737,0.5832825294546296,251,12,0.8572498617588459,1.2371748200528918
CHEMBL237_Ki,normal,2,GBM,0.1307510519601246,0.444201719583701,0.5725704453646593,251,12,0.8572498617588459,1.2371748200528918
CHEMBL237_Ki,normal,2,KNN,0.167602482336341,0.43288738213669886,0.5014344969025839,251,12,0.8572498617588459,1.2371748200528918
CHEMBL237_Ki,normal,3,RF,0.16739217140949025,0.67983390543467,0.6229963020931241,250,26,0.8640500326936922,1.252487414972103
CHEMBL237_Ki,normal,3,SVR,0.16606211189279285,0.6692776476802654,0.6226507753392935,250,26,0.8640500326936922,1.252487414972103
CHEMBL237_Ki,normal,3,GBM,0.15224604735310576,0.6312985886634156,0.6138381606225445,250,26,0.8640500326936922,1.252487414972103
CHEMBL237_Ki,normal,3,KNN,0.2178057861149887,0.5318684843447726,0.5495678939422172,250,26,0.8640500326936922,1.252487414972103
CHEMBL237_Ki,normal,4,RF,0.10742014207799222,0.5073021222155124,0.6065078205794096,253,20,0.8505012855200944,1.2589598320587436
CHEMBL237_Ki,normal,4,SVR,0.13054151202101938,0.5444931336220417,0.5949740248628672,253,20,0.8505012855200944,1.2589598320587436
CHEMBL237_Ki,normal,4,GBM,0.10611999575001652,0.5325668983849051,0.6039534878769974,253,20,0.8505012855200944,1.2589598320587436
CHEMBL237_Ki,normal,4,KNN,0.18401226594024644,0.5848049772738712,0.5325132949731237,253,20,0.8505012855200944,1.2589598320587436
CHEMBL237_Ki,t,0,RF,0.3884836354844736,0.8306207554922008,0.6197366339563326,310,80,1.1316587354269831,1.3383488970003357
CHEMBL237_Ki,t,0,SVR,0.35249300601256905,0.7784225150945223,0.6439500694845043,310,80,1.1316587354269831,1.3383488970003357
CHEMBL237_Ki,t,0,GBM,0.3164521164386286,0.7818034961086737,0.6867576848891369,310,80,1.1316587354269831,1.3383488970003357
CHEMBL237_Ki,t,0,KNN,0.3140034066412528,0.7890964195769451,0.6879934199527112,310,80,1.1316587354269831,1.3383488970003357
CHEMBL237_Ki,t,1,RF,0.2860732850996589,0.5811930845013329,0.633494488385543,289,81,1.139074378495311,1.3235731814884153
CHEMBL237_Ki,t,1,SVR,0.25206777232673794,0.5134714604195074,0.642423534514241,289,81,1.139074378495311,1.3235731814884153
CHEMBL237_Ki,t,1,GBM,0.2701391147220975,0.5524426323646169,0.656963952185896,289,81,1.139074378495311,1.3235731814884153
CHEMBL237_Ki,t,1,KNN,0.3255184589595189,0.5623254631846414,0.6107352862042014,289,81,1.139074378495311,1.3235731814884153
CHEMBL237_Ki,t,2,RF,0.11076277627139175,0.3464849081702577,0.7267845548006253,283,64,1.106753023015916,1.3650522007270545
CHEMBL237_Ki,t,2,SVR,0.09701627900350884,0.26737082009225077,0.7184464722466384,283,64,1.106753023015916,1.3650522007270545
CHEMBL237_Ki,t,2,GBM,0.0914665197718113,0.3215894507440433,0.7579514511295805,283,64,1.106753023015916,1.3650522007270545
CHEMBL237_Ki,t,2,KNN,0.10682671745336658,0.22307123290151765,0.7170589926232476,283,64,1.106753023015916,1.3650522007270545
CHEMBL237_Ki,t,3,RF,0.2343172689680194,0.6475015751032579,0.728607223623078,285,69,1.1096881364782982,1.350376986777767
CHEMBL237_Ki,t,3,SVR,0.17472966666213174,0.566509954356961,0.7358364521217844,285,69,1.1096881364782982,1.350376986777767
CHEMBL237_Ki,t,3,GBM,0.2081796221121276,0.6114667261907243,0.7294085287596538,285,69,1.1096881364782982,1.350376986777767
CHEMBL237_Ki,t,3,KNN,0.21502552080190462,0.6108954418350233,0.7400814782199567,285,69,1.1096881364782982,1.350376986777767
CHEMBL237_Ki,t,4,RF,0.24094847964982846,0.7089125386720904,0.7175471108791849,293,79,1.1333462230632834,1.3456028526419046
CHEMBL237_Ki,t,4,SVR,0.2552555939728609,0.7642743227927062,0.711007270129066,293,79,1.1333462230632834,1.3456028526419046
CHEMBL237_Ki,t,4,GBM,0.19819729286199816,0.7016099602639326,0.752536863157308,293,79,1.1333462230632834,1.3456028526419046
CHEMBL237_Ki,t,4,KNN,0.2999841208570192,0.7273754726914327,0.6654600450022498,293,79,1.1333462230632834,1.3456028526419046
CHEMBL237_Ki,docfx_0.2,0,RF,0.09220850511327205,0.13293298820607824,0.47940108104145374,136,21,0.7673807206428476,1.2499093844827072
CHEMBL237_Ki,docfx_0.2,0,SVR,0.1346875663818744,0.46664182320557246,0.5106702459477171,136,21,0.7673807206428476,1.2499093844827072
CHEMBL237_Ki,docfx_0.2,0,GBM,0.1036688442430293,0.22233251486612426,0.4968317242211288,136,21,0.7673807206428476,1.2499093844827072
CHEMBL237_Ki,docfx_0.2,0,KNN,0.1508864892945767,0.21858936497142056,0.41731694184609447,136,21,0.7673807206428476,1.2499093844827072
CHEMBL237_Ki,docfx_0.2,1,RF,0.11304588072923688,0.23551239352280895,0.4510079240048795,123,8,0.6403674282825083,1.2569422485591117
CHEMBL237_Ki,docfx_0.2,1,SVR,0.14976436804146054,0.2995553548209192,0.4651852058220137,123,8,0.6403674282825083,1.2569422485591117
CHEMBL237_Ki,docfx_0.2,1,GBM,0.09611882442367453,0.2116919528837939,0.4662102391882785,123,8,0.6403674282825083,1.2569422485591117
CHEMBL237_Ki,docfx_0.2,1,KNN,0.15187355906545513,0.06660111418790443,0.39204809120241985,123,8,0.6403674282825083,1.2569422485591117
CHEMBL237_Ki,docfx_0.2,2,RF,0.1552763361590469,0.41201097909332823,0.44857557763232747,121,9,0.6366377149374649,1.2000082256444766
CHEMBL237_Ki,docfx_0.2,2,SVR,0.1974410736269222,0.5458912294576489,0.4705037655206509,121,9,0.6366377149374649,1.2000082256444766
CHEMBL237_Ki,docfx_0.2,2,GBM,0.18858394593734068,0.5346657072399985,0.45156593076686385,121,9,0.6366377149374649,1.2000082256444766
CHEMBL237_Ki,docfx_0.2,2,KNN,0.20278678315113252,0.4379119879662479,0.415636839147415,121,9,0.6366377149374649,1.2000082256444766
CHEMBL237_Ki,docfx_0.2,3,RF,0.1466671463558808,0.38571705785982435,0.4894319705894798,115,6,0.6245122531123225,1.2206648486880078
CHEMBL237_Ki,docfx_0.2,3,SVR,0.14670437640694056,0.46402092367459213,0.5160790824302829,115,6,0.6245122531123225,1.2206648486880078
CHEMBL237_Ki,docfx_0.2,3,GBM,0.13656613058978156,0.3067583899096544,0.49083469780636463,115,6,0.6245122531123225,1.2206648486880078
CHEMBL237_Ki,docfx_0.2,3,KNN,0.19046530411436308,0.3529909012072924,0.4120887774974377,115,6,0.6245122531123225,1.2206648486880078
CHEMBL237_Ki,docfx_0.2,4,RF,0.17459226954558504,0.16994999941936356,0.4401119702996238,116,13,0.707945479224283,1.2444632390077828
CHEMBL237_Ki,docfx_0.2,4,SVR,0.1695372195517867,0.3357666545981197,0.48381887201584706,116,13,0.707945479224283,1.2444632390077828
CHEMBL237_Ki,docfx_0.2,4,GBM,0.1318246937941825,0.23124608383534506,0.49341410084760884,116,13,0.707945479224283,1.2444632390077828
CHEMBL237_Ki,docfx_0.2,4,KNN,0.19261089733548636,0.1334507409780631,0.42537072083870925,116,13,0.707945479224283,1.2444632390077828
CHEMBL237_Ki,docfx_0.3,0,RF,0.10467415196641383,0.3664838807379276,0.5147387835122705,166,22,0.8037504348701737,1.2531720970623077
CHEMBL237_Ki,docfx_0.3,0,SVR,0.12239607012606968,0.5186435240752554,0.5409487095288887,166,22,0.8037504348701737,1.2531720970623077
CHEMBL237_Ki,docfx_0.3,0,GBM,0.08336462121445098,0.3656188066880235,0.5325455483681227,166,22,0.8037504348701737,1.2531720970623077
CHEMBL237_Ki,docfx_0.3,0,KNN,0.16225187355570275,0.4240461145958731,0.4485701711049897,166,22,0.8037504348701737,1.2531720970623077
CHEMBL237_Ki,docfx_0.3,1,RF,0.11408715102723715,0.43606410910919935,0.4944183835906297,155,12,0.689599708401089,1.2579754493454605
CHEMBL237_Ki,docfx_0.3,1,SVR,0.128195828438452,0.5392358954057987,0.5100508883827449,155,12,0.689599708401089,1.2579754493454605
CHEMBL237_Ki,docfx_0.3,1,GBM,0.09439462846255786,0.4441826519109874,0.5105382129767304,155,12,0.689599708401089,1.2579754493454605
CHEMBL237_Ki,docfx_0.3,1,KNN,0.14590468475844842,0.46691117056299136,0.4382643867666042,155,12,0.689599708401089,1.2579754493454605
CHEMBL237_Ki,docfx_0.3,2,RF,0.1829883456465612,0.36922179613742134,0.4713594291913512,160,17,0.6943832058963837,1.208701978956763
CHEMBL237_Ki,docfx_0.3,2,SVR,0.19726326426149537,0.4613229530463453,0.49484531705568974,160,17,0.6943832058963837,1.208701978956763
CHEMBL237_Ki,docfx_0.3,2,GBM,0.17723060416152592,0.46756526289425737,0.48562207150724057,160,17,0.6943832058963837,1.208701978956763
CHEMBL237_Ki,docfx_0.3,2,KNN,0.2002084061654053,0.3428332725885386,0.44852764886901414,160,17,0.6943832058963837,1.208701978956763
CHEMBL237_Ki,docfx_0.3,3,RF,0.11544995597384267,0.276474436458651,0.5198164273462411,144,8,0.6701500440286279,1.2238459768230576
CHEMBL237_Ki,docfx_0.3,3,SVR,0.1038436439687972,0.36980044049642113,0.5400237134261076,144,8,0.6701500440286279,1.2238459768230576
CHEMBL237_Ki,docfx_0.3,3,GBM,0.10696756159207832,0.2559142829165898,0.5147808914350286,144,8,0.6701500440286279,1.2238459768230576
CHEMBL237_Ki,docfx_0.3,3,KNN,0.17051722588187368,0.21663647308394768,0.43977152511141526,144,8,0.6701500440286279,1.2238459768230576
CHEMBL237_Ki,docfx_0.3,4,RF,0.1639642539432356,0.18735010640875216,0.4785172941849119,154,14,0.7478455111762484,1.2452829966061212
CHEMBL237_Ki,docfx_0.3,4,SVR,0.15405420611714638,0.41225803457266785,0.5160890070264854,154,14,0.7478455111762484,1.2452829966061212
CHEMBL237_Ki,docfx_0.3,4,GBM,0.11787850415242707,0.3771523105863547,0.5277774292037759,154,14,0.7478455111762484,1.2452829966061212
CHEMBL237_Ki,docfx_0.3,4,KNN,0.16696468193962588,0.2642388128058698,0.4615467451908223,154,14,0.7478455111762484,1.2452829966061212
CHEMBL238_Ki,normal,0,RF,0.1902445780689972,0.006269034853425226,0.54548178354465,63,1,0.8074799676825827,1.023290572360513
CHEMBL238_Ki,normal,0,SVR,0.16161663864389353,0.030833973555898453,0.579420504232152,63,1,0.8074799676825827,1.023290572360513
CHEMBL238_Ki,normal,0,GBM,0.1756461551975489,0.3374619490728207,0.6080789002990015,63,1,0.8074799676825827,1.023290572360513
CHEMBL238_Ki,normal,0,KNN,0.2025011416809923,0.3028578645480068,0.5533629732561242,63,1,0.8074799676825827,1.023290572360513
CHEMBL238_Ki,normal,1,RF,0.16301213729552722,0.19655721766158596,0.553153151269271,50,3,0.7795026124863786,1.0325784025118505
CHEMBL238_Ki,normal,1,SVR,0.14147503921048488,0.062314698899875065,0.5741212782038061,50,3,0.7795026124863786,1.0325784025118505
CHEMBL238_Ki,normal,1,GBM,0.15970794944395628,0.14301896594961772,0.5747468748440353,50,3,0.7795026124863786,1.0325784025118505
CHEMBL238_Ki,normal,1,KNN,0.2445664076982813,0.43200327691990814,0.5291725478259872,50,3,0.7795026124863786,1.0325784025118505
CHEMBL238_Ki,normal,2,RF,0.2942670474777501,1.401911737620785,0.5730691688415633,62,1,0.796796864298778,1.0067245929284885
CHEMBL238_Ki,normal,2,SVR,0.26090430694769007,1.4892565581627877,0.6021390595807188,62,1,0.796796864298778,1.0067245929284885
CHEMBL238_Ki,normal,2,GBM,0.20765032723014454,1.361862850685579,0.6095592159143529,62,1,0.796796864298778,1.0067245929284885
CHEMBL238_Ki,normal,2,KNN,0.23644608049005544,1.7891682462183682,0.6084435832032827,62,1,0.796796864298778,1.0067245929284885
CHEMBL238_Ki,normal,3,RF,0.18547981563148375,0.6817311435645359,0.5918062618045894,68,4,0.8047411995777104,1.034742961011998
CHEMBL238_Ki,normal,3,SVR,0.21103995555022714,0.6894822393950271,0.5997959379776046,68,4,0.8047411995777104,1.034742961011998
CHEMBL238_Ki,normal,3,GBM,0.16474948161730696,0.5520485682223546,0.6119665448512205,68,4,0.8047411995777104,1.034742961011998
CHEMBL238_Ki,normal,3,KNN,0.21723431777575808,0.5564367450640281,0.538646556154589,68,4,0.8047411995777104,1.034742961011998
CHEMBL238_Ki,normal,4,RF,0.26448709176536633,0.6861029452781487,0.5136361110430242,65,2,0.8337834345708655,1.0219152137072127
CHEMBL238_Ki,normal,4,SVR,0.2315434257045519,0.8209149195927865,0.5503639758613413,65,2,0.8337834345708655,1.0219152137072127
CHEMBL238_Ki,normal,4,GBM,0.25852500553578195,0.7672061338510875,0.5328276957105773,65,2,0.8337834345708655,1.0219152137072127
CHEMBL238_Ki,normal,4,KNN,0.3308621462001756,0.7474043169775105,0.5074726562854845,65,2,0.8337834345708655,1.0219152137072127
CHEMBL238_Ki,t,0,RF,0.4138237759737773,0.6888108351753489,0.675936549354327,77,19,1.0567186523590257,1.0970722523912386
CHEMBL238_Ki,t,0,SVR,0.3553351134018551,0.6291727378342333,0.6628734565915401,77,19,1.0567186523590257,1.0970722523912386
CHEMBL238_Ki,t,0,GBM,0.38827449482430554,0.6159685940171653,0.6892638910721238,77,19,1.0567186523590257,1.0970722523912386
CHEMBL238_Ki,t,0,KNN,0.43146216221441,0.7239719139892609,0.6698319418277044,77,19,1.0567186523590257,1.0970722523912386
CHEMBL238_Ki,t,1,RF,0.4677439737568795,1.3084226433361077,0.6277060399786153,71,9,1.1047303933728412,1.1154757247345337
CHEMBL238_Ki,t,1,SVR,0.4618177216004674,1.3513709645044099,0.6253562663869184,71,9,1.1047303933728412,1.1154757247345337
CHEMBL238_Ki,t,1,GBM,0.43619301482171824,1.2465287558614737,0.6287829252245768,71,9,1.1047303933728412,1.1154757247345337
CHEMBL238_Ki,t,1,KNN,0.48291375785432544,1.415181132452887,0.6433047994405885,71,9,1.1047303933728412,1.1154757247345337
CHEMBL238_Ki,t,2,RF,0.19442650825579755,0.44090218193560227,0.6615402712037566,81,12,1.0577148489567745,1.1362384111962593
CHEMBL238_Ki,t,2,SVR,0.13313038704037294,0.3674969841879341,0.6889869835050163,81,12,1.0577148489567745,1.1362384111962593
CHEMBL238_Ki,t,2,GBM,0.09098116523289046,0.33159837508119616,0.7578015919050312,81,12,1.0577148489567745,1.1362384111962593
CHEMBL238_Ki,t,2,KNN,0.16862674729845628,0.40336486945494265,0.6589956091506363,81,12,1.0577148489567745,1.1362384111962593
CHEMBL238_Ki,t,3,RF,0.015562302502544978,0.5607380394457093,0.8237124015483911,83,6,1.015772408113676,1.1451406350833404
CHEMBL238_Ki,t,3,SVR,0.006629337561286031,0.5367075786880003,0.8207725521700296,83,6,1.015772408113676,1.1451406350833404
CHEMBL238_Ki,t,3,GBM,-0.02464984539763604,0.440404039527618,0.8462468580499336,83,6,1.015772408113676,1.1451406350833404
CHEMBL238_Ki,t,3,KNN,0.026908512045576316,0.6178094643550053,0.7812110144691634,83,6,1.015772408113676,1.1451406350833404
CHEMBL238_Ki,t,4,RF,0.40343769484709247,0.4950685601814795,0.6959719630347115,81,21,1.2124811454183742,1.1934328881046987
CHEMBL238_Ki,t,4,SVR,0.35956256181325086,0.4247519284426139,0.6510924399084049,81,21,1.2124811454183742,1.1934328881046987
CHEMBL238_Ki,t,4,GBM,0.3648576605417754,0.4860533551773868,0.7360330411756973,81,21,1.2124811454183742,1.1934328881046987
CHEMBL238_Ki,t,4,KNN,0.3493325955803177,0.5670957575987068,0.7351656566525022,81,21,1.2124811454183742,1.1934328881046987
CHEMBL238_Ki,docfx_0.2,0,RF,0.1476452635036083,,0.42676169750568393,25,0,0.5081866115976587,0.9805377967505836
CHEMBL238_Ki,docfx_0.2,0,SVR,0.08355021753172626,,0.443689279520111,25,0,0.5081866115976587,0.9805377967505836
CHEMBL238_Ki,docfx_0.2,0,GBM,0.09288761788747063,,0.45138272657126727,25,0,0.5081866115976587,0.9805377967505836
CHEMBL238_Ki,docfx_0.2,0,KNN,0.13021945583132388,,0.44621663294308467,25,0,0.5081866115976587,0.9805377967505836
CHEMBL238_Ki,docfx_0.2,1,RF,0.2443974235894117,,0.47306939567464185,20,0,0.5413875946492198,1.0257893525531805
CHEMBL238_Ki,docfx_0.2,1,SVR,0.17874607934579934,,0.48392931482702983,20,0,0.5413875946492198,1.0257893525531805
CHEMBL238_Ki,docfx_0.2,1,GBM,0.22340394729903323,,0.5091437202476232,20,0,0.5413875946492198,1.0257893525531805
CHEMBL238_Ki,docfx_0.2,1,KNN,0.21964022466904093,,0.4253898387116451,20,0,0.5413875946492198,1.0257893525531805
CHEMBL238_Ki,docfx_0.2,2,RF,0.17199846338895097,,0.4148111609722317,15,0,0.5032054520261362,0.9600618217342937
CHEMBL238_Ki,docfx_0.2,2,SVR,0.16698322925607867,,0.4267815414159041,15,0,0.5032054520261362,0.9600618217342937
CHEMBL238_Ki,docfx_0.2,2,GBM,0.18462606869098425,,0.40210334379920315,15,0,0.5032054520261362,0.9600618217342937
CHEMBL238_Ki,docfx_0.2,2,KNN,0.23457195054050584,,0.39194249313732366,15,0,0.5032054520261362,0.9600618217342937
CHEMBL238_Ki,docfx_0.2,3,RF,0.04122881843759452,,0.466097211486334,18,0,0.5061527297061666,1.0680160731891828
CHEMBL238_Ki,docfx_0.2,3,SVR,0.10790527245680603,,0.4475744276501503,18,0,0.5061527297061666,1.0680160731891828
CHEMBL238_Ki,docfx_0.2,3,GBM,0.06486677529425755,,0.46712532231156834,18,0,0.5061527297061666,1.0680160731891828
CHEMBL238_Ki,docfx_0.2,3,KNN,0.1594046708619467,,0.4191351779176124,18,0,0.5061527297061666,1.0680160731891828
CHEMBL238_Ki,docfx_0.2,4,RF,0.12216181361141232,,0.45356758772781247,16,0,0.5237744035623034,0.9459226090634681
CHEMBL238_Ki,docfx_0.2,4,SVR,0.1343992753044747,,0.4739086323025413,16,0,0.5237744035623034,0.9459226090634681
CHEMBL238_Ki,docfx_0.2,4,GBM,0.15389783523758016,,0.460981837805698,16,0,0.5237744035623034,0.9459226090634681
CHEMBL238_Ki,docfx_0.2,4,KNN,0.2560318449567624,,0.43749268088006027,16,0,0.5237744035623034,0.9459226090634681
CHEMBL238_Ki,docfx_0.3,0,RF,0.07648093827623531,,0.47938022170947353,33,0,0.5840021542827061,0.9936273089591938
CHEMBL238_Ki,docfx_0.3,0,SVR,0.05854985992743972,,0.49071271723848325,33,0,0.5840021542827061,0.9936273089591938
CHEMBL238_Ki,docfx_0.3,0,GBM,0.05352542977445446,,0.49199242010428784,33,0,0.5840021542827061,0.9936273089591938
CHEMBL238_Ki,docfx_0.3,0,KNN,0.09704709062631828,,0.4834475388507515,33,0,0.5840021542827061,0.9936273089591938
CHEMBL238_Ki,docfx_0.3,1,RF,0.23247047099469176,,0.5043159442943024,22,0,0.6070376838893686,1.0306471815533333
CHEMBL238_Ki,docfx_0.3,1,SVR,0.15027436492541513,,0.5152986321304778,22,0,0.6070376838893686,1.0306471815533333
CHEMBL238_Ki,docfx_0.3,1,GBM,0.20053766214578206,,0.5258258311665703,22,0,0.6070376838893686,1.0306471815533333
CHEMBL238_Ki,docfx_0.3,1,KNN,0.21007427062326794,,0.4606105472973024,22,0,0.6070376838893686,1.0306471815533333
CHEMBL238_Ki,docfx_0.3,2,RF,0.17989063628083563,,0.47326166471077186,21,0,0.5874654189173721,0.9694444608863718
CHEMBL238_Ki,docfx_0.3,2,SVR,0.21420369164025127,,0.46706249086493207,21,0,0.5874654189173721,0.9694444608863718
CHEMBL238_Ki,docfx_0.3,2,GBM,0.14433049867395437,,0.46326063150262903,21,0,0.5874654189173721,0.9694444608863718
CHEMBL238_Ki,docfx_0.3,2,KNN,0.18605023497040107,,0.4527382905768814,21,0,0.5874654189173721,0.9694444608863718
CHEMBL238_Ki,docfx_0.3,3,RF,0.07971809213945413,,0.4982163738625581,29,0,0.5783956624917773,1.0634436850660538
CHEMBL238_Ki,docfx_0.3,3,SVR,0.10256451231136521,,0.48222084536560816,29,0,0.5783956624917773,1.0634436850660538
CHEMBL238_Ki,docfx_0.3,3,GBM,0.1013934476980991,,0.5021751846227137,29,0,0.5783956624917773,1.0634436850660538
CHEMBL238_Ki,docfx_0.3,3,KNN,0.15501718616230398,,0.4475869394868859,29,0,0.5783956624917773,1.0634436850660538
CHEMBL238_Ki,docfx_0.3,4,RF,0.20071185286521048,,0.4817928181051378,25,0,0.6055003843549703,0.9511382315048663
CHEMBL238_Ki,docfx_0.3,4,SVR,0.20764780063225025,,0.4937542915295256,25,0,0.6055003843549703,0.9511382315048663
CHEMBL238_Ki,docfx_0.3,4,GBM,0.21959521770439305,,0.49530967755810695,25,0,0.6055003843549703,0.9511382315048663
CHEMBL238_Ki,docfx_0.3,4,KNN,0.26554782713805736,,0.47105717560572924,25,0,0.6055003843549703,0.9511382315048663
CHEMBL239_EC50,normal,0,RF,0.12523944946282162,0.08185051711179575,0.46645583377239175,97,22,0.654476256038029,0.9493932029485201
CHEMBL239_EC50,normal,0,SVR,0.09525420425559389,0.11903183420545704,0.48788978436728186,97,22,0.654476256038029,0.9493932029485201
CHEMBL239_EC50,normal,0,GBM,0.08499042011640456,0.1358384408655946,0.5045634970873205,97,22,0.654476256038029,0.9493932029485201
CHEMBL239_EC50,normal,0,KNN,0.14458839802570073,0.11706093310705373,0.43563535496731326,97,22,0.654476256038029,0.9493932029485201
CHEMBL239_EC50,normal,1,RF,0.10858313132929431,0.25764715484345624,0.4625474304524464,104,20,0.6464223031196591,0.9528650918824171
CHEMBL239_EC50,normal,1,SVR,0.13695614349943536,0.27728111275305134,0.4272634132995981,104,20,0.6464223031196591,0.9528650918824171
CHEMBL239_EC50,normal,1,GBM,0.1131019577378764,0.2521781093137052,0.44506208235265315,104,20,0.6464223031196591,0.9528650918824171
CHEMBL239_EC50,normal,1,KNN,0.1745206478822019,0.27640725484610906,0.41396492684050246,104,20,0.6464223031196591,0.9528650918824171
CHEMBL239_EC50,normal,2,RF,0.18155949728018972,0.23801643247474197,0.45230750543665543,98,19,0.6495110485320617,0.9582341237421208
CHEMBL239_EC50,normal,2,SVR,0.1594382870463955,0.18790677265726097,0.46213736324777077,98,19,0.6495110485320617,0.9582341237421208
CHEMBL239_EC50,normal,2,GBM,0.15778830360829382,0.1862479524298321,0.45802325625054957,98,19,0.6495110485320617,0.9582341237421208
CHEMBL239_EC50,normal,2,KNN,0.16918710852757413,0.22585197668601253,0.4090849042317989,98,19,0.6495110485320617,0.9582341237421208
CHEMBL239_EC50,normal,3,RF,0.15413025002391206,0.2510989814069666,0.47367708506189493,114,20,0.6729055680872489,0.9527849071028512
CHEMBL239_EC50,normal,3,SVR,0.16581366693848304,0.27638908341442747,0.4717779711761188,114,20,0.6729055680872489,0.9527849071028512
CHEMBL239_EC50,normal,3,GBM,0.136319401083625,0.22885667424477485,0.48155899292839593,114,20,0.6729055680872489,0.9527849071028512
CHEMBL239_EC50,normal,3,KNN,0.17232710280852148,0.2955270610021769,0.43482249516086047,114,20,0.6729055680872489,0.9527849071028512
CHEMBL239_EC50,normal,4,RF,0.20949670805499576,0.34651854858962283,0.426209177197031,95,22,0.6507375903826926,0.935415375933686
CHEMBL239_EC50,normal,4,SVR,0.15146502980873555,0.25928608442202744,0.45852096992112956,95,22,0.6507375903826926,0.935415375933686
CHEMBL239_EC50,normal,4,GBM,0.14574757206800698,0.3288869495148,0.48421386858581844,95,22,0.6507375903826926,0.935415375933686
CHEMBL239_EC50,normal,4,KNN,0.1594545243708526,0.28696568881331935,0.41412468925021584,95,22,0.6507375903826926,0.935415375933686
CHEMBL239_EC50,t,0,RF,0.24820656518165274,0.35318180458808823,0.5145824088381974,154,64,0.889400593118057,1.007616520264685
CHEMBL239_EC50,t,0,SVR,0.21000359235562804,0.29712306353418005,0.4992279968594462,154,64,0.889400593118057,1.007616520264685
CHEMBL239_EC50,t,0,GBM,0.21840664419905276,0.33372621714987827,0.5277275805198535,154,64,0.889400593118057,1.007616520264685
CHEMBL239_EC50,t,0,KNN,0.25505135916174576,0.36298161792701156,0.4908406236162452,154,64,0.889400593118057,1.007616520264685
CHEMBL239_EC50,t,1,RF,0.1608129515472132,0.39190769844339757,0.5762559858833913,154,45,0.8403778175481194,1.007640212580357
CHEMBL239_EC50,t,1,SVR,0.14871017574880474,0.3736451546038183,0.5796647960584982,154,45,0.8403778175481194,1.007640212580357
CHEMBL239_EC50,t,1,GBM,0.15123731860387768,0.38042961192219815,0.5931593353120487,154,45,0.8403778175481194,1.007640212580357
CHEMBL239_EC50,t,1,KNN,0.16947892790335428,0.39776509953389527,0.5506610422143696,154,45,0.8403778175481194,1.007640212580357
CHEMBL239_EC50,t,2,RF,0.29447021155085906,0.43241803056732586,0.5130157412147583,131,53,0.8974013594317795,1.0415626923243906
CHEMBL239_EC50,t,2,SVR,0.2782069579737509,0.41940601970337377,0.4930472286708189,131,53,0.8974013594317795,1.0415626923243906
CHEMBL239_EC50,t,2,GBM,0.2855642188796862,0.42167308514619994,0.5262527939248802,131,53,0.8974013594317795,1.0415626923243906
CHEMBL239_EC50,t,2,KNN,0.29955703833292685,0.42661381734732584,0.4724709878404702,131,53,0.8974013594317795,1.0415626923243906
CHEMBL239_EC50,t,3,RF,0.30014062649819245,0.3760368437588961,0.48324804704805663,126,53,0.828352552536591,1.0087578125363639
CHEMBL239_EC50,t,3,SVR,0.2822845245953073,0.36351468916320373,0.48647906372957606,126,53,0.828352552536591,1.0087578125363639
CHEMBL239_EC50,t,3,GBM,0.2994002059064269,0.35613153365620065,0.46812287914699446,126,53,0.828352552536591,1.0087578125363639
CHEMBL239_EC50,t,3,KNN,0.2608055589430119,0.3840181521050879,0.4648029327714314,126,53,0.828352552536591,1.0087578125363639
CHEMBL239_EC50,t,4,RF,0.28984817157870546,0.3459492209269729,0.507082309530432,127,46,0.8504674783535675,1.0232178678566373
CHEMBL239_EC50,t,4,SVR,0.29554803177046984,0.28828036620453856,0.5165960273844077,127,46,0.8504674783535675,1.0232178678566373
CHEMBL239_EC50,t,4,GBM,0.30517862104591376,0.3271915752021487,0.5219734556223264,127,46,0.8504674783535675,1.0232178678566373
CHEMBL239_EC50,t,4,KNN,0.3601488606655949,0.3909734711273828,0.47995708347147203,127,46,0.8504674783535675,1.0232178678566373
CHEMBL239_EC50,docfx_0.2,0,RF,0.0821698956841353,0.08116496455514904,0.406216581871195,62,10,0.5315487254037524,0.98974406354554
CHEMBL239_EC50,docfx_0.2,0,SVR,0.12431324830138824,0.1735796008930644,0.40866190705194183,62,10,0.5315487254037524,0.98974406354554
CHEMBL239_EC50,docfx_0.2,0,GBM,0.15490543810727592,0.1649977012115283,0.40699147138240593,62,10,0.5315487254037524,0.98974406354554
CHEMBL239_EC50,docfx_0.2,0,KNN,0.16146050939026912,0.09946335132990097,0.3496989777503231,62,10,0.5315487254037524,0.98974406354554
CHEMBL239_EC50,docfx_0.2,1,RF,0.06148378307680713,-0.02672139811880886,0.3966821162757649,55,12,0.5317650086274502,0.8921483741960308
CHEMBL239_EC50,docfx_0.2,1,SVR,0.10496918663771582,0.0824843135906504,0.3869563486366116,55,12,0.5317650086274502,0.8921483741960308
CHEMBL239_EC50,docfx_0.2,1,GBM,0.11280872491024241,0.05729331825079226,0.3953171509618215,55,12,0.5317650086274502,0.8921483741960308
CHEMBL239_EC50,docfx_0.2,1,KNN,0.08363836850749368,0.08615264874393552,0.32115814773425605,55,12,0.5317650086274502,0.8921483741960308
CHEMBL239_EC50,docfx_0.2,2,RF,0.0862131509180879,0.1151123432245344,0.4343250848243039,59,8,0.5274729775141787,0.9498085993383304
CHEMBL239_EC50,docfx_0.2,2,SVR,0.06254591601120119,0.13197271406692257,0.4481293265214573,59,8,0.5274729775141787,0.9498085993383304
CHEMBL239_EC50,docfx_0.2,2,GBM,0.12261246051872443,0.14249953870864657,0.4388846872977079,59,8,0.5274729775141787,0.9498085993383304
CHEMBL239_EC50,docfx_0.2,2,KNN,0.1387109925434981,0.19495882682353172,0.3580284031234687,59,8,0.5274729775141787,0.9498085993383304
CHEMBL239_EC50,docfx_0.2,3,RF,0.1388682487871885,0.3756273497731906,0.3900821481677408,48,7,0.5266240978151292,0.9978517301090706
CHEMBL239_EC50,docfx_0.2,3,SVR,0.17170628178540887,0.4259999383890211,0.3957465780260346,48,7,0.5266240978151292,0.9978517301090706
CHEMBL239_EC50,docfx_0.2,3,GBM,0.1542098690034599,0.39766277090159924,0.4110560981970316,48,7,0.5266240978151292,0.9978517301090706
CHEMBL239_EC50,docfx_0.2,3,KNN,0.1619401365807508,0.4619991200597775,0.3772265973099569,48,7,0.5266240978151292,0.9978517301090706
CHEMBL239_EC50,docfx_0.2,4,RF,0.17206102287340597,0.26057008759861255,0.4023537810508103,62,18,0.5530027192039513,0.9304837118927884
CHEMBL239_EC50,docfx_0.2,4,SVR,0.1679904591080406,0.24311269348079617,0.383061761719277,62,18,0.5530027192039513,0.9304837118927884
CHEMBL239_EC50,docfx_0.2,4,GBM,0.19558797680896356,0.28131004045176594,0.41510184720489485,62,18,0.5530027192039513,0.9304837118927884
CHEMBL239_EC50,docfx_0.2,4,KNN,0.1448331177399167,0.2393139829303837,0.3677313065846134,62,18,0.5530027192039513,0.9304837118927884
CHEMBL239_EC50,docfx_0.3,0,RF,0.1411431508784392,0.0586141208766599,0.43104220934882753,88,13,0.5992712179910651,0.9813837601436479
CHEMBL239_EC50,docfx_0.3,0,SVR,0.1228396152135725,0.09042789796037976,0.4495072334188643,88,13,0.5992712179910651,0.9813837601436479
CHEMBL239_EC50,docfx_0.3,0,GBM,0.12535087653511606,0.0996728107694459,0.45882651454711837,88,13,0.5992712179910651,0.9813837601436479
CHEMBL239_EC50,docfx_0.3,0,KNN,0.1628692752270246,0.007231253904541601,0.40255135203639586,88,13,0.5992712179910651,0.9813837601436479
CHEMBL239_EC50,docfx_0.3,1,RF,0.09643674069968833,0.07204130105696599,0.42920681854978016,87,16,0.6108586750455661,0.9140021740979763
CHEMBL239_EC50,docfx_0.3,1,SVR,0.12476883010756823,0.15876084297892074,0.43034397347347286,87,16,0.6108586750455661,0.9140021740979763
CHEMBL239_EC50,docfx_0.3,1,GBM,0.12614485849294138,0.14400492287175626,0.435017459782654,87,16,0.6108586750455661,0.9140021740979763
CHEMBL239_EC50,docfx_0.3,1,KNN,0.1234196477656812,0.09083932338426187,0.36855171464565395,87,16,0.6108586750455661,0.9140021740979763
CHEMBL239_EC50,docfx_0.3,2,RF,0.10576832228247773,0.18198266539624652,0.4825081520002083,84,15,0.6069423301823178,0.952153835017096
CHEMBL239_EC50,docfx_0.3,2,SVR,0.09721245582300209,0.19533075158708946,0.4916249980930344,84,15,0.6069423301823178,0.952153835017096
CHEMBL239_EC50,docfx_0.3,2,GBM,0.10850151184163515,0.20820604055796232,0.48782469587188093,84,15,0.6069423301823178,0.952153835017096
CHEMBL239_EC50,docfx_0.3,2,KNN,0.16019915688387948,0.26271339048801423,0.40298060733841085,84,15,0.6069423301823178,0.952153835017096
CHEMBL239_EC50,docfx_0.3,3,RF,0.16574385764979305,0.37547094219216337,0.435587636269252,78,10,0.6053563823487492,0.9903965705203683
CHEMBL239_EC50,docfx_0.3,3,SVR,0.1547834827129665,0.37259332572818515,0.43906080165848493,78,10,0.6053563823487492,0.9903965705203683
CHEMBL239_EC50,docfx_0.3,3,GBM,0.1435127897529635,0.3457920137124123,0.4387712723474793,78,10,0.6053563823487492,0.9903965705203683
CHEMBL239_EC50,docfx_0.3,3,KNN,0.17362756138755342,0.39518509787234085,0.4163769118421402,78,10,0.6053563823487492,0.9903965705203683
CHEMBL239_EC50,docfx_0.3,4,RF,0.18442592988020118,0.27839605706165715,0.4381836771183138,81,23,0.6281738827482837,0.9346522050867819
CHEMBL239_EC50,docfx_0.3,4,SVR,0.17396391822927754,0.2456657820780293,0.4259876985616859,81,23,0.6281738827482837,0.9346522050867819
CHEMBL239_EC50,docfx_0.3,4,GBM,0.2005503217335191,0.3082985861887505,0.45402089056342915,81,23,0.6281738827482837,0.9346522050867819
CHEMBL239_EC50,docfx_0.3,4,KNN,0.16397165828233845,0.25335138107918703,0.4203920814089946,81,23,0.6281738827482837,0.9346522050867819
CHEMBL244_Ki,normal,0,RF,0.14323587492150958,0.44326123515285776,0.5964001855738754,329,28,0.9188903274824839,1.5730019406837064
CHEMBL244_Ki,normal,0,SVR,0.13411712098041206,0.35223758917885317,0.6051100419304837,329,28,0.9188903274824839,1.5730019406837064
CHEMBL244_Ki,normal,0,GBM,0.11459221649948792,0.36969254786453587,0.5944248870841683,329,28,0.9188903274824839,1.5730019406837064
CHEMBL244_Ki,normal,0,KNN,0.16536499955466044,0.4367000829850476,0.5366452772986064,329,28,0.9188903274824839,1.5730019406837064
CHEMBL244_Ki,normal,1,RF,0.2480789442000838,0.43762196593686054,0.6081177905845926,316,29,0.9096410364751399,1.5688561437892508
CHEMBL244_Ki,normal,1,SVR,0.20482824732003746,0.39797862862150557,0.6125569785655195,316,29,0.9096410364751399,1.5688561437892508
CHEMBL244_Ki,normal,1,GBM,0.21880530853555635,0.41067919467419334,0.6220205663549364,316,29,0.9096410364751399,1.5688561437892508
CHEMBL244_Ki,normal,1,KNN,0.22592693670267627,0.4650660764594283,0.5275338784298436,316,29,0.9096410364751399,1.5688561437892508
CHEMBL244_Ki,normal,2,RF,0.13948052128804678,0.36191230228204985,0.6028716993366201,315,35,0.9105163212653568,1.5630596597283835
CHEMBL244_Ki,normal,2,SVR,0.1035337700837261,0.2765082385570119,0.6192874828419315,315,35,0.9105163212653568,1.5630596597283835
CHEMBL244_Ki,normal,2,GBM,0.1115379232332322,0.3108190108790613,0.6184649872463124,315,35,0.9105163212653568,1.5630596597283835
CHEMBL244_Ki,normal,2,KNN,0.11679027790888763,0.1955082135751628,0.5362170988240672,315,35,0.9105163212653568,1.5630596597283835
CHEMBL244_Ki,normal,3,RF,0.19874852876919757,0.5034129445866157,0.5791725078243363,327,33,0.9332429887500491,1.575431997573972
CHEMBL244_Ki,normal,3,SVR,0.16234661085483615,0.4406572508223636,0.5943126271699478,327,33,0.9332429887500491,1.575431997573972
CHEMBL244_Ki,normal,3,GBM,0.16009568377709116,0.46097539584973946,0.5995078720516516,327,33,0.9332429887500491,1.575431997573972
CHEMBL244_Ki,normal,3,KNN,0.2224419750869161,0.5174201163576793,0.5072720385231932,327,33,0.9332429887500491,1.575431997573972
CHEMBL244_Ki,normal,4,RF,0.2151921650954376,0.38305750893127866,0.5680905240262815,310,23,0.9168589829868584,1.5604997029213314
CHEMBL244_Ki,normal,4,SVR,0.14949880412749095,0.3354136369174695,0.5943582608712314,310,23,0.9168589829868584,1.5604997029213314
CHEMBL244_Ki,normal,4,GBM,0.2026283544420292,0.2589258570352083,0.5776360915023806,310,23,0.9168589829868584,1.5604997029213314
CHEMBL244_Ki,normal,4,KNN,0.19930307287938087,0.3629139252667847,0.5147564017862473,310,23,0.9168589829868584,1.5604997029213314
CHEMBL244_Ki,t,0,RF,0.2463333888184417,0.4874292380047791,0.7275644967025547,384,92,1.2367388960635808,1.6664595670351274
CHEMBL244_Ki,t,0,SVR,0.27123318657012296,0.5285896955953847,0.6785553654995606,384,92,1.2367388960635808,1.6664595670351274
CHEMBL244_Ki,t,0,GBM,0.2270146830607792,0.4982735105245303,0.7257554666153946,384,92,1.2367388960635808,1.6664595670351274
CHEMBL244_Ki,t,0,KNN,0.2975412106600268,0.5911661029229639,0.6231923963008292,384,92,1.2367388960635808,1.6664595670351274
CHEMBL244_Ki,t,1,RF,0.1888826192797095,0.5322208785534503,0.7647152183048056,379,89,1.1254661551230043,1.6511630371775587
CHEMBL244_Ki,t,1,SVR,0.1348810440549698,0.5232846432086621,0.8165648982617405,379,89,1.1254661551230043,1.6511630371775587
CHEMBL244_Ki,t,1,GBM,0.13408917247757213,0.47321823836809507,0.8017777623381496,379,89,1.1254661551230043,1.6511630371775587
CHEMBL244_Ki,t,1,KNN,0.2106233312240019,0.5554726981931309,0.7183464801672109,379,89,1.1254661551230043,1.6511630371775587
CHEMBL244_Ki,t,2,RF,0.32811231841227884,0.6575781704407173,0.6584109887422485,379,82,1.1277276993633212,1.6242053483777628
CHEMBL244_Ki,t,2,SVR,0.2843811180754968,0.6708312836991912,0.6715513903381013,379,82,1.1277276993633212,1.6242053483777628
CHEMBL244_Ki,t,2,GBM,0.2785910271810855,0.6828891631077377,0.6843479944712418,379,82,1.1277276993633212,1.6242053483777628
CHEMBL244_Ki,t,2,KNN,0.31392390225209155,0.7312144126614734,0.6252975209080865,379,82,1.1277276993633212,1.6242053483777628
CHEMBL244_Ki,t,3,RF,0.37895285125851796,0.8456946672338186,0.6425293853405248,388,91,1.120141669658408,1.6432241599605852
CHEMBL244_Ki,t,3,SVR,0.271420763382172,0.7082311640875917,0.7032082257641862,388,91,1.120141669658408,1.6432241599605852
CHEMBL244_Ki,t,3,GBM,0.32502571275021486,0.791444748362456,0.6781465679666926,388,91,1.120141669658408,1.6432241599605852
CHEMBL244_Ki,t,3,KNN,0.4091825708715322,0.7729036035237684,0.5846170209390067,388,91,1.120141669658408,1.6432241599605852
CHEMBL244_Ki,t,4,RF,0.3528271970559005,0.7524100318351505,0.6727532565440801,369,95,1.1779310876067983,1.6318688916083455
CHEMBL244_Ki,t,4,SVR,0.26344750653793125,0.7176381952838169,0.722315336154991,369,95,1.1779310876067983,1.6318688916083455
CHEMBL244_Ki,t,4,GBM,0.31041930516292604,0.729611142585168,0.7057447771204672,369,95,1.1779310876067983,1.6318688916083455
CHEMBL244_Ki,t,4,KNN,0.3316957076661178,0.7423076758919295,0.6606889155887553,369,95,1.1779310876067983,1.6318688916083455
CHEMBL244_Ki,docfx_0.2,0,RF,0.25361340707945645,0.5337036075055831,0.4768408384755052,170,18,0.7312136813694889,1.559709901532522
CHEMBL244_Ki,docfx_0.2,0,SVR,0.2125787804501425,0.4663356630976567,0.47806534197852907,170,18,0.7312136813694889,1.559709901532522
CHEMBL244_Ki,docfx_0.2,0,GBM,0.24561678864673103,0.4797814057128408,0.48137742700041014,170,18,0.7312136813694889,1.559709901532522
CHEMBL244_Ki,docfx_0.2,0,KNN,0.2605131704169818,0.47079549170935253,0.36814687262744755,170,18,0.7312136813694889,1.559709901532522
CHEMBL244_Ki,docfx_0.2,1,RF,0.1926946899770356,0.3806773287901337,0.46306123220801937,175,24,0.719624281070912,1.5576857215715874
CHEMBL244_Ki,docfx_0.2,1,SVR,0.13673710286815088,0.3910747621648041,0.4993786863214389,175,24,0.719624281070912,1.5576857215715874
CHEMBL244_Ki,docfx_0.2,1,GBM,0.16357418544318436,0.295404248772962,0.4934442687494389,175,24,0.719624281070912,1.5576857215715874
CHEMBL244_Ki,docfx_0.2,1,KNN,0.14465589485666952,0.2756063388336114,0.4114930308132656,175,24,0.719624281070912,1.5576857215715874
CHEMBL244_Ki,docfx_0.2,2,RF,0.2052114042703047,0.37272607113294653,0.4425884518304949,174,26,0.7555777237010557,1.6111430630957035
CHEMBL244_Ki,docfx_0.2,2,SVR,0.15664480214688214,0.36275826282736956,0.4941983574829869,174,26,0.7555777237010557,1.6111430630957035
CHEMBL244_Ki,docfx_0.2,2,GBM,0.15864323490329008,0.3795724219170111,0.480958910580537,174,26,0.7555777237010557,1.6111430630957035
CHEMBL244_Ki,docfx_0.2,2,KNN,0.21317644234402938,0.3600784607887217,0.3790255098301825,174,26,0.7555777237010557,1.6111430630957035
CHEMBL244_Ki,docfx_0.2,3,RF,0.18383672344524316,0.3696237392849354,0.48192705130715896,181,13,0.7000454076357704,1.5832836310375815
CHEMBL244_Ki,docfx_0.2,3,SVR,0.11727693563732627,0.2869958566325568,0.48546670986723245,181,13,0.7000454076357704,1.5832836310375815
CHEMBL244_Ki,docfx_0.2,3,GBM,0.1342504901395935,0.36124350216964984,0.4885090210479662,181,13,0.7000454076357704,1.5832836310375815
CHEMBL244_Ki,docfx_0.2,3,KNN,0.20620140027201622,0.3146767560177724,0.38082169617492484,181,13,0.7000454076357704,1.5832836310375815
CHEMBL244_Ki,docfx_0.2,4,RF,0.25828499071029287,0.7560098035026332,0.48579366067517715,175,24,0.755379168459967,1.5691322780318901
CHEMBL244_Ki,docfx_0.2,4,SVR,0.23014413360280456,0.7816511581105176,0.4952339122592046,175,24,0.755379168459967,1.5691322780318901
CHEMBL244_Ki,docfx_0.2,4,GBM,0.2393839839209132,0.7240037240529918,0.50404597230735,175,24,0.755379168459967,1.5691322780318901
CHEMBL244_Ki,docfx_0.2,4,KNN,0.1745100535606589,0.5511627988797928,0.41783789475114,175,24,0.755379168459967,1.5691322780318901
CHEMBL244_Ki,docfx_0.3,0,RF,0.2111345947413752,0.5774002571409128,0.5221475692562363,223,19,0.7829513786832237,1.5581403849004383
CHEMBL244_Ki,docfx_0.3,0,SVR,0.1919360755020877,0.5168292515248532,0.5138406883096508,223,19,0.7829513786832237,1.5581403849004383
CHEMBL244_Ki,docfx_0.3,0,GBM,0.1953591795763554,0.4735366784451419,0.5174605758564578,223,19,0.7829513786832237,1.5581403849004383
CHEMBL244_Ki,docfx_0.3,0,KNN,0.23831419507953577,0.5209257574908523,0.41550081576340303,223,19,0.7829513786832237,1.5581403849004383
CHEMBL244_Ki,docfx_0.3,1,RF,0.18858270603509503,0.34815252182987677,0.49232046512411837,203,24,0.765912406749722,1.5558531080320914
CHEMBL244_Ki,docfx_0.3,1,SVR,0.15248796532728304,0.3116407307902219,0.5174851035086655,203,24,0.765912406749722,1.5558531080320914
CHEMBL244_Ki,docfx_0.3,1,GBM,0.17422247092627652,0.21893372042806147,0.5275704327222244,203,24,0.765912406749722,1.5558531080320914
CHEMBL244_Ki,docfx_0.3,1,KNN,0.13785915344601002,0.24560693435850045,0.4486087226101843,203,24,0.765912406749722,1.5558531080320914
CHEMBL244_Ki,docfx_0.3,2,RF,0.1838629251955139,0.3950471813696982,0.4822702543427359,209,27,0.7937481485089458,1.6052603394472882
CHEMBL244_Ki,docfx_0.3,2,SVR,0.13361069489931454,0.390630400759187,0.5252134617048664,209,27,0.7937481485089458,1.6052603394472882
CHEMBL244_Ki,docfx_0.3,2,GBM,0.12709533612101598,0.3692126061364456,0.5215509814049141,209,27,0.7937481485089458,1.6052603394472882
CHEMBL244_Ki,docfx_0.3,2,KNN,0.18899259620742903,0.4081254237423927,0.41635527313984444,209,27,0.7937481485089458,1.6052603394472882
CHEMBL244_Ki,docfx_0.3,3,RF,0.21283543404168603,0.28205940487395886,0.5055813329389189,209,17,0.7501652623973724,1.5762733298155498
CHEMBL244_Ki,docfx_0.3,3,SVR,0.1445804227868921,0.2625024071099331,0.5169267149978214,209,17,0.7501652623973724,1.5762733298155498
CHEMBL244_Ki,docfx_0.3,3,GBM,0.17142755251348474,0.307828703897716,0.5123983333900877,209,17,0.7501652623973724,1.5762733298155498
CHEMBL244_Ki,docfx_0.3,3,KNN,0.21071629034132738,0.37633254074347283,0.42984337143169044,209,17,0.7501652623973724,1.5762733298155498
CHEMBL244_Ki,docfx_0.3,4,RF,0.26634061544930254,0.605816783258514,0.5028332935670973,211,25,0.7920631583889554,1.567189275772066
CHEMBL244_Ki,docfx_0.3,4,SVR,0.2276060310486191,0.5999048857852255,0.5175605922498098,211,25,0.7920631583889554,1.567189275772066
CHEMBL244_Ki,docfx_0.3,4,GBM,0.2310384704415933,0.636346941558777,0.5222714331999521,211,25,0.7920631583889554,1.567189275772066
CHEMBL244_Ki,docfx_0.3,4,KNN,0.20712032734176994,0.5072881465163055,0.44162258551283146,211,25,0.7920631583889554,1.567189275772066
CHEMBL262_Ki,normal,0,RF,0.3029186958764353,0.9312618745793716,0.553059527126969,40,3,0.8133478794247749,0.9130816831502029
CHEMBL262_Ki,normal,0,SVR,0.33699770925761685,0.9336120783377255,0.5137195435748642,40,3,0.8133478794247749,0.9130816831502029
CHEMBL262_Ki,normal,0,GBM,0.3083555313642884,1.065039683857659,0.5820648596288305,40,3,0.8133478794247749,0.9130816831502029
CHEMBL262_Ki,normal,0,KNN,0.29901504221742325,0.7998546064268999,0.5356529021548081,40,3,0.8133478794247749,0.9130816831502029
CHEMBL262_Ki,normal,1,RF,0.05322457089000898,,0.6128848651925594,26,0,0.7676777856633493,0.8941452315261537
CHEMBL262_Ki,normal,1,SVR,0.010967233802856358,,0.6113002461200413,26,0,0.7676777856633493,0.8941452315261537
CHEMBL262_Ki,normal,1,GBM,-0.0051100642765258275,,0.649240947231537,26,0,0.7676777856633493,0.8941452315261537
CHEMBL262_Ki,normal,1,KNN,-0.028989892371311665,,0.5831157037398996,26,0,0.7676777856633493,0.8941452315261537
CHEMBL262_Ki,normal,2,RF,0.17160533078668683,,0.6218419390262262,33,0,0.7451954474434873,0.950267930562483
CHEMBL262_Ki,normal,2,SVR,0.13271767507527776,,0.6314907309693646,33,0,0.7451954474434873,0.950267930562483
CHEMBL262_Ki,normal,2,GBM,0.16572649874631606,,0.6652226085350986,33,0,0.7451954474434873,0.950267930562483
CHEMBL262_Ki,normal,2,KNN,0.20472906832266713,,0.5810298386708866,33,0,0.7451954474434873,0.950267930562483
CHEMBL262_Ki,normal,3,RF,0.12866095709318925,,0.6650068882973692,38,0,0.8307930983681365,0.9540447275124211
CHEMBL262_Ki,normal,3,SVR,0.12800274986007976,,0.6515764501549515,38,0,0.8307930983681365,0.9540447275124211
CHEMBL262_Ki,normal,3,GBM,0.08382248682887927,,0.7046724860936537,38,0,0.8307930983681365,0.9540447275124211
CHEMBL262_Ki,normal,3,KNN,0.18097597274780264,,0.6072319985809289,38,0,0.8307930983681365,0.9540447275124211
CHEMBL262_Ki,normal,4,RF,0.20105559495678715,-0.13453278093278986,0.5918870887035974,41,1,0.7928612471920654,0.933876336133041
CHEMBL262_Ki,normal,4,SVR,0.17856815049184893,-0.09635074815760547,0.5996325923151191,41,1,0.7928612471920654,0.933876336133041
CHEMBL262_Ki,normal,4,GBM,0.18344849602904356,-0.22481656266867422,0.6280036928808254,41,1,0.7928612471920654,0.933876336133041
CHEMBL262_Ki,normal,4,KNN,0.23839482765441533,-0.06455123829526588,0.5653730646693056,41,1,0.7928612471920654,0.933876336133041
CHEMBL262_Ki,t,0,RF,0.40719087257112296,1.1986970842025406,0.7565476870777607,54,12,1.0933639302311509,1.0827889836674243
CHEMBL262_Ki,t,0,SVR,0.3511331253393519,1.0261056875302104,0.7716484589726149,54,12,1.0933639302311509,1.0827889836674243
CHEMBL262_Ki,t,0,GBM,0.34324371931903264,1.0881924905465894,0.8059591846516504,54,12,1.0933639302311509,1.0827889836674243
CHEMBL262_Ki,t,0,KNN,0.45981423080894157,1.1688968251140799,0.7313709530385678,54,12,1.0933639302311509,1.0827889836674243
CHEMBL262_Ki,t,1,RF,0.2683642790947727,0.7704810185745982,0.6412385450437634,53,7,1.0328330897701972,1.0229348757237038
CHEMBL262_Ki,t,1,SVR,0.19353729059283775,0.572945113816525,0.6538986089787897,53,7,1.0328330897701972,1.0229348757237038
CHEMBL262_Ki,t,1,GBM,0.24054350591175466,0.8072869430541875,0.685457495435463,53,7,1.0328330897701972,1.0229348757237038
CHEMBL262_Ki,t,1,KNN,0.2053118734936039,0.7160629187891285,0.6472042747604474,53,7,1.0328330897701972,1.0229348757237038
CHEMBL262_Ki,t,2,RF,0.3297675561975554,0.30750080223842824,0.7360563890355744,45,4,1.0265773588609473,1.1046198732818948
CHEMBL262_Ki,t,2,SVR,0.3378456088316998,0.30637715607593397,0.6990133690751165,45,4,1.0265773588609473,1.1046198732818948
CHEMBL262_Ki,t,2,GBM,0.2963864794407304,-0.01314892568441628,0.7992835046041543,45,4,1.0265773588609473,1.1046198732818948
CHEMBL262_Ki,t,2,KNN,0.3178494482738815,0.17748766277038497,0.7296968897751269,45,4,1.0265773588609473,1.1046198732818948
CHEMBL262_Ki,t,3,RF,0.2105229861216339,-0.027304860403814857,0.7184811448383165,44,3,1.0407433154819608,1.0524173386382227
CHEMBL262_Ki,t,3,SVR,0.15852278299805322,-0.38801984195831535,0.7364933130124135,44,3,1.0407433154819608,1.0524173386382227
CHEMBL262_Ki,t,3,GBM,0.18366025973644695,-0.1679959002171395,0.7857805500222013,44,3,1.0407433154819608,1.0524173386382227
CHEMBL262_Ki,t,3,KNN,0.1398145988291164,-0.25341934260347176,0.7452555418195579,44,3,1.0407433154819608,1.0524173386382227
CHEMBL262_Ki,t,4,RF,0.3707159805870207,0.8222454648104952,0.7511000727851899,47,7,1.014698217916845,1.0891860436554133
CHEMBL262_Ki,t,4,SVR,0.3114253238774719,0.7507454971758187,0.759052148213094,47,7,1.014698217916845,1.0891860436554133
CHEMBL262_Ki,t,4,GBM,0.36308241741990754,0.8565247619107256,0.7559928297027513,47,7,1.014698217916845,1.0891860436554133
CHEMBL262_Ki,t,4,KNN,0.31403207762788443,0.9144635047561624,0.720614355561304,47,7,1.014698217916845,1.0891860436554133
CHEMBL262_Ki,docfx_0.2,0,RF,0.027351607408833634,,0.49666734054775014,6,0,0.504043122250946,0.7959701515744436
CHEMBL262_Ki,docfx_0.2,0,SVR,0.152001140480494,,0.43578535025645354,6,0,0.504043122250946,0.7959701515744436
CHEMBL262_Ki,docfx_0.2,0,GBM,0.12779635960775332,,0.4641995408060782,6,0,0.504043122250946,0.7959701515744436
CHEMBL262_Ki,docfx_0.2,0,KNN,0.04169892528069119,,0.429068495822071,6,0,0.504043122250946,0.7959701515744436
CHEMBL262_Ki,docfx_0.2,1,RF,0.34729325114709686,,0.47355862587103614,11,0,0.4860703454047466,0.7626666511075073
CHEMBL262_Ki,docfx_0.2,1,SVR,0.3605865990199851,,0.4381957346018836,11,0,0.4860703454047466,0.7626666511075073
CHEMBL262_Ki,docfx_0.2,1,GBM,0.42219628336367,,0.4514362221115892,11,0,0.4860703454047466,0.7626666511075073
CHEMBL262_Ki,docfx_0.2,1,KNN,0.3737004242133279,,0.43154302068080536,11,0,0.4860703454047466,0.7626666511075073
CHEMBL262_Ki,docfx_0.2,2,RF,0.13370231310113628,,0.4217637960509339,11,0,0.5066526804381191,0.7664242529835968
CHEMBL262_Ki,docfx_0.2,2,SVR,0.1219746602125154,,0.41223061670841815,11,0,0.5066526804381191,0.7664242529835968
CHEMBL262_Ki,docfx_0.2,2,GBM,0.16737878306616333,,0.45164429669769085,11,0,0.5066526804381191,0.7664242529835968
CHEMBL262_Ki,docfx_0.2,2,KNN,0.09983163622474461,,0.39299031269788126,11,0,0.5066526804381191,0.7664242529835968
CHEMBL262_Ki,docfx_0.2,3,RF,0.027094983513446635,,0.4386970324882032,11,0,0.4943360633887246,0.9664114418610609
CHEMBL262_Ki,docfx_0.2,3,SVR,0.10054922831886998,,0.41527441943642346,11,0,0.4943360633887246,0.9664114418610609
CHEMBL262_Ki,docfx_0.2,3,GBM,0.11307835912388964,,0.44533973435348706,11,0,0.4943360633887246,0.9664114418610609
CHEMBL262_Ki,docfx_0.2,3,KNN,0.024237405418437108,,0.40319671252317785,11,0,0.4943360633887246,0.9664114418610609
CHEMBL262_Ki,docfx_0.2,4,RF,0.12122870917337036,,0.4184472781421532,8,0,0.48639889933057084,0.8384294578706679
CHEMBL262_Ki,docfx_0.2,4,SVR,0.12829083513260742,,0.41409238000554605,8,0,0.48639889933057084,0.8384294578706679
CHEMBL262_Ki,docfx_0.2,4,GBM,0.1278950496131685,,0.41710926796059883,8,0,0.48639889933057084,0.8384294578706679
CHEMBL262_Ki,docfx_0.2,4,KNN,0.21962507723933494,,0.3868818188112915,8,0,0.48639889933057084,0.8384294578706679
CHEMBL262_Ki,docfx_0.3,0,RF,-0.003600604491766357,,0.5481784789959402,12,0,0.5860935415643519,0.8167116724926626
CHEMBL262_Ki,docfx_0.3,0,SVR,0.08114368854038989,,0.49593254657346686,12,0,0.5860935415643519,0.8167116724926626
CHEMBL262_Ki,docfx_0.3,0,GBM,0.09595793112730833,,0.530769741956822,12,0,0.5860935415643519,0.8167116724926626
CHEMBL262_Ki,docfx_0.3,0,KNN,0.056208704284273214,,0.4925239967544213,12,0,0.5860935415643519,0.8167116724926626
CHEMBL262_Ki,docfx_0.3,1,RF,0.3869869483927344,,0.5143516196124832,14,0,0.5612393690848331,0.7814222448026841
CHEMBL262_Ki,docfx_0.3,1,SVR,0.3644971116057661,,0.48563304322119377,14,0,0.5612393690848331,0.7814222448026841
CHEMBL262_Ki,docfx_0.3,1,GBM,0.43501633930402556,,0.493040813280015,14,0,0.5612393690848331,0.7814222448026841
CHEMBL262_Ki,docfx_0.3,1,KNN,0.42277364570990433,,0.46135104068106597,14,0,0.5612393690848331,0.7814222448026841
CHEMBL262_Ki,docfx_0.3,2,RF,0.2441898005146444,,0.4629503359993827,13,0,0.5973251051753432,0.7935054805036212
CHEMBL262_Ki,docfx_0.3,2,SVR,0.2156948405372422,,0.4598925671742613,13,0,0.5973251051753432,0.7935054805036212
CHEMBL262_Ki,docfx_0.3,2,GBM,0.21506102187396148,,0.5056468273276287,13,0,0.5973251051753432,0.7935054805036212
CHEMBL262_Ki,docfx_0.3,2,KNN,0.1831792491280041,,0.4453042675215233,13,0,0.5973251051753432,0.7935054805036212
CHEMBL262_Ki,docfx_0.3,3,RF,0.10739795688065301,,0.4965720722936702,18,0,0.5917663572081383,0.9753210529160334
CHEMBL262_Ki,docfx_0.3,3,SVR,0.14661597714297864,,0.4644111572368788,18,0,0.5917663572081383,0.9753210529160334
CHEMBL262_Ki,docfx_0.3,3,GBM,0.18710934294297304,,0.4798309670365161,18,0,0.5917663572081383,0.9753210529160334
CHEMBL262_Ki,docfx_0.3,3,KNN,0.09718242593125531,,0.45765971005808265,18,0,0.5917663572081383,0.9753210529160334
CHEMBL262_Ki,docfx_0.3,4,RF,0.1012746352787599,,0.47228526327937714,13,0,0.5809577932799471,0.8592650547659884
CHEMBL262_Ki,docfx_0.3,4,SVR,0.10603194699503526,,0.47345436240488503,13,0,0.5809577932799471,0.8592650547659884
CHEMBL262_Ki,docfx_0.3,4,GBM,0.21880079551980947,,0.46699590852482165,13,0,0.5809577932799471,0.8592650547659884
CHEMBL262_Ki,docfx_0.3,4,KNN,0.19859571709575313,,0.45005282942552677,13,0,0.5809577932799471,0.8592650547659884
CHEMBL264_Ki,normal,0,RF,0.19264204623063197,0.32055593692098683,0.5499820893048387,283,20,0.8681662189807997,1.0332318648069572
CHEMBL264_Ki,normal,0,SVR,0.17225277533032235,0.4192504205067896,0.5580426784295673,283,20,0.8681662189807997,1.0332318648069572
CHEMBL264_Ki,normal,0,GBM,0.15175431105878656,0.3625292768902434,0.5643717064630248,283,20,0.8681662189807997,1.0332318648069572
CHEMBL264_Ki,normal,0,KNN,0.1572859543348667,0.337584286238812,0.5110013751725165,283,20,0.8681662189807997,1.0332318648069572
CHEMBL264_Ki,normal,1,RF,0.1791291840275393,0.37428585325748376,0.549723209440731,254,29,0.8439210583839272,1.0094318235064954
CHEMBL264_Ki,normal,1,SVR,0.20189563435421487,0.3868857766052144,0.5310396714849244,254,29,0.8439210583839272,1.0094318235064954
CHEMBL264_Ki,normal,1,GBM,0.1804871528383597,0.35423521016873394,0.5365791899076937,254,29,0.8439210583839272,1.0094318235064954
CHEMBL264_Ki,normal,1,KNN,0.21299806567931173,0.28088184709246167,0.47973966723131306,254,29,0.8439210583839272,1.0094318235064954
CHEMBL264_Ki,normal,2,RF,0.19073687330299982,0.4336567848636541,0.5532073112514402,272,23,0.8585006158009512,1.0265178735338538
CHEMBL264_Ki,normal,2,SVR,0.14153361535262243,0.4370401703284946,0.5731742524744492,272,23,0.8585006158009512,1.0265178735338538
CHEMBL264_Ki,normal,2,GBM,0.1432864343979101,0.4304895993579376,0.5703050383975156,272,23,0.8585006158009512,1.0265178735338538
CHEMBL264_Ki,normal,2,KNN,0.2059728521824173,0.39103368529789073,0.47274973325501296,272,23,0.8585006158009512,1.0265178735338538
CHEMBL264_Ki,normal,3,RF,0.2562447973757389,0.4656233487985373,0.5253737862286696,255,25,0.8782261768602195,1.0250647037899145
CHEMBL264_Ki,normal,3,SVR,0.2331491960077875,0.4627300313540149,0.5171987227911498,255,25,0.8782261768602195,1.0250647037899145
CHEMBL264_Ki,normal,3,GBM,0.20307556618714506,0.44789140678847617,0.5399928688734051,255,25,0.8782261768602195,1.0250647037899145
CHEMBL264_Ki,normal,3,KNN,0.21975689679175353,0.43487663029892265,0.49613295467859303,255,25,0.8782261768602195,1.0250647037899145
CHEMBL264_Ki,normal,4,RF,0.20193120741664505,0.4357624778482915,0.5416005830881732,290,24,0.8975374659648191,1.0309797325386183
CHEMBL264_Ki,normal,4,SVR,0.17932418060220867,0.4329892491173728,0.524456459175328,290,24,0.8975374659648191,1.0309797325386183
CHEMBL264_Ki,normal,4,GBM,0.15499939191247347,0.40423638855802135,0.5470521208170009,290,24,0.8975374659648191,1.0309797325386183
CHEMBL264_Ki,normal,4,KNN,0.17323722926083296,0.39620138340689637,0.5066378097453965,290,24,0.8975374659648191,1.0309797325386183
CHEMBL264_Ki,t,0,RF,0.2832195399993672,0.5701070389987563,0.6514354445848372,316,71,1.0919941103217132,1.1772404886260834
CHEMBL264_Ki,t,0,SVR,0.23765150052118567,0.5712653017707716,0.6684818140005949,316,71,1.0919941103217132,1.1772404886260834
CHEMBL264_Ki,t,0,GBM,0.2435673023218673,0.580349741408728,0.6720596415272829,316,71,1.0919941103217132,1.1772404886260834
CHEMBL264_Ki,t,0,KNN,0.2676166877333055,0.615479238018473,0.6261076833770509,316,71,1.0919941103217132,1.1772404886260834
CHEMBL264_Ki,t,1,RF,0.2961270896228285,0.6152001632019344,0.6755444870744286,321,64,0.9996689392028039,1.120216702476695
CHEMBL264_Ki,t,1,SVR,0.26452978132604743,0.5825591152145423,0.6699619940551366,321,64,0.9996689392028039,1.120216702476695
CHEMBL264_Ki,t,1,GBM,0.2553272087259647,0.5347304833158024,0.6863973514291798,321,64,0.9996689392028039,1.120216702476695
CHEMBL264_Ki,t,1,KNN,0.3119479110544924,0.6652285278626384,0.6159222954699035,321,64,0.9996689392028039,1.120216702476695
CHEMBL264_Ki,t,2,RF,0.2985066794667147,0.6790111545701087,0.6320395296425527,319,76,1.1603118424180978,1.1150321118827646
CHEMBL264_Ki,t,2,SVR,0.3177483536771518,0.7226571691476587,0.5927757833607656,319,76,1.1603118424180978,1.1150321118827646
CHEMBL264_Ki,t,2,GBM,0.3234615781648943,0.7078205917216377,0.6204827973209197,319,76,1.1603118424180978,1.1150321118827646
CHEMBL264_Ki,t,2,KNN,0.33567967597061743,0.6916342592894922,0.5756199833709442,319,76,1.1603118424180978,1.1150321118827646
CHEMBL264_Ki,t,3,RF,0.27517795448907556,0.6305473097110473,0.6749332261069924,323,77,1.0922876539218613,1.1261886191506738
CHEMBL264_Ki,t,3,SVR,0.26087369447937503,0.6458992047942951,0.6813808726449094,323,77,1.0922876539218613,1.1261886191506738
CHEMBL264_Ki,t,3,GBM,0.24771948864295879,0.6382318589397178,0.7031927994409418,323,77,1.0922876539218613,1.1261886191506738
CHEMBL264_Ki,t,3,KNN,0.27052214629153637,0.6315677653604327,0.6592231709587824,323,77,1.0922876539218613,1.1261886191506738
CHEMBL264_Ki,t,4,RF,0.35518684532941625,0.7147256498407377,0.6070326620712597,325,79,1.090441511579117,1.136491288974053
CHEMBL264_Ki,t,4,SVR,0.30964307511322897,0.6552741820970271,0.5995788534345322,325,79,1.090441511579117,1.136491288974053
CHEMBL264_Ki,t,4,GBM,0.3558259893701907,0.7147093358101058,0.6078065285342399,325,79,1.090441511579117,1.136491288974053
CHEMBL264_Ki,t,4,KNN,0.3213939601953546,0.581246787935219,0.5757446361130881,325,79,1.090441511579117,1.136491288974053
CHEMBL264_Ki,docfx_0.2,0,RF,0.14812643573583206,0.45025892807892837,0.43160209114717496,135,12,0.6548624885274857,0.9961650829761373
CHEMBL264_Ki,docfx_0.2,0,SVR,0.13921994437532464,0.393447368939684,0.4285871047728636,135,12,0.6548624885274857,0.9961650829761373
CHEMBL264_Ki,docfx_0.2,0,GBM,0.12428702182432833,0.31364419412988304,0.44533129609646244,135,12,0.6548624885274857,0.9961650829761373
CHEMBL264_Ki,docfx_0.2,0,KNN,0.1826644528539313,0.41168340121216296,0.3650469049810219,135,12,0.6548624885274857,0.9961650829761373
CHEMBL264_Ki,docfx_0.2,1,RF,0.12135908130177253,0.11084251432802877,0.4168928697885361,130,10,0.6332725845137633,0.9623078645278974
CHEMBL264_Ki,docfx_0.2,1,SVR,0.11860951102738959,0.11583852260875549,0.4357761297036563,130,10,0.6332725845137633,0.9623078645278974
CHEMBL264_Ki,docfx_0.2,1,GBM,0.13257160434430865,0.19919450142736406,0.4339964674943459,130,10,0.6332725845137633,0.9623078645278974
CHEMBL264_Ki,docfx_0.2,1,KNN,0.13533420777305366,0.08912308022339016,0.3496715922014625,130,10,0.6332725845137633,0.9623078645278974
CHEMBL264_Ki,docfx_0.2,2,RF,0.13173253987560285,0.2751675705002609,0.4261564173657385,141,11,0.6754787418020888,1.007569927579252
CHEMBL264_Ki,docfx_0.2,2,SVR,0.0660409532969976,0.27787495698727466,0.43241629420673056,141,11,0.6754787418020888,1.007569927579252
CHEMBL264_Ki,docfx_0.2,2,GBM,0.08965951535338046,0.20029378087810518,0.44003280023997304,141,11,0.6754787418020888,1.007569927579252
CHEMBL264_Ki,docfx_0.2,2,KNN,0.12495275902477693,0.1814960397831672,0.3503956672794655,141,11,0.6754787418020888,1.007569927579252
CHEMBL264_Ki,docfx_0.2,3,RF,0.09449687617954572,0.5615276609043822,0.4550026777206423,142,14,0.6630423377737006,1.0314905713189166
CHEMBL264_Ki,docfx_0.2,3,SVR,0.09903529956390805,0.5725364660153328,0.4587190327391755,142,14,0.6630423377737006,1.0314905713189166
CHEMBL264_Ki,docfx_0.2,3,GBM,0.10439016912250282,0.4537961482721065,0.4549911278371234,142,14,0.6630423377737006,1.0314905713189166
CHEMBL264_Ki,docfx_0.2,3,KNN,0.16075175722121515,0.49309558352344734,0.35637484499838323,142,14,0.6630423377737006,1.0314905713189166
CHEMBL264_Ki,docfx_0.2,4,RF,0.10055727198318726,0.35286400602565376,0.4284582003856749,142,14,0.6596782931357384,0.995268054896461
CHEMBL264_Ki,docfx_0.2,4,SVR,0.09961870605984513,0.4262076332099594,0.42050019309745545,142,14,0.6596782931357384,0.995268054896461
CHEMBL264_Ki,docfx_0.2,4,GBM,0.08426694712989641,0.38826890000872,0.444472303475624,142,14,0.6596782931357384,0.995268054896461
CHEMBL264_Ki,docfx_0.2,4,KNN,0.1320636683039022,0.3384713916948968,0.3507162673757166,142,14,0.6596782931357384,0.995268054896461
CHEMBL264_Ki,docfx_0.3,0,RF,0.18441845875707746,0.37765628115691163,0.46114553373197237,170,13,0.7023487631706207,1.0001721742354666
CHEMBL264_Ki,docfx_0.3,0,SVR,0.18473515036668137,0.32639570270741036,0.44994628109867857,170,13,0.7023487631706207,1.0001721742354666
CHEMBL264_Ki,docfx_0.3,0,GBM,0.16536849124636382,0.26985319332435553,0.47385461616445407,170,13,0.7023487631706207,1.0001721742354666
CHEMBL264_Ki,docfx_0.3,0,KNN,0.23701900780408947,0.30736875735137537,0.388183483842478,170,13,0.7023487631706207,1.0001721742354666
CHEMBL264_Ki,docfx_0.3,1,RF,0.18059197560348167,0.13648270557882408,0.4380830213590223,171,13,0.6887463967999122,0.9703582434607005
CHEMBL264_Ki,docfx_0.3,1,SVR,0.14127330233282392,0.16095592856017948,0.47237295876635593,171,13,0.6887463967999122,0.9703582434607005
CHEMBL264_Ki,docfx_0.3,1,GBM,0.15708793543691374,0.1320422264307609,0.4592464698644993,171,13,0.6887463967999122,0.9703582434607005
CHEMBL264_Ki,docfx_0.3,1,KNN,0.16043445007914964,0.12146086242709692,0.3926561363649304,171,13,0.6887463967999122,0.9703582434607005
CHEMBL264_Ki,docfx_0.3,2,RF,0.13093801746788825,0.2707792988445169,0.47079896160161283,185,10,0.7223053413941333,1.011540009594918
CHEMBL264_Ki,docfx_0.3,2,SVR,0.07465595052960672,0.28882078523178745,0.4757772953029955,185,10,0.7223053413941333,1.011540009594918
CHEMBL264_Ki,docfx_0.3,2,GBM,0.08862972664838936,0.24989511855230928,0.4793869623831913,185,10,0.7223053413941333,1.011540009594918
CHEMBL264_Ki,docfx_0.3,2,KNN,0.12054295539127824,0.2249640154532047,0.3982147264345902,185,10,0.7223053413941333,1.011540009594918
CHEMBL264_Ki,docfx_0.3,3,RF,0.10838848631994508,0.4738625044371394,0.4954806654154152,172,13,0.7126879407419439,1.0296497403052465
CHEMBL264_Ki,docfx_0.3,3,SVR,0.099125068066089,0.47611810262557586,0.5026991619517925,172,13,0.7126879407419439,1.0296497403052465
CHEMBL264_Ki,docfx_0.3,3,GBM,0.12399634569827517,0.3916321644270584,0.4950606367369749,172,13,0.7126879407419439,1.0296497403052465
CHEMBL264_Ki,docfx_0.3,3,KNN,0.1823232703670714,0.440530300200693,0.40053609402927104,172,13,0.7126879407419439,1.0296497403052465
CHEMBL264_Ki,docfx_0.3,4,RF,0.17494328970253692,0.31833422272422923,0.4406667329867088,176,16,0.7212064259602334,1.004074420134176
CHEMBL264_Ki,docfx_0.3,4,SVR,0.14790275761282584,0.37789792005052963,0.44524107922259176,176,16,0.7212064259602334,1.004074420134176
CHEMBL264_Ki,docfx_0.3,4,GBM,0.15643592949742535,0.34530340480553184,0.4553260285781229,176,16,0.7212064259602334,1.004074420134176
CHEMBL264_Ki,docfx_0.3,4,KNN,0.16221301515159614,0.30302489995481524,0.38827665615221274,176,16,0.7212064259602334,1.004074420134176
CHEMBL2835_Ki,normal,0,RF,0.16128639163871528,0.8018874191107868,0.45239522961060175,61,2,0.7364130265123169,0.9789872560702738
CHEMBL2835_Ki,normal,0,SVR,0.12789595315972163,0.6843825737335776,0.4461791201788536,61,2,0.7364130265123169,0.9789872560702738
CHEMBL2835_Ki,normal,0,GBM,0.1626594062864296,0.7756504857648517,0.45661331125273685,61,2,0.7364130265123169,0.9789872560702738
CHEMBL2835_Ki,normal,0,KNN,0.18539586985304118,0.8891680181327476,0.43614821665585496,61,2,0.7364130265123169,0.9789872560702738
CHEMBL2835_Ki,normal,1,RF,0.17658525618806026,0.7433482089737068,0.4761482728627506,68,3,0.7600468104053297,0.9840849831706154
CHEMBL2835_Ki,normal,1,SVR,0.17942154626003093,0.7065076184839123,0.4705209662374953,68,3,0.7600468104053297,0.9840849831706154
CHEMBL2835_Ki,normal,1,GBM,0.15546031380959158,0.7362404462752418,0.5198746375812744,68,3,0.7600468104053297,0.9840849831706154
CHEMBL2835_Ki,normal,1,KNN,0.2222630204964336,0.6936347027495688,0.48982484624822403,68,3,0.7600468104053297,0.9840849831706154
CHEMBL2835_Ki,normal,2,RF,0.08917216126366123,1.01226467367515,0.5110215223838221,59,1,0.7175284675648553,0.9713832881164759
CHEMBL2835_Ki,normal,2,SVR,0.026200589247904582,0.37273182937368565,0.522197259611221,59,1,0.7175284675648553,0.9713832881164759
CHEMBL2835_Ki,normal,2,GBM,0.08357552513550148,0.4962055639606462,0.509743301726147,59,1,0.7175284675648553,0.9713832881164759
CHEMBL2835_Ki,normal,2,KNN,0.08666802092354259,0.73985295973156,0.48891945878626547,59,1,0.7175284675648553,0.9713832881164759
CHEMBL2835_Ki,normal,3,RF,0.16481011060326367,,0.5578024681656323,74,0,0.7194234124769485,0.9491951806315351
CHEMBL2835_Ki,normal,3,SVR,0.15415076939892824,,0.5290816625113864,74,0,0.7194234124769485,0.9491951806315351
CHEMBL2835_Ki,normal,3,GBM,0.20422955787868102,,0.5315061920104044,74,0,0.7194234124769485,0.9491951806315351
CHEMBL2835_Ki,normal,3,KNN,0.19038275120452475,,0.5220943916369242,74,0,0.7194234124769485,0.9491951806315351
CHEMBL2835_Ki,normal,4,RF,0.09067150025886783,0.732332435334943,0.5631461209988972,61,1,0.7729025761157615,0.9670550181227457
CHEMBL2835_Ki,normal,4,SVR,0.1476271569993785,0.42906011464866134,0.4970854461657585,61,1,0.7729025761157615,0.9670550181227457
CHEMBL2835_Ki,normal,4,GBM,0.13193684305008013,0.2504579438336575,0.5529369294398166,61,1,0.7729025761157615,0.9670550181227457
CHEMBL2835_Ki,normal,4,KNN,0.10301200271258248,0.4905717601695734,0.5443377557418063,61,1,0.7729025761157615,0.9670550181227457
CHEMBL2835_Ki,t,0,RF,0.0329519855583742,0.5602781012970908,0.6985264443450553,79,8,0.9303065516073187,1.098873813251959
CHEMBL2835_Ki,t,0,SVR,-0.012013772058151795,0.5873076630939005,0.7083371801751976,79,8,0.9303065516073187,1.098873813251959
CHEMBL2835_Ki,t,0,GBM,0.04452040824160908,0.5689867536615328,0.6794864746997479,79,8,0.9303065516073187,1.098873813251959
CHEMBL2835_Ki,t,0,KNN,-0.03593677031724074,0.5092795782627135,0.7564077340166849,79,8,0.9303065516073187,1.098873813251959
CHEMBL2835_Ki,t,1,RF,0.2630586392368722,0.6113440738755832,0.5220770983092912,75,16,1.0124044542329198,1.1000198424134295
CHEMBL2835_Ki,t,1,SVR,0.2445129763135429,0.6074987542447688,0.4785828874150853,75,16,1.0124044542329198,1.1000198424134295
CHEMBL2835_Ki,t,1,GBM,0.1833406103015468,0.553617260356954,0.5897870625304085,75,16,1.0124044542329198,1.1000198424134295
CHEMBL2835_Ki,t,1,KNN,0.16122476128121344,0.5597654136874789,0.6522124474115003,75,16,1.0124044542329198,1.1000198424134295
CHEMBL2835_Ki,t,2,RF,0.22062803113034024,0.44204965128461204,0.5220378788942126,78,16,0.9428001180925647,1.0579858116197456
CHEMBL2835_Ki,t,2,SVR,0.10260113923069614,0.372362015241679,0.5782022111259281,78,16,0.9428001180925647,1.0579858116197456
CHEMBL2835_Ki,t,2,GBM,0.1403070947843419,0.4124767502033937,0.5848476840552613,78,16,0.9428001180925647,1.0579858116197456
CHEMBL2835_Ki,t,2,KNN,0.15787310792434184,0.4780547552611296,0.6033291069914222,78,16,0.9428001180925647,1.0579858116197456
CHEMBL2835_Ki,t,3,RF,0.17894159703951718,0.35122675486969,0.6368638382710181,78,23,1.000646295234664,1.0591321849610913
CHEMBL2835_Ki,t,3,SVR,0.1503369840185237,0.2905442302931709,0.6324967250599235,78,23,1.000646295234664,1.0591321849610913
CHEMBL2835_Ki,t,3,GBM,0.18802993881048768,0.3084041336799074,0.6366441609656761,78,23,1.000646295234664,1.0591321849610913
CHEMBL2835_Ki,t,3,KNN,0.17699030736573518,0.38285906629002076,0.6728293927257843,78,23,1.000646295234664,1.0591321849610913
CHEMBL2835_Ki,t,4,RF,0.3846236785694646,0.4452341845609207,0.49471462143489026,73,27,0.9369030023799124,1.0506866722018822
CHEMBL2835_Ki,t,4,SVR,0.3433602313851849,0.38091658700654585,0.5016760078910383,73,27,0.9369030023799124,1.0506866722018822
CHEMBL2835_Ki,t,4,GBM,0.3708474584472965,0.3882367769430478,0.5156698089983125,73,27,0.9369030023799124,1.0506866722018822
CHEMBL2835_Ki,t,4,KNN,0.3833659692049194,0.40996721804559266,0.5116088738929336,73,27,0.9369030023799124,1.0506866722018822
CHEMBL2835_Ki,docfx_0.2,0,RF,0.025389663414887242,,0.3038381345003999,8,0,0.33505465142942986,0.962897445977588
CHEMBL2835_Ki,docfx_0.2,0,SVR,0.1265406312921431,,0.2787452421030947,8,0,0.33505465142942986,0.962897445977588
CHEMBL2835_Ki,docfx_0.2,0,GBM,0.044363960752898945,,0.2885742755121124,8,0,0.33505465142942986,0.962897445977588
CHEMBL2835_Ki,docfx_0.2,0,KNN,0.13125686875621112,,0.2825105600175703,8,0,0.33505465142942986,0.962897445977588
CHEMBL2835_Ki,docfx_0.2,1,RF,0.5695506619768175,,0.30212720894083767,7,0,0.370996042771108,1.03115247417884
CHEMBL2835_Ki,docfx_0.2,1,SVR,0.6349880793347336,,0.2802289416830355,7,0,0.370996042771108,1.03115247417884
CHEMBL2835_Ki,docfx_0.2,1,GBM,0.6005089475834636,,0.2732591651634326,7,0,0.370996042771108,1.03115247417884
CHEMBL2835_Ki,docfx_0.2,1,KNN,0.5721557563867561,,0.25173063929027023,7,0,0.370996042771108,1.03115247417884
CHEMBL2835_Ki,docfx_0.2,2,RF,0.6659830282884189,,0.27977743120491244,2,0,0.34791235111917,0.9255437103096135
CHEMBL2835_Ki,docfx_0.2,2,SVR,0.6709308643121836,,0.31050301435634375,2,0,0.34791235111917,0.9255437103096135
CHEMBL2835_Ki,docfx_0.2,2,GBM,0.7397521650359228,,0.29156552696222293,2,0,0.34791235111917,0.9255437103096135
CHEMBL2835_Ki,docfx_0.2,2,KNN,0.6638419442793346,,0.28835404183285157,2,0,0.34791235111917,0.9255437103096135
CHEMBL2835_Ki,docfx_0.2,3,RF,0.26975002153690286,,0.24725984649428726,11,0,0.33206465058797835,0.8822150642671485
CHEMBL2835_Ki,docfx_0.2,3,SVR,0.19276842965110763,,0.28736345507577393,11,0,0.33206465058797835,0.8822150642671485
CHEMBL2835_Ki,docfx_0.2,3,GBM,0.22781761447971044,,0.2678846643348072,11,0,0.33206465058797835,0.8822150642671485
CHEMBL2835_Ki,docfx_0.2,3,KNN,0.2933192974453593,,0.2724087183061041,11,0,0.33206465058797835,0.8822150642671485
CHEMBL2835_Ki,docfx_0.2,4,RF,0.0009645471791238647,,0.2634551075210187,3,0,0.35033678881080516,0.9821044825083538
CHEMBL2835_Ki,docfx_0.2,4,SVR,0.1087426402799519,,0.2844035611787509,3,0,0.35033678881080516,0.9821044825083538
CHEMBL2835_Ki,docfx_0.2,4,GBM,-0.006276778026017948,,0.2659137132564437,3,0,0.35033678881080516,0.9821044825083538
CHEMBL2835_Ki,docfx_0.2,4,KNN,0.05887040093756757,,0.2840008870531549,3,0,0.35033678881080516,0.9821044825083538
CHEMBL2835_Ki,docfx_0.3,0,RF,0.16428299175083394,-0.27801012052795,0.351362159032797,24,1,0.45286137095042783,0.9731966522958243
CHEMBL2835_Ki,docfx_0.3,0,SVR,0.21789096034491945,0.15023785359144604,0.3203579057153135,24,1,0.45286137095042783,0.9731966522958243
CHEMBL2835_Ki,docfx_0.3,0,GBM,0.2094226486402112,-0.31341490638696384,0.340113059315707,24,1,0.45286137095042783,0.9731966522958243
CHEMBL2835_Ki,docfx_0.3,0,KNN,0.24817170993637988,0.1094090807155016,0.3154933511442634,24,1,0.45286137095042783,0.9731966522958243
CHEMBL2835_Ki,docfx_0.3,1,RF,0.34044029889833305,,0.3385435991328716,26,0,0.500187943318623,1.0307377545151293
CHEMBL2835_Ki,docfx_0.3,1,SVR,0.39633740090021286,,0.3015365050246368,26,0,0.500187943318623,1.0307377545151293
CHEMBL2835_Ki,docfx_0.3,1,GBM,0.3748260659521638,,0.2987204263839523,26,0,0.500187943318623,1.0307377545151293
CHEMBL2835_Ki,docfx_0.3,1,KNN,0.3434487507725268,,0.2856122024872113,26,0,0.500187943318623,1.0307377545151293
CHEMBL2835_Ki,docfx_0.3,2,RF,0.2037737208551217,,0.33575783507122203,21,0,0.481308073759382,0.9351463010290458
CHEMBL2835_Ki,docfx_0.3,2,SVR,0.15086190663776133,,0.37252014254539023,21,0,0.481308073759382,0.9351463010290458
CHEMBL2835_Ki,docfx_0.3,2,GBM,0.197731766469588,,0.35142242753804454,21,0,0.481308073759382,0.9351463010290458
CHEMBL2835_Ki,docfx_0.3,2,KNN,0.16785128476839967,,0.34949231601116953,21,0,0.481308073759382,0.9351463010290458
CHEMBL2835_Ki,docfx_0.3,3,RF,0.2836997089672099,,0.32270322653324496,22,0,0.4515950480999002,0.8989786236958407
CHEMBL2835_Ki,docfx_0.3,3,SVR,0.1753078403807476,,0.36194383623759613,22,0,0.4515950480999002,0.8989786236958407
CHEMBL2835_Ki,docfx_0.3,3,GBM,0.258621977094596,,0.3329496622531397,22,0,0.4515950480999002,0.8989786236958407
CHEMBL2835_Ki,docfx_0.3,3,KNN,0.26561804607290446,,0.34632455128422907,22,0,0.4515950480999002,0.8989786236958407
CHEMBL2835_Ki,docfx_0.3,4,RF,0.11763935269148246,,0.33206267316881405,28,0,0.48442893557455274,0.9929406700109475
CHEMBL2835_Ki,docfx_0.3,4,SVR,0.1593738725832194,,0.33593320683109235,28,0,0.48442893557455274,0.9929406700109475
CHEMBL2835_Ki,docfx_0.3,4,GBM,0.13437911235013972,,0.32738768272640206,28,0,0.48442893557455274,0.9929406700109475
CHEMBL2835_Ki,docfx_0.3,4,KNN,0.08416844391386663,,0.36814035752728164,28,0,0.48442893557455274,0.9929406700109475
CHEMBL287_Ki,normal,0,RF,0.21985795949582054,0.40404679256601483,0.5584200430167197,101,4,0.8034611121807604,0.9319141090914829
CHEMBL287_Ki,normal,0,SVR,0.2533281217202864,0.653670875456588,0.5238136807998844,101,4,0.8034611121807604,0.9319141090914829
CHEMBL287_Ki,normal,0,GBM,0.201478432459257,0.5303481487331588,0.5576263823951626,101,4,0.8034611121807604,0.9319141090914829
CHEMBL287_Ki,normal,0,KNN,0.2231707559217576,0.4348261570683347,0.5267633448999688,101,4,0.8034611121807604,0.9319141090914829
CHEMBL287_Ki,normal,1,RF,0.08451199672857124,0.5181634134394886,0.6414253140369256,98,7,0.8128880293529583,0.9306596222508646
CHEMBL287_Ki,normal,1,SVR,0.12175101947670453,0.5608058327225853,0.6095061710706252,98,7,0.8128880293529583,0.9306596222508646
CHEMBL287_Ki,normal,1,GBM,0.053857068213653214,0.4014356698672261,0.6698564316919654,98,7,0.8128880293529583,0.9306596222508646
CHEMBL287_Ki,normal,1,KNN,0.13708253941614368,0.6282068459111182,0.6175340174209034,98,7,0.8128880293529583,0.9306596222508646
CHEMBL287_Ki,normal,2,RF,0.24698188459892356,0.5584049099281185,0.5685812501510414,80,6,0.8071869434863059,0.9104312203317024
CHEMBL287_Ki,normal,2,SVR,0.2369296952433233,0.6057030026259108,0.5694011582546793,80,6,0.8071869434863059,0.9104312203317024
CHEMBL287_Ki,normal,2,GBM,0.22628961290615002,0.39737745832748816,0.5663835848557,80,6,0.8071869434863059,0.9104312203317024
CHEMBL287_Ki,normal,2,KNN,0.24192162533960448,0.6938092496362782,0.5409225387891674,80,6,0.8071869434863059,0.9104312203317024
CHEMBL287_Ki,normal,3,RF,0.1638080020828112,0.6695143799624117,0.555891065220813,85,3,0.8181521577173897,0.9331818270593945
CHEMBL287_Ki,normal,3,SVR,0.16727294881594434,0.735101348988604,0.5553367521044894,85,3,0.8181521577173897,0.9331818270593945
CHEMBL287_Ki,normal,3,GBM,0.13472795003245253,0.7460555287381069,0.5633698334492625,85,3,0.8181521577173897,0.9331818270593945
CHEMBL287_Ki,normal,3,KNN,0.23024491853697876,0.9446184643470189,0.4840469279103298,85,3,0.8181521577173897,0.9331818270593945
CHEMBL287_Ki,normal,4,RF,0.18292908897406546,0.1425847740436995,0.5768927495352287,85,5,0.8200192663179302,0.9368839859600396
CHEMBL287_Ki,normal,4,SVR,0.17911231053184695,0.385340471523939,0.5793981052934073,85,5,0.8200192663179302,0.9368839859600396
CHEMBL287_Ki,normal,4,GBM,0.13902502000784267,0.22536054706892417,0.5993038026484167,85,5,0.8200192663179302,0.9368839859600396
CHEMBL287_Ki,normal,4,KNN,0.1961135328930551,0.1473632915538844,0.5788447564850622,85,5,0.8200192663179302,0.9368839859600396
CHEMBL287_Ki,t,0,RF,0.45751843219263655,0.7566688273106352,0.6548375873571483,121,31,1.127068838536322,1.0558867628960766
CHEMBL287_Ki,t,0,SVR,0.42083759053309133,0.6854751439997983,0.6486637844723072,121,31,1.127068838536322,1.0558867628960766
CHEMBL287_Ki,t,0,GBM,0.3968430052860641,0.73521345108786,0.6932983988351475,121,31,1.127068838536322,1.0558867628960766
CHEMBL287_Ki,t,0,KNN,0.37820677842128336,0.6884359615480206,0.6816524603983548,121,31,1.127068838536322,1.0558867628960766
CHEMBL287_Ki,t,1,RF,0.35537202323190453,0.6477002384058719,0.6114550425217365,120,26,1.0909328734448545,1.0380939670094491
CHEMBL287_Ki,t,1,SVR,0.3022497033153053,0.44939122854768765,0.607724184686448,120,26,1.0909328734448545,1.0380939670094491
CHEMBL287_Ki,t,1,GBM,0.36484907385223075,0.5264888485056692,0.6434186733264777,120,26,1.0909328734448545,1.0380939670094491
CHEMBL287_Ki,t,1,KNN,0.24876443395921632,0.45671284412595925,0.6551682168996531,120,26,1.0909328734448545,1.0380939670094491
CHEMBL287_Ki,t,2,RF,0.46586023708253177,0.933022185774937,0.6618072469207514,117,35,1.0745127863633737,1.0422512647948894
CHEMBL287_Ki,t,2,SVR,0.37964908595303104,0.8284361849071594,0.672509039613332,117,35,1.0745127863633737,1.0422512647948894
CHEMBL287_Ki,t,2,GBM,0.38436048496102915,0.8075994316275316,0.7042371124385411,117,35,1.0745127863633737,1.0422512647948894
CHEMBL287_Ki,t,2,KNN,0.396814609564504,0.8600766990241545,0.6916667888743093,117,35,1.0745127863633737,1.0422512647948894
CHEMBL287_Ki,t,3,RF,0.23596590733939793,0.6290409386598793,0.6706968781733261,123,26,1.0642058475417933,1.0409485208003983
CHEMBL287_Ki,t,3,SVR,0.1676175522690161,0.4991406563815274,0.6854807142648387,123,26,1.0642058475417933,1.0409485208003983
CHEMBL287_Ki,t,3,GBM,0.2276409903846348,0.6826100250293221,0.6896015945350705,123,26,1.0642058475417933,1.0409485208003983
CHEMBL287_Ki,t,3,KNN,0.22440595414994735,0.6228833869721078,0.6336301398091402,123,26,1.0642058475417933,1.0409485208003983
CHEMBL287_Ki,t,4,RF,0.20895242547125503,0.5746462353758425,0.7099924000854778,121,22,1.0191111038624587,1.0614659144056877
CHEMBL287_Ki,t,4,SVR,0.19464740519328272,0.5288866038512942,0.6911876589497499,121,22,1.0191111038624587,1.0614659144056877
CHEMBL287_Ki,t,4,GBM,0.1954045574163219,0.6637448159277213,0.7613459345124024,121,22,1.0191111038624587,1.0614659144056877
CHEMBL287_Ki,t,4,KNN,0.2577393166355042,0.4979444587028625,0.6075553414253416,121,22,1.0191111038624587,1.0614659144056877
CHEMBL287_Ki,docfx_0.2,0,RF,0.2043057171676418,0.11313120211536432,0.4686839246445479,53,6,0.6634831063879262,0.9142646156221589
CHEMBL287_Ki,docfx_0.2,0,SVR,0.22874015887242038,0.30050155793132594,0.4815197232029519,53,6,0.6634831063879262,0.9142646156221589
CHEMBL287_Ki,docfx_0.2,0,GBM,0.20271849660918045,0.10665816482220214,0.47853784107938907,53,6,0.6634831063879262,0.9142646156221589
CHEMBL287_Ki,docfx_0.2,0,KNN,0.2707936599667789,0.23693968531230575,0.4232042768411453,53,6,0.6634831063879262,0.9142646156221589
CHEMBL287_Ki,docfx_0.2,1,RF,0.17720614875711882,0.22845436144064835,0.4815886200991263,44,4,0.6460810496357084,1.0414592384190338
CHEMBL287_Ki,docfx_0.2,1,SVR,0.23355571183010648,0.44256540076512807,0.4553876618826589,44,4,0.6460810496357084,1.0414592384190338
CHEMBL287_Ki,docfx_0.2,1,GBM,0.22091855851129272,0.3548854950432775,0.4866914517353643,44,4,0.6460810496357084,1.0414592384190338
CHEMBL287_Ki,docfx_0.2,1,KNN,0.2013015360002579,0.3050932406490857,0.4442782564226577,44,4,0.6460810496357084,1.0414592384190338
CHEMBL287_Ki,docfx_0.2,2,RF,0.17256855840891572,1.0757433025116745,0.48959722659170135,47,3,0.6365596134405238,0.8793194030809514
CHEMBL287_Ki,docfx_0.2,2,SVR,0.17214640093209965,0.9061863412747255,0.4844964402891384,47,3,0.6365596134405238,0.8793194030809514
CHEMBL287_Ki,docfx_0.2,2,GBM,0.1593834645777366,0.6564027057031535,0.4572757537539765,47,3,0.6365596134405238,0.8793194030809514
CHEMBL287_Ki,docfx_0.2,2,KNN,0.25195492410670817,0.6595148381967023,0.3761611958042893,47,3,0.6365596134405238,0.8793194030809514
CHEMBL287_Ki,docfx_0.2,3,RF,0.2698044854013568,0.290522789422602,0.4861187276312988,46,5,0.6317559165624885,0.9336293355918825
CHEMBL287_Ki,docfx_0.2,3,SVR,0.2847118564103321,0.44007052860584694,0.46275900488013105,46,5,0.6317559165624885,0.9336293355918825
CHEMBL287_Ki,docfx_0.2,3,GBM,0.26675399380099235,0.2627417484747965,0.46137303858830253,46,5,0.6317559165624885,0.9336293355918825
CHEMBL287_Ki,docfx_0.2,3,KNN,0.26840920660964074,0.2844607758612243,0.4053248916916746,46,5,0.6317559165624885,0.9336293355918825
CHEMBL287_Ki,docfx_0.2,4,RF,0.10058783648557729,-0.04528826635394567,0.4344928088761048,44,4,0.6115783352582308,0.8762994353019596
CHEMBL287_Ki,docfx_0.2,4,SVR,0.12366840118392602,0.2687660315463803,0.4255668694305164,44,4,0.6115783352582308,0.8762994353019596
CHEMBL287_Ki,docfx_0.2,4,GBM,0.10180183470274745,2.844796863465948e-06,0.42270098998092603,44,4,0.6115783352582308,0.8762994353019596
CHEMBL287_Ki,docfx_0.2,4,KNN,0.14645516620465682,0.2553203797981802,0.4000637338708689,44,4,0.6115783352582308,0.8762994353019596
CHEMBL287_Ki,docfx_0.3,0,RF,0.18543754910462662,0.14889877529204842,0.5002190541383438,70,5,0.7097748819405632,0.9161474740606952
CHEMBL287_Ki,docfx_0.3,0,SVR,0.1890458289163114,0.22945307347908728,0.5187370538817372,70,5,0.7097748819405632,0.9161474740606952
CHEMBL287_Ki,docfx_0.3,0,GBM,0.12468676600539552,0.1675545458215988,0.5216870560650397,70,5,0.7097748819405632,0.9161474740606952
CHEMBL287_Ki,docfx_0.3,0,KNN,0.24829992332008066,0.2640486654738847,0.46599830657896313,70,5,0.7097748819405632,0.9161474740606952
CHEMBL287_Ki,docfx_0.3,1,RF,0.20255440848712103,0.30376317186991875,0.5087291592603863,56,5,0.6950054879596788,1.0242131899815219
CHEMBL287_Ki,docfx_0.3,1,SVR,0.250386229076738,0.5038782064203413,0.48083129670240166,56,5,0.6950054879596788,1.0242131899815219
CHEMBL287_Ki,docfx_0.3,1,GBM,0.203544032243702,0.3134371892424428,0.525660627422917,56,5,0.6950054879596788,1.0242131899815219
CHEMBL287_Ki,docfx_0.3,1,KNN,0.21774895128863586,0.3654069150988464,0.4671240299771044,56,5,0.6950054879596788,1.0242131899815219
CHEMBL287_Ki,docfx_0.3,2,RF,0.09403243951321993,1.0138157538175872,0.541981519423305,61,3,0.6820237704826043,0.8851050176687226
CHEMBL287_Ki,docfx_0.3,2,SVR,0.11282480807491557,0.8822925400439212,0.5298725438659875,61,3,0.6820237704826043,0.8851050176687226
CHEMBL287_Ki,docfx_0.3,2,GBM,0.10949048702778208,0.749079098637521,0.5009150147776502,61,3,0.6820237704826043,0.8851050176687226
CHEMBL287_Ki,docfx_0.3,2,KNN,0.20366381211599627,0.6547639225086703,0.4141820790303933,61,3,0.6820237704826043,0.8851050176687226
CHEMBL287_Ki,docfx_0.3,3,RF,0.21376502139137943,0.4008229459979272,0.5180306569319271,61,3,0.6898546744663253,0.9318720468476805
CHEMBL287_Ki,docfx_0.3,3,SVR,0.23250622935271265,0.6535662527685356,0.4951287493678897,61,3,0.6898546744663253,0.9318720468476805
CHEMBL287_Ki,docfx_0.3,3,GBM,0.20823126759791516,0.32513769556806527,0.49223624431688856,61,3,0.6898546744663253,0.9318720468476805
CHEMBL287_Ki,docfx_0.3,3,KNN,0.23166553119505995,0.283329939661093,0.43133272025593106,61,3,0.6898546744663253,0.9318720468476805
CHEMBL287_Ki,docfx_0.3,4,RF,0.1196179867216614,-0.15570358132925688,0.48204124552774813,54,4,0.6765856242834433,0.893013705866053
CHEMBL287_Ki,docfx_0.3,4,SVR,0.15387201322499267,0.2331326956122049,0.4653515896414907,54,4,0.6765856242834433,0.893013705866053
CHEMBL287_Ki,docfx_0.3,4,GBM,0.11204401658337293,-0.13411420670784646,0.4808605780396864,54,4,0.6765856242834433,0.893013705866053
CHEMBL287_Ki,docfx_0.3,4,KNN,0.1765223582787796,0.21688137242247718,0.44575785938913604,54,4,0.6765856242834433,0.893013705866053
CHEMBL2971_Ki,normal,0,RF,-0.07278209380115164,,0.7319038453606852,79,0,0.7467642464449938,1.3837567500268262
CHEMBL2971_Ki,normal,0,SVR,-0.08537147820117752,,0.738717321267904,79,0,0.7467642464449938,1.3837567500268262
CHEMBL2971_Ki,normal,0,GBM,-0.03485044666439807,,0.716401812286489,79,0,0.7467642464449938,1.3837567500268262
CHEMBL2971_Ki,normal,0,KNN,-0.029443153606310446,,0.6823049532827509,79,0,0.7467642464449938,1.3837567500268262
CHEMBL2971_Ki,normal,1,RF,-0.04081002954094437,0.48018674362062774,0.7168092377326781,83,1,0.7302817882349365,1.3358594324013264
CHEMBL2971_Ki,normal,1,SVR,-0.028714763447020286,0.4153795422789579,0.684803384248299,83,1,0.7302817882349365,1.3358594324013264
CHEMBL2971_Ki,normal,1,GBM,-0.0361985342905603,0.3684768351584383,0.7265031125970495,83,1,0.7302817882349365,1.3358594324013264
CHEMBL2971_Ki,normal,1,KNN,0.08873956456407306,0.6538705075230411,0.6304348880676292,83,1,0.7302817882349365,1.3358594324013264
CHEMBL2971_Ki,normal,2,RF,0.01721254035848996,,0.6331690988095846,78,0,0.7310043517867224,1.3714555269236461
CHEMBL2971_Ki,normal,2,SVR,0.013169100341509199,,0.6424491732912143,78,0,0.7310043517867224,1.3714555269236461
CHEMBL2971_Ki,normal,2,GBM,0.033528276497047704,,0.6390536141236282,78,0,0.7310043517867224,1.3714555269236461
CHEMBL2971_Ki,normal,2,KNN,0.02856695700048184,,0.6343221172813122,78,0,0.7310043517867224,1.3714555269236461
CHEMBL2971_Ki,normal,3,RF,-0.05962841199405711,0.6080890179676627,0.7262663863002016,80,5,0.7501231739104858,1.3452057235707295
CHEMBL2971_Ki,normal,3,SVR,0.022401072645252373,0.7529267392229311,0.6610664212556351,80,5,0.7501231739104858,1.3452057235707295
CHEMBL2971_Ki,normal,3,GBM,-0.06361464153211915,0.582962250714791,0.7260779761024082,80,5,0.7501231739104858,1.3452057235707295
CHEMBL2971_Ki,normal,3,KNN,0.04418078081069288,0.6121301884455822,0.6396836608212567,80,5,0.7501231739104858,1.3452057235707295
CHEMBL2971_Ki,normal,4,RF,0.04137437841548597,0.1358631969870926,0.6424832846751785,82,1,0.7726413723046784,1.3309006399735177
CHEMBL2971_Ki,normal,4,SVR,0.12171587980680598,0.3200809980327327,0.5720663110936881,82,1,0.7726413723046784,1.3309006399735177
CHEMBL2971_Ki,normal,4,GBM,0.1065059092208287,0.6793476595860941,0.5883595713783927,82,1,0.7726413723046784,1.3309006399735177
CHEMBL2971_Ki,normal,4,KNN,0.14600826473691308,0.5610850248027706,0.5321975392859222,82,1,0.7726413723046784,1.3309006399735177
CHEMBL2971_Ki,t,0,RF,0.24016033884787513,0.45898671994404205,0.769749494107988,96,38,1.1200329540201819,1.4619464988393427
CHEMBL2971_Ki,t,0,SVR,0.17352163526207443,0.3965230535360197,0.7582011175649729,96,38,1.1200329540201819,1.4619464988393427
CHEMBL2971_Ki,t,0,GBM,0.1871212159226121,0.48331514634091366,0.8300804938342135,96,38,1.1200329540201819,1.4619464988393427
CHEMBL2971_Ki,t,0,KNN,0.2582836430273425,0.5386021379537703,0.7521710092090352,96,38,1.1200329540201819,1.4619464988393427
CHEMBL2971_Ki,t,1,RF,0.0591528840972364,0.3939854592396611,0.7771264033931372,102,27,0.9922048737527093,1.3925529766476008
CHEMBL2971_Ki,t,1,SVR,0.08174751052669127,0.40652549031293583,0.7541420381768662,102,27,0.9922048737527093,1.3925529766476008
CHEMBL2971_Ki,t,1,GBM,0.04070505057011098,0.38066636931896325,0.8106232552810879,102,27,0.9922048737527093,1.3925529766476008
CHEMBL2971_Ki,t,1,KNN,0.0884527248098731,0.4619066057904997,0.754276870978003,102,27,0.9922048737527093,1.3925529766476008
CHEMBL2971_Ki,t,2,RF,0.04508516117240202,0.35196956151313763,0.7860290577340547,109,27,1.043354690260057,1.421540409463944
CHEMBL2971_Ki,t,2,SVR,0.05749220887726214,0.2415217751074762,0.7367418409082176,109,27,1.043354690260057,1.421540409463944
CHEMBL2971_Ki,t,2,GBM,0.05174833735927886,0.34067226888868485,0.7600764433580472,109,27,1.043354690260057,1.421540409463944
CHEMBL2971_Ki,t,2,KNN,0.10732722030814112,0.27526487337026107,0.6989488011647044,109,27,1.043354690260057,1.421540409463944
CHEMBL2971_Ki,t,3,RF,0.1881293406409672,0.2845635984134606,0.6979822478675654,99,18,0.9702202277594439,1.4406892931963549
CHEMBL2971_Ki,t,3,SVR,0.1738907121571458,0.2090632466574921,0.681616875669595,99,18,0.9702202277594439,1.4406892931963549
CHEMBL2971_Ki,t,3,GBM,0.17088441553621958,0.30098686760499227,0.6975005407429494,99,18,0.9702202277594439,1.4406892931963549
CHEMBL2971_Ki,t,3,KNN,0.19106527475780344,0.45591892340742224,0.6949637174249845,99,18,0.9702202277594439,1.4406892931963549
CHEMBL2971_Ki,t,4,RF,0.43952323307196217,1.0374549571816707,0.7157853813365261,104,27,1.177893130303894,1.472405491573185
CHEMBL2971_Ki,t,4,SVR,0.43408454162246424,0.9744732888666406,0.714400005772745,104,27,1.177893130303894,1.472405491573185
CHEMBL2971_Ki,t,4,GBM,0.36178202493366474,0.939516725341532,0.7683534194821089,104,27,1.177893130303894,1.472405491573185
CHEMBL2971_Ki,t,4,KNN,0.45964025692420474,1.074662966868424,0.691368576519198,104,27,1.177893130303894,1.472405491573185
CHEMBL2971_Ki,docfx_0.2,0,RF,0.14568015259688033,0.20838049731625002,0.4424902533734166,16,2,0.3824979122704417,1.537928594833481
CHEMBL2971_Ki,docfx_0.2,0,SVR,0.1355526337366882,0.4200679611840972,0.41704151702355147,16,2,0.3824979122704417,1.537928594833481
CHEMBL2971_Ki,docfx_0.2,0,GBM,0.10707682319020623,0.4196686538720668,0.45311340583274456,16,2,0.3824979122704417,1.537928594833481
CHEMBL2971_Ki,docfx_0.2,0,KNN,0.108703082975811,0.18194060275482687,0.3878006732618576,16,2,0.3824979122704417,1.537928594833481
CHEMBL2971_Ki,docfx_0.2,1,RF,0.15105327902974736,,0.43306377950752767,16,0,0.3961802020545728,1.181634029763168
CHEMBL2971_Ki,docfx_0.2,1,SVR,0.19587407661554757,,0.40335655131217396,16,0,0.3961802020545728,1.181634029763168
CHEMBL2971_Ki,docfx_0.2,1,GBM,0.13214177454950554,,0.4484298950603239,16,0,0.3961802020545728,1.181634029763168
CHEMBL2971_Ki,docfx_0.2,1,KNN,0.19106385904911832,,0.380399518565498,16,0,0.3961802020545728,1.181634029763168
CHEMBL2971_Ki,docfx_0.2,2,RF,0.20711478927082638,0.012682617973214683,0.4545653361341194,13,1,0.3918888350092332,1.2528630724697714
CHEMBL2971_Ki,docfx_0.2,2,SVR,0.16123541163475807,0.06770681283005497,0.45254097068820587,13,1,0.3918888350092332,1.2528630724697714
CHEMBL2971_Ki,docfx_0.2,2,GBM,0.1745482514267267,0.04188023336317381,0.46592467628724843,13,1,0.3918888350092332,1.2528630724697714
CHEMBL2971_Ki,docfx_0.2,2,KNN,0.0811473008325827,0.18029854913950527,0.4244984545109134,13,1,0.3918888350092332,1.2528630724697714
CHEMBL2971_Ki,docfx_0.2,3,RF,0.1375300910552279,,0.4769291587204442,15,0,0.355717354644459,1.2786173909133345
CHEMBL2971_Ki,docfx_0.2,3,SVR,0.180886190245776,,0.4588684429376897,15,0,0.355717354644459,1.2786173909133345
CHEMBL2971_Ki,docfx_0.2,3,GBM,0.022547711661736636,,0.49296174293937445,15,0,0.355717354644459,1.2786173909133345
CHEMBL2971_Ki,docfx_0.2,3,KNN,0.3339046449295723,,0.38986036776994737,15,0,0.355717354644459,1.2786173909133345
CHEMBL2971_Ki,docfx_0.2,4,RF,-0.09112799814094741,,0.48829816154059746,13,0,0.3832987895477121,1.3948575302624941
CHEMBL2971_Ki,docfx_0.2,4,SVR,0.03331727504658982,,0.43983735959021864,13,0,0.3832987895477121,1.3948575302624941
CHEMBL2971_Ki,docfx_0.2,4,GBM,0.01328588355107685,,0.4650536862143298,13,0,0.3832987895477121,1.3948575302624941
CHEMBL2971_Ki,docfx_0.2,4,KNN,0.17638361201781116,,0.4296082846294921,13,0,0.3832987895477121,1.3948575302624941
CHEMBL2971_Ki,docfx_0.3,0,RF,0.13425322168131204,0.2526512167813084,0.48057322280676507,31,2,0.47797810345319963,1.5189769245273268
CHEMBL2971_Ki,docfx_0.3,0,SVR,0.115522437661573,0.4350074333794881,0.46028261535130444,31,2,0.47797810345319963,1.5189769245273268
CHEMBL2971_Ki,docfx_0.3,0,GBM,0.10336104721087691,0.44859902552979136,0.49200108850005086,31,2,0.47797810345319963,1.5189769245273268
CHEMBL2971_Ki,docfx_0.3,0,KNN,0.0937693416012601,0.20364915942672107,0.4336982625126243,31,2,0.47797810345319963,1.5189769245273268
CHEMBL2971_Ki,docfx_0.3,1,RF,0.10588941084868164,,0.4996027679159891,32,0,0.4983734856327989,1.2113311626665357
CHEMBL2971_Ki,docfx_0.3,1,SVR,0.12680429427893153,,0.4666272046414847,32,0,0.4983734856327989,1.2113311626665357
CHEMBL2971_Ki,docfx_0.3,1,GBM,0.1129512863609709,,0.4863354275861485,32,0,0.4983734856327989,1.2113311626665357
CHEMBL2971_Ki,docfx_0.3,1,KNN,0.1419824230919579,,0.4417692391698576,32,0,0.4983734856327989,1.2113311626665357
CHEMBL2971_Ki,docfx_0.3,2,RF,0.11281071485087601,0.6218370438971395,0.5034982149243488,28,2,0.4950950434362711,1.2741649290609505
CHEMBL2971_Ki,docfx_0.3,2,SVR,0.10310765211311423,0.43899472190764005,0.4853549701927794,28,2,0.4950950434362711,1.2741649290609505
CHEMBL2971_Ki,docfx_0.3,2,GBM,0.07973161742070223,0.31662565965812584,0.5019721906038574,28,2,0.4950950434362711,1.2741649290609505
CHEMBL2971_Ki,docfx_0.3,2,KNN,0.09889767140042816,0.67696329617761,0.4600426291348063,28,2,0.4950950434362711,1.2741649290609505
CHEMBL2971_Ki,docfx_0.3,3,RF,0.1422761741303754,0.462935541360771,0.5324073435002421,28,1,0.4573862996821776,1.2952291272976606
CHEMBL2971_Ki,docfx_0.3,3,SVR,0.14685813596517217,0.8204947515479112,0.526729169838219,28,1,0.4573862996821776,1.2952291272976606
CHEMBL2971_Ki,docfx_0.3,3,GBM,0.07538714477146602,0.6734290178634901,0.5607969946579663,28,1,0.4573862996821776,1.2952291272976606
CHEMBL2971_Ki,docfx_0.3,3,KNN,0.2617672215953056,0.7741012722559681,0.4519943362201739,28,1,0.4573862996821776,1.2952291272976606
CHEMBL2971_Ki,docfx_0.3,4,RF,-0.006348479382706329,,0.5315973750481514,39,0,0.4957531065314857,1.39031995346197
CHEMBL2971_Ki,docfx_0.3,4,SVR,0.02239421058456076,,0.49296261510725187,39,0,0.4957531065314857,1.39031995346197
CHEMBL2971_Ki,docfx_0.3,4,GBM,-0.011765276046640794,,0.5230794371426188,39,0,0.4957531065314857,1.39031995346197
CHEMBL2971_Ki,docfx_0.3,4,KNN,0.0825142966278608,,0.49289097839530305,39,0,0.4957531065314857,1.39031995346197
CHEMBL3979_EC50,normal,0,RF,0.12139083339443957,0.0064539562851617105,0.45550010970266563,67,19,0.7552333846156093,1.0044783454303494
CHEMBL3979_EC50,normal,0,SVR,0.1140394634462999,0.0642621676796119,0.4316499620827877,67,19,0.7552333846156093,1.0044783454303494
CHEMBL3979_EC50,normal,0,GBM,0.0736837756806723,0.004694505061576759,0.4562016313548777,67,19,0.7552333846156093,1.0044783454303494
CHEMBL3979_EC50,normal,0,KNN,0.16552286414606365,-0.005399153517488875,0.38249963544697985,67,19,0.7552333846156093,1.0044783454303494
CHEMBL3979_EC50,normal,1,RF,0.07489268552499762,-0.017678111147449438,0.4790213504686225,60,18,0.7421776127574102,1.0208792358840844
CHEMBL3979_EC50,normal,1,SVR,0.03994790612242305,0.012774682052525688,0.46792429983958495,60,18,0.7421776127574102,1.0208792358840844
CHEMBL3979_EC50,normal,1,GBM,0.044791823302325895,0.0488049577703068,0.49892110697968317,60,18,0.7421776127574102,1.0208792358840844
CHEMBL3979_EC50,normal,1,KNN,0.10811292902502817,0.09372517403635783,0.4183892504494244,60,18,0.7421776127574102,1.0208792358840844
CHEMBL3979_EC50,normal,2,RF,0.03049045748248741,0.052803677686060924,0.49106140863581477,72,18,0.7272792436847566,1.002409545776085
CHEMBL3979_EC50,normal,2,SVR,0.11488080856707683,0.06415577004998602,0.45526104343875007,72,18,0.7272792436847566,1.002409545776085
CHEMBL3979_EC50,normal,2,GBM,0.08337979629828846,0.042503306046548284,0.47435247275022857,72,18,0.7272792436847566,1.002409545776085
CHEMBL3979_EC50,normal,2,KNN,0.07735745776420688,0.0525586847817478,0.4233547387978065,72,18,0.7272792436847566,1.002409545776085
CHEMBL3979_EC50,normal,3,RF,0.11785822387708,0.21186056045895268,0.45662287123089285,63,20,0.733579547344522,1.0054896000620455
CHEMBL3979_EC50,normal,3,SVR,0.1364519856237557,0.27903137422741725,0.4512789234652581,63,20,0.733579547344522,1.0054896000620455
CHEMBL3979_EC50,normal,3,GBM,0.1413478998866326,0.2207678793429061,0.45652883141473904,63,20,0.733579547344522,1.0054896000620455
CHEMBL3979_EC50,normal,3,KNN,0.15456551306366595,0.24356907394961186,0.4103154314230937,63,20,0.733579547344522,1.0054896000620455
CHEMBL3979_EC50,normal,4,RF,0.1406149861954844,0.19546610771744105,0.4089819220606793,79,16,0.7570484967222972,1.023312312300525
CHEMBL3979_EC50,normal,4,SVR,0.16021957429347639,0.2584792168672248,0.4161396614984542,79,16,0.7570484967222972,1.023312312300525
CHEMBL3979_EC50,normal,4,GBM,0.1548381691263609,0.21652697770487261,0.41942964097145957,79,16,0.7570484967222972,1.023312312300525
CHEMBL3979_EC50,normal,4,KNN,0.13933981838850928,0.16857005004551084,0.40248109140685706,79,16,0.7570484967222972,1.023312312300525
CHEMBL3979_EC50,t,0,RF,0.17390526782372773,0.3219063072538064,0.5886700503095988,98,41,0.8952619554144625,1.0874506149475625
CHEMBL3979_EC50,t,0,SVR,0.1783168330056475,0.3445758962175425,0.5861445178694453,98,41,0.8952619554144625,1.0874506149475625
CHEMBL3979_EC50,t,0,GBM,0.12032180248998248,0.3270312045197533,0.6497104023423595,98,41,0.8952619554144625,1.0874506149475625
CHEMBL3979_EC50,t,0,KNN,0.2015804060703098,0.3580537779886295,0.557228045925519,98,41,0.8952619554144625,1.0874506149475625
CHEMBL3979_EC50,t,1,RF,0.25341472031951745,0.34562105850169267,0.4642492215776722,97,40,0.8678622766524295,1.0757348737691825
CHEMBL3979_EC50,t,1,SVR,0.23920312714835812,0.3306619776099646,0.45288715034902816,97,40,0.8678622766524295,1.0757348737691825
CHEMBL3979_EC50,t,1,GBM,0.22616154407536976,0.3721733969915243,0.49872409286742975,97,40,0.8678622766524295,1.0757348737691825
CHEMBL3979_EC50,t,1,KNN,0.25137458002023855,0.4281743986532605,0.44949047683377047,97,40,0.8678622766524295,1.0757348737691825
CHEMBL3979_EC50,t,2,RF,0.30594895906755604,0.5723720033299121,0.49997014691612085,93,39,0.8989959697979117,1.0779377111030477
CHEMBL3979_EC50,t,2,SVR,0.2403087393081892,0.46342672714928734,0.5057718056854477,93,39,0.8989959697979117,1.0779377111030477
CHEMBL3979_EC50,t,2,GBM,0.2997762598711261,0.5551537829490133,0.5246282029288701,93,39,0.8989959697979117,1.0779377111030477
CHEMBL3979_EC50,t,2,KNN,0.3521911736093741,0.549806654308344,0.4593308922075839,93,39,0.8989959697979117,1.0779377111030477
CHEMBL3979_EC50,t,3,RF,0.201208126195688,0.28288440613836374,0.4904838598758811,91,38,0.8843173197052533,1.0616896976081505
CHEMBL3979_EC50,t,3,SVR,0.16980254810535955,0.291706018766136,0.4867382833671915,91,38,0.8843173197052533,1.0616896976081505
CHEMBL3979_EC50,t,3,GBM,0.14320958671063988,0.23028789349452505,0.5350754586610124,91,38,0.8843173197052533,1.0616896976081505
CHEMBL3979_EC50,t,3,KNN,0.1483817289405328,0.29470753790273174,0.5369496334564147,91,38,0.8843173197052533,1.0616896976081505
CHEMBL3979_EC50,t,4,RF,-0.06417511301486489,0.048401167156186586,0.6959499463107469,97,35,0.8522556576162974,1.0576495308291518
CHEMBL3979_EC50,t,4,SVR,-0.017672536351754475,0.05337472476739524,0.6590432201952218,97,35,0.8522556576162974,1.0576495308291518
CHEMBL3979_EC50,t,4,GBM,-0.047885701176666906,0.07208060323064869,0.7048923771092909,97,35,0.8522556576162974,1.0576495308291518
CHEMBL3979_EC50,t,4,KNN,0.033538157382318246,0.08516537112060696,0.6470214579344802,97,35,0.8522556576162974,1.0576495308291518
CHEMBL3979_EC50,docfx_0.2,0,RF,0.12332012715883334,0.14773542447692178,0.3585172256736986,40,14,0.6246402428954732,1.0767503455524463
CHEMBL3979_EC50,docfx_0.2,0,SVR,0.12505224788958114,0.08053654344180167,0.3499411750605052,40,14,0.6246402428954732,1.0767503455524463
CHEMBL3979_EC50,docfx_0.2,0,GBM,0.13723211937762703,0.1898011947338092,0.3594970263481476,40,14,0.6246402428954732,1.0767503455524463
CHEMBL3979_EC50,docfx_0.2,0,KNN,0.2066626146595416,0.10864348842319627,0.2910277362712484,40,14,0.6246402428954732,1.0767503455524463
CHEMBL3979_EC50,docfx_0.2,1,RF,0.12205970802559823,-0.12698125916088332,0.384457281345103,35,7,0.5819799199431328,0.9595394945726701
CHEMBL3979_EC50,docfx_0.2,1,SVR,0.14031605553241977,-0.1139177804014484,0.34846601416025286,35,7,0.5819799199431328,0.9595394945726701
CHEMBL3979_EC50,docfx_0.2,1,GBM,0.07753197671852591,-0.11423985067767689,0.3886381644861191,35,7,0.5819799199431328,0.9595394945726701
CHEMBL3979_EC50,docfx_0.2,1,KNN,0.144121748361628,-0.13692001876199628,0.3258081244428642,35,7,0.5819799199431328,0.9595394945726701
CHEMBL3979_EC50,docfx_0.2,2,RF,0.0549312218770483,0.06163360340879431,0.3773637356338764,39,10,0.5898540108978957,1.0191204195863517
CHEMBL3979_EC50,docfx_0.2,2,SVR,0.06348452941197813,0.05850515464020695,0.3604965414173719,39,10,0.5898540108978957,1.0191204195863517
CHEMBL3979_EC50,docfx_0.2,2,GBM,0.04026104342266168,0.007878824741267387,0.3795930082747719,39,10,0.5898540108978957,1.0191204195863517
CHEMBL3979_EC50,docfx_0.2,2,KNN,0.09006558690624367,-0.0021327790226539634,0.31546961010951347,39,10,0.5898540108978957,1.0191204195863517
CHEMBL3979_EC50,docfx_0.2,3,RF,0.03882155108009866,0.05472983521878372,0.3595911765565972,36,10,0.6031136688211347,1.013445767425198
CHEMBL3979_EC50,docfx_0.2,3,SVR,0.059593563445828945,0.07632978574140659,0.33585775526658906,36,10,0.6031136688211347,1.013445767425198
CHEMBL3979_EC50,docfx_0.2,3,GBM,0.05383583219312488,0.13620713060349493,0.36720940183363293,36,10,0.6031136688211347,1.013445767425198
CHEMBL3979_EC50,docfx_0.2,3,KNN,0.03436988792420009,-0.015814548668145634,0.3153889171523155,36,10,0.6031136688211347,1.013445767425198
CHEMBL3979_EC50,docfx_0.2,4,RF,-0.0009496973163763411,-0.2055111747200397,0.3876803979612484,44,12,0.6332628970501709,0.9869549627336285
CHEMBL3979_EC50,docfx_0.2,4,SVR,0.05551475500309594,-0.03401955475422863,0.35841385930264863,44,12,0.6332628970501709,0.9869549627336285
CHEMBL3979_EC50,docfx_0.2,4,GBM,0.011574426512174107,-0.1455129976854116,0.400060000267006,44,12,0.6332628970501709,0.9869549627336285
CHEMBL3979_EC50,docfx_0.2,4,KNN,0.12114282219165734,-0.08291492581769888,0.3133578552130636,44,12,0.6332628970501709,0.9869549627336285
CHEMBL3979_EC50,docfx_0.3,0,RF,0.16957761053472198,0.20045838963722812,0.4177243287531539,55,21,0.692276923170089,1.0673073389031777
CHEMBL3979_EC50,docfx_0.3,0,SVR,0.16611383151662967,0.1903098830797807,0.40015765169783685,55,21,0.692276923170089,1.0673073389031777
CHEMBL3979_EC50,docfx_0.3,0,GBM,0.182703166402725,0.22677975680789053,0.4282532944453865,55,21,0.692276923170089,1.0673073389031777
CHEMBL3979_EC50,docfx_0.3,0,KNN,0.20914449041302324,0.2625489744872579,0.34783278358185615,55,21,0.692276923170089,1.0673073389031777
CHEMBL3979_EC50,docfx_0.3,1,RF,0.15697458277270004,0.01708944464468054,0.4191143156753635,51,11,0.6406080760241861,0.9679334587532914
CHEMBL3979_EC50,docfx_0.3,1,SVR,0.16822031014828404,-0.06691119093176767,0.3899702873560155,51,11,0.6406080760241861,0.9679334587532914
CHEMBL3979_EC50,docfx_0.3,1,GBM,0.116497692177703,-0.03354870156348594,0.4377391929772303,51,11,0.6406080760241861,0.9679334587532914
CHEMBL3979_EC50,docfx_0.3,1,KNN,0.20058504796089704,-0.020514655892854394,0.36194876439766377,51,11,0.6406080760241861,0.9679334587532914
CHEMBL3979_EC50,docfx_0.3,2,RF,0.11024884977007021,0.023161274807806553,0.4253420165735806,56,11,0.6639834359346618,1.0145446312748216
CHEMBL3979_EC50,docfx_0.3,2,SVR,0.14866883049868718,0.04684604449076635,0.4040319088131895,56,11,0.6639834359346618,1.0145446312748216
CHEMBL3979_EC50,docfx_0.3,2,GBM,0.13561065259653998,0.041488531158221875,0.415000451252524,56,11,0.6639834359346618,1.0145446312748216
CHEMBL3979_EC50,docfx_0.3,2,KNN,0.1896824160326558,0.01326050792482425,0.34765691733242077,56,11,0.6639834359346618,1.0145446312748216
CHEMBL3979_EC50,docfx_0.3,3,RF,0.03269430524530631,-0.04406151521002827,0.3990000377042683,49,11,0.6630721419565307,1.0091638428067722
CHEMBL3979_EC50,docfx_0.3,3,SVR,0.05228633117161219,-0.028461182620440728,0.3760768676942049,49,11,0.6630721419565307,1.0091638428067722
CHEMBL3979_EC50,docfx_0.3,3,GBM,0.025863517485107734,0.003335908588228853,0.422829681191754,49,11,0.6630721419565307,1.0091638428067722
CHEMBL3979_EC50,docfx_0.3,3,KNN,0.02190794981572297,-0.019300105885003527,0.37068136242740235,49,11,0.6630721419565307,1.0091638428067722
CHEMBL3979_EC50,docfx_0.3,4,RF,0.030711434149780836,-0.11731406486714202,0.45500132217269373,58,15,0.7091462794073172,0.9947620354920187
CHEMBL3979_EC50,docfx_0.3,4,SVR,0.08085524506751313,-0.03349669045371928,0.42828170251133896,58,15,0.7091462794073172,0.9947620354920187
CHEMBL3979_EC50,docfx_0.3,4,GBM,0.07507663328134906,0.006743333657748374,0.4373191820423722,58,15,0.7091462794073172,0.9947620354920187
CHEMBL3979_EC50,docfx_0.3,4,KNN,0.11963881194790787,-0.026408514954530837,0.3849473415290145,58,15,0.7091462794073172,0.9947620354920187
CHEMBL4005_Ki,normal,0,RF,0.20249464587766652,0.701475464134737,0.5428581271607399,91,4,0.7882746729462139,1.009492448613397
CHEMBL4005_Ki,normal,0,SVR,0.19897642553203887,0.7814359300373204,0.5311658275742378,91,4,0.7882746729462139,1.009492448613397
CHEMBL4005_Ki,normal,0,GBM,0.2009180298136528,0.677711031427315,0.5776027671162319,91,4,0.7882746729462139,1.009492448613397
CHEMBL4005_Ki,normal,0,KNN,0.23354411456114976,0.7079415768337086,0.4962902589298763,91,4,0.7882746729462139,1.009492448613397
CHEMBL4005_Ki,normal,1,RF,0.2056257154818566,0.24234604931211068,0.5441706629015794,83,7,0.82303044760353,0.9840493115158745
CHEMBL4005_Ki,normal,1,SVR,0.2110265808124866,0.33235908536590864,0.5121453253241982,83,7,0.82303044760353,0.9840493115158745
CHEMBL4005_Ki,normal,1,GBM,0.23947944354067685,0.11325718569294052,0.5345885832268131,83,7,0.82303044760353,0.9840493115158745
CHEMBL4005_Ki,normal,1,KNN,0.19262779375434885,0.1581188892636607,0.496577540494428,83,7,0.82303044760353,0.9840493115158745
CHEMBL4005_Ki,normal,2,RF,0.23654723942539013,1.0370228950732756,0.531503311643799,93,5,0.843356718377203,0.981611752936123
CHEMBL4005_Ki,normal,2,SVR,0.1780522246598054,0.8124039177113889,0.5262548715845062,93,5,0.843356718377203,0.981611752936123
CHEMBL4005_Ki,normal,2,GBM,0.16068669877920205,0.8132701583829282,0.5514358271971302,93,5,0.843356718377203,0.981611752936123
CHEMBL4005_Ki,normal,2,KNN,0.25589763274181787,0.90732591423689,0.464707511493056,93,5,0.843356718377203,0.981611752936123
CHEMBL4005_Ki,normal,3,RF,0.22698541544885842,0.7512539151860844,0.5447780617019196,90,4,0.7987007167823476,0.9975474907183701
CHEMBL4005_Ki,normal,3,SVR,0.1912914990354596,0.8673762874777478,0.5342045948401858,90,4,0.7987007167823476,0.9975474907183701
CHEMBL4005_Ki,normal,3,GBM,0.21159029083010383,0.6983762485501552,0.5279496362578836,90,4,0.7987007167823476,0.9975474907183701
CHEMBL4005_Ki,normal,3,KNN,0.2773918883902853,0.8102029110220931,0.5097210607946975,90,4,0.7987007167823476,0.9975474907183701
CHEMBL4005_Ki,normal,4,RF,0.16675872028184524,0.3321883197203307,0.5807967064632219,91,9,0.8474792373250662,1.0025618158069924
CHEMBL4005_Ki,normal,4,SVR,0.17358503155510763,0.31770441595838894,0.5789958601221591,91,9,0.8474792373250662,1.0025618158069924
CHEMBL4005_Ki,normal,4,GBM,0.18584629833049715,0.3618785465006287,0.5938666530331994,91,9,0.8474792373250662,1.0025618158069924
CHEMBL4005_Ki,normal,4,KNN,0.15850693457636067,0.35303343777820506,0.5704962702352843,91,9,0.8474792373250662,1.0025618158069924
CHEMBL4005_Ki,t,0,RF,0.40053705625226765,0.6973255664625758,0.623299594995008,119,30,1.0899595802225466,1.133288720948305
CHEMBL4005_Ki,t,0,SVR,0.4507798898472385,0.7016321232931974,0.5706352886506058,119,30,1.0899595802225466,1.133288720948305
CHEMBL4005_Ki,t,0,GBM,0.3822343861707306,0.6655862554543893,0.6650734123593506,119,30,1.0899595802225466,1.133288720948305
CHEMBL4005_Ki,t,0,KNN,0.4761542049726215,0.7793108051273101,0.555312280739698,119,30,1.0899595802225466,1.133288720948305
CHEMBL4005_Ki,t,1,RF,0.2170971224491336,0.6920744997654682,0.742135605461993,103,22,1.0309693915505422,1.0775590422787629
CHEMBL4005_Ki,t,1,SVR,0.21352426263565305,0.6162298801142545,0.7180684496970098,103,22,1.0309693915505422,1.0775590422787629
CHEMBL4005_Ki,t,1,GBM,0.26791756285306734,0.7520336721092483,0.709943559714,103,22,1.0309693915505422,1.0775590422787629
CHEMBL4005_Ki,t,1,KNN,0.2171852072994097,0.6619695576452966,0.7173581099291318,103,22,1.0309693915505422,1.0775590422787629
CHEMBL4005_Ki,t,2,RF,0.36740316806023887,0.6289496599959254,0.561515000316897,113,24,1.105483293115744,1.1134093257154354
CHEMBL4005_Ki,t,2,SVR,0.34556007506475095,0.5821112241215338,0.5690281828467322,113,24,1.105483293115744,1.1134093257154354
CHEMBL4005_Ki,t,2,GBM,0.336704119222083,0.568786570842779,0.6157110690729838,113,24,1.105483293115744,1.1134093257154354
CHEMBL4005_Ki,t,2,KNN,0.3719626406933568,0.6783608895390033,0.5689054816006827,113,24,1.105483293115744,1.1134093257154354
CHEMBL4005_Ki,t,3,RF,0.29718471344473707,0.810114235739626,0.6022856531491262,110,16,0.999330130386916,1.1012659655873083
CHEMBL4005_Ki,t,3,SVR,0.2918180585228267,0.7651543628262689,0.5810929852733941,110,16,0.999330130386916,1.1012659655873083
CHEMBL4005_Ki,t,3,GBM,0.3114262181476397,0.8161731685592145,0.6260181484008004,110,16,0.999330130386916,1.1012659655873083
CHEMBL4005_Ki,t,3,KNN,0.32791346577156255,0.7953788225227666,0.5399426657579042,110,16,0.999330130386916,1.1012659655873083
CHEMBL4005_Ki,t,4,RF,0.3494852603410835,0.6880002713818211,0.626056103553832,112,22,1.1427917527161207,1.161358684974401
CHEMBL4005_Ki,t,4,SVR,0.2687511729419172,0.45087506032416946,0.6182260019421721,112,22,1.1427917527161207,1.161358684974401
CHEMBL4005_Ki,t,4,GBM,0.3165758043236747,0.6916236378696531,0.6346834778615331,112,22,1.1427917527161207,1.161358684974401
CHEMBL4005_Ki,t,4,KNN,0.33914379260160543,0.6222187074907901,0.5846577871987512,112,22,1.1427917527161207,1.161358684974401
CHEMBL4005_Ki,docfx_0.2,0,RF,0.14815428517841034,0.9251627883199676,0.40642741949322336,38,1,0.5822671827370384,1.003808538524472
CHEMBL4005_Ki,docfx_0.2,0,SVR,0.16325129458764343,1.1162249017233998,0.40056531442048793,38,1,0.5822671827370384,1.003808538524472
CHEMBL4005_Ki,docfx_0.2,0,GBM,0.1629395243584112,1.0493793525738102,0.3993018136658417,38,1,0.5822671827370384,1.003808538524472
CHEMBL4005_Ki,docfx_0.2,0,KNN,0.18092949830428212,0.8587375773424659,0.3727156665766494,38,1,0.5822671827370384,1.003808538524472
CHEMBL4005_Ki,docfx_0.2,1,RF,0.25704875687756407,1.0422422570393417,0.3873036337373143,33,2,0.5064494907500244,0.8620589446699494
CHEMBL4005_Ki,docfx_0.2,1,SVR,0.2965125277890374,0.969363547724658,0.34971890394938115,33,2,0.5064494907500244,0.8620589446699494
CHEMBL4005_Ki,docfx_0.2,1,GBM,0.2430548358089049,0.9189293506139875,0.37209181588591617,33,2,0.5064494907500244,0.8620589446699494
CHEMBL4005_Ki,docfx_0.2,1,KNN,0.30618399458743734,0.8477777715833827,0.32002321892763747,33,2,0.5064494907500244,0.8620589446699494
CHEMBL4005_Ki,docfx_0.2,2,RF,0.1733386964822466,0.9205239860397882,0.3616902491816066,39,1,0.539968559025336,1.0103122825285036
CHEMBL4005_Ki,docfx_0.2,2,SVR,0.2074939546426634,0.994529263765129,0.35118921904557154,39,1,0.539968559025336,1.0103122825285036
CHEMBL4005_Ki,docfx_0.2,2,GBM,0.189668884677207,1.1323951597604198,0.3874813020433626,39,1,0.539968559025336,1.0103122825285036
CHEMBL4005_Ki,docfx_0.2,2,KNN,0.2663951592936569,1.1756807380460088,0.32564513563774894,39,1,0.539968559025336,1.0103122825285036
CHEMBL4005_Ki,docfx_0.2,3,RF,0.22262232159336776,0.6798264089735826,0.395143842158104,37,5,0.6391704606151051,1.0246760674094222
CHEMBL4005_Ki,docfx_0.2,3,SVR,0.2299883068816555,0.6953650076602154,0.3883091348038208,37,5,0.6391704606151051,1.0246760674094222
CHEMBL4005_Ki,docfx_0.2,3,GBM,0.21154476172579711,0.6544799740657246,0.3963850349211017,37,5,0.6391704606151051,1.0246760674094222
CHEMBL4005_Ki,docfx_0.2,3,KNN,0.21986978547960956,0.5389106973881772,0.37477740825833783,37,5,0.6391704606151051,1.0246760674094222
CHEMBL4005_Ki,docfx_0.2,4,RF,0.19111268346636806,1.1382559153347396,0.37885297489551245,32,2,0.5508686801396824,0.981753888970173
CHEMBL4005_Ki,docfx_0.2,4,SVR,0.2564708947156925,1.3857431398604116,0.3679643639058756,32,2,0.5508686801396824,0.981753888970173
CHEMBL4005_Ki,docfx_0.2,4,GBM,0.21667893652695697,1.3693727268239053,0.38906021902913296,32,2,0.5508686801396824,0.981753888970173
CHEMBL4005_Ki,docfx_0.2,4,KNN,0.3007841945311119,1.4759425656208207,0.3259622410119036,32,2,0.5508686801396824,0.981753888970173
CHEMBL4005_Ki,docfx_0.3,0,RF,0.1469676129439001,0.770585481357527,0.46194092919370705,59,3,0.6493999709017131,1.0007655342636064
CHEMBL4005_Ki,docfx_0.3,0,SVR,0.17127492873477052,0.8828156891272669,0.4395231553659404,59,3,0.6493999709017131,1.0007655342636064
CHEMBL4005_Ki,docfx_0.3,0,GBM,0.19022541553564526,0.9704251339310149,0.4634561881058468,59,3,0.6493999709017131,1.0007655342636064
CHEMBL4005_Ki,docfx_0.3,0,KNN,0.16222337985673413,0.8757420476716806,0.4232592367374935,59,3,0.6493999709017131,1.0007655342636064
CHEMBL4005_Ki,docfx_0.3,1,RF,0.22996953836403017,1.1254508287662808,0.44081158880826016,42,1,0.5810797569054369,0.883791716095247
CHEMBL4005_Ki,docfx_0.3,1,SVR,0.25310072636193925,0.7000435272541667,0.40246908576454554,42,1,0.5810797569054369,0.883791716095247
CHEMBL4005_Ki,docfx_0.3,1,GBM,0.23226934690736067,0.8769305537488683,0.42432180606564707,42,1,0.5810797569054369,0.883791716095247
CHEMBL4005_Ki,docfx_0.3,1,KNN,0.2712842334067685,0.6035432818950741,0.36748418124717636,42,1,0.5810797569054369,0.883791716095247
CHEMBL4005_Ki,docfx_0.3,2,RF,0.13797017360790098,0.7970690496603563,0.4269830790331406,56,2,0.6184083810278468,1.0147592201550042
CHEMBL4005_Ki,docfx_0.3,2,SVR,0.17800676064432136,0.8886784741513231,0.41116513076310285,56,2,0.6184083810278468,1.0147592201550042
CHEMBL4005_Ki,docfx_0.3,2,GBM,0.13973566272509375,0.8168231823034018,0.4580990936736503,56,2,0.6184083810278468,1.0147592201550042
CHEMBL4005_Ki,docfx_0.3,2,KNN,0.23888832069025062,1.0535708312580168,0.3901183704726143,56,2,0.6184083810278468,1.0147592201550042
CHEMBL4005_Ki,docfx_0.3,3,RF,0.24373581233582525,0.6286342967983424,0.42885695854524203,45,6,0.6930985547420406,1.023347842235028
CHEMBL4005_Ki,docfx_0.3,3,SVR,0.2615498375654526,0.6734181763094009,0.4246329961904034,45,6,0.6930985547420406,1.023347842235028
CHEMBL4005_Ki,docfx_0.3,3,GBM,0.26535279201803946,0.623768354054169,0.4436767288369418,45,6,0.6930985547420406,1.023347842235028
CHEMBL4005_Ki,docfx_0.3,3,KNN,0.2716572190828154,0.5412026024855796,0.39808930500531575,45,6,0.6930985547420406,1.023347842235028
CHEMBL4005_Ki,docfx_0.3,4,RF,0.23392004105134095,1.2098375867035227,0.41005815757785385,48,2,0.6388968164166525,0.9926492172109723
CHEMBL4005_Ki,docfx_0.3,4,SVR,0.2389208470038895,1.440667472897466,0.4165605227846556,48,2,0.6388968164166525,0.9926492172109723
CHEMBL4005_Ki,docfx_0.3,4,GBM,0.23984974861711233,1.624865842233631,0.4360382240861524,48,2,0.6388968164166525,0.9926492172109723
CHEMBL4005_Ki,docfx_0.3,4,KNN,0.28833818648774945,1.6016685789736826,0.38088517721737425,48,2,0.6388968164166525,0.9926492172109723
CHEMBL4203_Ki,normal,0,RF,0.4295768414479655,0.40742468481741023,0.615021176782331,22,1,0.8237822618393691,0.9239865821706453
CHEMBL4203_Ki,normal,0,SVR,0.383414504910364,0.658183468941342,0.6041322260209203,22,1,0.8237822618393691,0.9239865821706453
CHEMBL4203_Ki,normal,0,GBM,0.2918751091850552,0.010789463391396859,0.6734356162559281,22,1,0.8237822618393691,0.9239865821706453
CHEMBL4203_Ki,normal,0,KNN,0.3428963438994235,0.3406705082128525,0.6080968009644466,22,1,0.8237822618393691,0.9239865821706453
CHEMBL4203_Ki,normal,1,RF,0.3209341668168616,1.1071768506127295,0.7092234396696041,15,1,0.7491910919888451,0.9336166748335359
CHEMBL4203_Ki,normal,1,SVR,0.3504926085632326,1.2461203235389164,0.6668283254744057,15,1,0.7491910919888451,0.9336166748335359
CHEMBL4203_Ki,normal,1,GBM,0.2692426459428978,0.8909721403975136,0.7019631175538319,15,1,0.7491910919888451,0.9336166748335359
CHEMBL4203_Ki,normal,1,KNN,0.12210561366583061,0.5047266170142258,0.6585305255853077,15,1,0.7491910919888451,0.9336166748335359
CHEMBL4203_Ki,normal,2,RF,0.3665826333525468,0.9401724302598076,0.6665423742786263,21,4,0.9006988920678982,0.9228381876163113
CHEMBL4203_Ki,normal,2,SVR,0.35221509496848413,0.7810503048721257,0.6528199439029023,21,4,0.9006988920678982,0.9228381876163113
CHEMBL4203_Ki,normal,2,GBM,0.35062294042663944,0.8886708638540963,0.6803470028505669,21,4,0.9006988920678982,0.9228381876163113
CHEMBL4203_Ki,normal,2,KNN,0.24350390649144105,0.6779824655793307,0.6440191619045748,21,4,0.9006988920678982,0.9228381876163113
CHEMBL4203_Ki,normal,3,RF,0.17088797401777156,,0.6838210512389422,19,0,0.8538102222495833,0.9151265714806556
CHEMBL4203_Ki,normal,3,SVR,0.20991165484779872,,0.643064285022618,19,0,0.8538102222495833,0.9151265714806556
CHEMBL4203_Ki,normal,3,GBM,0.18530438841778107,,0.6803487883021303,19,0,0.8538102222495833,0.9151265714806556
CHEMBL4203_Ki,normal,3,KNN,0.18957725963365257,,0.6130789770611074,19,0,0.8538102222495833,0.9151265714806556
CHEMBL4203_Ki,normal,4,RF,0.1475056305657354,0.8127637136193697,0.6900238038140742,26,2,0.8699397208847233,0.923504601173645
CHEMBL4203_Ki,normal,4,SVR,0.13527065223253798,0.6292463749378139,0.6795544025841853,26,2,0.8699397208847233,0.923504601173645
CHEMBL4203_Ki,normal,4,GBM,0.16249777199399784,0.613989843413829,0.7076121396941514,26,2,0.8699397208847233,0.923504601173645
CHEMBL4203_Ki,normal,4,KNN,0.10830710342236793,0.6257698682281579,0.6483254737412715,26,2,0.8699397208847233,0.923504601173645
CHEMBL4203_Ki,t,0,RF,0.34509349789102395,1.1490758273428372,0.7457943153635375,24,3,0.9595147479622639,1.0536683057254173
CHEMBL4203_Ki,t,0,SVR,0.3226859897371549,0.8797746043526993,0.7178483946982145,24,3,0.9595147479622639,1.0536683057254173
CHEMBL4203_Ki,t,0,GBM,0.3751838139974385,1.0527293275711784,0.7451545272893122,24,3,0.9595147479622639,1.0536683057254173
CHEMBL4203_Ki,t,0,KNN,0.4322499793671126,0.8518048810885422,0.6802906759423426,24,3,0.9595147479622639,1.0536683057254173
CHEMBL4203_Ki,t,1,RF,0.23401665311712394,,0.8204302407840174,27,0,0.9509306839715733,1.0280095686855655
CHEMBL4203_Ki,t,1,SVR,0.19754905194012595,,0.8102171272848862,27,0,0.9509306839715733,1.0280095686855655
CHEMBL4203_Ki,t,1,GBM,0.20359121498832278,,0.8604686383608628,27,0,0.9509306839715733,1.0280095686855655
CHEMBL4203_Ki,t,1,KNN,0.15673534173907966,,0.8232247206856256,27,0,0.9509306839715733,1.0280095686855655
CHEMBL4203_Ki,t,2,RF,0.04097006173359774,0.40158731362076716,0.9167750996098099,27,2,1.1041003865874763,1.0464562704201892
CHEMBL4203_Ki,t,2,SVR,0.10316525531091991,0.0033384485245655515,0.8486725802470675,27,2,1.1041003865874763,1.0464562704201892
CHEMBL4203_Ki,t,2,GBM,0.18165451019711865,0.4953131794471983,0.8820619362735599,27,2,1.1041003865874763,1.0464562704201892
CHEMBL4203_Ki,t,2,KNN,-0.10325874014770065,0.1615659392700327,0.9244780423081908,27,2,1.1041003865874763,1.0464562704201892
CHEMBL4203_Ki,t,3,RF,0.5069661305437512,2.411472565761338,0.7735767763493819,25,2,1.0083946714337,1.0009300085984958
CHEMBL4203_Ki,t,3,SVR,0.4794323278689451,2.2710122907913384,0.7406324542246615,25,2,1.0083946714337,1.0009300085984958
CHEMBL4203_Ki,t,3,GBM,0.5120489221448888,2.0245887340190762,0.7793073961747502,25,2,1.0083946714337,1.0009300085984958
CHEMBL4203_Ki,t,3,KNN,0.4867313995521291,2.143580683648949,0.7345899619485566,25,2,1.0083946714337,1.0009300085984958
CHEMBL4203_Ki,t,4,RF,0.5793225892096859,0.4906008573292784,0.7436349286633167,30,7,1.1767019273166488,1.0453306572829564
CHEMBL4203_Ki,t,4,SVR,0.5801177515040298,0.6119346853714689,0.7271926708658546,30,7,1.1767019273166488,1.0453306572829564
CHEMBL4203_Ki,t,4,GBM,0.6170268518873793,0.7044180779427062,0.7995496684913393,30,7,1.1767019273166488,1.0453306572829564
CHEMBL4203_Ki,t,4,KNN,0.5616123910481631,0.6386146422279292,0.7623729264916485,30,7,1.1767019273166488,1.0453306572829564
CHEMBL4203_Ki,docfx_0.2,0,RF,0.12187176056070204,,0.4900370669285191,8,0,0.5016815935016052,0.7995723406286172
CHEMBL4203_Ki,docfx_0.2,0,SVR,0.14530754806263774,,0.4667204905813365,8,0,0.5016815935016052,0.7995723406286172
CHEMBL4203_Ki,docfx_0.2,0,GBM,0.16025228459479268,,0.47496917589051024,8,0,0.5016815935016052,0.7995723406286172
CHEMBL4203_Ki,docfx_0.2,0,KNN,0.08330331828568849,,0.43946611127038937,8,0,0.5016815935016052,0.7995723406286172
CHEMBL4203_Ki,docfx_0.2,1,RF,0.27273003693712033,0.31322112791804735,0.4887264432856894,9,1,0.5674440015562978,0.7899528800991635
CHEMBL4203_Ki,docfx_0.2,1,SVR,0.2261679816649469,0.21613757105309195,0.48578928243686403,9,1,0.5674440015562978,0.7899528800991635
CHEMBL4203_Ki,docfx_0.2,1,GBM,0.19285539740210123,0.1822202452267953,0.486965001201932,9,1,0.5674440015562978,0.7899528800991635
CHEMBL4203_Ki,docfx_0.2,1,KNN,0.20023824007514973,0.0932766691242054,0.4513293542194014,9,1,0.5674440015562978,0.7899528800991635
CHEMBL4203_Ki,docfx_0.2,2,RF,0.1535637501924163,,0.5090529902280589,9,0,0.5259931472083067,0.7907702363547123
CHEMBL4203_Ki,docfx_0.2,2,SVR,0.09512780888029038,,0.4827366842349049,9,0,0.5259931472083067,0.7907702363547123
CHEMBL4203_Ki,docfx_0.2,2,GBM,0.12870953965884757,,0.5011101935716892,9,0,0.5259931472083067,0.7907702363547123
CHEMBL4203_Ki,docfx_0.2,2,KNN,0.07077581000149696,,0.4686885245735824,9,0,0.5259931472083067,0.7907702363547123
CHEMBL4203_Ki,docfx_0.2,3,RF,0.2447594852354113,0.621833471620638,0.46594025172212056,10,1,0.5289404595397648,0.7928007169898783
CHEMBL4203_Ki,docfx_0.2,3,SVR,0.22239422400542713,0.5379132940138416,0.44352959022177924,10,1,0.5289404595397648,0.7928007169898783
CHEMBL4203_Ki,docfx_0.2,3,GBM,0.16637726412789638,0.41617267551809606,0.44398144460824923,10,1,0.5289404595397648,0.7928007169898783
CHEMBL4203_Ki,docfx_0.2,3,KNN,0.18102566690285998,0.4773199052469742,0.41059007003171527,10,1,0.5289404595397648,0.7928007169898783
CHEMBL4203_Ki,docfx_0.2,4,RF,0.21407361322642515,0.7119140445636754,0.5117784509793634,8,1,0.5219329659369704,0.791416260573638
CHEMBL4203_Ki,docfx_0.2,4,SVR,0.20837827520650026,0.49703547817825017,0.4812764055532717,8,1,0.5219329659369704,0.791416260573638
CHEMBL4203_Ki,docfx_0.2,4,GBM,0.15505427940496386,0.33133199296085647,0.513548502294455,8,1,0.5219329659369704,0.791416260573638
CHEMBL4203_Ki,docfx_0.2,4,KNN,0.17022429107358256,0.3914275956628595,0.4441310785379073,8,1,0.5219329659369704,0.791416260573638
CHEMBL4203_Ki,docfx_0.3,0,RF,0.23940983686984185,,0.5333847664689974,8,0,0.5758279751517678,0.8294973185290517
CHEMBL4203_Ki,docfx_0.3,0,SVR,0.3039038489269087,,0.5105839672752603,8,0,0.5758279751517678,0.8294973185290517
CHEMBL4203_Ki,docfx_0.3,0,GBM,0.254208874019764,,0.5468397620598872,8,0,0.5758279751517678,0.8294973185290517
CHEMBL4203_Ki,docfx_0.3,0,KNN,0.20213975455926125,,0.49084669524994917,8,0,0.5758279751517678,0.8294973185290517
CHEMBL4203_Ki,docfx_0.3,1,RF,0.25456192742113815,0.22775796865777065,0.5355236964169547,13,1,0.6657920886271529,0.8165999580378048
CHEMBL4203_Ki,docfx_0.3,1,SVR,0.2842930749664907,0.20071208645184047,0.5374830946144508,13,1,0.6657920886271529,0.8165999580378048
CHEMBL4203_Ki,docfx_0.3,1,GBM,0.2100803483078777,0.03336807660247698,0.5521207817695318,13,1,0.6657920886271529,0.8165999580378048
CHEMBL4203_Ki,docfx_0.3,1,KNN,0.20114777689708085,0.007755864556668546,0.5134057939659121,13,1,0.6657920886271529,0.8165999580378048
CHEMBL4203_Ki,docfx_0.3,2,RF,0.03519690004148546,,0.5831574570584775,12,0,0.6049137035389771,0.8178599275168855
CHEMBL4203_Ki,docfx_0.3,2,SVR,-0.004613999098508681,,0.5563133776880983,12,0,0.6049137035389771,0.8178599275168855
CHEMBL4203_Ki,docfx_0.3,2,GBM,0.034970787687024774,,0.566761243064408,12,0,0.6049137035389771,0.8178599275168855
CHEMBL4203_Ki,docfx_0.3,2,KNN,-0.022576974342582767,,0.5396973946170383,12,0,0.6049137035389771,0.8178599275168855
CHEMBL4203_Ki,docfx_0.3,3,RF,0.3016998357200631,0.7179588399121883,0.5068313788443342,13,1,0.6239049724282626,0.821879966671041
CHEMBL4203_Ki,docfx_0.3,3,SVR,0.2888605084655057,0.5876484154123524,0.4897385235954861,13,1,0.6239049724282626,0.821879966671041
CHEMBL4203_Ki,docfx_0.3,3,GBM,0.26641423298052264,0.4834987564009916,0.47112795793312406,13,1,0.6239049724282626,0.821879966671041
CHEMBL4203_Ki,docfx_0.3,3,KNN,0.24210991226525524,0.5710425639009549,0.45929851390122856,13,1,0.6239049724282626,0.821879966671041
CHEMBL4203_Ki,docfx_0.3,4,RF,0.19107856161748038,0.8545163260491214,0.563335285978146,14,1,0.6075219068905876,0.8185110230901093
CHEMBL4203_Ki,docfx_0.3,4,SVR,0.2211163193125899,0.5836965185060861,0.5285161201071303,14,1,0.6075219068905876,0.8185110230901093
CHEMBL4203_Ki,docfx_0.3,4,GBM,0.15753134792254309,0.7542408954561861,0.5618539415847087,14,1,0.6075219068905876,0.8185110230901093
CHEMBL4203_Ki,docfx_0.3,4,KNN,0.1554162686371261,0.4571120673222486,0.4985519866138022,14,1,0.6075219068905876,0.8185110230901093
CHEMBL4616_EC50,normal,0,RF,0.19154798828073977,0.2791144281551664,0.37212449085375715,67,26,0.7859651301410809,0.7578432748634741
CHEMBL4616_EC50,normal,0,SVR,0.18856171283572587,0.27059564502447864,0.3781119858791636,67,26,0.7859651301410809,0.7578432748634741
CHEMBL4616_EC50,normal,0,GBM,0.21121196422036886,0.269900533165048,0.3690684977624434,67,26,0.7859651301410809,0.7578432748634741
CHEMBL4616_EC50,normal,0,KNN,0.16225510669746285,0.23943889124930684,0.3732559456590628,67,26,0.7859651301410809,0.7578432748634741
CHEMBL4616_EC50,normal,1,RF,0.23984194386463698,0.2238946054941221,0.36258063080460423,50,20,0.7798883584420954,0.7625273940653763
CHEMBL4616_EC50,normal,1,SVR,0.16197049052333068,0.2148912825097989,0.39106517249831607,50,20,0.7798883584420954,0.7625273940653763
CHEMBL4616_EC50,normal,1,GBM,0.25237002154182936,0.24217795997923958,0.38375597584121307,50,20,0.7798883584420954,0.7625273940653763
CHEMBL4616_EC50,normal,1,KNN,0.24506533351513754,0.2571960471974389,0.37507574289151374,50,20,0.7798883584420954,0.7625273940653763
CHEMBL4616_EC50,normal,2,RF,0.10195948293333129,0.22169312337638175,0.45233959618971104,60,15,0.7386584616788491,0.747372625731528
CHEMBL4616_EC50,normal,2,SVR,0.050677897723551024,0.1970926011461523,0.46316879313841564,60,15,0.7386584616788491,0.747372625731528
CHEMBL4616_EC50,normal,2,GBM,0.11056404576058604,0.2187251721838276,0.4499021614112125,60,15,0.7386584616788491,0.747372625731528
CHEMBL4616_EC50,normal,2,KNN,0.09425110810510884,0.21000982309014948,0.426796928621371,60,15,0.7386584616788491,0.747372625731528
CHEMBL4616_EC50,normal,3,RF,0.14041399837777374,0.033844515845676826,0.40891852636753695,61,17,0.7208992662498526,0.7681372017948866
CHEMBL4616_EC50,normal,3,SVR,0.10589692060237033,-7.695499477433643e-06,0.40349587742666293,61,17,0.7208992662498526,0.7681372017948866
CHEMBL4616_EC50,normal,3,GBM,0.12171026901072313,0.06683486170737796,0.3913949569376972,61,17,0.7208992662498526,0.7681372017948866
CHEMBL4616_EC50,normal,3,KNN,0.11603250988066971,0.04496614492553175,0.4204476396772733,61,17,0.7208992662498526,0.7681372017948866
CHEMBL4616_EC50,normal,4,RF,0.17694486774306278,0.18476397748327344,0.43198168142128096,50,13,0.6817447718554629,0.7532258322569252
CHEMBL4616_EC50,normal,4,SVR,0.1862541693934759,0.25660708445129843,0.4243814497450708,50,13,0.6817447718554629,0.7532258322569252
CHEMBL4616_EC50,normal,4,GBM,0.19081133522195481,0.24418944990629127,0.41886434614999213,50,13,0.6817447718554629,0.7532258322569252
CHEMBL4616_EC50,normal,4,KNN,0.13397809933751553,0.17695532251720686,0.43860815441712303,50,13,0.6817447718554629,0.7532258322569252
CHEMBL4616_EC50,t,0,RF,0.15051071615026834,0.355829055118979,0.5152255178639065,76,29,0.7796368163895495,0.8328271399085238
CHEMBL4616_EC50,t,0,SVR,0.12586568247894536,0.28738594816103913,0.5422959562731985,76,29,0.7796368163895495,0.8328271399085238
CHEMBL4616_EC50,t,0,GBM,0.16591683852213435,0.3429851905321253,0.5432438611296075,76,29,0.7796368163895495,0.8328271399085238
CHEMBL4616_EC50,t,0,KNN,0.16913381257671112,0.3470642412661701,0.5044198753137806,76,29,0.7796368163895495,0.8328271399085238
CHEMBL4616_EC50,t,1,RF,0.456962795166305,0.47112078798931806,0.4017494095191001,68,50,0.9695281760284361,0.8456891474103129
CHEMBL4616_EC50,t,1,SVR,0.41604566674341587,0.454688931869913,0.4026367524585474,68,50,0.9695281760284361,0.8456891474103129
CHEMBL4616_EC50,t,1,GBM,0.4634570131709588,0.4885730048192856,0.382323607450356,68,50,0.9695281760284361,0.8456891474103129
CHEMBL4616_EC50,t,1,KNN,0.44439590910082255,0.475078691088973,0.4113491098801552,68,50,0.9695281760284361,0.8456891474103129
CHEMBL4616_EC50,t,2,RF,0.18305877752132427,0.2580628199840813,0.49981192508488237,65,32,0.9117945533528538,0.7983303521914124
CHEMBL4616_EC50,t,2,SVR,0.2298029685759302,0.2819925271320317,0.4438934341137547,65,32,0.9117945533528538,0.7983303521914124
CHEMBL4616_EC50,t,2,GBM,0.155992318799557,0.2128455559893675,0.5077809659114765,65,32,0.9117945533528538,0.7983303521914124
CHEMBL4616_EC50,t,2,KNN,0.23151150718457714,0.33939660109705194,0.46087564581646245,65,32,0.9117945533528538,0.7983303521914124
CHEMBL4616_EC50,t,3,RF,0.23461151238361233,0.37249679808730474,0.5024186421121826,77,39,0.9046956415324793,0.8106017440530767
CHEMBL4616_EC50,t,3,SVR,0.19759510139407488,0.34844526610925497,0.550468298381393,77,39,0.9046956415324793,0.8106017440530767
CHEMBL4616_EC50,t,3,GBM,0.26243131384226404,0.4160792023147436,0.5169794319684181,77,39,0.9046956415324793,0.8106017440530767
CHEMBL4616_EC50,t,3,KNN,0.26527339070413936,0.3974459247235078,0.5066554361601205,77,39,0.9046956415324793,0.8106017440530767
CHEMBL4616_EC50,t,4,RF,0.17095114049583676,0.2770899105168457,0.4591544152493228,71,32,0.8351213717844324,0.837379361897531
CHEMBL4616_EC50,t,4,SVR,0.14373306692314491,0.2905691833790555,0.4921756554714015,71,32,0.8351213717844324,0.837379361897531
CHEMBL4616_EC50,t,4,GBM,0.1931126293424093,0.33142554599020585,0.46514316631669755,71,32,0.8351213717844324,0.837379361897531
CHEMBL4616_EC50,t,4,KNN,0.16060552727012373,0.28441656572353097,0.47735107336846244,71,32,0.8351213717844324,0.837379361897531
CHEMBL4616_EC50,docfx_0.2,0,RF,0.07295651022935973,0.28272980110544416,0.35822720027990923,42,10,0.6325092446722037,0.7222873984269608
CHEMBL4616_EC50,docfx_0.2,0,SVR,0.08359895073562734,0.31609297487572,0.33984318938079927,42,10,0.6325092446722037,0.7222873984269608
CHEMBL4616_EC50,docfx_0.2,0,GBM,0.13196009971420486,0.31603894915432734,0.32974696625473543,42,10,0.6325092446722037,0.7222873984269608
CHEMBL4616_EC50,docfx_0.2,0,KNN,0.09822711326140199,0.27298149544463807,0.32022619540983394,42,10,0.6325092446722037,0.7222873984269608
CHEMBL4616_EC50,docfx_0.2,1,RF,0.08915278982671782,0.21521445255922494,0.364009585079852,35,9,0.6530300442463719,0.7134790052571497
CHEMBL4616_EC50,docfx_0.2,1,SVR,0.07378718041032001,0.20974352533772384,0.3517469531718124,35,9,0.6530300442463719,0.7134790052571497
CHEMBL4616_EC50,docfx_0.2,1,GBM,0.08510767229200861,0.20518649934181227,0.3476577746297271,35,9,0.6530300442463719,0.7134790052571497
CHEMBL4616_EC50,docfx_0.2,1,KNN,0.0934962070484332,0.2061605190643836,0.3567254719243874,35,9,0.6530300442463719,0.7134790052571497
CHEMBL4616_EC50,docfx_0.2,2,RF,0.027579222587120866,0.1405573625514444,0.38160582232726553,39,6,0.6339716972362083,0.7306989153318887
CHEMBL4616_EC50,docfx_0.2,2,SVR,0.03850930178140932,0.09750311189451166,0.3705685350100635,39,6,0.6339716972362083,0.7306989153318887
CHEMBL4616_EC50,docfx_0.2,2,GBM,0.02211387003296056,0.09523724616726792,0.3760974886937989,39,6,0.6339716972362083,0.7306989153318887
CHEMBL4616_EC50,docfx_0.2,2,KNN,0.023243220536026732,0.15132200740281493,0.3760048109369298,39,6,0.6339716972362083,0.7306989153318887
CHEMBL4616_EC50,docfx_0.2,3,RF,0.06871880392527602,0.22685353667782215,0.3828053124300377,45,10,0.7255248201395738,0.7661921895869264
CHEMBL4616_EC50,docfx_0.2,3,SVR,0.0367694790811956,0.1594821079001273,0.36394888115649704,45,10,0.7255248201395738,0.7661921895869264
CHEMBL4616_EC50,docfx_0.2,3,GBM,-0.010054017307298935,0.06434347895394044,0.380816744039116,45,10,0.7255248201395738,0.7661921895869264
CHEMBL4616_EC50,docfx_0.2,3,KNN,0.08445036544753531,0.19615085682353556,0.36874710973416247,45,10,0.7255248201395738,0.7661921895869264
CHEMBL4616_EC50,docfx_0.2,4,RF,0.0723758142119969,0.2528221785489194,0.34210551454412447,47,8,0.6279376640258785,0.7328680751319138
CHEMBL4616_EC50,docfx_0.2,4,SVR,0.02588161337163969,0.13812786467234534,0.3468148641323279,47,8,0.6279376640258785,0.7328680751319138
CHEMBL4616_EC50,docfx_0.2,4,GBM,0.030709986965696046,0.1994770678139685,0.3304769881441318,47,8,0.6279376640258785,0.7328680751319138
CHEMBL4616_EC50,docfx_0.2,4,KNN,0.10564244829558128,0.24608381629349468,0.34658169468665345,47,8,0.6279376640258785,0.7328680751319138
CHEMBL4616_EC50,docfx_0.3,0,RF,0.12269317771831595,0.2810096406339037,0.39045822970492866,50,11,0.6848817919332155,0.7382369817171828
CHEMBL4616_EC50,docfx_0.3,0,SVR,0.10269837538896986,0.27822425185184807,0.3813671787789172,50,11,0.6848817919332155,0.7382369817171828
CHEMBL4616_EC50,docfx_0.3,0,GBM,0.13665255554968847,0.26075496564941186,0.3729418216066084,50,11,0.6848817919332155,0.7382369817171828
CHEMBL4616_EC50,docfx_0.3,0,KNN,0.14175469985035571,0.2955933778227007,0.34812299108512945,50,11,0.6848817919332155,0.7382369817171828
CHEMBL4616_EC50,docfx_0.3,1,RF,0.053104793591310095,0.17037756834891665,0.4416648529914983,45,18,0.7431910689916017,0.7380968617720216
CHEMBL4616_EC50,docfx_0.3,1,SVR,0.06881562701899724,0.18835679690840257,0.4263070340259818,45,18,0.7431910689916017,0.7380968617720216
CHEMBL4616_EC50,docfx_0.3,1,GBM,0.06984234893786068,0.18830499501694936,0.4216633008619446,45,18,0.7431910689916017,0.7380968617720216
CHEMBL4616_EC50,docfx_0.3,1,KNN,0.09729806054377554,0.21395710524253275,0.4193323900124082,45,18,0.7431910689916017,0.7380968617720216
CHEMBL4616_EC50,docfx_0.3,2,RF,0.10406794922395057,0.061900586355168485,0.43383862428166653,49,9,0.7170661910579934,0.7434214097704399
CHEMBL4616_EC50,docfx_0.3,2,SVR,0.11522198860020771,0.08361167120343616,0.41371507751730374,49,9,0.7170661910579934,0.7434214097704399
CHEMBL4616_EC50,docfx_0.3,2,GBM,0.1241284744622968,0.027132277917613412,0.4249736468006108,49,9,0.7170661910579934,0.7434214097704399
CHEMBL4616_EC50,docfx_0.3,2,KNN,0.10941714828934546,0.08653218044823663,0.42061957073282785,49,9,0.7170661910579934,0.7434214097704399
CHEMBL4616_EC50,docfx_0.3,3,RF,0.08149157347373193,0.08608841450648841,0.41343124687721866,54,15,0.7546879855073008,0.7700216770879106
CHEMBL4616_EC50,docfx_0.3,3,SVR,0.08722649765988927,0.13388740511407282,0.37906360875799605,54,15,0.7546879855073008,0.7700216770879106
CHEMBL4616_EC50,docfx_0.3,3,GBM,0.06411873865252865,0.008592332682612669,0.3952903547109882,54,15,0.7546879855073008,0.7700216770879106
CHEMBL4616_EC50,docfx_0.3,3,KNN,0.10415462744583642,0.19005076163286178,0.3907583071651506,54,15,0.7546879855073008,0.7700216770879106
CHEMBL4616_EC50,docfx_0.3,4,RF,0.12971143365251875,0.33913805821984544,0.39328514446903956,51,12,0.681803923416693,0.7464927062176878
CHEMBL4616_EC50,docfx_0.3,4,SVR,0.08755420922777896,0.23362940203079513,0.39885941065714037,51,12,0.681803923416693,0.7464927062176878
CHEMBL4616_EC50,docfx_0.3,4,GBM,0.09806830372991931,0.30619503070041615,0.3654107180186018,51,12,0.681803923416693,0.7464927062176878
CHEMBL4616_EC50,docfx_0.3,4,KNN,0.1567969585340797,0.30272073028893187,0.3968939956638933,51,12,0.681803923416693,0.7464927062176878
CHEMBL4792_Ki,normal,0,RF,0.16096650604980156,0.23622861406742257,0.5298808336917178,146,10,0.7922925246789947,0.9797136916187804
CHEMBL4792_Ki,normal,0,SVR,0.21528965157672103,0.24618250695705934,0.4571816864475617,146,10,0.7922925246789947,0.9797136916187804
CHEMBL4792_Ki,normal,0,GBM,0.18641648562123514,0.259361292410785,0.5215415765258761,146,10,0.7922925246789947,0.9797136916187804
CHEMBL4792_Ki,normal,0,KNN,0.2050934667930464,0.14041499641466937,0.47588398255112874,146,10,0.7922925246789947,0.9797136916187804
CHEMBL4792_Ki,normal,1,RF,0.13711357541885627,0.5151720077555626,0.5761604083248711,165,18,0.813000177750493,1.00717102435574
CHEMBL4792_Ki,normal,1,SVR,0.17293994685441194,0.4689429058201361,0.5323045570713908,165,18,0.813000177750493,1.00717102435574
CHEMBL4792_Ki,normal,1,GBM,0.0992723103111709,0.47886072804502045,0.6023713078181905,165,18,0.813000177750493,1.00717102435574
CHEMBL4792_Ki,normal,1,KNN,0.15342767764332188,0.44884983604633355,0.5353400888985,165,18,0.813000177750493,1.00717102435574
CHEMBL4792_Ki,normal,2,RF,0.19919741246357503,0.4395877293194477,0.48665342064988437,164,13,0.8070303027953072,1.0064060604189844
CHEMBL4792_Ki,normal,2,SVR,0.22510656932786743,0.3362343292338016,0.43502880964311763,164,13,0.8070303027953072,1.0064060604189844
CHEMBL4792_Ki,normal,2,GBM,0.18997308660014622,0.34188700533950245,0.4822978742507831,164,13,0.8070303027953072,1.0064060604189844
CHEMBL4792_Ki,normal,2,KNN,0.20877165502113787,0.3429774774666903,0.4347896966780052,164,13,0.8070303027953072,1.0064060604189844
CHEMBL4792_Ki,normal,3,RF,0.23331255517920896,0.4676314820620884,0.4747002826894387,162,21,0.8441108576793026,1.021184027038755
CHEMBL4792_Ki,normal,3,SVR,0.24226057258741585,0.45418860448587806,0.4337258734552324,162,21,0.8441108576793026,1.021184027038755
CHEMBL4792_Ki,normal,3,GBM,0.19477540607096794,0.3584120565321136,0.489726141214573,162,21,0.8441108576793026,1.021184027038755
CHEMBL4792_Ki,normal,3,KNN,0.27133702323844616,0.38070807435624643,0.4089852464585196,162,21,0.8441108576793026,1.021184027038755
CHEMBL4792_Ki,normal,4,RF,0.0834880965705187,0.3712146010947962,0.5719935304750812,161,22,0.8343623276095278,1.0299450138429678
CHEMBL4792_Ki,normal,4,SVR,0.11983051427716584,0.37766662852163313,0.5100643221743968,161,22,0.8343623276095278,1.0299450138429678
CHEMBL4792_Ki,normal,4,GBM,0.07423896440810418,0.3414530315928649,0.5813397417463867,161,22,0.8343623276095278,1.0299450138429678
CHEMBL4792_Ki,normal,4,KNN,0.16919557448973888,0.3955661703944886,0.4684783708585536,161,22,0.8343623276095278,1.0299450138429678
CHEMBL4792_Ki,t,0,RF,0.14705280531642417,0.3768059578576113,0.6698627878137439,181,67,1.0418504234139379,1.0911551964534032
CHEMBL4792_Ki,t,0,SVR,0.15619525903242504,0.38106239197267633,0.6309561392696824,181,67,1.0418504234139379,1.0911551964534032
CHEMBL4792_Ki,t,0,GBM,0.126982602244764,0.3801192602364205,0.662522354535336,181,67,1.0418504234139379,1.0911551964534032
CHEMBL4792_Ki,t,0,KNN,0.20789173434310226,0.3889544812320098,0.6275474059410787,181,67,1.0418504234139379,1.0911551964534032
CHEMBL4792_Ki,t,1,RF,0.3355564249809394,0.585358087859372,0.6246326569380787,190,61,1.0552967238084348,1.1352426388923678
CHEMBL4792_Ki,t,1,SVR,0.39561440526269853,0.5518416502714545,0.5472068445156799,190,61,1.0552967238084348,1.1352426388923678
CHEMBL4792_Ki,t,1,GBM,0.4007092882026292,0.6097245536714346,0.5701879426883487,190,61,1.0552967238084348,1.1352426388923678
CHEMBL4792_Ki,t,1,KNN,0.4280464547617613,0.6486176880066037,0.5566118555334588,190,61,1.0552967238084348,1.1352426388923678
CHEMBL4792_Ki,t,2,RF,0.34226141672912247,0.5737480466225217,0.5562627918949467,198,65,1.0956548091017937,1.1316271598964007
CHEMBL4792_Ki,t,2,SVR,0.31419276448721156,0.5533955836737389,0.5520089866275325,198,65,1.0956548091017937,1.1316271598964007
CHEMBL4792_Ki,t,2,GBM,0.33367347557973326,0.5294675444281879,0.5809850487818505,198,65,1.0956548091017937,1.1316271598964007
CHEMBL4792_Ki,t,2,KNN,0.3507105514263178,0.6083214891949045,0.5320169320963941,198,65,1.0956548091017937,1.1316271598964007
CHEMBL4792_Ki,t,3,RF,0.07717589482792797,0.2567850187834706,0.7045986059552316,181,59,1.0188208969857704,1.0804667894105409
CHEMBL4792_Ki,t,3,SVR,0.09262153106180049,0.23289830128279154,0.6628005807447513,181,59,1.0188208969857704,1.0804667894105409
CHEMBL4792_Ki,t,3,GBM,0.08287744928294893,0.19682236784461182,0.6771159159968636,181,59,1.0188208969857704,1.0804667894105409
CHEMBL4792_Ki,t,3,KNN,0.15503664523417449,0.2573689790065663,0.6011997170098168,181,59,1.0188208969857704,1.0804667894105409
CHEMBL4792_Ki,t,4,RF,0.18627352838914224,0.37187423354666793,0.6116114618439612,200,65,1.040161175509194,1.1318740023069236
CHEMBL4792_Ki,t,4,SVR,0.22920889834086378,0.3485618201232782,0.5608719870337062,200,65,1.040161175509194,1.1318740023069236
CHEMBL4792_Ki,t,4,GBM,0.16571140336529533,0.335760104547814,0.6201774462115605,200,65,1.040161175509194,1.1318740023069236
CHEMBL4792_Ki,t,4,KNN,0.2581143935527095,0.4540987303998424,0.5355477613287123,200,65,1.040161175509194,1.1318740023069236
CHEMBL4792_Ki,docfx_0.2,0,RF,0.180609133432598,0.35807593313567254,0.3655527070029042,91,5,0.5887468552166808,1.065672322489151
CHEMBL4792_Ki,docfx_0.2,0,SVR,0.17493103242848862,0.2532225831386546,0.353719959817978,91,5,0.5887468552166808,1.065672322489151
CHEMBL4792_Ki,docfx_0.2,0,GBM,0.12323542753135419,0.2212036479608812,0.38757057218718716,91,5,0.5887468552166808,1.065672322489151
CHEMBL4792_Ki,docfx_0.2,0,KNN,0.1804678262744473,0.10496094951525081,0.3525447939574419,91,5,0.5887468552166808,1.065672322489151
CHEMBL4792_Ki,docfx_0.2,1,RF,0.1273499508842018,0.3268664738307879,0.33200391139903473,92,6,0.6097394891831365,0.9750834823782936
CHEMBL4792_Ki,docfx_0.2,1,SVR,0.08533719809205231,0.25803337559980755,0.35326231966631627,92,6,0.6097394891831365,0.9750834823782936
CHEMBL4792_Ki,docfx_0.2,1,GBM,0.09191811436642794,0.32997113242385806,0.3680216606769353,92,6,0.6097394891831365,0.9750834823782936
CHEMBL4792_Ki,docfx_0.2,1,KNN,0.10147882161848693,0.21284006562637592,0.3494095391359083,92,6,0.6097394891831365,0.9750834823782936
CHEMBL4792_Ki,docfx_0.2,2,RF,0.10643186934458698,0.5381803344827818,0.40527180700970517,85,8,0.5811701965234438,1.0115833248410695
CHEMBL4792_Ki,docfx_0.2,2,SVR,0.09306783140276731,0.42888415446456607,0.39656536535101616,85,8,0.5811701965234438,1.0115833248410695
CHEMBL4792_Ki,docfx_0.2,2,GBM,0.06844932176525725,0.46258120841773365,0.4109030247494864,85,8,0.5811701965234438,1.0115833248410695
CHEMBL4792_Ki,docfx_0.2,2,KNN,0.1038640867188938,0.4452028485859811,0.36261446077772713,85,8,0.5811701965234438,1.0115833248410695
CHEMBL4792_Ki,docfx_0.2,3,RF,0.10743159281409465,0.4330173566126551,0.37075273639462797,76,3,0.5829383309289937,1.00282101601045
CHEMBL4792_Ki,docfx_0.2,3,SVR,0.08555267591624072,0.3269327265975817,0.36451486588275456,76,3,0.5829383309289937,1.00282101601045
CHEMBL4792_Ki,docfx_0.2,3,GBM,0.04743028067768973,0.3423625326460785,0.4090657470248907,76,3,0.5829383309289937,1.00282101601045
CHEMBL4792_Ki,docfx_0.2,3,KNN,0.10002256423992995,0.3041259688159962,0.34292535318557765,76,3,0.5829383309289937,1.00282101601045
CHEMBL4792_Ki,docfx_0.2,4,RF,0.09966293478895522,0.3267555396710466,0.3763948663698327,69,4,0.574779422024085,1.0313786019736573
CHEMBL4792_Ki,docfx_0.2,4,SVR,0.11885021925407524,0.2099047322203907,0.3627798953172145,69,4,0.574779422024085,1.0313786019736573
CHEMBL4792_Ki,docfx_0.2,4,GBM,0.10381841947904374,0.3255625780706247,0.37284530164356766,69,4,0.574779422024085,1.0313786019736573
CHEMBL4792_Ki,docfx_0.2,4,KNN,0.08418180979536471,0.3336359060922779,0.32818363913430626,69,4,0.574779422024085,1.0313786019736573
CHEMBL4792_Ki,docfx_0.3,0,RF,0.19123074717980393,0.3328294150783704,0.3889192618036237,132,6,0.6600133755207915,1.0559367239488047
CHEMBL4792_Ki,docfx_0.3,0,SVR,0.1866597284320367,0.21472582768917198,0.37581860131746403,132,6,0.6600133755207915,1.0559367239488047
CHEMBL4792_Ki,docfx_0.3,0,GBM,0.16119108024530465,0.1689049286014055,0.4033105319222016,132,6,0.6600133755207915,1.0559367239488047
CHEMBL4792_Ki,docfx_0.3,0,KNN,0.16533512740410655,0.10260597614727152,0.38503308934295805,132,6,0.6600133755207915,1.0559367239488047
CHEMBL4792_Ki,docfx_0.3,1,RF,0.18743394057101792,0.26894668511674563,0.3498403724234159,114,8,0.678683925838643,0.9814482255621402
CHEMBL4792_Ki,docfx_0.3,1,SVR,0.12903425655709388,0.22914741849975906,0.3751294437355326,114,8,0.678683925838643,0.9814482255621402
CHEMBL4792_Ki,docfx_0.3,1,GBM,0.12690135679524928,0.2764950614999029,0.38776249756278713,114,8,0.678683925838643,0.9814482255621402
CHEMBL4792_Ki,docfx_0.3,1,KNN,0.15574722624574494,0.17978816506818196,0.3651321873516516,114,8,0.678683925838643,0.9814482255621402
CHEMBL4792_Ki,docfx_0.3,2,RF,0.19361627409772475,0.33344775942902544,0.41602081463595697,111,11,0.6499144320093548,1.01063014285876
CHEMBL4792_Ki,docfx_0.3,2,SVR,0.14959293632048404,0.24193215530619078,0.42065298572549653,111,11,0.6499144320093548,1.01063014285876
CHEMBL4792_Ki,docfx_0.3,2,GBM,0.15314817626284255,0.3403039337147295,0.4204222642015349,111,11,0.6499144320093548,1.01063014285876
CHEMBL4792_Ki,docfx_0.3,2,KNN,0.15666914805305532,0.28510648936752175,0.3878666008488495,111,11,0.6499144320093548,1.01063014285876
CHEMBL4792_Ki,docfx_0.3,3,RF,0.11486685460841795,0.3263592052658884,0.411743180663795,100,7,0.6607074883050578,1.0139209268649538
CHEMBL4792_Ki,docfx_0.3,3,SVR,0.13929394518174576,0.2752665477410458,0.39444527148848973,100,7,0.6607074883050578,1.0139209268649538
CHEMBL4792_Ki,docfx_0.3,3,GBM,0.09565101357436073,0.2319341970508586,0.4402101226262834,100,7,0.6607074883050578,1.0139209268649538
CHEMBL4792_Ki,docfx_0.3,3,KNN,0.15597551347632388,0.31696958827588173,0.37356619809429426,100,7,0.6607074883050578,1.0139209268649538
CHEMBL4792_Ki,docfx_0.3,4,RF,0.08812634383409712,0.18621992379801938,0.4218563614764387,108,6,0.6569335160088037,1.0380805052696789
CHEMBL4792_Ki,docfx_0.3,4,SVR,0.10333326088928652,0.21607774712882333,0.41483979625384404,108,6,0.6569335160088037,1.0380805052696789
CHEMBL4792_Ki,docfx_0.3,4,GBM,0.08271393286436546,0.20270984109540074,0.42856146027278197,108,6,0.6569335160088037,1.0380805052696789
CHEMBL4792_Ki,docfx_0.3,4,KNN,0.08968658758992282,0.30388598566294933,0.38162093769882555,108,6,0.6569335160088037,1.0380805052696789
