dataset,draw,model,gap,n_cliff_test
CHEMBL1862_Ki,0,RF,0.2109409624320504,74
CHEMBL1862_Ki,0,SVR,0.22614631108561767,74
CHEMBL1862_Ki,0,GBM,0.25895390687450637,74
CHEMBL1862_Ki,0,KNN,0.21019123707149845,74
CHEMBL1862_Ki,1,RF,-0.014135495966553502,73
CHEMBL1862_Ki,1,SVR,0.015672041912326184,73
CHEMBL1862_Ki,1,GBM,-0.019948625396181696,73
CHEMBL1862_Ki,1,KNN,0.0238151591063257,73
CHEMBL1862_Ki,2,RF,0.025040259213439997,76
CHEMBL1862_Ki,2,SVR,0.0643854900502947,76
CHEMBL1862_Ki,2,GBM,0.08793189075431207,76
CHEMBL1862_Ki,2,KNN,0.20907651907536995,76
CHEMBL1862_Ki,3,RF,-0.020997614425009803,74
CHEMBL1862_Ki,3,SVR,-0.014904589280935632,74
CHEMBL1862_Ki,3,GBM,0.01632735923777895,74
CHEMBL1862_Ki,3,KNN,-0.0022313480565346877,74
CHEMBL1862_Ki,4,RF,0.08181174135836922,79
CHEMBL1862_Ki,4,SVR,0.14938871367597417,79
CHEMBL1862_Ki,4,GBM,0.18768910214789036,79
CHEMBL1862_Ki,4,KNN,0.22254970703415122,79
CHEMBL1862_Ki,5,RF,-0.13601248822374679,72
CHEMBL1862_Ki,5,SVR,-0.08652082377607784,72
CHEMBL1862_Ki,5,GBM,-0.06789119852200032,72
CHEMBL1862_Ki,5,KNN,0.02441359599324522,72
CHEMBL1862_Ki,6,RF,0.09959672180776968,85
CHEMBL1862_Ki,6,SVR,0.12793976029926868,85
CHEMBL1862_Ki,6,GBM,0.10616799375759378,85
CHEMBL1862_Ki,6,KNN,0.10728865339912497,85
CHEMBL1862_Ki,7,RF,0.009460206271586502,79
CHEMBL1862_Ki,7,SVR,0.03834677509565099,79
CHEMBL1862_Ki,7,GBM,0.014149069121090041,79
CHEMBL1862_Ki,7,KNN,0.13611284883218044,79
CHEMBL1862_Ki,8,RF,0.009391189567644176,77
CHEMBL1862_Ki,8,SVR,0.02355593986375526,77
CHEMBL1862_Ki,8,GBM,0.011446402145523615,77
CHEMBL1862_Ki,8,KNN,0.0461819888533348,77
CHEMBL1862_Ki,9,RF,-0.12937769662576137,75
CHEMBL1862_Ki,9,SVR,-0.09507588452715832,75
CHEMBL1862_Ki,9,GBM,-0.11440653033354853,75
CHEMBL1862_Ki,9,KNN,0.007846891628868202,75
CHEMBL1862_Ki,10,RF,0.18886044779056999,79
CHEMBL1862_Ki,10,SVR,0.2417100074304236,79
CHEMBL1862_Ki,10,GBM,0.22531060041869255,79
CHEMBL1862_Ki,10,KNN,0.2916323920639874,79
CHEMBL1862_Ki,11,RF,0.007362088379996967,74
CHEMBL1862_Ki,11,SVR,0.01696396878921458,74
CHEMBL1862_Ki,11,GBM,0.04773323140025354,74
CHEMBL1862_Ki,11,KNN,-0.02513625164237754,74
CHEMBL1862_Ki,12,RF,-0.059800922378165255,80
CHEMBL1862_Ki,12,SVR,-0.029666279370455184,80
CHEMBL1862_Ki,12,GBM,-0.07082164314462625,80
CHEMBL1862_Ki,12,KNN,0.08710888466939615,80
CHEMBL1862_Ki,13,RF,0.020717258017361795,75
CHEMBL1862_Ki,13,SVR,0.06300900425612943,75
CHEMBL1862_Ki,13,GBM,0.08103223638394197,75
CHEMBL1862_Ki,13,KNN,-0.0013177030749528251,75
CHEMBL1862_Ki,14,RF,0.11149774500700449,84
CHEMBL1862_Ki,14,SVR,0.09448729617816987,84
CHEMBL1862_Ki,14,GBM,0.12350395197746067,84
CHEMBL1862_Ki,14,KNN,0.20187919654115982,84
CHEMBL1862_Ki,15,RF,0.28212920841659495,77
CHEMBL1862_Ki,15,SVR,0.2994454758262406,77
CHEMBL1862_Ki,15,GBM,0.3114855089154447,77
CHEMBL1862_Ki,15,KNN,0.4279455890988898,77
CHEMBL1862_Ki,16,RF,0.03671137863021834,79
CHEMBL1862_Ki,16,SVR,0.11675356988246788,79
CHEMBL1862_Ki,16,GBM,0.09078841872918797,79
CHEMBL1862_Ki,16,KNN,0.15223948499075834,79
CHEMBL1862_Ki,17,RF,0.04056708092860806,79
CHEMBL1862_Ki,17,SVR,0.10771234883182379,79
CHEMBL1862_Ki,17,GBM,-0.007663281657030341,79
CHEMBL1862_Ki,17,KNN,0.12000916273493412,79
CHEMBL1862_Ki,18,RF,-0.014705056705456632,74
CHEMBL1862_Ki,18,SVR,0.015419901615845055,74
CHEMBL1862_Ki,18,GBM,-0.04500828468022866,74
CHEMBL1862_Ki,18,KNN,0.03733860822042723,74
CHEMBL1862_Ki,19,RF,0.1544348021545533,74
CHEMBL1862_Ki,19,SVR,0.18889069803502279,74
CHEMBL1862_Ki,19,GBM,0.12347207371387536,74
CHEMBL1862_Ki,19,KNN,0.19469547357129768,74
CHEMBL1871_Ki,0,RF,0.48058462287312254,53
CHEMBL1871_Ki,0,SVR,0.4089564461372479,53
CHEMBL1871_Ki,0,GBM,0.43214359515276146,53
CHEMBL1871_Ki,0,KNN,0.4192992078535277,53
CHEMBL1871_Ki,1,RF,0.392021690908663,54
CHEMBL1871_Ki,1,SVR,0.38330602712361006,54
CHEMBL1871_Ki,1,GBM,0.3619404704992113,54
CHEMBL1871_Ki,1,KNN,0.3521978000389433,54
CHEMBL1871_Ki,2,RF,0.5442256877139168,56
CHEMBL1871_Ki,2,SVR,0.49919333315605197,56
CHEMBL1871_Ki,2,GBM,0.5558266874828036,56
CHEMBL1871_Ki,2,KNN,0.504284275163129,56
CHEMBL1871_Ki,3,RF,0.14483015589047998,58
CHEMBL1871_Ki,3,SVR,0.1105576386533077,58
CHEMBL1871_Ki,3,GBM,0.10586150417876172,58
CHEMBL1871_Ki,3,KNN,0.18133637662098012,58
CHEMBL1871_Ki,4,RF,0.46062994796217704,50
CHEMBL1871_Ki,4,SVR,0.3277226503989459,50
CHEMBL1871_Ki,4,GBM,0.4670422059533358,50
CHEMBL1871_Ki,4,KNN,0.42706324843106636,50
CHEMBL1871_Ki,5,RF,0.5080032993675667,61
CHEMBL1871_Ki,5,SVR,0.47418398839331966,61
CHEMBL1871_Ki,5,GBM,0.49865618992457283,61
CHEMBL1871_Ki,5,KNN,0.48483453302908697,61
CHEMBL1871_Ki,6,RF,0.30750451774118026,48
CHEMBL1871_Ki,6,SVR,0.3121483009136634,48
CHEMBL1871_Ki,6,GBM,0.34869051051535527,48
CHEMBL1871_Ki,6,KNN,0.2634485957499486,48
CHEMBL1871_Ki,7,RF,0.21977210318683582,54
CHEMBL1871_Ki,7,SVR,0.21257636628366583,54
CHEMBL1871_Ki,7,GBM,0.16970493829848043,54
CHEMBL1871_Ki,7,KNN,0.20141436287859205,54
CHEMBL1871_Ki,8,RF,0.40869998738411395,52
CHEMBL1871_Ki,8,SVR,0.4559945390302601,52
CHEMBL1871_Ki,8,GBM,0.4104659135572901,52
CHEMBL1871_Ki,8,KNN,0.518071769893517,52
CHEMBL1871_Ki,9,RF,0.3224947167109028,55
CHEMBL1871_Ki,9,SVR,0.32220014251091744,55
CHEMBL1871_Ki,9,GBM,0.32296102017643014,55
CHEMBL1871_Ki,9,KNN,0.3559559052365827,55
CHEMBL1871_Ki,10,RF,0.26170799896340635,50
CHEMBL1871_Ki,10,SVR,0.2758602754118453,50
CHEMBL1871_Ki,10,GBM,0.21729191316315877,50
CHEMBL1871_Ki,10,KNN,0.22596899444222562,50
CHEMBL1871_Ki,11,RF,0.5512808003769039,48
CHEMBL1871_Ki,11,SVR,0.4882746845870961,48
CHEMBL1871_Ki,11,GBM,0.5758000588919309,48
CHEMBL1871_Ki,11,KNN,0.5172753571085066,48
CHEMBL1871_Ki,12,RF,0.4695322123710517,57
CHEMBL1871_Ki,12,SVR,0.39326533813011566,57
CHEMBL1871_Ki,12,GBM,0.4075954099926158,57
CHEMBL1871_Ki,12,KNN,0.41702247506543677,57
CHEMBL1871_Ki,13,RF,0.47122765223006524,55
CHEMBL1871_Ki,13,SVR,0.44165428804024853,55
CHEMBL1871_Ki,13,GBM,0.5068688513888321,55
CHEMBL1871_Ki,13,KNN,0.36378665221730877,55
CHEMBL1871_Ki,14,RF,0.23313277381997966,48
CHEMBL1871_Ki,14,SVR,0.21607693169978037,48
CHEMBL1871_Ki,14,GBM,0.1648021792561296,48
CHEMBL1871_Ki,14,KNN,0.24780751892194486,48
CHEMBL1871_Ki,15,RF,0.3167709028386363,54
CHEMBL1871_Ki,15,SVR,0.35519510727223325,54
CHEMBL1871_Ki,15,GBM,0.3194249897637975,54
CHEMBL1871_Ki,15,KNN,0.3238620648370606,54
CHEMBL1871_Ki,16,RF,0.20812487543583924,55
CHEMBL1871_Ki,16,SVR,0.14601706100405498,55
CHEMBL1871_Ki,16,GBM,0.2958729157636454,55
CHEMBL1871_Ki,16,KNN,0.307909137981632,55
CHEMBL1871_Ki,17,RF,0.2374010633425263,54
CHEMBL1871_Ki,17,SVR,0.22771150279269636,54
CHEMBL1871_Ki,17,GBM,0.21283889310884574,54
CHEMBL1871_Ki,17,KNN,0.21041374586786876,54
CHEMBL1871_Ki,18,RF,0.140998510097601,60
CHEMBL1871_Ki,18,SVR,0.0919213921542199,60
CHEMBL1871_Ki,18,GBM,0.11168927950675944,60
CHEMBL1871_Ki,18,KNN,0.1266687311669007,60
CHEMBL1871_Ki,19,RF,0.4581067991529445,50
CHEMBL1871_Ki,19,SVR,0.4627100377811957,50
CHEMBL1871_Ki,19,GBM,0.4747002036802349,50
CHEMBL1871_Ki,19,KNN,0.5394607607821729,50
CHEMBL2034_Ki,0,RF,0.2654595785138125,85
CHEMBL2034_Ki,0,SVR,0.2088893005191219,85
CHEMBL2034_Ki,0,GBM,0.240866592304541,85
CHEMBL2034_Ki,0,KNN,0.21702747304356473,85
CHEMBL2034_Ki,1,RF,0.36361050236134307,81
CHEMBL2034_Ki,1,SVR,0.3290889278154767,81
CHEMBL2034_Ki,1,GBM,0.2953789906355009,81
CHEMBL2034_Ki,1,KNN,0.30670231970286677,81
CHEMBL2034_Ki,2,RF,0.24682950529661396,90
CHEMBL2034_Ki,2,SVR,0.2546448325060606,90
CHEMBL2034_Ki,2,GBM,0.19701828111052333,90
CHEMBL2034_Ki,2,KNN,0.25579732370124786,90
CHEMBL2034_Ki,3,RF,0.12381780950220833,85
CHEMBL2034_Ki,3,SVR,0.11430808719370611,85
CHEMBL2034_Ki,3,GBM,0.16430686133954564,85
CHEMBL2034_Ki,3,KNN,0.11442192359897851,85
CHEMBL2034_Ki,4,RF,0.05425492433083212,77
CHEMBL2034_Ki,4,SVR,0.07495565491747413,77
CHEMBL2034_Ki,4,GBM,0.11479774407379295,77
CHEMBL2034_Ki,4,KNN,0.07365723173245486,77
CHEMBL2034_Ki,5,RF,0.20862128805645463,82
CHEMBL2034_Ki,5,SVR,0.24932668804810232,82
CHEMBL2034_Ki,5,GBM,0.22724062882666785,82
CHEMBL2034_Ki,5,KNN,0.3051920888119083,82
CHEMBL2034_Ki,6,RF,0.21606481827218282,86
CHEMBL2034_Ki,6,SVR,0.21918385933218587,86
CHEMBL2034_Ki,6,GBM,0.20960233974088838,86
CHEMBL2034_Ki,6,KNN,0.24241958570875333,86
CHEMBL2034_Ki,7,RF,0.1314684259159029,78
CHEMBL2034_Ki,7,SVR,0.15314045656638953,78
CHEMBL2034_Ki,7,GBM,0.058252849858655975,78
CHEMBL2034_Ki,7,KNN,0.07938130533522969,78
CHEMBL2034_Ki,8,RF,0.3282409911168227,83
CHEMBL2034_Ki,8,SVR,0.3555033530131648,83
CHEMBL2034_Ki,8,GBM,0.3442089809772605,83
CHEMBL2034_Ki,8,KNN,0.3317090964002468,83
CHEMBL2034_Ki,9,RF,0.08269549462858417,74
CHEMBL2034_Ki,9,SVR,0.14053420629232327,74
CHEMBL2034_Ki,9,GBM,0.10978694551621271,74
CHEMBL2034_Ki,9,KNN,0.18086344309817903,74
CHEMBL2034_Ki,10,RF,0.1051958611060434,75
CHEMBL2034_Ki,10,SVR,0.1374842747993248,75
CHEMBL2034_Ki,10,GBM,0.15933106652337226,75
CHEMBL2034_Ki,10,KNN,0.16466330745588165,75
CHEMBL2034_Ki,11,RF,0.2722321356206914,79
CHEMBL2034_Ki,11,SVR,0.21230846199124453,79
CHEMBL2034_Ki,11,GBM,0.2723699201873123,79
CHEMBL2034_Ki,11,KNN,0.2473158383276991,79
CHEMBL2034_Ki,12,RF,0.2758081946303602,77
CHEMBL2034_Ki,12,SVR,0.25240952762848967,77
CHEMBL2034_Ki,12,GBM,0.30129582100127306,77
CHEMBL2034_Ki,12,KNN,0.33773630413571143,77
CHEMBL2034_Ki,13,RF,0.16848201795887607,72
CHEMBL2034_Ki,13,SVR,0.20046557223317052,72
CHEMBL2034_Ki,13,GBM,0.1483652719763432,72
CHEMBL2034_Ki,13,KNN,0.15693434197162048,72
CHEMBL2034_Ki,14,RF,0.658136277016404,80
CHEMBL2034_Ki,14,SVR,0.7339113661567143,80
CHEMBL2034_Ki,14,GBM,0.6802075154620322,80
CHEMBL2034_Ki,14,KNN,0.6460152593395114,80
CHEMBL2034_Ki,15,RF,0.22409829634751044,88
CHEMBL2034_Ki,15,SVR,0.19423977257556058,88
CHEMBL2034_Ki,15,GBM,0.24639065556098005,88
CHEMBL2034_Ki,15,KNN,0.24979463665411328,88
CHEMBL2034_Ki,16,RF,0.18966391688390716,88
CHEMBL2034_Ki,16,SVR,0.1737493102896045,88
CHEMBL2034_Ki,16,GBM,0.26779957944929833,88
CHEMBL2034_Ki,16,KNN,0.2556952359699114,88
CHEMBL2034_Ki,17,RF,0.29715593907001403,73
CHEMBL2034_Ki,17,SVR,0.32255607049035884,73
CHEMBL2034_Ki,17,GBM,0.29641338626680525,73
CHEMBL2034_Ki,17,KNN,0.21150938007882225,73
CHEMBL2034_Ki,18,RF,0.45047964637734583,78
CHEMBL2034_Ki,18,SVR,0.4409744615937614,78
CHEMBL2034_Ki,18,GBM,0.46073955319099014,78
CHEMBL2034_Ki,18,KNN,0.4718099725199527,78
CHEMBL2034_Ki,19,RF,0.38562421395945445,80
CHEMBL2034_Ki,19,SVR,0.3284753827961956,80
CHEMBL2034_Ki,19,GBM,0.32821522667861003,80
CHEMBL2034_Ki,19,KNN,0.29279007100213994,80
CHEMBL2047_EC50,0,RF,0.031222009325642563,50
CHEMBL2047_EC50,0,SVR,0.009643958971728872,50
CHEMBL2047_EC50,0,GBM,0.051551033154472736,50
CHEMBL2047_EC50,0,KNN,0.03342544040009421,50
CHEMBL2047_EC50,1,RF,0.24392562579884475,55
CHEMBL2047_EC50,1,SVR,0.2232350662148082,55
CHEMBL2047_EC50,1,GBM,0.2723411419685784,55
CHEMBL2047_EC50,1,KNN,0.27692553589166885,55
CHEMBL2047_EC50,2,RF,0.2383529969942053,61
CHEMBL2047_EC50,2,SVR,0.1578375205150505,61
CHEMBL2047_EC50,2,GBM,0.2289558484867853,61
CHEMBL2047_EC50,2,KNN,0.2241400045806764,61
CHEMBL2047_EC50,3,RF,0.28329545716248605,65
CHEMBL2047_EC50,3,SVR,0.23158455229318275,65
CHEMBL2047_EC50,3,GBM,0.2869481656107885,65
CHEMBL2047_EC50,3,KNN,0.31395395103349577,65
CHEMBL2047_EC50,4,RF,0.23028426359423654,54
CHEMBL2047_EC50,4,SVR,0.20285152246705734,54
CHEMBL2047_EC50,4,GBM,0.15749392961723696,54
CHEMBL2047_EC50,4,KNN,0.2736802856128018,54
CHEMBL2047_EC50,5,RF,0.1569421230226432,49
CHEMBL2047_EC50,5,SVR,0.1258645245668235,49
CHEMBL2047_EC50,5,GBM,0.1856695207630511,49
CHEMBL2047_EC50,5,KNN,0.11270826727626326,49
CHEMBL2047_EC50,6,RF,0.2579584824761006,64
CHEMBL2047_EC50,6,SVR,0.2443186457341655,64
CHEMBL2047_EC50,6,GBM,0.19436415304092924,64
CHEMBL2047_EC50,6,KNN,0.27372071292098116,64
CHEMBL2047_EC50,7,RF,0.25016984791405705,58
CHEMBL2047_EC50,7,SVR,0.21686443100048947,58
CHEMBL2047_EC50,7,GBM,0.2246608527918914,58
CHEMBL2047_EC50,7,KNN,0.2566624737782809,58
CHEMBL2047_EC50,8,RF,0.3254483645775632,62
CHEMBL2047_EC50,8,SVR,0.23381237955276435,62
CHEMBL2047_EC50,8,GBM,0.3050526478512331,62
CHEMBL2047_EC50,8,KNN,0.2957630728625621,62
CHEMBL2047_EC50,9,RF,0.13373520464556954,56
CHEMBL2047_EC50,9,SVR,0.1471887913067419,56
CHEMBL2047_EC50,9,GBM,0.13955112110451884,56
CHEMBL2047_EC50,9,KNN,0.16711044182452356,56
CHEMBL2047_EC50,10,RF,0.3449009971529256,57
CHEMBL2047_EC50,10,SVR,0.227538695146759,57
CHEMBL2047_EC50,10,GBM,0.3011661999562976,57
CHEMBL2047_EC50,10,KNN,0.28390633303700363,57
CHEMBL2047_EC50,11,RF,0.18367052690354657,61
CHEMBL2047_EC50,11,SVR,0.13600525123881108,61
CHEMBL2047_EC50,11,GBM,0.12018989557351584,61
CHEMBL2047_EC50,11,KNN,0.18357504896679544,61
CHEMBL2047_EC50,12,RF,0.30235406995190417,51
CHEMBL2047_EC50,12,SVR,0.315348193227193,51
CHEMBL2047_EC50,12,GBM,0.35436960271099155,51
CHEMBL2047_EC50,12,KNN,0.32723539091899945,51
CHEMBL2047_EC50,13,RF,0.34669806737721304,55
CHEMBL2047_EC50,13,SVR,0.3267591888740112,55
CHEMBL2047_EC50,13,GBM,0.31612987940909315,55
CHEMBL2047_EC50,13,KNN,0.27115578740784374,55
CHEMBL2047_EC50,14,RF,0.3142579015917902,62
CHEMBL2047_EC50,14,SVR,0.2933041134056125,62
CHEMBL2047_EC50,14,GBM,0.3746999099852872,62
CHEMBL2047_EC50,14,KNN,0.33106767829375766,62
CHEMBL2047_EC50,15,RF,0.34806911568608834,64
CHEMBL2047_EC50,15,SVR,0.33387034087539325,64
CHEMBL2047_EC50,15,GBM,0.37193313235464787,64
CHEMBL2047_EC50,15,KNN,0.3938128863165974,64
CHEMBL2047_EC50,16,RF,0.25296025797929994,68
CHEMBL2047_EC50,16,SVR,0.13335190491442356,68
CHEMBL2047_EC50,16,GBM,0.20615416473250697,68
CHEMBL2047_EC50,16,KNN,0.18725799856770492,68
CHEMBL2047_EC50,17,RF,0.2679225436032024,59
CHEMBL2047_EC50,17,SVR,0.22836887183252952,59
CHEMBL2047_EC50,17,GBM,0.2530535061903428,59
CHEMBL2047_EC50,17,KNN,0.2830694291151003,59
CHEMBL2047_EC50,18,RF,0.19156764714445584,59
CHEMBL2047_EC50,18,SVR,0.17011293542604033,59
CHEMBL2047_EC50,18,GBM,0.20289961344418017,59
CHEMBL2047_EC50,18,KNN,0.14775590575106284,59
CHEMBL2047_EC50,19,RF,0.1810393882272615,59
CHEMBL2047_EC50,19,SVR,0.21115251331499973,59
CHEMBL2047_EC50,19,GBM,0.20167804743884665,59
CHEMBL2047_EC50,19,KNN,0.12933018981885713,59
CHEMBL204_Ki,0,RF,0.37360535162892217,281
CHEMBL204_Ki,0,SVR,0.3751497347329341,281
CHEMBL204_Ki,0,GBM,0.3044182855413001,281
CHEMBL204_Ki,0,KNN,0.319253365976493,281
CHEMBL204_Ki,1,RF,0.2058953003267907,296
CHEMBL204_Ki,1,SVR,0.21048069301042038,296
CHEMBL204_Ki,1,GBM,0.18086735270533327,296
CHEMBL204_Ki,1,KNN,0.2655520191119869,296
CHEMBL204_Ki,2,RF,0.35997871820426275,278
CHEMBL204_Ki,2,SVR,0.34914721081654065,278
CHEMBL204_Ki,2,GBM,0.3082734320796082,278
CHEMBL204_Ki,2,KNN,0.3571519634352389,278
CHEMBL204_Ki,3,RF,0.1541435605581577,294
CHEMBL204_Ki,3,SVR,0.15379638207215485,294
CHEMBL204_Ki,3,GBM,0.11831001004589903,294
CHEMBL204_Ki,3,KNN,0.21949272103008932,294
CHEMBL204_Ki,4,RF,0.23505551592290885,294
CHEMBL204_Ki,4,SVR,0.25397564324262323,294
CHEMBL204_Ki,4,GBM,0.23343221868485897,294
CHEMBL204_Ki,4,KNN,0.26355252343956215,294
CHEMBL204_Ki,5,RF,-0.3736652913969999,302
CHEMBL204_Ki,5,SVR,-0.3116494029414525,302
CHEMBL204_Ki,5,GBM,-0.3424935217363637,302
CHEMBL204_Ki,5,KNN,-0.22759483312361728,302
CHEMBL204_Ki,6,RF,0.17711955196621476,311
CHEMBL204_Ki,6,SVR,0.20649582026418967,311
CHEMBL204_Ki,6,GBM,0.15478971089201,311
CHEMBL204_Ki,6,KNN,0.20774136955811362,311
CHEMBL204_Ki,7,RF,0.08715098200540383,288
CHEMBL204_Ki,7,SVR,0.11438232876918397,288
CHEMBL204_Ki,7,GBM,0.06968033460567924,288
CHEMBL204_Ki,7,KNN,0.12378863983258015,288
CHEMBL204_Ki,8,RF,0.2265160835027814,312
CHEMBL204_Ki,8,SVR,0.20594235085149104,312
CHEMBL204_Ki,8,GBM,0.2305935016827585,312
CHEMBL204_Ki,8,KNN,0.2615075927539672,312
CHEMBL204_Ki,9,RF,0.23329872403637497,293
CHEMBL204_Ki,9,SVR,0.22505545700443597,293
CHEMBL204_Ki,9,GBM,0.21160426726469506,293
CHEMBL204_Ki,9,KNN,0.25938123017011794,293
CHEMBL204_Ki,10,RF,0.22098247247577696,304
CHEMBL204_Ki,10,SVR,0.21530542822073173,304
CHEMBL204_Ki,10,GBM,0.2177220572607046,304
CHEMBL204_Ki,10,KNN,0.2680229817748987,304
CHEMBL204_Ki,11,RF,0.1952727199372476,294
CHEMBL204_Ki,11,SVR,0.16178134998030613,294
CHEMBL204_Ki,11,GBM,0.14734414618152614,294
CHEMBL204_Ki,11,KNN,0.2537985444681671,294
CHEMBL204_Ki,12,RF,0.37864295974695583,289
CHEMBL204_Ki,12,SVR,0.33394255364306735,289
CHEMBL204_Ki,12,GBM,0.33434886381493023,289
CHEMBL204_Ki,12,KNN,0.3688067191618788,289
CHEMBL204_Ki,13,RF,0.15549992796041245,324
CHEMBL204_Ki,13,SVR,0.16101704860061272,324
CHEMBL204_Ki,13,GBM,0.13797371602471398,324
CHEMBL204_Ki,13,KNN,0.21266948133607655,324
CHEMBL204_Ki,14,RF,0.25534213626130386,299
CHEMBL204_Ki,14,SVR,0.2658224064670356,299
CHEMBL204_Ki,14,GBM,0.21674167199787164,299
CHEMBL204_Ki,14,KNN,0.23441445318325604,299
CHEMBL204_Ki,15,RF,0.4749348092288064,289
CHEMBL204_Ki,15,SVR,0.4521196611659317,289
CHEMBL204_Ki,15,GBM,0.45794904634498357,289
CHEMBL204_Ki,15,KNN,0.5270788193076642,289
CHEMBL204_Ki,16,RF,0.172371060931789,303
CHEMBL204_Ki,16,SVR,0.17240801006354634,303
CHEMBL204_Ki,16,GBM,0.16075044867313337,303
CHEMBL204_Ki,16,KNN,0.18722924774967653,303
CHEMBL204_Ki,17,RF,0.267338542474284,291
CHEMBL204_Ki,17,SVR,0.2925767763177122,291
CHEMBL204_Ki,17,GBM,0.23600058360138554,291
CHEMBL204_Ki,17,KNN,0.291652509297306,291
CHEMBL204_Ki,18,RF,0.1515380758651983,296
CHEMBL204_Ki,18,SVR,0.15265046488235756,296
CHEMBL204_Ki,18,GBM,0.11845730030476864,296
CHEMBL204_Ki,18,KNN,0.2559256696440576,296
CHEMBL204_Ki,19,RF,0.282993983047341,293
CHEMBL204_Ki,19,SVR,0.2723515547368447,293
CHEMBL204_Ki,19,GBM,0.2204583223176122,293
CHEMBL204_Ki,19,KNN,0.2615653437719727,293
CHEMBL2147_Ki,0,RF,0.16049356242702906,150
CHEMBL2147_Ki,0,SVR,0.16820046595775773,150
CHEMBL2147_Ki,0,GBM,0.15889774535667744,150
CHEMBL2147_Ki,0,KNN,0.1385048461729146,150
CHEMBL2147_Ki,1,RF,0.2062581460632622,144
CHEMBL2147_Ki,1,SVR,0.25839568857457695,144
CHEMBL2147_Ki,1,GBM,0.18290080866281566,144
CHEMBL2147_Ki,1,KNN,0.26379775492414104,144
CHEMBL2147_Ki,2,RF,0.01419451858068177,159
CHEMBL2147_Ki,2,SVR,0.0019736468598520185,159
CHEMBL2147_Ki,2,GBM,-0.02534208346763378,159
CHEMBL2147_Ki,2,KNN,-0.04894191454500929,159
CHEMBL2147_Ki,3,RF,0.1434875513697016,160
CHEMBL2147_Ki,3,SVR,0.1593003854196292,160
CHEMBL2147_Ki,3,GBM,0.11730673271247205,160
CHEMBL2147_Ki,3,KNN,0.08068690133820156,160
CHEMBL2147_Ki,4,RF,-0.014034385997862553,152
CHEMBL2147_Ki,4,SVR,-0.022839580343345767,152
CHEMBL2147_Ki,4,GBM,-0.03602783945935739,152
CHEMBL2147_Ki,4,KNN,-0.06133785190890817,152
CHEMBL2147_Ki,5,RF,0.15575396373350692,152
CHEMBL2147_Ki,5,SVR,0.12324705524259583,152
CHEMBL2147_Ki,5,GBM,0.07938105941985119,152
CHEMBL2147_Ki,5,KNN,0.12438627370687172,152
CHEMBL2147_Ki,6,RF,0.04707311484856802,151
CHEMBL2147_Ki,6,SVR,0.11530876934390777,151
CHEMBL2147_Ki,6,GBM,0.14180202078728898,151
CHEMBL2147_Ki,6,KNN,0.07762167975107148,151
CHEMBL2147_Ki,7,RF,0.23382551286231035,146
CHEMBL2147_Ki,7,SVR,0.22728843978428703,146
CHEMBL2147_Ki,7,GBM,0.22182725568454442,146
CHEMBL2147_Ki,7,KNN,0.27686280429391485,146
CHEMBL2147_Ki,8,RF,0.0884482059624645,154
CHEMBL2147_Ki,8,SVR,0.044335449875905875,154
CHEMBL2147_Ki,8,GBM,0.04486837259071241,154
CHEMBL2147_Ki,8,KNN,0.09742000224862835,154
CHEMBL2147_Ki,9,RF,0.22953357867635327,150
CHEMBL2147_Ki,9,SVR,0.11651264772322678,150
CHEMBL2147_Ki,9,GBM,0.21865477843419712,150
CHEMBL2147_Ki,9,KNN,0.2259448177442358,150
CHEMBL2147_Ki,10,RF,0.2389711387217467,152
CHEMBL2147_Ki,10,SVR,0.18100428239205002,152
CHEMBL2147_Ki,10,GBM,0.21253669769499917,152
CHEMBL2147_Ki,10,KNN,0.16469778903604582,152
CHEMBL2147_Ki,11,RF,0.071878053492483,142
CHEMBL2147_Ki,11,SVR,-0.0683765673996305,142
CHEMBL2147_Ki,11,GBM,-0.04647912556221878,142
CHEMBL2147_Ki,11,KNN,0.049804619157061025,142
CHEMBL2147_Ki,12,RF,0.30370706876346054,146
CHEMBL2147_Ki,12,SVR,0.21554145267491043,146
CHEMBL2147_Ki,12,GBM,0.21464507450509585,146
CHEMBL2147_Ki,12,KNN,0.25413938367367106,146
CHEMBL2147_Ki,13,RF,0.20495621864704205,151
CHEMBL2147_Ki,13,SVR,0.12495246621181799,151
CHEMBL2147_Ki,13,GBM,0.14732338432751046,151
CHEMBL2147_Ki,13,KNN,0.2681312666580038,151
CHEMBL2147_Ki,14,RF,0.2376665222569485,148
CHEMBL2147_Ki,14,SVR,0.17237102403819704,148
CHEMBL2147_Ki,14,GBM,0.1534948857516717,148
CHEMBL2147_Ki,14,KNN,0.14241447840110488,148
CHEMBL2147_Ki,15,RF,0.1994819663645555,150
CHEMBL2147_Ki,15,SVR,0.18992809993048176,150
CHEMBL2147_Ki,15,GBM,0.18817226573973445,150
CHEMBL2147_Ki,15,KNN,0.15371555936612258,150
CHEMBL2147_Ki,16,RF,0.1661940054642087,152
CHEMBL2147_Ki,16,SVR,0.12438746176502569,152
CHEMBL2147_Ki,16,GBM,0.13420743994942352,152
CHEMBL2147_Ki,16,KNN,0.15740060406749568,152
CHEMBL2147_Ki,17,RF,0.3106939568483933,145
CHEMBL2147_Ki,17,SVR,0.16758448928377356,145
CHEMBL2147_Ki,17,GBM,0.1828546264497689,145
CHEMBL2147_Ki,17,KNN,0.15514223011317052,145
CHEMBL2147_Ki,18,RF,0.14732735887290693,162
CHEMBL2147_Ki,18,SVR,0.16672387932752653,162
CHEMBL2147_Ki,18,GBM,0.19532435195166897,162
CHEMBL2147_Ki,18,KNN,0.17110820244515546,162
CHEMBL2147_Ki,19,RF,0.07512621778622508,150
CHEMBL2147_Ki,19,SVR,0.012119890751503992,150
CHEMBL2147_Ki,19,GBM,0.06560053857678005,150
CHEMBL2147_Ki,19,KNN,-0.04926267313187038,150
CHEMBL214_Ki,0,RF,0.42561658199053687,349
CHEMBL214_Ki,0,SVR,0.34689538584332613,349
CHEMBL214_Ki,0,GBM,0.35302212826478796,349
CHEMBL214_Ki,0,KNN,0.41069937405793366,349
CHEMBL214_Ki,1,RF,0.23050406361153264,348
CHEMBL214_Ki,1,SVR,0.20139411611583058,348
CHEMBL214_Ki,1,GBM,0.19775275257841796,348
CHEMBL214_Ki,1,KNN,0.23961843121932314,348
CHEMBL214_Ki,2,RF,0.20384960977265776,330
CHEMBL214_Ki,2,SVR,0.19981591052951508,330
CHEMBL214_Ki,2,GBM,0.1798948461101756,330
CHEMBL214_Ki,2,KNN,0.19827649448067663,330
CHEMBL214_Ki,3,RF,0.1968033903121622,337
CHEMBL214_Ki,3,SVR,0.21577656442007065,337
CHEMBL214_Ki,3,GBM,0.1687401826925199,337
CHEMBL214_Ki,3,KNN,0.2562459396518697,337
CHEMBL214_Ki,4,RF,0.2792456228617105,337
CHEMBL214_Ki,4,SVR,0.24751449829852323,337
CHEMBL214_Ki,4,GBM,0.23300035790768914,337
CHEMBL214_Ki,4,KNN,0.25754046166248235,337
CHEMBL214_Ki,5,RF,0.2746577297161704,338
CHEMBL214_Ki,5,SVR,0.3125692357015537,338
CHEMBL214_Ki,5,GBM,0.3168154162686063,338
CHEMBL214_Ki,5,KNN,0.37722183173154933,338
CHEMBL214_Ki,6,RF,0.2431336177088521,352
CHEMBL214_Ki,6,SVR,0.19632806292092442,352
CHEMBL214_Ki,6,GBM,0.20817982210450237,352
CHEMBL214_Ki,6,KNN,0.23366893742920514,352
CHEMBL214_Ki,7,RF,0.2939903514510025,334
CHEMBL214_Ki,7,SVR,0.27556164143495687,334
CHEMBL214_Ki,7,GBM,0.24966102330529405,334
CHEMBL214_Ki,7,KNN,0.2649903788470954,334
CHEMBL214_Ki,8,RF,0.24399206039225219,348
CHEMBL214_Ki,8,SVR,0.21609488209298477,348
CHEMBL214_Ki,8,GBM,0.20303770309620117,348
CHEMBL214_Ki,8,KNN,0.27508298324548286,348
CHEMBL214_Ki,9,RF,0.16197926928348572,331
CHEMBL214_Ki,9,SVR,0.13415339145683802,331
CHEMBL214_Ki,9,GBM,0.13687741799448228,331
CHEMBL214_Ki,9,KNN,0.15535863280486928,331
CHEMBL214_Ki,10,RF,0.17033892540605955,346
CHEMBL214_Ki,10,SVR,0.13629523384640108,346
CHEMBL214_Ki,10,GBM,0.1345907696723021,346
CHEMBL214_Ki,10,KNN,0.22171403682929947,346
CHEMBL214_Ki,11,RF,0.3554010714751863,330
CHEMBL214_Ki,11,SVR,0.30795481651046686,330
CHEMBL214_Ki,11,GBM,0.2948632751413913,330
CHEMBL214_Ki,11,KNN,0.3521601916168102,330
CHEMBL214_Ki,12,RF,0.2299949583928933,345
CHEMBL214_Ki,12,SVR,0.2194037511702247,345
CHEMBL214_Ki,12,GBM,0.20926537606759033,345
CHEMBL214_Ki,12,KNN,0.2755288914240659,345
CHEMBL214_Ki,13,RF,0.28423532660156825,360
CHEMBL214_Ki,13,SVR,0.2503465049799477,360
CHEMBL214_Ki,13,GBM,0.23232523578696673,360
CHEMBL214_Ki,13,KNN,0.2551260361163442,360
CHEMBL214_Ki,14,RF,0.36832476149536597,341
CHEMBL214_Ki,14,SVR,0.36399556508508357,341
CHEMBL214_Ki,14,GBM,0.32692473829530655,341
CHEMBL214_Ki,14,KNN,0.3918094001184421,341
CHEMBL214_Ki,15,RF,0.1858659778427113,349
CHEMBL214_Ki,15,SVR,0.16147112447786272,349
CHEMBL214_Ki,15,GBM,0.17721575721603933,349
CHEMBL214_Ki,15,KNN,0.1914305337188521,349
CHEMBL214_Ki,16,RF,0.3854641118826001,362
CHEMBL214_Ki,16,SVR,0.37498015053324596,362
CHEMBL214_Ki,16,GBM,0.35768227311535694,362
CHEMBL214_Ki,16,KNN,0.39013598807745753,362
CHEMBL214_Ki,17,RF,0.3243468503332372,336
CHEMBL214_Ki,17,SVR,0.30933142657941115,336
CHEMBL214_Ki,17,GBM,0.2970699175773357,336
CHEMBL214_Ki,17,KNN,0.30838441269535255,336
CHEMBL214_Ki,18,RF,0.12876940604382192,349
CHEMBL214_Ki,18,SVR,0.1607214722685376,349
CHEMBL214_Ki,18,GBM,0.1202295719155424,349
CHEMBL214_Ki,18,KNN,0.16427446597290685,349
CHEMBL214_Ki,19,RF,0.3684029922356066,353
CHEMBL214_Ki,19,SVR,0.29185336571576037,353
CHEMBL214_Ki,19,GBM,0.31304049448156135,353
CHEMBL214_Ki,19,KNN,0.35225109729142823,353
CHEMBL218_EC50,0,RF,0.2585979686201204,69
CHEMBL218_EC50,0,SVR,0.24278273097362613,69
CHEMBL218_EC50,0,GBM,0.24627963634977657,69
CHEMBL218_EC50,0,KNN,0.299024634976525,69
CHEMBL218_EC50,1,RF,0.2707449358533276,74
CHEMBL218_EC50,1,SVR,0.2614794687361127,74
CHEMBL218_EC50,1,GBM,0.2335209088193274,74
CHEMBL218_EC50,1,KNN,0.2850198795542339,74
CHEMBL218_EC50,2,RF,0.2955576462814673,71
CHEMBL218_EC50,2,SVR,0.2834214705529289,71
CHEMBL218_EC50,2,GBM,0.3039353454534054,71
CHEMBL218_EC50,2,KNN,0.307768510791511,71
CHEMBL218_EC50,3,RF,0.21916038461294707,72
CHEMBL218_EC50,3,SVR,0.20952174812207536,72
CHEMBL218_EC50,3,GBM,0.23187516218478377,72
CHEMBL218_EC50,3,KNN,0.2690895772562817,72
CHEMBL218_EC50,4,RF,0.26072575431860834,74
CHEMBL218_EC50,4,SVR,0.2092828282028315,74
CHEMBL218_EC50,4,GBM,0.2632596773173683,74
CHEMBL218_EC50,4,KNN,0.33928405125971384,74
CHEMBL218_EC50,5,RF,0.21989115115373103,61
CHEMBL218_EC50,5,SVR,0.27963155752340096,61
CHEMBL218_EC50,5,GBM,0.22470879765701357,61
CHEMBL218_EC50,5,KNN,0.24679025991756132,61
CHEMBL218_EC50,6,RF,0.14828026621652524,71
CHEMBL218_EC50,6,SVR,0.09755945363643492,71
CHEMBL218_EC50,6,GBM,0.10623206750663416,71
CHEMBL218_EC50,6,KNN,0.15868805411840636,71
CHEMBL218_EC50,7,RF,0.2175909607962262,58
CHEMBL218_EC50,7,SVR,0.18440703502512434,58
CHEMBL218_EC50,7,GBM,0.18532103709714776,58
CHEMBL218_EC50,7,KNN,0.22988471309699005,58
CHEMBL218_EC50,8,RF,0.1177405000530628,66
CHEMBL218_EC50,8,SVR,0.08393699071122385,66
CHEMBL218_EC50,8,GBM,0.11887476654763651,66
CHEMBL218_EC50,8,KNN,0.11393822363341954,66
CHEMBL218_EC50,9,RF,0.2175669843822131,67
CHEMBL218_EC50,9,SVR,0.21380009732958993,67
CHEMBL218_EC50,9,GBM,0.20395354906598429,67
CHEMBL218_EC50,9,KNN,0.2546695841594,67
CHEMBL218_EC50,10,RF,0.23085976587103618,66
CHEMBL218_EC50,10,SVR,0.26480615927231965,66
CHEMBL218_EC50,10,GBM,0.26610354623517096,66
CHEMBL218_EC50,10,KNN,0.3055197250100693,66
CHEMBL218_EC50,11,RF,0.18299796506317467,60
CHEMBL218_EC50,11,SVR,0.14340631651485924,60
CHEMBL218_EC50,11,GBM,0.19027114538367673,60
CHEMBL218_EC50,11,KNN,0.27191491875615226,60
CHEMBL218_EC50,12,RF,0.14147653558877005,65
CHEMBL218_EC50,12,SVR,0.1547843696494665,65
CHEMBL218_EC50,12,GBM,0.13763863546911215,65
CHEMBL218_EC50,12,KNN,0.16152203206378912,65
CHEMBL218_EC50,13,RF,0.26624202156580623,67
CHEMBL218_EC50,13,SVR,0.24193335106217528,67
CHEMBL218_EC50,13,GBM,0.21807394731979146,67
CHEMBL218_EC50,13,KNN,0.2732340517148244,67
CHEMBL218_EC50,14,RF,0.27797798552517805,60
CHEMBL218_EC50,14,SVR,0.23222030609596112,60
CHEMBL218_EC50,14,GBM,0.23237929841915494,60
CHEMBL218_EC50,14,KNN,0.31044042220161516,60
CHEMBL218_EC50,15,RF,0.47311226339802115,71
CHEMBL218_EC50,15,SVR,0.5288172225094464,71
CHEMBL218_EC50,15,GBM,0.5021175544836269,71
CHEMBL218_EC50,15,KNN,0.6163939266873321,71
CHEMBL218_EC50,16,RF,0.3361998858943209,82
CHEMBL218_EC50,16,SVR,0.32683623490040903,82
CHEMBL218_EC50,16,GBM,0.3233596725532095,82
CHEMBL218_EC50,16,KNN,0.33396882343369694,82
CHEMBL218_EC50,17,RF,0.17659478685413443,65
CHEMBL218_EC50,17,SVR,0.12568933273399407,65
CHEMBL218_EC50,17,GBM,0.1977278684825663,65
CHEMBL218_EC50,17,KNN,0.15182853252118111,65
CHEMBL218_EC50,18,RF,0.34431750600024325,59
CHEMBL218_EC50,18,SVR,0.3518774985150208,59
CHEMBL218_EC50,18,GBM,0.34948873841101025,59
CHEMBL218_EC50,18,KNN,0.42955979165457203,59
CHEMBL218_EC50,19,RF,0.3054229165299379,52
CHEMBL218_EC50,19,SVR,0.29576645695765325,52
CHEMBL218_EC50,19,GBM,0.21826854689060848,52
CHEMBL218_EC50,19,KNN,0.30210171486278625,52
CHEMBL219_Ki,0,RF,0.18072344295523635,169
CHEMBL219_Ki,0,SVR,0.1789697261214176,169
CHEMBL219_Ki,0,GBM,0.16480947183114902,169
CHEMBL219_Ki,0,KNN,0.1407720611226999,169
CHEMBL219_Ki,1,RF,0.37299017247135036,198
CHEMBL219_Ki,1,SVR,0.3182414969633264,198
CHEMBL219_Ki,1,GBM,0.28517691229229414,198
CHEMBL219_Ki,1,KNN,0.32582548640445663,198
CHEMBL219_Ki,2,RF,0.16777469236787457,192
CHEMBL219_Ki,2,SVR,0.1685936036115353,192
CHEMBL219_Ki,2,GBM,0.16929503803771284,192
CHEMBL219_Ki,2,KNN,0.20390978552204808,192
CHEMBL219_Ki,3,RF,0.1619960639957293,184
CHEMBL219_Ki,3,SVR,0.19069299496784475,184
CHEMBL219_Ki,3,GBM,0.1779041931945241,184
CHEMBL219_Ki,3,KNN,0.16874086650470044,184
CHEMBL219_Ki,4,RF,0.42164090408093424,192
CHEMBL219_Ki,4,SVR,0.3813604983857509,192
CHEMBL219_Ki,4,GBM,0.42589657140544535,192
CHEMBL219_Ki,4,KNN,0.3994159749717905,192
CHEMBL219_Ki,5,RF,0.13738537764152325,208
CHEMBL219_Ki,5,SVR,0.1152385798963752,208
CHEMBL219_Ki,5,GBM,0.09176370732296535,208
CHEMBL219_Ki,5,KNN,0.1301022063600078,208
CHEMBL219_Ki,6,RF,0.22727748585845586,197
CHEMBL219_Ki,6,SVR,0.2063223351310487,197
CHEMBL219_Ki,6,GBM,0.21110858446519565,197
CHEMBL219_Ki,6,KNN,0.2394798124665395,197
CHEMBL219_Ki,7,RF,0.24233348688861056,181
CHEMBL219_Ki,7,SVR,0.20988877980709586,181
CHEMBL219_Ki,7,GBM,0.20070396582165617,181
CHEMBL219_Ki,7,KNN,0.2704029806339735,181
CHEMBL219_Ki,8,RF,0.20331264277764938,195
CHEMBL219_Ki,8,SVR,0.16819172817736427,195
CHEMBL219_Ki,8,GBM,0.1424482066018692,195
CHEMBL219_Ki,8,KNN,0.24037629989614362,195
CHEMBL219_Ki,9,RF,0.26646064301482864,191
CHEMBL219_Ki,9,SVR,0.2589503232544591,191
CHEMBL219_Ki,9,GBM,0.2485774006167194,191
CHEMBL219_Ki,9,KNN,0.3144775067649088,191
CHEMBL219_Ki,10,RF,0.20361051057179802,193
CHEMBL219_Ki,10,SVR,0.20313511137931506,193
CHEMBL219_Ki,10,GBM,0.1554218348331674,193
CHEMBL219_Ki,10,KNN,0.21365298362068508,193
CHEMBL219_Ki,11,RF,0.28076151234726465,178
CHEMBL219_Ki,11,SVR,0.269585526249303,178
CHEMBL219_Ki,11,GBM,0.27568138854760593,178
CHEMBL219_Ki,11,KNN,0.33788250063051906,178
CHEMBL219_Ki,12,RF,0.4193259273791188,181
CHEMBL219_Ki,12,SVR,0.36832345256585575,181
CHEMBL219_Ki,12,GBM,0.39586966402363577,181
CHEMBL219_Ki,12,KNN,0.3963031041077113,181
CHEMBL219_Ki,13,RF,0.22213756570173937,194
CHEMBL219_Ki,13,SVR,0.2093796984134998,194
CHEMBL219_Ki,13,GBM,0.22021488558055446,194
CHEMBL219_Ki,13,KNN,0.22693226596383997,194
CHEMBL219_Ki,14,RF,0.21295024041330268,191
CHEMBL219_Ki,14,SVR,0.15013688287992177,191
CHEMBL219_Ki,14,GBM,0.2140909124210717,191
CHEMBL219_Ki,14,KNN,0.2002843827451979,191
CHEMBL219_Ki,15,RF,0.2674255571147516,185
CHEMBL219_Ki,15,SVR,0.2138533857031879,185
CHEMBL219_Ki,15,GBM,0.21243257374725355,185
CHEMBL219_Ki,15,KNN,0.24612204675217764,185
CHEMBL219_Ki,16,RF,0.3167311835837565,199
CHEMBL219_Ki,16,SVR,0.2806401246114242,199
CHEMBL219_Ki,16,GBM,0.30452378078728926,199
CHEMBL219_Ki,16,KNN,0.25788240716347854,199
CHEMBL219_Ki,17,RF,0.1882524282980007,199
CHEMBL219_Ki,17,SVR,0.19430511911863335,199
CHEMBL219_Ki,17,GBM,0.14283440815901494,199
CHEMBL219_Ki,17,KNN,0.18432274434881923,199
CHEMBL219_Ki,18,RF,0.11545032867506744,194
CHEMBL219_Ki,18,SVR,0.11523085613660733,194
CHEMBL219_Ki,18,GBM,0.1074097104784737,194
CHEMBL219_Ki,18,KNN,0.1750394782611563,194
CHEMBL219_Ki,19,RF,0.21181220146406865,195
CHEMBL219_Ki,19,SVR,0.17998563076521923,195
CHEMBL219_Ki,19,GBM,0.19689734142441018,195
CHEMBL219_Ki,19,KNN,0.22977955354668966,195
CHEMBL228_Ki,0,RF,0.1524228899210649,176
CHEMBL228_Ki,0,SVR,0.1888205312857849,176
CHEMBL228_Ki,0,GBM,0.1554998475773517,176
CHEMBL228_Ki,0,KNN,0.15316411730760993,176
CHEMBL228_Ki,1,RF,0.19413836064885026,168
CHEMBL228_Ki,1,SVR,0.19108440784472047,168
CHEMBL228_Ki,1,GBM,0.20852349278474436,168
CHEMBL228_Ki,1,KNN,0.22322446938651364,168
CHEMBL228_Ki,2,RF,0.2543787304991889,159
CHEMBL228_Ki,2,SVR,0.3176163405824225,159
CHEMBL228_Ki,2,GBM,0.30719104615664805,159
CHEMBL228_Ki,2,KNN,0.35441724907600114,159
CHEMBL228_Ki,3,RF,0.24105900969646843,177
CHEMBL228_Ki,3,SVR,0.315849007926603,177
CHEMBL228_Ki,3,GBM,0.23180627788329666,177
CHEMBL228_Ki,3,KNN,0.21946657696861804,177
CHEMBL228_Ki,4,RF,0.24086137512158923,172
CHEMBL228_Ki,4,SVR,0.1790535403781337,172
CHEMBL228_Ki,4,GBM,0.2096509957154391,172
CHEMBL228_Ki,4,KNN,0.1829325718361534,172
CHEMBL228_Ki,5,RF,0.11189257590381763,170
CHEMBL228_Ki,5,SVR,0.13285769843901318,170
CHEMBL228_Ki,5,GBM,0.10711901036796645,170
CHEMBL228_Ki,5,KNN,0.10890743670541592,170
CHEMBL228_Ki,6,RF,0.15763224578873436,187
CHEMBL228_Ki,6,SVR,0.26196539754099846,187
CHEMBL228_Ki,6,GBM,0.22050500434020115,187
CHEMBL228_Ki,6,KNN,0.2842314822470262,187
CHEMBL228_Ki,7,RF,0.3549414227679274,163
CHEMBL228_Ki,7,SVR,0.37765512944848256,163
CHEMBL228_Ki,7,GBM,0.35256702385636673,163
CHEMBL228_Ki,7,KNN,0.3890700145721171,163
CHEMBL228_Ki,8,RF,0.2669906957642396,184
CHEMBL228_Ki,8,SVR,0.2629641262106852,184
CHEMBL228_Ki,8,GBM,0.28559449037415197,184
CHEMBL228_Ki,8,KNN,0.23035052588325233,184
CHEMBL228_Ki,9,RF,0.17987174263647987,163
CHEMBL228_Ki,9,SVR,0.13219569267003517,163
CHEMBL228_Ki,9,GBM,0.1701217719159711,163
CHEMBL228_Ki,9,KNN,0.16961259243263738,163
CHEMBL228_Ki,10,RF,0.16676511859954501,172
CHEMBL228_Ki,10,SVR,0.09895675598234166,172
CHEMBL228_Ki,10,GBM,0.17833895754188278,172
CHEMBL228_Ki,10,KNN,0.16519893415796305,172
CHEMBL228_Ki,11,RF,0.15679542234169863,167
CHEMBL228_Ki,11,SVR,0.18171090605879292,167
CHEMBL228_Ki,11,GBM,0.13661062931542867,167
CHEMBL228_Ki,11,KNN,0.17790834195990846,167
CHEMBL228_Ki,12,RF,0.30682471640734665,166
CHEMBL228_Ki,12,SVR,0.33320230817298746,166
CHEMBL228_Ki,12,GBM,0.3394283093164512,166
CHEMBL228_Ki,12,KNN,0.3393431841433052,166
CHEMBL228_Ki,13,RF,0.24146239676379389,164
CHEMBL228_Ki,13,SVR,0.15716592504685722,164
CHEMBL228_Ki,13,GBM,0.17395162629558225,164
CHEMBL228_Ki,13,KNN,0.13636075567104755,164
CHEMBL228_Ki,14,RF,0.15635691419114017,167
CHEMBL228_Ki,14,SVR,0.194287146917538,167
CHEMBL228_Ki,14,GBM,0.12410409448474669,167
CHEMBL228_Ki,14,KNN,0.21902241010176215,167
CHEMBL228_Ki,15,RF,0.6886389243910978,174
CHEMBL228_Ki,15,SVR,0.7408509190674727,174
CHEMBL228_Ki,15,GBM,0.723753800139576,174
CHEMBL228_Ki,15,KNN,0.7318375619899725,174
CHEMBL228_Ki,16,RF,0.2729531756717163,175
CHEMBL228_Ki,16,SVR,0.3201453039837271,175
CHEMBL228_Ki,16,GBM,0.2804392194063985,175
CHEMBL228_Ki,16,KNN,0.3157430308942647,175
CHEMBL228_Ki,17,RF,0.24911602808748656,168
CHEMBL228_Ki,17,SVR,0.2676454631962012,168
CHEMBL228_Ki,17,GBM,0.2972155457724972,168
CHEMBL228_Ki,17,KNN,0.25147484595410763,168
CHEMBL228_Ki,18,RF,0.6464198743666011,158
CHEMBL228_Ki,18,SVR,0.6156096909740725,158
CHEMBL228_Ki,18,GBM,0.6471631426950417,158
CHEMBL228_Ki,18,KNN,0.5740418399769944,158
CHEMBL228_Ki,19,RF,0.3309922638875854,178
CHEMBL228_Ki,19,SVR,0.3136390710671505,178
CHEMBL228_Ki,19,GBM,0.3021228219727117,178
CHEMBL228_Ki,19,KNN,0.2882142780986676,178
CHEMBL231_Ki,0,RF,0.32429406671419025,88
CHEMBL231_Ki,0,SVR,0.39578948258483226,88
CHEMBL231_Ki,0,GBM,0.41341514807828406,88
CHEMBL231_Ki,0,KNN,0.42883346088063035,88
CHEMBL231_Ki,1,RF,0.2259783958051419,78
CHEMBL231_Ki,1,SVR,0.2687988651426414,78
CHEMBL231_Ki,1,GBM,0.22063064441353153,78
CHEMBL231_Ki,1,KNN,0.2877282187656115,78
CHEMBL231_Ki,2,RF,0.1553748742363481,91
CHEMBL231_Ki,2,SVR,0.13573935747950616,91
CHEMBL231_Ki,2,GBM,0.15321912427140916,91
CHEMBL231_Ki,2,KNN,0.23169676452208077,91
CHEMBL231_Ki,3,RF,0.16702427297201927,85
CHEMBL231_Ki,3,SVR,0.14375893007742613,85
CHEMBL231_Ki,3,GBM,0.23945917401206396,85
CHEMBL231_Ki,3,KNN,0.1416495543101327,85
CHEMBL231_Ki,4,RF,0.38337532396940577,81
CHEMBL231_Ki,4,SVR,0.4498319620131198,81
CHEMBL231_Ki,4,GBM,0.34883195538388034,81
CHEMBL231_Ki,4,KNN,0.42058417069985643,81
CHEMBL231_Ki,5,RF,0.2714762023085623,88
CHEMBL231_Ki,5,SVR,0.2820798759535904,88
CHEMBL231_Ki,5,GBM,0.2747933290884579,88
CHEMBL231_Ki,5,KNN,0.37175041776393125,88
CHEMBL231_Ki,6,RF,0.09249498809245615,90
CHEMBL231_Ki,6,SVR,0.1165310252712275,90
CHEMBL231_Ki,6,GBM,0.17599728678497917,90
CHEMBL231_Ki,6,KNN,0.0678493303456702,90
CHEMBL231_Ki,7,RF,0.018580988817850086,75
CHEMBL231_Ki,7,SVR,0.10580165601343006,75
CHEMBL231_Ki,7,GBM,0.025291875606407,75
CHEMBL231_Ki,7,KNN,0.2878117028346675,75
CHEMBL231_Ki,8,RF,0.25819770762094385,79
CHEMBL231_Ki,8,SVR,0.23137741726643857,79
CHEMBL231_Ki,8,GBM,0.21941969384546567,79
CHEMBL231_Ki,8,KNN,0.26480503009048795,79
CHEMBL231_Ki,9,RF,0.07839616331488108,71
CHEMBL231_Ki,9,SVR,0.09858904339315344,71
CHEMBL231_Ki,9,GBM,0.13564054814548387,71
CHEMBL231_Ki,9,KNN,0.07492015258420848,71
CHEMBL231_Ki,10,RF,0.31721963892591454,74
CHEMBL231_Ki,10,SVR,0.3653778688719531,74
CHEMBL231_Ki,10,GBM,0.31282893758666996,74
CHEMBL231_Ki,10,KNN,0.3910127858477671,74
CHEMBL231_Ki,11,RF,0.15729430313784076,78
CHEMBL231_Ki,11,SVR,0.23339392946554594,78
CHEMBL231_Ki,11,GBM,0.13569205019973452,78
CHEMBL231_Ki,11,KNN,0.2615919634295223,78
CHEMBL231_Ki,12,RF,0.1688364431488455,77
CHEMBL231_Ki,12,SVR,0.16545893420370494,77
CHEMBL231_Ki,12,GBM,0.15143964551219957,77
CHEMBL231_Ki,12,KNN,0.28991790297375497,77
CHEMBL231_Ki,13,RF,0.14967858532841127,85
CHEMBL231_Ki,13,SVR,0.22571196163632068,85
CHEMBL231_Ki,13,GBM,0.18756447325786396,85
CHEMBL231_Ki,13,KNN,0.3239577762485265,85
CHEMBL231_Ki,14,RF,0.3518327991193986,91
CHEMBL231_Ki,14,SVR,0.3692060382629623,91
CHEMBL231_Ki,14,GBM,0.32012282659450575,91
CHEMBL231_Ki,14,KNN,0.3801831265027811,91
CHEMBL231_Ki,15,RF,0.596379619014561,80
CHEMBL231_Ki,15,SVR,0.6523487699258259,80
CHEMBL231_Ki,15,GBM,0.570221361700025,80
CHEMBL231_Ki,15,KNN,0.5846061015191384,80
CHEMBL231_Ki,16,RF,0.22932183989155774,94
CHEMBL231_Ki,16,SVR,0.2391147568340326,94
CHEMBL231_Ki,16,GBM,0.23616144161534625,94
CHEMBL231_Ki,16,KNN,0.24828702514201462,94
CHEMBL231_Ki,17,RF,0.30865236551508257,84
CHEMBL231_Ki,17,SVR,0.36698374700903913,84
CHEMBL231_Ki,17,GBM,0.22200564983311377,84
CHEMBL231_Ki,17,KNN,0.34905228906424146,84
CHEMBL231_Ki,18,RF,0.05771599298098207,86
CHEMBL231_Ki,18,SVR,0.05470546079127414,86
CHEMBL231_Ki,18,GBM,0.12247880812776013,86
CHEMBL231_Ki,18,KNN,0.1131201442466836,86
CHEMBL231_Ki,19,RF,0.11767650589387646,84
CHEMBL231_Ki,19,SVR,0.07502592885927695,84
CHEMBL231_Ki,19,GBM,0.06022905311534754,84
CHEMBL231_Ki,19,KNN,0.11226497177544847,84
CHEMBL233_Ki,0,RF,0.29553337628099163,348
CHEMBL233_Ki,0,SVR,0.307049843454237,348
CHEMBL233_Ki,0,GBM,0.2831443316873635,348
CHEMBL233_Ki,0,KNN,0.2841022186524116,348
CHEMBL233_Ki,1,RF,0.30184695464257094,346
CHEMBL233_Ki,1,SVR,0.2752948490570527,346
CHEMBL233_Ki,1,GBM,0.28922299554864506,346
CHEMBL233_Ki,1,KNN,0.29965258013830853,346
CHEMBL233_Ki,2,RF,0.23247435792261628,330
CHEMBL233_Ki,2,SVR,0.20506945226896767,330
CHEMBL233_Ki,2,GBM,0.18228597455168805,330
CHEMBL233_Ki,2,KNN,0.23535235393084586,330
CHEMBL233_Ki,3,RF,0.2576912392706969,337
CHEMBL233_Ki,3,SVR,0.2699705218654601,337
CHEMBL233_Ki,3,GBM,0.21991878227634176,337
CHEMBL233_Ki,3,KNN,0.25504715870704653,337
CHEMBL233_Ki,4,RF,0.23737579779428575,327
CHEMBL233_Ki,4,SVR,0.21945297164856004,327
CHEMBL233_Ki,4,GBM,0.20081232071440447,327
CHEMBL233_Ki,4,KNN,0.23048609102769357,327
CHEMBL233_Ki,5,RF,0.6213523210526075,339
CHEMBL233_Ki,5,SVR,0.5713184594460183,339
CHEMBL233_Ki,5,GBM,0.5779341637948624,339
CHEMBL233_Ki,5,KNN,0.6589857097962909,339
CHEMBL233_Ki,6,RF,0.34528421032656476,336
CHEMBL233_Ki,6,SVR,0.34062015764050513,336
CHEMBL233_Ki,6,GBM,0.3388011882660077,336
CHEMBL233_Ki,6,KNN,0.31528914801613916,336
CHEMBL233_Ki,7,RF,0.21959303657490437,353
CHEMBL233_Ki,7,SVR,0.19856766947232563,353
CHEMBL233_Ki,7,GBM,0.20423129324349487,353
CHEMBL233_Ki,7,KNN,0.25216294135311934,353
CHEMBL233_Ki,8,RF,0.10700215163837556,352
CHEMBL233_Ki,8,SVR,0.1192313155754341,352
CHEMBL233_Ki,8,GBM,0.09847163393368341,352
CHEMBL233_Ki,8,KNN,0.16634776477039237,352
CHEMBL233_Ki,9,RF,0.17596987689477206,330
CHEMBL233_Ki,9,SVR,0.16448532497426493,330
CHEMBL233_Ki,9,GBM,0.17842632096597555,330
CHEMBL233_Ki,9,KNN,0.2265361452746364,330
CHEMBL233_Ki,10,RF,0.12436376010585282,347
CHEMBL233_Ki,10,SVR,0.10342187335743624,347
CHEMBL233_Ki,10,GBM,0.09319454290718587,347
CHEMBL233_Ki,10,KNN,0.10660649912332487,347
CHEMBL233_Ki,11,RF,0.40464404950678645,323
CHEMBL233_Ki,11,SVR,0.40700371912799616,323
CHEMBL233_Ki,11,GBM,0.37621328825653966,323
CHEMBL233_Ki,11,KNN,0.40660528215002156,323
CHEMBL233_Ki,12,RF,0.21727335671590597,345
CHEMBL233_Ki,12,SVR,0.22429326161272223,345
CHEMBL233_Ki,12,GBM,0.18548402759695182,345
CHEMBL233_Ki,12,KNN,0.23121966718421894,345
CHEMBL233_Ki,13,RF,0.2809253775873164,355
CHEMBL233_Ki,13,SVR,0.2698491313087169,355
CHEMBL233_Ki,13,GBM,0.25335424891230807,355
CHEMBL233_Ki,13,KNN,0.30766662807850753,355
CHEMBL233_Ki,14,RF,0.17036570495012127,349
CHEMBL233_Ki,14,SVR,0.18903621913802104,349
CHEMBL233_Ki,14,GBM,0.15386173468354059,349
CHEMBL233_Ki,14,KNN,0.19008665373291211,349
CHEMBL233_Ki,15,RF,0.24804486799280312,357
CHEMBL233_Ki,15,SVR,0.24947298765174142,357
CHEMBL233_Ki,15,GBM,0.2349862872333458,357
CHEMBL233_Ki,15,KNN,0.21848216011958532,357
CHEMBL233_Ki,16,RF,0.2858907470809713,361
CHEMBL233_Ki,16,SVR,0.21313696883144484,361
CHEMBL233_Ki,16,GBM,0.23813611072803453,361
CHEMBL233_Ki,16,KNN,0.2839022509869916,361
CHEMBL233_Ki,17,RF,0.22146270806951596,354
CHEMBL233_Ki,17,SVR,0.20524793370970795,354
CHEMBL233_Ki,17,GBM,0.19923123696072398,354
CHEMBL233_Ki,17,KNN,0.265519781009081,354
CHEMBL233_Ki,18,RF,0.30044465994773484,342
CHEMBL233_Ki,18,SVR,0.26357704217387623,342
CHEMBL233_Ki,18,GBM,0.2701596700227915,342
CHEMBL233_Ki,18,KNN,0.3127705526023128,342
CHEMBL233_Ki,19,RF,0.21568067631596044,361
CHEMBL233_Ki,19,SVR,0.23778054229973344,361
CHEMBL233_Ki,19,GBM,0.22692442096892107,361
CHEMBL233_Ki,19,KNN,0.2040024985076997,361
CHEMBL234_Ki,0,RF,0.26147810605124977,416
CHEMBL234_Ki,0,SVR,0.27267977142911304,416
CHEMBL234_Ki,0,GBM,0.2437290577980301,416
CHEMBL234_Ki,0,KNN,0.3020512249355145,416
CHEMBL234_Ki,1,RF,0.33672485954666487,411
CHEMBL234_Ki,1,SVR,0.34213847061731817,411
CHEMBL234_Ki,1,GBM,0.3087642301200081,411
CHEMBL234_Ki,1,KNN,0.28602276035927665,411
CHEMBL234_Ki,2,RF,0.2480355248072782,409
CHEMBL234_Ki,2,SVR,0.2500344177183603,409
CHEMBL234_Ki,2,GBM,0.2210846442246438,409
CHEMBL234_Ki,2,KNN,0.26769108513786666,409
CHEMBL234_Ki,3,RF,0.22199897453109874,405
CHEMBL234_Ki,3,SVR,0.18329787202642034,405
CHEMBL234_Ki,3,GBM,0.199873280142712,405
CHEMBL234_Ki,3,KNN,0.1736959201628866,405
CHEMBL234_Ki,4,RF,0.29884352943034387,405
CHEMBL234_Ki,4,SVR,0.35003974124898296,405
CHEMBL234_Ki,4,GBM,0.3149936238294203,405
CHEMBL234_Ki,4,KNN,0.3410360157541519,405
CHEMBL234_Ki,5,RF,0.5110944984908014,404
CHEMBL234_Ki,5,SVR,0.5156016470050138,404
CHEMBL234_Ki,5,GBM,0.5399446680861305,404
CHEMBL234_Ki,5,KNN,0.5892359509821168,404
CHEMBL234_Ki,6,RF,0.25979729031926624,410
CHEMBL234_Ki,6,SVR,0.2532765197517819,410
CHEMBL234_Ki,6,GBM,0.24383458650660994,410
CHEMBL234_Ki,6,KNN,0.2651809589359434,410
CHEMBL234_Ki,7,RF,0.28687569295804194,386
CHEMBL234_Ki,7,SVR,0.26015479057965496,386
CHEMBL234_Ki,7,GBM,0.2681612742564763,386
CHEMBL234_Ki,7,KNN,0.24929107704740483,386
CHEMBL234_Ki,8,RF,0.1924539904735405,401
CHEMBL234_Ki,8,SVR,0.1928079134853231,401
CHEMBL234_Ki,8,GBM,0.17009201976857113,401
CHEMBL234_Ki,8,KNN,0.18782949000498073,401
CHEMBL234_Ki,9,RF,0.11188799123875715,419
CHEMBL234_Ki,9,SVR,0.12796227441902175,419
CHEMBL234_Ki,9,GBM,0.13188788673437424,419
CHEMBL234_Ki,9,KNN,0.12997307071654474,419
CHEMBL234_Ki,10,RF,0.28482557591499214,401
CHEMBL234_Ki,10,SVR,0.2813202949335435,401
CHEMBL234_Ki,10,GBM,0.2587579965386009,401
CHEMBL234_Ki,10,KNN,0.24699154649308142,401
CHEMBL234_Ki,11,RF,0.213318429540161,397
CHEMBL234_Ki,11,SVR,0.13758742339747,397
CHEMBL234_Ki,11,GBM,0.1518906431564323,397
CHEMBL234_Ki,11,KNN,0.15571735671886577,397
CHEMBL234_Ki,12,RF,0.24836482535646842,417
CHEMBL234_Ki,12,SVR,0.2345454165334263,417
CHEMBL234_Ki,12,GBM,0.25626441821921164,417
CHEMBL234_Ki,12,KNN,0.25526459120573153,417
CHEMBL234_Ki,13,RF,0.26438717933161016,413
CHEMBL234_Ki,13,SVR,0.2956499815535656,413
CHEMBL234_Ki,13,GBM,0.28415840742041665,413
CHEMBL234_Ki,13,KNN,0.2507775070221705,413
CHEMBL234_Ki,14,RF,0.22759333465036025,429
CHEMBL234_Ki,14,SVR,0.2040836091944691,429
CHEMBL234_Ki,14,GBM,0.20860131735176302,429
CHEMBL234_Ki,14,KNN,0.1927620957780476,429
CHEMBL234_Ki,15,RF,0.2733821171289733,407
CHEMBL234_Ki,15,SVR,0.2608786196518412,407
CHEMBL234_Ki,15,GBM,0.23914945272991106,407
CHEMBL234_Ki,15,KNN,0.275218822577475,407
CHEMBL234_Ki,16,RF,0.2951998349629654,395
CHEMBL234_Ki,16,SVR,0.24428231739516892,395
CHEMBL234_Ki,16,GBM,0.253896952230114,395
CHEMBL234_Ki,16,KNN,0.2794268269356843,395
CHEMBL234_Ki,17,RF,0.2280317201476968,409
CHEMBL234_Ki,17,SVR,0.23766885955009254,409
CHEMBL234_Ki,17,GBM,0.22574195596309654,409
CHEMBL234_Ki,17,KNN,0.2464787590456129,409
CHEMBL234_Ki,18,RF,0.18447708790109907,404
CHEMBL234_Ki,18,SVR,0.15933630562190937,404
CHEMBL234_Ki,18,GBM,0.14600688821721763,404
CHEMBL234_Ki,18,KNN,0.19218924130677228,404
CHEMBL234_Ki,19,RF,0.20914143109558703,408
CHEMBL234_Ki,19,SVR,0.2071280001347262,408
CHEMBL234_Ki,19,GBM,0.18843088935628216,408
CHEMBL234_Ki,19,KNN,0.17790756023161536,408
CHEMBL235_EC50,0,RF,0.21008983865580733,169
CHEMBL235_EC50,0,SVR,0.20664668701008004,169
CHEMBL235_EC50,0,GBM,0.1905558212591093,169
CHEMBL235_EC50,0,KNN,0.19481627443214677,169
CHEMBL235_EC50,1,RF,0.2569895600460246,210
CHEMBL235_EC50,1,SVR,0.2714868596066725,210
CHEMBL235_EC50,1,GBM,0.25381267657624684,210
CHEMBL235_EC50,1,KNN,0.2921166544828502,210
CHEMBL235_EC50,2,RF,0.29304132028674756,185
CHEMBL235_EC50,2,SVR,0.24788234273520904,185
CHEMBL235_EC50,2,GBM,0.2722928269384624,185
CHEMBL235_EC50,2,KNN,0.29482621202822995,185
CHEMBL235_EC50,3,RF,0.42958157976758143,197
CHEMBL235_EC50,3,SVR,0.41532211191899115,197
CHEMBL235_EC50,3,GBM,0.40662223037650075,197
CHEMBL235_EC50,3,KNN,0.43378233788713855,197
CHEMBL235_EC50,4,RF,0.30596868915534703,192
CHEMBL235_EC50,4,SVR,0.2734350389609007,192
CHEMBL235_EC50,4,GBM,0.2376756638538663,192
CHEMBL235_EC50,4,KNN,0.27793251769985194,192
CHEMBL235_EC50,5,RF,0.3852651869677499,193
CHEMBL235_EC50,5,SVR,0.37145416440557816,193
CHEMBL235_EC50,5,GBM,0.3745620264222343,193
CHEMBL235_EC50,5,KNN,0.42233290160985437,193
CHEMBL235_EC50,6,RF,0.23920838765852254,173
CHEMBL235_EC50,6,SVR,0.23608480500072615,173
CHEMBL235_EC50,6,GBM,0.2458057392701326,173
CHEMBL235_EC50,6,KNN,0.2387888910374742,173
CHEMBL235_EC50,7,RF,0.36976615189484996,186
CHEMBL235_EC50,7,SVR,0.3661505082621429,186
CHEMBL235_EC50,7,GBM,0.37222932963264654,186
CHEMBL235_EC50,7,KNN,0.38831155964761555,186
CHEMBL235_EC50,8,RF,0.3711756925237402,202
CHEMBL235_EC50,8,SVR,0.2931484582244605,202
CHEMBL235_EC50,8,GBM,0.350441100024044,202
CHEMBL235_EC50,8,KNN,0.3273608837430716,202
CHEMBL235_EC50,9,RF,0.3103975273630207,189
CHEMBL235_EC50,9,SVR,0.25725937369361007,189
CHEMBL235_EC50,9,GBM,0.29956353716007067,189
CHEMBL235_EC50,9,KNN,0.3142420818148566,189
CHEMBL235_EC50,10,RF,0.32111744820882004,184
CHEMBL235_EC50,10,SVR,0.2691007780138871,184
CHEMBL235_EC50,10,GBM,0.3180132467932907,184
CHEMBL235_EC50,10,KNN,0.3328724972984515,184
CHEMBL235_EC50,11,RF,0.41534723309530164,173
CHEMBL235_EC50,11,SVR,0.38191497027318905,173
CHEMBL235_EC50,11,GBM,0.4100368901865436,173
CHEMBL235_EC50,11,KNN,0.35804076232352006,173
CHEMBL235_EC50,12,RF,0.3101289079811736,171
CHEMBL235_EC50,12,SVR,0.29921559737798514,171
CHEMBL235_EC50,12,GBM,0.2993704470608147,171
CHEMBL235_EC50,12,KNN,0.34301116070410065,171
CHEMBL235_EC50,13,RF,0.3082644105655238,190
CHEMBL235_EC50,13,SVR,0.2789087847355873,190
CHEMBL235_EC50,13,GBM,0.3042196597156631,190
CHEMBL235_EC50,13,KNN,0.28767069345015017,190
CHEMBL235_EC50,14,RF,0.32476155067471035,182
CHEMBL235_EC50,14,SVR,0.2919321630348676,182
CHEMBL235_EC50,14,GBM,0.3155379667839363,182
CHEMBL235_EC50,14,KNN,0.3225586386905228,182
CHEMBL235_EC50,15,RF,0.21041552111090434,199
CHEMBL235_EC50,15,SVR,0.20565914580023026,199
CHEMBL235_EC50,15,GBM,0.18004874700976592,199
CHEMBL235_EC50,15,KNN,0.2500206222060668,199
CHEMBL235_EC50,16,RF,0.2701124554012725,195
CHEMBL235_EC50,16,SVR,0.23195403698848593,195
CHEMBL235_EC50,16,GBM,0.3165042071682016,195
CHEMBL235_EC50,16,KNN,0.30221414903820476,195
CHEMBL235_EC50,17,RF,0.2976655379661717,187
CHEMBL235_EC50,17,SVR,0.27269369742916594,187
CHEMBL235_EC50,17,GBM,0.25505822149996366,187
CHEMBL235_EC50,17,KNN,0.30770234096092847,187
CHEMBL235_EC50,18,RF,0.23829583130572018,188
CHEMBL235_EC50,18,SVR,0.27221789902046023,188
CHEMBL235_EC50,18,GBM,0.2688856495082643,188
CHEMBL235_EC50,18,KNN,0.3155297227170212,188
CHEMBL235_EC50,19,RF,0.3373119934309348,177
CHEMBL235_EC50,19,SVR,0.25561372030171614,177
CHEMBL235_EC50,19,GBM,0.2934279252680192,177
CHEMBL235_EC50,19,KNN,0.33465866845103787,177
CHEMBL236_Ki,0,RF,0.3421374221856639,294
CHEMBL236_Ki,0,SVR,0.2940626726533162,294
CHEMBL236_Ki,0,GBM,0.2905980474551505,294
CHEMBL236_Ki,0,KNN,0.320846828496548,294
CHEMBL236_Ki,1,RF,0.21541977416765778,284
CHEMBL236_Ki,1,SVR,0.16570896434880744,284
CHEMBL236_Ki,1,GBM,0.18958080217841677,284
CHEMBL236_Ki,1,KNN,0.14798745077954134,284
CHEMBL236_Ki,2,RF,0.2703875679847546,286
CHEMBL236_Ki,2,SVR,0.19303033601547337,286
CHEMBL236_Ki,2,GBM,0.1942763079918246,286
CHEMBL236_Ki,2,KNN,0.234434074758892,286
CHEMBL236_Ki,3,RF,0.3194534143526432,283
CHEMBL236_Ki,3,SVR,0.24474830538502468,283
CHEMBL236_Ki,3,GBM,0.24217394963308825,283
CHEMBL236_Ki,3,KNN,0.28394883607311816,283
CHEMBL236_Ki,4,RF,0.37517668746863175,264
CHEMBL236_Ki,4,SVR,0.37698445956686033,264
CHEMBL236_Ki,4,GBM,0.34961897673333897,264
CHEMBL236_Ki,4,KNN,0.3555625967457978,264
CHEMBL236_Ki,5,RF,0.20376429443996402,281
CHEMBL236_Ki,5,SVR,0.17936025209928252,281
CHEMBL236_Ki,5,GBM,0.16210411878961528,281
CHEMBL236_Ki,5,KNN,0.17053529923283117,281
CHEMBL236_Ki,6,RF,0.2513246556552875,300
CHEMBL236_Ki,6,SVR,0.2171352452650177,300
CHEMBL236_Ki,6,GBM,0.22570402386416166,300
CHEMBL236_Ki,6,KNN,0.2539644860393274,300
CHEMBL236_Ki,7,RF,0.22787042887132047,262
CHEMBL236_Ki,7,SVR,0.2071429635005687,262
CHEMBL236_Ki,7,GBM,0.1967135976913733,262
CHEMBL236_Ki,7,KNN,0.24267760368584634,262
CHEMBL236_Ki,8,RF,0.3032965710378367,280
CHEMBL236_Ki,8,SVR,0.24765207572076153,280
CHEMBL236_Ki,8,GBM,0.28469148986417303,280
CHEMBL236_Ki,8,KNN,0.23394896614752647,280
CHEMBL236_Ki,9,RF,0.29359823208582914,280
CHEMBL236_Ki,9,SVR,0.3096942948592383,280
CHEMBL236_Ki,9,GBM,0.2808730791885131,280
CHEMBL236_Ki,9,KNN,0.3459403813361531,280
CHEMBL236_Ki,10,RF,0.4344449771799316,296
CHEMBL236_Ki,10,SVR,0.42137335860673397,296
CHEMBL236_Ki,10,GBM,0.4040643390862051,296
CHEMBL236_Ki,10,KNN,0.4270592371904798,296
CHEMBL236_Ki,11,RF,0.30553086810974095,250
CHEMBL236_Ki,11,SVR,0.24038495602187426,250
CHEMBL236_Ki,11,GBM,0.2515036897048958,250
CHEMBL236_Ki,11,KNN,0.2542653879498692,250
CHEMBL236_Ki,12,RF,0.437597702993189,265
CHEMBL236_Ki,12,SVR,0.3794910332102692,265
CHEMBL236_Ki,12,GBM,0.3886189561994078,265
CHEMBL236_Ki,12,KNN,0.3604702938527996,265
CHEMBL236_Ki,13,RF,0.33477136593041745,288
CHEMBL236_Ki,13,SVR,0.28176558421745945,288
CHEMBL236_Ki,13,GBM,0.3068104815496083,288
CHEMBL236_Ki,13,KNN,0.2669190131885467,288
CHEMBL236_Ki,14,RF,0.2800724492224965,281
CHEMBL236_Ki,14,SVR,0.2740569425965226,281
CHEMBL236_Ki,14,GBM,0.25598672152908186,281
CHEMBL236_Ki,14,KNN,0.22421869689380636,281
CHEMBL236_Ki,15,RF,0.3752580751429019,297
CHEMBL236_Ki,15,SVR,0.2609051794278239,297
CHEMBL236_Ki,15,GBM,0.3031858335542861,297
CHEMBL236_Ki,15,KNN,0.3260140347758681,297
CHEMBL236_Ki,16,RF,0.26928514499960043,285
CHEMBL236_Ki,16,SVR,0.21756446664259443,285
CHEMBL236_Ki,16,GBM,0.22113882935846318,285
CHEMBL236_Ki,16,KNN,0.22768521407801023,285
CHEMBL236_Ki,17,RF,0.2907603483540946,280
CHEMBL236_Ki,17,SVR,0.1946295835642985,280
CHEMBL236_Ki,17,GBM,0.24173565929738228,280
CHEMBL236_Ki,17,KNN,0.3365618826200767,280
CHEMBL236_Ki,18,RF,0.4793492559045407,261
CHEMBL236_Ki,18,SVR,0.4437183977448095,261
CHEMBL236_Ki,18,GBM,0.38467740736803113,261
CHEMBL236_Ki,18,KNN,0.43530788775189655,261
CHEMBL236_Ki,19,RF,0.3600833383000547,280
CHEMBL236_Ki,19,SVR,0.3252924811842388,280
CHEMBL236_Ki,19,GBM,0.3828702112536079,280
CHEMBL236_Ki,19,KNN,0.3708408875083118,280
CHEMBL237_EC50,0,RF,0.23177298082631637,85
CHEMBL237_EC50,0,SVR,0.2704700676200338,85
CHEMBL237_EC50,0,GBM,0.1647989138333361,85
CHEMBL237_EC50,0,KNN,0.2941035402883345,85
CHEMBL237_EC50,1,RF,0.13397582004713204,81
CHEMBL237_EC50,1,SVR,0.12608503958041262,81
CHEMBL237_EC50,1,GBM,0.12347716444982093,81
CHEMBL237_EC50,1,KNN,0.19114632931263753,81
CHEMBL237_EC50,2,RF,0.2634127792930173,79
CHEMBL237_EC50,2,SVR,0.2573254787820102,79
CHEMBL237_EC50,2,GBM,0.2894845539013171,79
CHEMBL237_EC50,2,KNN,0.362264534516905,79
CHEMBL237_EC50,3,RF,0.2727378648021421,98
CHEMBL237_EC50,3,SVR,0.2374842481032452,98
CHEMBL237_EC50,3,GBM,0.2466114735396101,98
CHEMBL237_EC50,3,KNN,0.29340963949097054,98
CHEMBL237_EC50,4,RF,0.2304071399431874,96
CHEMBL237_EC50,4,SVR,0.20766906170303256,96
CHEMBL237_EC50,4,GBM,0.2858951232938176,96
CHEMBL237_EC50,4,KNN,0.22207692021674375,96
CHEMBL237_EC50,5,RF,0.3236619051164802,89
CHEMBL237_EC50,5,SVR,0.29316129551427805,89
CHEMBL237_EC50,5,GBM,0.3613802809159734,89
CHEMBL237_EC50,5,KNN,0.36600465975044694,89
CHEMBL237_EC50,6,RF,0.2046179417802978,85
CHEMBL237_EC50,6,SVR,0.1715055351211774,85
CHEMBL237_EC50,6,GBM,0.14198474516114856,85
CHEMBL237_EC50,6,KNN,0.1858067158168295,85
CHEMBL237_EC50,7,RF,0.11843195103392712,82
CHEMBL237_EC50,7,SVR,0.11364931217660645,82
CHEMBL237_EC50,7,GBM,0.16852334418296555,82
CHEMBL237_EC50,7,KNN,0.17212660597911844,82
CHEMBL237_EC50,8,RF,0.16207591393863685,84
CHEMBL237_EC50,8,SVR,0.11896633979300975,84
CHEMBL237_EC50,8,GBM,0.20007687437409993,84
CHEMBL237_EC50,8,KNN,0.13190763339547418,84
CHEMBL237_EC50,9,RF,0.18813637574107167,82
CHEMBL237_EC50,9,SVR,0.16045394706882576,82
CHEMBL237_EC50,9,GBM,0.17777003314474515,82
CHEMBL237_EC50,9,KNN,0.21671550605326395,82
CHEMBL237_EC50,10,RF,0.1384736844057004,89
CHEMBL237_EC50,10,SVR,0.13221934539272517,89
CHEMBL237_EC50,10,GBM,0.22364409942051056,89
CHEMBL237_EC50,10,KNN,0.20934231218815846,89
CHEMBL237_EC50,11,RF,-0.14192063379461672,89
CHEMBL237_EC50,11,SVR,-0.10474450881325015,89
CHEMBL237_EC50,11,GBM,-0.14328579124407048,89
CHEMBL237_EC50,11,KNN,-0.08134040508500151,89
CHEMBL237_EC50,12,RF,0.3542246000346353,76
CHEMBL237_EC50,12,SVR,0.320335077958084,76
CHEMBL237_EC50,12,GBM,0.33377388067035396,76
CHEMBL237_EC50,12,KNN,0.38537446215544435,76
CHEMBL237_EC50,13,RF,0.2616247223881648,96
CHEMBL237_EC50,13,SVR,0.24868535576753747,96
CHEMBL237_EC50,13,GBM,0.2737547556696158,96
CHEMBL237_EC50,13,KNN,0.19505121579548002,96
CHEMBL237_EC50,14,RF,0.14102812447073398,90
CHEMBL237_EC50,14,SVR,0.15078917929239866,90
CHEMBL237_EC50,14,GBM,0.06930146756671474,90
CHEMBL237_EC50,14,KNN,0.1883437055877294,90
CHEMBL237_EC50,15,RF,0.11905893858006467,86
CHEMBL237_EC50,15,SVR,0.1146800821146442,86
CHEMBL237_EC50,15,GBM,0.14283419907218742,86
CHEMBL237_EC50,15,KNN,0.20531988543664514,86
CHEMBL237_EC50,16,RF,0.2611671748498853,98
CHEMBL237_EC50,16,SVR,0.2549356192674822,98
CHEMBL237_EC50,16,GBM,0.2096972636733696,98
CHEMBL237_EC50,16,KNN,0.23245305026391927,98
CHEMBL237_EC50,17,RF,0.2188991782734364,86
CHEMBL237_EC50,17,SVR,0.19365287827453326,86
CHEMBL237_EC50,17,GBM,0.18493193101100924,86
CHEMBL237_EC50,17,KNN,0.21541261153179414,86
CHEMBL237_EC50,18,RF,0.17638057301388899,99
CHEMBL237_EC50,18,SVR,0.1336091279621182,99
CHEMBL237_EC50,18,GBM,0.12100602632536728,99
CHEMBL237_EC50,18,KNN,0.17891922258055726,99
CHEMBL237_EC50,19,RF,0.1459685831645875,86
CHEMBL237_EC50,19,SVR,0.12170113941198568,86
CHEMBL237_EC50,19,GBM,0.1645446696331926,86
CHEMBL237_EC50,19,KNN,0.09628985059595496,86
CHEMBL237_Ki,0,RF,0.38139275596694144,274
CHEMBL237_Ki,0,SVR,0.34891751921168623,274
CHEMBL237_Ki,0,GBM,0.3745082665407188,274
CHEMBL237_Ki,0,KNN,0.40907736913383985,274
CHEMBL237_Ki,1,RF,0.1741187254598544,290
CHEMBL237_Ki,1,SVR,0.12055548937572402,290
CHEMBL237_Ki,1,GBM,0.1647740339443844,290
CHEMBL237_Ki,1,KNN,0.23128155283009644,290
CHEMBL237_Ki,2,RF,0.1853765889641883,298
CHEMBL237_Ki,2,SVR,0.17410512537580902,298
CHEMBL237_Ki,2,GBM,0.1570671313699218,298
CHEMBL237_Ki,2,KNN,0.1990450525922629,298
CHEMBL237_Ki,3,RF,0.16054196280835253,285
CHEMBL237_Ki,3,SVR,0.16014978763598808,285
CHEMBL237_Ki,3,GBM,0.1252331897251897,285
CHEMBL237_Ki,3,KNN,0.18515981596911646,285
CHEMBL237_Ki,4,RF,0.2689731930149515,302
CHEMBL237_Ki,4,SVR,0.23134088801935693,302
CHEMBL237_Ki,4,GBM,0.23866872213141532,302
CHEMBL237_Ki,4,KNN,0.34663424614684757,302
CHEMBL237_Ki,5,RF,0.26976987807151886,292
CHEMBL237_Ki,5,SVR,0.2308155413375621,292
CHEMBL237_Ki,5,GBM,0.22883588441463354,292
CHEMBL237_Ki,5,KNN,0.2696846259808896,292
CHEMBL237_Ki,6,RF,0.2995678669498496,282
CHEMBL237_Ki,6,SVR,0.2575386936867382,282
CHEMBL237_Ki,6,GBM,0.24257521978304608,282
CHEMBL237_Ki,6,KNN,0.25098420216520634,282
CHEMBL237_Ki,7,RF,0.3726021622865008,283
CHEMBL237_Ki,7,SVR,0.3087580730604933,283
CHEMBL237_Ki,7,GBM,0.3096198726069892,283
CHEMBL237_Ki,7,KNN,0.34568491790223077,283
CHEMBL237_Ki,8,RF,0.3292309758199792,286
CHEMBL237_Ki,8,SVR,0.3163012105785151,286
CHEMBL237_Ki,8,GBM,0.24376276724974866,286
CHEMBL237_Ki,8,KNN,0.3107508076144647,286
CHEMBL237_Ki,9,RF,0.25344196031009814,287
CHEMBL237_Ki,9,SVR,0.24840833265422502,287
CHEMBL237_Ki,9,GBM,0.24865780038348773,287
CHEMBL237_Ki,9,KNN,0.2996468314864098,287
CHEMBL237_Ki,10,RF,0.21398022409514417,306
CHEMBL237_Ki,10,SVR,0.20110760080855017,306
CHEMBL237_Ki,10,GBM,0.15264253297240593,306
CHEMBL237_Ki,10,KNN,0.22709334698013373,306
CHEMBL237_Ki,11,RF,0.4511207734906634,273
CHEMBL237_Ki,11,SVR,0.3755873166746597,273
CHEMBL237_Ki,11,GBM,0.3674730620904507,273
CHEMBL237_Ki,11,KNN,0.39773483474921256,273
CHEMBL237_Ki,12,RF,0.12943164509748184,286
CHEMBL237_Ki,12,SVR,0.12841173199134515,286
CHEMBL237_Ki,12,GBM,0.13314003184366507,286
CHEMBL237_Ki,12,KNN,0.1732641742729596,286
CHEMBL237_Ki,13,RF,0.17012652163195785,296
CHEMBL237_Ki,13,SVR,0.1273855197931476,296
CHEMBL237_Ki,13,GBM,0.15944725050386133,296
CHEMBL237_Ki,13,KNN,0.13111894019303094,296
CHEMBL237_Ki,14,RF,0.26521540039522784,291
CHEMBL237_Ki,14,SVR,0.24983860479166997,291
CHEMBL237_Ki,14,GBM,0.24964318781045092,291
CHEMBL237_Ki,14,KNN,0.2979732400560673,291
CHEMBL237_Ki,15,RF,0.14468883815446454,297
CHEMBL237_Ki,15,SVR,0.14328192460357425,297
CHEMBL237_Ki,15,GBM,0.13091088030126752,297
CHEMBL237_Ki,15,KNN,0.23305126969226808,297
CHEMBL237_Ki,16,RF,0.2789890165053355,298
CHEMBL237_Ki,16,SVR,0.2379342843908443,298
CHEMBL237_Ki,16,GBM,0.2478368221300533,298
CHEMBL237_Ki,16,KNN,0.2624458396272994,298
CHEMBL237_Ki,17,RF,0.24959719508077505,273
CHEMBL237_Ki,17,SVR,0.2677207874957621,273
CHEMBL237_Ki,17,GBM,0.24207053346666663,273
CHEMBL237_Ki,17,KNN,0.2487112034023602,273
CHEMBL237_Ki,18,RF,0.28636263295621944,291
CHEMBL237_Ki,18,SVR,0.24858833921848866,291
CHEMBL237_Ki,18,GBM,0.2505164425128047,291
CHEMBL237_Ki,18,KNN,0.2662409670947816,291
CHEMBL237_Ki,19,RF,0.17661278698596294,294
CHEMBL237_Ki,19,SVR,0.15064136579262266,294
CHEMBL237_Ki,19,GBM,0.16852288975942742,294
CHEMBL237_Ki,19,KNN,0.221829959739534,294
CHEMBL238_Ki,0,RF,0.36882861149452717,94
CHEMBL238_Ki,0,SVR,0.34897353530375896,94
CHEMBL238_Ki,0,GBM,0.43902598912211743,94
CHEMBL238_Ki,0,KNN,0.4388105547132145,94
CHEMBL238_Ki,1,RF,0.3596111635155216,89
CHEMBL238_Ki,1,SVR,0.31464209885454475,89
CHEMBL238_Ki,1,GBM,0.383306496269224,89
CHEMBL238_Ki,1,KNN,0.34173344414325135,89
CHEMBL238_Ki,2,RF,0.3992360579496059,75
CHEMBL238_Ki,2,SVR,0.4172934827503463,75
CHEMBL238_Ki,2,GBM,0.4171389594164634,75
CHEMBL238_Ki,2,KNN,0.41043636207653045,75
CHEMBL238_Ki,3,RF,0.21819071429675807,92
CHEMBL238_Ki,3,SVR,0.16199157117531715,92
CHEMBL238_Ki,3,GBM,0.12350980177300463,92
CHEMBL238_Ki,3,KNN,0.22670381006257123,92
CHEMBL238_Ki,4,RF,0.257487914514406,75
CHEMBL238_Ki,4,SVR,0.23883220163747476,75
CHEMBL238_Ki,4,GBM,0.2922759242100538,75
CHEMBL238_Ki,4,KNN,0.26833251839679295,75
CHEMBL238_Ki,5,RF,0.22891814922072373,78
CHEMBL238_Ki,5,SVR,0.2810381674891136,78
CHEMBL238_Ki,5,GBM,0.24672851970127008,78
CHEMBL238_Ki,5,KNN,0.29707616994975816,78
CHEMBL238_Ki,6,RF,0.24557593329568594,82
CHEMBL238_Ki,6,SVR,0.2590632068370615,82
CHEMBL238_Ki,6,GBM,0.23541394633024015,82
CHEMBL238_Ki,6,KNN,0.20089478705718888,82
CHEMBL238_Ki,7,RF,0.4717406586042401,78
CHEMBL238_Ki,7,SVR,0.4642081648201043,78
CHEMBL238_Ki,7,GBM,0.4898666673058273,78
CHEMBL238_Ki,7,KNN,0.45589327465122087,78
CHEMBL238_Ki,8,RF,0.49662020783480343,77
CHEMBL238_Ki,8,SVR,0.4483591876972215,77
CHEMBL238_Ki,8,GBM,0.4161604269537492,77
CHEMBL238_Ki,8,KNN,0.41972602394169634,77
CHEMBL238_Ki,9,RF,0.30986659531621474,76
CHEMBL238_Ki,9,SVR,0.3326291188577182,76
CHEMBL238_Ki,9,GBM,0.32210762069542165,76
CHEMBL238_Ki,9,KNN,0.32852241547080396,76
CHEMBL238_Ki,10,RF,0.20226391584742043,83
CHEMBL238_Ki,10,SVR,0.1878452551754607,83
CHEMBL238_Ki,10,GBM,0.20990975053398353,83
CHEMBL238_Ki,10,KNN,0.1503335879388028,83
CHEMBL238_Ki,11,RF,0.230263714462129,80
CHEMBL238_Ki,11,SVR,0.19124057042323406,80
CHEMBL238_Ki,11,GBM,0.2282809124658901,80
CHEMBL238_Ki,11,KNN,0.25554423422530825,80
CHEMBL238_Ki,12,RF,0.16170863873712693,68
CHEMBL238_Ki,12,SVR,0.20558584800754687,68
CHEMBL238_Ki,12,GBM,0.20381942107472084,68
CHEMBL238_Ki,12,KNN,0.25010947580387144,68
CHEMBL238_Ki,13,RF,0.32847289412518876,84
CHEMBL238_Ki,13,SVR,0.2911999589073744,84
CHEMBL238_Ki,13,GBM,0.2916272779852763,84
CHEMBL238_Ki,13,KNN,0.29092143455179575,84
CHEMBL238_Ki,14,RF,0.4180919515058362,73
CHEMBL238_Ki,14,SVR,0.404053266615621,73
CHEMBL238_Ki,14,GBM,0.37242810918938407,73
CHEMBL238_Ki,14,KNN,0.3207586496581277,73
CHEMBL238_Ki,15,RF,0.6631258015266172,84
CHEMBL238_Ki,15,SVR,0.68032285872386,84
CHEMBL238_Ki,15,GBM,0.7143456137599756,84
CHEMBL238_Ki,15,KNN,0.7077719602211462,84
CHEMBL238_Ki,16,RF,0.12547242069113307,82
CHEMBL238_Ki,16,SVR,0.14140517033942512,82
CHEMBL238_Ki,16,GBM,0.17762592839254332,82
CHEMBL238_Ki,16,KNN,0.2828202231664264,82
CHEMBL238_Ki,17,RF,0.18218120477635347,73
CHEMBL238_Ki,17,SVR,0.11324680862521808,73
CHEMBL238_Ki,17,GBM,0.188526734222198,73
CHEMBL238_Ki,17,KNN,0.2414542662817014,73
CHEMBL238_Ki,18,RF,0.38102974985795035,81
CHEMBL238_Ki,18,SVR,0.31167090340492065,81
CHEMBL238_Ki,18,GBM,0.351334555639623,81
CHEMBL238_Ki,18,KNN,0.31904227600617185,81
CHEMBL238_Ki,19,RF,0.31882185149041986,86
CHEMBL238_Ki,19,SVR,0.3487280449283584,86
CHEMBL238_Ki,19,GBM,0.3216909589774869,86
CHEMBL238_Ki,19,KNN,0.4148553257894281,86
CHEMBL239_EC50,0,RF,0.231066492865022,154
CHEMBL239_EC50,0,SVR,0.19100702172921225,154
CHEMBL239_EC50,0,GBM,0.21316124383264778,154
CHEMBL239_EC50,0,KNN,0.1742655046043743,154
CHEMBL239_EC50,1,RF,0.2286560241471559,139
CHEMBL239_EC50,1,SVR,0.20015033383655922,139
CHEMBL239_EC50,1,GBM,0.22029205391752116,139
CHEMBL239_EC50,1,KNN,0.26768868713693406,139
CHEMBL239_EC50,2,RF,0.23647471529542585,134
CHEMBL239_EC50,2,SVR,0.23586272163111366,134
CHEMBL239_EC50,2,GBM,0.21608000975195896,134
CHEMBL239_EC50,2,KNN,0.20798032013502832,134
CHEMBL239_EC50,3,RF,0.25538142372465694,130
CHEMBL239_EC50,3,SVR,0.2830405071998051,130
CHEMBL239_EC50,3,GBM,0.26088885363078973,130
CHEMBL239_EC50,3,KNN,0.28988022200814273,130
CHEMBL239_EC50,4,RF,0.35499564518523785,121
CHEMBL239_EC50,4,SVR,0.3375375504803223,121
CHEMBL239_EC50,4,GBM,0.2989592724684519,121
CHEMBL239_EC50,4,KNN,0.3377039135938919,121
CHEMBL239_EC50,5,RF,0.24898893394550636,140
CHEMBL239_EC50,5,SVR,0.230719758465586,140
CHEMBL239_EC50,5,GBM,0.23558363412581673,140
CHEMBL239_EC50,5,KNN,0.2711781730647197,140
CHEMBL239_EC50,6,RF,0.20732391166045216,137
CHEMBL239_EC50,6,SVR,0.25107950440843396,137
CHEMBL239_EC50,6,GBM,0.24556650668973423,137
CHEMBL239_EC50,6,KNN,0.28268549113600583,137
CHEMBL239_EC50,7,RF,0.35459628198857485,127
CHEMBL239_EC50,7,SVR,0.3349022666013215,127
CHEMBL239_EC50,7,GBM,0.3110727377743736,127
CHEMBL239_EC50,7,KNN,0.3511417504023318,127
CHEMBL239_EC50,8,RF,0.3482553391722389,131
CHEMBL239_EC50,8,SVR,0.2903054882314121,131
CHEMBL239_EC50,8,GBM,0.2817023271927731,131
CHEMBL239_EC50,8,KNN,0.2827398880708091,131
CHEMBL239_EC50,9,RF,0.2599069797000758,135
CHEMBL239_EC50,9,SVR,0.1960139550690826,135
CHEMBL239_EC50,9,GBM,0.22172882505042546,135
CHEMBL239_EC50,9,KNN,0.2858123396834956,135
CHEMBL239_EC50,10,RF,0.15352320463142055,135
CHEMBL239_EC50,10,SVR,0.09426326397069484,135
CHEMBL239_EC50,10,GBM,0.10597062310225103,135
CHEMBL239_EC50,10,KNN,0.10960492462413707,135
CHEMBL239_EC50,11,RF,0.22131116095520964,132
CHEMBL239_EC50,11,SVR,0.21542368908938386,132
CHEMBL239_EC50,11,GBM,0.19834482571542744,132
CHEMBL239_EC50,11,KNN,0.2184778098636041,132
CHEMBL239_EC50,12,RF,0.2536308355742838,123
CHEMBL239_EC50,12,SVR,0.21214611543151563,123
CHEMBL239_EC50,12,GBM,0.23994667665332414,123
CHEMBL239_EC50,12,KNN,0.28318078210666575,123
CHEMBL239_EC50,13,RF,0.18293381347043514,127
CHEMBL239_EC50,13,SVR,0.163735511841275,127
CHEMBL239_EC50,13,GBM,0.19008622495487104,127
CHEMBL239_EC50,13,KNN,0.19604104184575466,127
CHEMBL239_EC50,14,RF,0.22317146872078564,137
CHEMBL239_EC50,14,SVR,0.22854888437660603,137
CHEMBL239_EC50,14,GBM,0.312596898279615,137
CHEMBL239_EC50,14,KNN,0.2203626348219474,137
CHEMBL239_EC50,15,RF,0.282253707010667,143
CHEMBL239_EC50,15,SVR,0.2592249195383875,143
CHEMBL239_EC50,15,GBM,0.2645472204547835,143
CHEMBL239_EC50,15,KNN,0.23054735494794748,143
CHEMBL239_EC50,16,RF,0.30483974682462,168
CHEMBL239_EC50,16,SVR,0.2897672341599107,168
CHEMBL239_EC50,16,GBM,0.29837957681682936,168
CHEMBL239_EC50,16,KNN,0.3341966053905407,168
CHEMBL239_EC50,17,RF,0.22860262078653804,135
CHEMBL239_EC50,17,SVR,0.23751937923944277,135
CHEMBL239_EC50,17,GBM,0.22890174300049504,135
CHEMBL239_EC50,17,KNN,0.2443263075354063,135
CHEMBL239_EC50,18,RF,0.17158553249257913,137
CHEMBL239_EC50,18,SVR,0.182486986169056,137
CHEMBL239_EC50,18,GBM,0.1828579949547977,137
CHEMBL239_EC50,18,KNN,0.20575025591655988,137
CHEMBL239_EC50,19,RF,0.24250549010966838,138
CHEMBL239_EC50,19,SVR,0.19142837449929984,138
CHEMBL239_EC50,19,GBM,0.17230959772259846,138
CHEMBL239_EC50,19,KNN,0.23045118741436543,138
CHEMBL244_Ki,0,RF,0.17250146611624495,370
CHEMBL244_Ki,0,SVR,0.16190449928982897,370
CHEMBL244_Ki,0,GBM,0.1308867446831654,370
CHEMBL244_Ki,0,KNN,0.19059206129782091,370
CHEMBL244_Ki,1,RF,0.198289058665856,379
CHEMBL244_Ki,1,SVR,0.17602807438290802,379
CHEMBL244_Ki,1,GBM,0.13467829654389618,379
CHEMBL244_Ki,1,KNN,0.23344357521174675,379
CHEMBL244_Ki,2,RF,0.3119385969683056,368
CHEMBL244_Ki,2,SVR,0.2802522507585421,368
CHEMBL244_Ki,2,GBM,0.2681428472696027,368
CHEMBL244_Ki,2,KNN,0.35464039767753164,368
CHEMBL244_Ki,3,RF,0.24282342858755068,379
CHEMBL244_Ki,3,SVR,0.18398079490770225,379
CHEMBL244_Ki,3,GBM,0.20204145563054476,379
CHEMBL244_Ki,3,KNN,0.28480593403985743,379
CHEMBL244_Ki,4,RF,0.29629631367515585,387
CHEMBL244_Ki,4,SVR,0.21421280610537163,387
CHEMBL244_Ki,4,GBM,0.24020794633809017,387
CHEMBL244_Ki,4,KNN,0.32258795263194195,387
CHEMBL244_Ki,5,RF,0.5440013436345893,372
CHEMBL244_Ki,5,SVR,0.5180205921722905,372
CHEMBL244_Ki,5,GBM,0.48173986994798834,372
CHEMBL244_Ki,5,KNN,0.5712086385547058,372
CHEMBL244_Ki,6,RF,0.35512153684507486,385
CHEMBL244_Ki,6,SVR,0.334468555247714,385
CHEMBL244_Ki,6,GBM,0.36465512072393236,385
CHEMBL244_Ki,6,KNN,0.38968576702709334,385
CHEMBL244_Ki,7,RF,0.3386955307804691,352
CHEMBL244_Ki,7,SVR,0.29024467129586184,352
CHEMBL244_Ki,7,GBM,0.3005995906962783,352
CHEMBL244_Ki,7,KNN,0.3439828434760369,352
CHEMBL244_Ki,8,RF,0.2985086814515113,403
CHEMBL244_Ki,8,SVR,0.2367722903807683,403
CHEMBL244_Ki,8,GBM,0.2661929383626226,403
CHEMBL244_Ki,8,KNN,0.3190928334540689,403
CHEMBL244_Ki,9,RF,0.41211136240598256,361
CHEMBL244_Ki,9,SVR,0.3328947064750116,361
CHEMBL244_Ki,9,GBM,0.39162189147620496,361
CHEMBL244_Ki,9,KNN,0.386975854883988,361
CHEMBL244_Ki,10,RF,0.3023407790683399,383
CHEMBL244_Ki,10,SVR,0.26982358209217827,383
CHEMBL244_Ki,10,GBM,0.2975481765799223,383
CHEMBL244_Ki,10,KNN,0.3097522728418305,383
CHEMBL244_Ki,11,RF,0.2610135839552882,369
CHEMBL244_Ki,11,SVR,0.23368900425150796,369
CHEMBL244_Ki,11,GBM,0.22022687412468023,369
CHEMBL244_Ki,11,KNN,0.29627039447579206,369
CHEMBL244_Ki,12,RF,0.20619350085496968,355
CHEMBL244_Ki,12,SVR,0.16082031172219569,355
CHEMBL244_Ki,12,GBM,0.1953572895567287,355
CHEMBL244_Ki,12,KNN,0.2730594370456181,355
CHEMBL244_Ki,13,RF,0.24306511755810756,386
CHEMBL244_Ki,13,SVR,0.21271660796008784,386
CHEMBL244_Ki,13,GBM,0.2458115702918905,386
CHEMBL244_Ki,13,KNN,0.2621976294231254,386
CHEMBL244_Ki,14,RF,0.1685745522822405,391
CHEMBL244_Ki,14,SVR,0.20143398803362078,391
CHEMBL244_Ki,14,GBM,0.17643789391078524,391
CHEMBL244_Ki,14,KNN,0.2476303905353121,391
CHEMBL244_Ki,15,RF,0.2090747077465135,381
CHEMBL244_Ki,15,SVR,0.1701304587162208,381
CHEMBL244_Ki,15,GBM,0.18310697357714667,381
CHEMBL244_Ki,15,KNN,0.2725571891743789,381
CHEMBL244_Ki,16,RF,0.30016288664569835,378
CHEMBL244_Ki,16,SVR,0.21841406829809284,378
CHEMBL244_Ki,16,GBM,0.25155407374061567,378
CHEMBL244_Ki,16,KNN,0.2828948606899372,378
CHEMBL244_Ki,17,RF,0.21473114302860652,370
CHEMBL244_Ki,17,SVR,0.1973287104984689,370
CHEMBL244_Ki,17,GBM,0.1948184151248763,370
CHEMBL244_Ki,17,KNN,0.22207343747350117,370
CHEMBL244_Ki,18,RF,0.2450301520941911,359
CHEMBL244_Ki,18,SVR,0.2012355501721439,359
CHEMBL244_Ki,18,GBM,0.22555304298728862,359
CHEMBL244_Ki,18,KNN,0.3065717734683714,359
CHEMBL244_Ki,19,RF,0.24473964347938237,376
CHEMBL244_Ki,19,SVR,0.2258904323246672,376
CHEMBL244_Ki,19,GBM,0.20236426159401422,376
CHEMBL244_Ki,19,KNN,0.29163208360073234,376
CHEMBL262_Ki,0,RF,0.5780810666513037,41
CHEMBL262_Ki,0,SVR,0.47227747822698907,41
CHEMBL262_Ki,0,GBM,0.49944581008562516,41
CHEMBL262_Ki,0,KNN,0.5085665983241088,41
CHEMBL262_Ki,1,RF,0.099483502097796,41
CHEMBL262_Ki,1,SVR,0.14759552404080234,41
CHEMBL262_Ki,1,GBM,0.13406724564959693,41
CHEMBL262_Ki,1,KNN,0.17102591557939006,41
CHEMBL262_Ki,2,RF,0.21024107151387506,44
CHEMBL262_Ki,2,SVR,0.19593461345080965,44
CHEMBL262_Ki,2,GBM,0.15850557714488134,44
CHEMBL262_Ki,2,KNN,0.21046543836523757,44
CHEMBL262_Ki,3,RF,0.29324560429884416,60
CHEMBL262_Ki,3,SVR,0.1775251438909179,60
CHEMBL262_Ki,3,GBM,0.26660045304860247,60
CHEMBL262_Ki,3,KNN,0.2945693141203899,60
CHEMBL262_Ki,4,RF,0.38287377785502397,42
CHEMBL262_Ki,4,SVR,0.44063099008892803,42
CHEMBL262_Ki,4,GBM,0.41325703920770085,42
CHEMBL262_Ki,4,KNN,0.4441304452945508,42
CHEMBL262_Ki,5,RF,0.19335582966835807,50
CHEMBL262_Ki,5,SVR,0.15537865261382944,50
CHEMBL262_Ki,5,GBM,0.24178472676584273,50
CHEMBL262_Ki,5,KNN,0.1731632305696188,50
CHEMBL262_Ki,6,RF,-0.0384701533984797,50
CHEMBL262_Ki,6,SVR,-0.020547590598478105,50
CHEMBL262_Ki,6,GBM,-0.08001112890979634,50
CHEMBL262_Ki,6,KNN,0.16091341362130485,50
CHEMBL262_Ki,7,RF,0.12072402421438944,48
CHEMBL262_Ki,7,SVR,0.15901331224634896,48
CHEMBL262_Ki,7,GBM,0.13476505334566324,48
CHEMBL262_Ki,7,KNN,0.22187256963723256,48
CHEMBL262_Ki,8,RF,0.13793851861876516,54
CHEMBL262_Ki,8,SVR,0.12432442146768641,54
CHEMBL262_Ki,8,GBM,0.16171199794543833,54
CHEMBL262_Ki,8,KNN,0.2191779198369871,54
CHEMBL262_Ki,9,RF,0.6402315596349327,54
CHEMBL262_Ki,9,SVR,0.6079866060181889,54
CHEMBL262_Ki,9,GBM,0.6283961288876643,54
CHEMBL262_Ki,9,KNN,0.5962025742102823,54
CHEMBL262_Ki,10,RF,0.3046306087074071,38
CHEMBL262_Ki,10,SVR,0.2953612545567441,38
CHEMBL262_Ki,10,GBM,0.28018255790493474,38
CHEMBL262_Ki,10,KNN,0.3801012839361594,38
CHEMBL262_Ki,11,RF,0.18033305427187996,40
CHEMBL262_Ki,11,SVR,0.11630198607223918,40
CHEMBL262_Ki,11,GBM,0.15663462687205254,40
CHEMBL262_Ki,11,KNN,0.09742773793118198,40
CHEMBL262_Ki,12,RF,0.28049146929171354,47
CHEMBL262_Ki,12,SVR,0.23343145632454387,47
CHEMBL262_Ki,12,GBM,0.23138750163979904,47
CHEMBL262_Ki,12,KNN,0.18023976868636238,47
CHEMBL262_Ki,13,RF,0.18423945782453088,47
CHEMBL262_Ki,13,SVR,0.17899203244364725,47
CHEMBL262_Ki,13,GBM,0.17126952432935094,47
CHEMBL262_Ki,13,KNN,0.21877465207861224,47
CHEMBL262_Ki,14,RF,0.3734783035328898,54
CHEMBL262_Ki,14,SVR,0.33611468784315524,54
CHEMBL262_Ki,14,GBM,0.32203558813039623,54
CHEMBL262_Ki,14,KNN,0.3549277880269347,54
CHEMBL262_Ki,15,RF,-0.038371430131497464,41
CHEMBL262_Ki,15,SVR,-0.1933190999000859,41
CHEMBL262_Ki,15,GBM,-0.1846756172575037,41
CHEMBL262_Ki,15,KNN,-0.12011312565643395,41
CHEMBL262_Ki,16,RF,0.2477071470346328,39
CHEMBL262_Ki,16,SVR,0.2472910535645303,39
CHEMBL262_Ki,16,GBM,0.26813145972508523,39
CHEMBL262_Ki,16,KNN,0.31450684372523374,39
CHEMBL262_Ki,17,RF,0.17039587876329032,39
CHEMBL262_Ki,17,SVR,0.1301358729139196,39
CHEMBL262_Ki,17,GBM,0.10557908354327616,39
CHEMBL262_Ki,17,KNN,0.1660255204093567,39
CHEMBL262_Ki,18,RF,0.24170001380450212,46
CHEMBL262_Ki,18,SVR,0.15048620459758266,46
CHEMBL262_Ki,18,GBM,0.21344232929227147,46
CHEMBL262_Ki,18,KNN,0.28148245061209143,46
CHEMBL262_Ki,19,RF,0.26664546731990935,50
CHEMBL262_Ki,19,SVR,0.2045036323085877,50
CHEMBL262_Ki,19,GBM,0.19029494331993213,50
CHEMBL262_Ki,19,KNN,0.20749202590088534,50
CHEMBL264_Ki,0,RF,0.3562551634560117,317
CHEMBL264_Ki,0,SVR,0.32336282023492635,317
CHEMBL264_Ki,0,GBM,0.31154782924636826,317
CHEMBL264_Ki,0,KNN,0.29970006466596977,317
CHEMBL264_Ki,1,RF,0.26821190737426115,342
CHEMBL264_Ki,1,SVR,0.23807033789840548,342
CHEMBL264_Ki,1,GBM,0.25380034168284304,342
CHEMBL264_Ki,1,KNN,0.30491142449169084,342
CHEMBL264_Ki,2,RF,0.2923792736450238,308
CHEMBL264_Ki,2,SVR,0.2749314517092202,308
CHEMBL264_Ki,2,GBM,0.2492928641853549,308
CHEMBL264_Ki,2,KNN,0.2800440364064243,308
CHEMBL264_Ki,3,RF,0.34211962189113465,324
CHEMBL264_Ki,3,SVR,0.32859960064452054,324
CHEMBL264_Ki,3,GBM,0.32870893374293664,324
CHEMBL264_Ki,3,KNN,0.3617956908619996,324
CHEMBL264_Ki,4,RF,0.38627520206150157,320
CHEMBL264_Ki,4,SVR,0.41102744010117986,320
CHEMBL264_Ki,4,GBM,0.3788991094556864,320
CHEMBL264_Ki,4,KNN,0.42610447909010873,320
CHEMBL264_Ki,5,RF,0.2198783501134025,316
CHEMBL264_Ki,5,SVR,0.2312812213515819,316
CHEMBL264_Ki,5,GBM,0.18663965937117422,316
CHEMBL264_Ki,5,KNN,0.2089539958739134,316
CHEMBL264_Ki,6,RF,0.3389220659050075,337
CHEMBL264_Ki,6,SVR,0.3033409128441107,337
CHEMBL264_Ki,6,GBM,0.3272830053630674,337
CHEMBL264_Ki,6,KNN,0.322675421722148,337
CHEMBL264_Ki,7,RF,0.33580352828687565,319
CHEMBL264_Ki,7,SVR,0.29088923671354583,319
CHEMBL264_Ki,7,GBM,0.2748527326769893,319
CHEMBL264_Ki,7,KNN,0.31328951210819467,319
CHEMBL264_Ki,8,RF,0.39012541641642684,337
CHEMBL264_Ki,8,SVR,0.37196349723704014,337
CHEMBL264_Ki,8,GBM,0.3423446733675436,337
CHEMBL264_Ki,8,KNN,0.33010954529007663,337
CHEMBL264_Ki,9,RF,0.21974435313083573,317
CHEMBL264_Ki,9,SVR,0.1896608021837891,317
CHEMBL264_Ki,9,GBM,0.18093763142926944,317
CHEMBL264_Ki,9,KNN,0.1685580024828307,317
CHEMBL264_Ki,10,RF,0.3613803180986591,319
CHEMBL264_Ki,10,SVR,0.304111776788742,319
CHEMBL264_Ki,10,GBM,0.3470520117010467,319
CHEMBL264_Ki,10,KNN,0.3498038012582967,319
CHEMBL264_Ki,11,RF,0.28186372543627003,332
CHEMBL264_Ki,11,SVR,0.26278189113541506,332
CHEMBL264_Ki,11,GBM,0.22485330776874868,332
CHEMBL264_Ki,11,KNN,0.30327463230891283,332
CHEMBL264_Ki,12,RF,0.35865432661954777,309
CHEMBL264_Ki,12,SVR,0.3621477198643077,309
CHEMBL264_Ki,12,GBM,0.36773283008376023,309
CHEMBL264_Ki,12,KNN,0.37758820267555904,309
CHEMBL264_Ki,13,RF,0.33796653751990624,330
CHEMBL264_Ki,13,SVR,0.31773307016704755,330
CHEMBL264_Ki,13,GBM,0.3048685267779909,330
CHEMBL264_Ki,13,KNN,0.3383673258549774,330
CHEMBL264_Ki,14,RF,0.40645962773053457,322
CHEMBL264_Ki,14,SVR,0.36511652471352884,322
CHEMBL264_Ki,14,GBM,0.39593768628761494,322
CHEMBL264_Ki,14,KNN,0.42458619089902305,322
CHEMBL264_Ki,15,RF,0.2651419744046183,330
CHEMBL264_Ki,15,SVR,0.23303530387720772,330
CHEMBL264_Ki,15,GBM,0.2071544298115322,330
CHEMBL264_Ki,15,KNN,0.31219032514517875,330
CHEMBL264_Ki,16,RF,0.42279980028710307,309
CHEMBL264_Ki,16,SVR,0.38746347520781144,309
CHEMBL264_Ki,16,GBM,0.3808439677996157,309
CHEMBL264_Ki,16,KNN,0.3588128195363669,309
CHEMBL264_Ki,17,RF,0.34837891831941525,326
CHEMBL264_Ki,17,SVR,0.30950213880293453,326
CHEMBL264_Ki,17,GBM,0.3409660308305197,326
CHEMBL264_Ki,17,KNN,0.33973489469960594,326
CHEMBL264_Ki,18,RF,0.3931296731885551,319
CHEMBL264_Ki,18,SVR,0.35576245436307286,319
CHEMBL264_Ki,18,GBM,0.34291565173709215,319
CHEMBL264_Ki,18,KNN,0.40280229626871855,319
CHEMBL264_Ki,19,RF,0.28038713410945615,311
CHEMBL264_Ki,19,SVR,0.26052554732169375,311
CHEMBL264_Ki,19,GBM,0.2543045975534609,311
CHEMBL264_Ki,19,KNN,0.20284640350887806,311
CHEMBL2835_Ki,0,RF,0.5474008624499507,72
CHEMBL2835_Ki,0,SVR,0.35262596373324784,72
CHEMBL2835_Ki,0,GBM,0.4101059738090179,72
CHEMBL2835_Ki,0,KNN,0.5711137854196482,72
CHEMBL2835_Ki,1,RF,0.3260704418643684,82
CHEMBL2835_Ki,1,SVR,0.2517231602019393,82
CHEMBL2835_Ki,1,GBM,0.30223284881556456,82
CHEMBL2835_Ki,1,KNN,0.19923917058829832,82
CHEMBL2835_Ki,2,RF,0.5191025998424003,72
CHEMBL2835_Ki,2,SVR,0.44086058075688495,72
CHEMBL2835_Ki,2,GBM,0.4706163821109737,72
CHEMBL2835_Ki,2,KNN,0.47038725770410916,72
CHEMBL2835_Ki,3,RF,0.3526679796841877,82
CHEMBL2835_Ki,3,SVR,0.22193438908041185,82
CHEMBL2835_Ki,3,GBM,0.34356747104194074,82
CHEMBL2835_Ki,3,KNN,0.38511078407481736,82
CHEMBL2835_Ki,4,RF,0.5728961663455626,70
CHEMBL2835_Ki,4,SVR,0.481763878504568,70
CHEMBL2835_Ki,4,GBM,0.5092751373468918,70
CHEMBL2835_Ki,4,KNN,0.49140642252063516,70
CHEMBL2835_Ki,5,RF,0.2756985628017812,80
CHEMBL2835_Ki,5,SVR,0.21942118080598338,80
CHEMBL2835_Ki,5,GBM,0.26142410837129326,80
CHEMBL2835_Ki,5,KNN,0.20435348458971514,80
CHEMBL2835_Ki,6,RF,0.5576931017510063,77
CHEMBL2835_Ki,6,SVR,0.4742196835307469,77
CHEMBL2835_Ki,6,GBM,0.4667694156835428,77
CHEMBL2835_Ki,6,KNN,0.516851694134012,77
CHEMBL2835_Ki,7,RF,0.22484621713596165,81
CHEMBL2835_Ki,7,SVR,0.1774728034453512,81
CHEMBL2835_Ki,7,GBM,0.28941950392868177,81
CHEMBL2835_Ki,7,KNN,0.18409474555577077,81
CHEMBL2835_Ki,8,RF,0.2167552487203913,83
CHEMBL2835_Ki,8,SVR,0.16108777055597379,83
CHEMBL2835_Ki,8,GBM,0.15960246514732312,83
CHEMBL2835_Ki,8,KNN,0.25720081016946295,83
CHEMBL2835_Ki,9,RF,0.2879391769508822,79
CHEMBL2835_Ki,9,SVR,0.2664893004660381,79
CHEMBL2835_Ki,9,GBM,0.2717199786355875,79
CHEMBL2835_Ki,9,KNN,0.23694936111199483,79
CHEMBL2835_Ki,10,RF,0.09890281618088104,85
CHEMBL2835_Ki,10,SVR,0.0351855813296027,85
CHEMBL2835_Ki,10,GBM,0.06484354591566932,85
CHEMBL2835_Ki,10,KNN,0.14625321407639325,85
CHEMBL2835_Ki,11,RF,0.640413409644124,69
CHEMBL2835_Ki,11,SVR,0.6136572524855237,69
CHEMBL2835_Ki,11,GBM,0.5645536946514648,69
CHEMBL2835_Ki,11,KNN,0.5923559133697454,69
CHEMBL2835_Ki,12,RF,0.15689942676796964,80
CHEMBL2835_Ki,12,SVR,0.08291948259096449,80
CHEMBL2835_Ki,12,GBM,0.07159823387085784,80
CHEMBL2835_Ki,12,KNN,0.09891631609360885,80
CHEMBL2835_Ki,13,RF,0.1631893978116965,75
CHEMBL2835_Ki,13,SVR,0.04804019369903656,75
CHEMBL2835_Ki,13,GBM,0.1224715638330276,75
CHEMBL2835_Ki,13,KNN,0.11242753705236819,75
CHEMBL2835_Ki,14,RF,0.27137222099050606,84
CHEMBL2835_Ki,14,SVR,0.1370198462724781,84
CHEMBL2835_Ki,14,GBM,0.22976743991775817,84
CHEMBL2835_Ki,14,KNN,0.23911240461432526,84
CHEMBL2835_Ki,15,RF,-0.17765965302958686,74
CHEMBL2835_Ki,15,SVR,-0.08506695095915295,74
CHEMBL2835_Ki,15,GBM,-0.17299161993493783,74
CHEMBL2835_Ki,15,KNN,-0.13168939997889206,74
CHEMBL2835_Ki,16,RF,0.349540156617132,79
CHEMBL2835_Ki,16,SVR,0.2975719054155601,79
CHEMBL2835_Ki,16,GBM,0.31133947883559787,79
CHEMBL2835_Ki,16,KNN,0.34325120632205985,79
CHEMBL2835_Ki,17,RF,0.21840767000568717,76
CHEMBL2835_Ki,17,SVR,0.1778739239377094,76
CHEMBL2835_Ki,17,GBM,0.19835272926825964,76
CHEMBL2835_Ki,17,KNN,0.2876075803847536,76
CHEMBL2835_Ki,18,RF,0.3641540507820048,73
CHEMBL2835_Ki,18,SVR,0.3508226695923905,73
CHEMBL2835_Ki,18,GBM,0.4009792165851235,73
CHEMBL2835_Ki,18,KNN,0.31019890183724186,73
CHEMBL2835_Ki,19,RF,0.2222756013821583,75
CHEMBL2835_Ki,19,SVR,0.2658936945984247,75
CHEMBL2835_Ki,19,GBM,0.29294805068971275,75
CHEMBL2835_Ki,19,KNN,0.26985276684446047,75
CHEMBL287_Ki,0,RF,0.4499227666438972,119
CHEMBL287_Ki,0,SVR,0.4534720284318574,119
CHEMBL287_Ki,0,GBM,0.45113750182942836,119
CHEMBL287_Ki,0,KNN,0.5061995221530263,119
CHEMBL287_Ki,1,RF,0.39283155492730293,116
CHEMBL287_Ki,1,SVR,0.35309844643611976,116
CHEMBL287_Ki,1,GBM,0.35904834000921704,116
CHEMBL287_Ki,1,KNN,0.35621756986087394,116
CHEMBL287_Ki,2,RF,0.11461615570161499,106
CHEMBL287_Ki,2,SVR,0.0779347222704635,106
CHEMBL287_Ki,2,GBM,0.08300853036051337,106
CHEMBL287_Ki,2,KNN,0.11487131549912555,106
CHEMBL287_Ki,3,RF,0.22670055077285045,114
CHEMBL287_Ki,3,SVR,0.2638856841591438,114
CHEMBL287_Ki,3,GBM,0.23619238880006466,114
CHEMBL287_Ki,3,KNN,0.3344958897748158,114
CHEMBL287_Ki,4,RF,0.26314724396281397,124
CHEMBL287_Ki,4,SVR,0.25116585714088946,124
CHEMBL287_Ki,4,GBM,0.21814940171713015,124
CHEMBL287_Ki,4,KNN,0.3271284268618829,124
CHEMBL287_Ki,5,RF,0.16923893044267202,118
CHEMBL287_Ki,5,SVR,0.20068641168517432,118
CHEMBL287_Ki,5,GBM,0.17663743963848422,118
CHEMBL287_Ki,5,KNN,0.2062817289066654,118
CHEMBL287_Ki,6,RF,0.22841203707794633,105
CHEMBL287_Ki,6,SVR,0.2591049211824671,105
CHEMBL287_Ki,6,GBM,0.26915030833075937,105
CHEMBL287_Ki,6,KNN,0.2555050883913217,105
CHEMBL287_Ki,7,RF,0.2836521177832173,115
CHEMBL287_Ki,7,SVR,0.22592544617302956,115
CHEMBL287_Ki,7,GBM,0.2271525355988797,115
CHEMBL287_Ki,7,KNN,0.29280352397712206,115
CHEMBL287_Ki,8,RF,0.26023791084414727,119
CHEMBL287_Ki,8,SVR,0.21743947685226694,119
CHEMBL287_Ki,8,GBM,0.21959595969265122,119
CHEMBL287_Ki,8,KNN,0.19744531824700517,119
CHEMBL287_Ki,9,RF,0.18804512173536492,121
CHEMBL287_Ki,9,SVR,0.15117854382605755,121
CHEMBL287_Ki,9,GBM,0.18568314684804987,121
CHEMBL287_Ki,9,KNN,0.1819841696993605,121
CHEMBL287_Ki,10,RF,0.3252418618352866,126
CHEMBL287_Ki,10,SVR,0.3049807301764138,126
CHEMBL287_Ki,10,GBM,0.3188967188459527,126
CHEMBL287_Ki,10,KNN,0.2840916249796207,126
CHEMBL287_Ki,11,RF,0.4405625470654265,110
CHEMBL287_Ki,11,SVR,0.417314644122176,110
CHEMBL287_Ki,11,GBM,0.41323342555815845,110
CHEMBL287_Ki,11,KNN,0.4064393049364078,110
CHEMBL287_Ki,12,RF,0.36944877571474677,113
CHEMBL287_Ki,12,SVR,0.40200688006809004,113
CHEMBL287_Ki,12,GBM,0.3773145413164338,113
CHEMBL287_Ki,12,KNN,0.37987409429085617,113
CHEMBL287_Ki,13,RF,0.1933955236117757,108
CHEMBL287_Ki,13,SVR,0.13074159043010092,108
CHEMBL287_Ki,13,GBM,0.132311597001731,108
CHEMBL287_Ki,13,KNN,0.19191702160328927,108
CHEMBL287_Ki,14,RF,0.19923880612045364,120
CHEMBL287_Ki,14,SVR,0.21920545761384935,120
CHEMBL287_Ki,14,GBM,0.23873371655718678,120
CHEMBL287_Ki,14,KNN,0.22240796235176175,120
CHEMBL287_Ki,15,RF,-0.043475651345026844,110
CHEMBL287_Ki,15,SVR,-0.07371274533132666,110
CHEMBL287_Ki,15,GBM,-0.15339550098801347,110
CHEMBL287_Ki,15,KNN,-0.13085362721743665,110
CHEMBL287_Ki,16,RF,0.21910466167791565,117
CHEMBL287_Ki,16,SVR,0.21881046396223391,117
CHEMBL287_Ki,16,GBM,0.24103266386225997,117
CHEMBL287_Ki,16,KNN,0.2558769802571994,117
CHEMBL287_Ki,17,RF,0.28336924938826114,119
CHEMBL287_Ki,17,SVR,0.25494731781707003,119
CHEMBL287_Ki,17,GBM,0.2436412632627184,119
CHEMBL287_Ki,17,KNN,0.2742060481887919,119
CHEMBL287_Ki,18,RF,0.29555859524703876,102
CHEMBL287_Ki,18,SVR,0.29385550922040937,102
CHEMBL287_Ki,18,GBM,0.30297844706638355,102
CHEMBL287_Ki,18,KNN,0.3086663042319685,102
CHEMBL287_Ki,19,RF,0.23358360128980826,116
CHEMBL287_Ki,19,SVR,0.2133752875295455,116
CHEMBL287_Ki,19,GBM,0.2587448936549652,116
CHEMBL287_Ki,19,KNN,0.2512411327512719,116
CHEMBL2971_Ki,0,RF,0.2945007109929073,96
CHEMBL2971_Ki,0,SVR,0.22566170262714624,96
CHEMBL2971_Ki,0,GBM,0.3094291367566384,96
CHEMBL2971_Ki,0,KNN,0.34708243585925524,96
CHEMBL2971_Ki,1,RF,0.12540237231846385,96
CHEMBL2971_Ki,1,SVR,0.10710135561337364,96
CHEMBL2971_Ki,1,GBM,0.03467224473350372,96
CHEMBL2971_Ki,1,KNN,0.13506047778794372,96
CHEMBL2971_Ki,2,RF,0.17913583909747566,98
CHEMBL2971_Ki,2,SVR,0.13796510445479682,98
CHEMBL2971_Ki,2,GBM,0.11164777620426392,98
CHEMBL2971_Ki,2,KNN,0.16718622232688807,98
CHEMBL2971_Ki,3,RF,0.11846792543465268,98
CHEMBL2971_Ki,3,SVR,0.14087846012591698,98
CHEMBL2971_Ki,3,GBM,0.14432607291422073,98
CHEMBL2971_Ki,3,KNN,0.25555280590502527,98
CHEMBL2971_Ki,4,RF,0.16000718428132388,106
CHEMBL2971_Ki,4,SVR,0.15457109702491534,106
CHEMBL2971_Ki,4,GBM,0.13770014672464104,106
CHEMBL2971_Ki,4,KNN,0.18501447687996597,106
CHEMBL2971_Ki,5,RF,0.16377412969563154,94
CHEMBL2971_Ki,5,SVR,0.1757476955356999,94
CHEMBL2971_Ki,5,GBM,0.14344453894016174,94
CHEMBL2971_Ki,5,KNN,0.21260775068883753,94
CHEMBL2971_Ki,6,RF,0.0769410608219917,107
CHEMBL2971_Ki,6,SVR,0.06668571239444332,107
CHEMBL2971_Ki,6,GBM,0.05630775203233118,107
CHEMBL2971_Ki,6,KNN,0.08668830119819482,107
CHEMBL2971_Ki,7,RF,0.22428356746025613,94
CHEMBL2971_Ki,7,SVR,0.2542985198647678,94
CHEMBL2971_Ki,7,GBM,0.23279004926982216,94
CHEMBL2971_Ki,7,KNN,0.3459381958277583,94
CHEMBL2971_Ki,8,RF,-0.022836676334370365,100
CHEMBL2971_Ki,8,SVR,-0.10619022222350927,100
CHEMBL2971_Ki,8,GBM,0.023649135923840325,100
CHEMBL2971_Ki,8,KNN,0.022404685773915634,100
CHEMBL2971_Ki,9,RF,0.1982093650955472,95
CHEMBL2971_Ki,9,SVR,0.15927121295582836,95
CHEMBL2971_Ki,9,GBM,0.15303132528551755,95
CHEMBL2971_Ki,9,KNN,0.27158567411711243,95
CHEMBL2971_Ki,10,RF,0.13571003803882364,103
CHEMBL2971_Ki,10,SVR,0.12034242188681088,103
CHEMBL2971_Ki,10,GBM,0.06122426297602246,103
CHEMBL2971_Ki,10,KNN,0.2001114816752303,103
CHEMBL2971_Ki,11,RF,-0.22153858039670304,104
CHEMBL2971_Ki,11,SVR,-0.22580771451555826,104
CHEMBL2971_Ki,11,GBM,-0.23332096396008273,104
CHEMBL2971_Ki,11,KNN,-0.26394912314454555,104
CHEMBL2971_Ki,12,RF,-0.027719841244731813,107
CHEMBL2971_Ki,12,SVR,0.0007043885936990346,107
CHEMBL2971_Ki,12,GBM,-0.003833176120877746,107
CHEMBL2971_Ki,12,KNN,0.06380819050457365,107
CHEMBL2971_Ki,13,RF,-0.05962871399999248,97
CHEMBL2971_Ki,13,SVR,0.04498630885795285,97
CHEMBL2971_Ki,13,GBM,-0.019846989954222627,97
CHEMBL2971_Ki,13,KNN,0.04782644825118332,97
CHEMBL2971_Ki,14,RF,0.1573007924371077,100
CHEMBL2971_Ki,14,SVR,0.19190494152742765,100
CHEMBL2971_Ki,14,GBM,0.20673398225980177,100
CHEMBL2971_Ki,14,KNN,0.20398102277865238,100
CHEMBL2971_Ki,15,RF,-0.1990579815825818,97
CHEMBL2971_Ki,15,SVR,-0.1427204483199367,97
CHEMBL2971_Ki,15,GBM,-0.19666417743106301,97
CHEMBL2971_Ki,15,KNN,-0.08659668560638356,97
CHEMBL2971_Ki,16,RF,0.010054325542836362,104
CHEMBL2971_Ki,16,SVR,0.06905968674399221,104
CHEMBL2971_Ki,16,GBM,0.04440913655710654,104
CHEMBL2971_Ki,16,KNN,0.0784391458825664,104
CHEMBL2971_Ki,17,RF,0.10893393069618529,94
CHEMBL2971_Ki,17,SVR,0.15591331835707367,94
CHEMBL2971_Ki,17,GBM,0.1702646913738436,94
CHEMBL2971_Ki,17,KNN,0.2042144989324245,94
CHEMBL2971_Ki,18,RF,0.17283907336916915,96
CHEMBL2971_Ki,18,SVR,0.17542569121285478,96
CHEMBL2971_Ki,18,GBM,0.20029568068158898,96
CHEMBL2971_Ki,18,KNN,0.2868023701287139,96
CHEMBL2971_Ki,19,RF,0.1651209396327883,92
CHEMBL2971_Ki,19,SVR,0.10624564375973589,92
CHEMBL2971_Ki,19,GBM,0.15064777929894246,92
CHEMBL2971_Ki,19,KNN,0.22616400489632915,92
CHEMBL3979_EC50,0,RF,0.16388210131225267,92
CHEMBL3979_EC50,0,SVR,0.1335479632430695,92
CHEMBL3979_EC50,0,GBM,0.14419949361471252,92
CHEMBL3979_EC50,0,KNN,0.2072049708856818,92
CHEMBL3979_EC50,1,RF,0.1303230567409106,86
CHEMBL3979_EC50,1,SVR,0.16026870025214252,86
CHEMBL3979_EC50,1,GBM,0.1458710400151168,86
CHEMBL3979_EC50,1,KNN,0.1961651708699232,86
CHEMBL3979_EC50,2,RF,0.14773719171290922,89
CHEMBL3979_EC50,2,SVR,0.20335128699940275,89
CHEMBL3979_EC50,2,GBM,0.16472215342559604,89
CHEMBL3979_EC50,2,KNN,0.2504566274728637,89
CHEMBL3979_EC50,3,RF,0.21427998355313754,93
CHEMBL3979_EC50,3,SVR,0.17895982807712835,93
CHEMBL3979_EC50,3,GBM,0.18119789817421572,93
CHEMBL3979_EC50,3,KNN,0.24495596019750598,93
CHEMBL3979_EC50,4,RF,0.22992552143690204,98
CHEMBL3979_EC50,4,SVR,0.24387154390124655,98
CHEMBL3979_EC50,4,GBM,0.2849405142632279,98
CHEMBL3979_EC50,4,KNN,0.276325866988534,98
CHEMBL3979_EC50,5,RF,0.2528284569027027,87
CHEMBL3979_EC50,5,SVR,0.23706466128963555,87
CHEMBL3979_EC50,5,GBM,0.2262986544141513,87
CHEMBL3979_EC50,5,KNN,0.23969247244249892,87
CHEMBL3979_EC50,6,RF,0.21086470960395753,100
CHEMBL3979_EC50,6,SVR,0.2513967718073536,100
CHEMBL3979_EC50,6,GBM,0.23189384758970066,100
CHEMBL3979_EC50,6,KNN,0.33998177218515224,100
CHEMBL3979_EC50,7,RF,0.23096023637106616,83
CHEMBL3979_EC50,7,SVR,0.1635017144613538,83
CHEMBL3979_EC50,7,GBM,0.21557380004718013,83
CHEMBL3979_EC50,7,KNN,0.279604146136682,83
CHEMBL3979_EC50,8,RF,0.2846728186791122,86
CHEMBL3979_EC50,8,SVR,0.23855850935629175,86
CHEMBL3979_EC50,8,GBM,0.262941268911123,86
CHEMBL3979_EC50,8,KNN,0.2751701888885187,86
CHEMBL3979_EC50,9,RF,0.13177587107333477,94
CHEMBL3979_EC50,9,SVR,0.15591943004278952,94
CHEMBL3979_EC50,9,GBM,0.12998427548116664,94
CHEMBL3979_EC50,9,KNN,0.1437296827641148,94
CHEMBL3979_EC50,10,RF,0.21970678375512398,89
CHEMBL3979_EC50,10,SVR,0.18089028102934235,89
CHEMBL3979_EC50,10,GBM,0.15353007058007473,89
CHEMBL3979_EC50,10,KNN,0.18169450788676944,89
CHEMBL3979_EC50,11,RF,0.1984207155535156,93
CHEMBL3979_EC50,11,SVR,0.14932137999612627,93
CHEMBL3979_EC50,11,GBM,0.1809167369265895,93
CHEMBL3979_EC50,11,KNN,0.2310887885176588,93
CHEMBL3979_EC50,12,RF,0.23008603770029862,91
CHEMBL3979_EC50,12,SVR,0.2308644919038617,91
CHEMBL3979_EC50,12,GBM,0.1849340309875056,91
CHEMBL3979_EC50,12,KNN,0.27240284757055133,91
CHEMBL3979_EC50,13,RF,0.31760550942846166,98
CHEMBL3979_EC50,13,SVR,0.33450415035338954,98
CHEMBL3979_EC50,13,GBM,0.3394640932272579,98
CHEMBL3979_EC50,13,KNN,0.3498932059621234,98
CHEMBL3979_EC50,14,RF,0.21932465105281362,98
CHEMBL3979_EC50,14,SVR,0.21773994487792137,98
CHEMBL3979_EC50,14,GBM,0.18139621327266664,98
CHEMBL3979_EC50,14,KNN,0.2723306528556785,98
CHEMBL3979_EC50,15,RF,0.5180978089947186,77
CHEMBL3979_EC50,15,SVR,0.5174393996851379,77
CHEMBL3979_EC50,15,GBM,0.5172488609247503,77
CHEMBL3979_EC50,15,KNN,0.5904615885693867,77
CHEMBL3979_EC50,16,RF,0.22344234752855585,85
CHEMBL3979_EC50,16,SVR,0.28626645177859134,85
CHEMBL3979_EC50,16,GBM,0.2265816374765235,85
CHEMBL3979_EC50,16,KNN,0.33268866349951887,85
CHEMBL3979_EC50,17,RF,0.23943328528426033,97
CHEMBL3979_EC50,17,SVR,0.27364884370533604,97
CHEMBL3979_EC50,17,GBM,0.2853706052602738,97
CHEMBL3979_EC50,17,KNN,0.263608875896099,97
CHEMBL3979_EC50,18,RF,0.2519148975900935,87
CHEMBL3979_EC50,18,SVR,0.2132246440927345,87
CHEMBL3979_EC50,18,GBM,0.2357509433559436,87
CHEMBL3979_EC50,18,KNN,0.2865782887874281,87
CHEMBL3979_EC50,19,RF,0.19589797833840528,90
CHEMBL3979_EC50,19,SVR,0.1445083507404431,90
CHEMBL3979_EC50,19,GBM,0.18088897041202856,90
CHEMBL3979_EC50,19,KNN,0.20936358606893712,90
CHEMBL4005_Ki,0,RF,0.09979973114518681,117
CHEMBL4005_Ki,0,SVR,0.10200424419190746,117
CHEMBL4005_Ki,0,GBM,0.1648486156850658,117
CHEMBL4005_Ki,0,KNN,0.19340872377416107,117
CHEMBL4005_Ki,1,RF,0.31835347637292377,100
CHEMBL4005_Ki,1,SVR,0.29222153370372506,100
CHEMBL4005_Ki,1,GBM,0.26441366401355737,100
CHEMBL4005_Ki,1,KNN,0.3330676144074619,100
CHEMBL4005_Ki,2,RF,0.3873652740716981,102
CHEMBL4005_Ki,2,SVR,0.37039575384761736,102
CHEMBL4005_Ki,2,GBM,0.3859220139024282,102
CHEMBL4005_Ki,2,KNN,0.46582076353834123,102
CHEMBL4005_Ki,3,RF,0.3838891891765672,110
CHEMBL4005_Ki,3,SVR,0.365925078531139,110
CHEMBL4005_Ki,3,GBM,0.3724168646302305,110
CHEMBL4005_Ki,3,KNN,0.3400584332959836,110
CHEMBL4005_Ki,4,RF,0.1333413785990879,109
CHEMBL4005_Ki,4,SVR,0.1466582144623706,109
CHEMBL4005_Ki,4,GBM,0.14178910919767407,109
CHEMBL4005_Ki,4,KNN,0.1500191152005962,109
CHEMBL4005_Ki,5,RF,0.39602541753875187,100
CHEMBL4005_Ki,5,SVR,0.4216074496271486,100
CHEMBL4005_Ki,5,GBM,0.4041803642870594,100
CHEMBL4005_Ki,5,KNN,0.47013336989672627,100
CHEMBL4005_Ki,6,RF,0.3498803590501276,123
CHEMBL4005_Ki,6,SVR,0.3149176440108171,123
CHEMBL4005_Ki,6,GBM,0.32131791089814854,123
CHEMBL4005_Ki,6,KNN,0.34146905247090376,123
CHEMBL4005_Ki,7,RF,0.2807006540857572,111
CHEMBL4005_Ki,7,SVR,0.27530642237252867,111
CHEMBL4005_Ki,7,GBM,0.34378409805008336,111
CHEMBL4005_Ki,7,KNN,0.30306349664790666,111
CHEMBL4005_Ki,8,RF,0.1972388386198618,111
CHEMBL4005_Ki,8,SVR,0.2099743098104152,111
CHEMBL4005_Ki,8,GBM,0.20030630330113586,111
CHEMBL4005_Ki,8,KNN,0.13694881338687637,111
CHEMBL4005_Ki,9,RF,0.3195079729580558,107
CHEMBL4005_Ki,9,SVR,0.3037420019733953,107
CHEMBL4005_Ki,9,GBM,0.27282051489172465,107
CHEMBL4005_Ki,9,KNN,0.33317494476514087,107
CHEMBL4005_Ki,10,RF,0.5756715607662253,106
CHEMBL4005_Ki,10,SVR,0.5526642381133569,106
CHEMBL4005_Ki,10,GBM,0.5373738915398774,106
CHEMBL4005_Ki,10,KNN,0.5718875416829047,106
CHEMBL4005_Ki,11,RF,0.21903808321408624,122
CHEMBL4005_Ki,11,SVR,0.17588867686750032,122
CHEMBL4005_Ki,11,GBM,0.20849618623920219,122
CHEMBL4005_Ki,11,KNN,0.2417426366761437,122
CHEMBL4005_Ki,12,RF,0.2594295428091171,113
CHEMBL4005_Ki,12,SVR,0.22552567454650618,113
CHEMBL4005_Ki,12,GBM,0.21410853040602473,113
CHEMBL4005_Ki,12,KNN,0.23746445572333597,113
CHEMBL4005_Ki,13,RF,0.3246840465751579,113
CHEMBL4005_Ki,13,SVR,0.36342587424205397,113
CHEMBL4005_Ki,13,GBM,0.3347030671177036,113
CHEMBL4005_Ki,13,KNN,0.4564387770474576,113
CHEMBL4005_Ki,14,RF,0.20051475240146954,102
CHEMBL4005_Ki,14,SVR,0.25409914602394834,102
CHEMBL4005_Ki,14,GBM,0.2492754213486592,102
CHEMBL4005_Ki,14,KNN,0.30751718173873244,102
CHEMBL4005_Ki,15,RF,0.545840374672596,116
CHEMBL4005_Ki,15,SVR,0.524340197481331,116
CHEMBL4005_Ki,15,GBM,0.5400619751216569,116
CHEMBL4005_Ki,15,KNN,0.5676693808048761,116
CHEMBL4005_Ki,16,RF,0.5056433118555057,108
CHEMBL4005_Ki,16,SVR,0.5047442311651942,108
CHEMBL4005_Ki,16,GBM,0.4259826470112531,108
CHEMBL4005_Ki,16,KNN,0.5463498193341289,108
CHEMBL4005_Ki,17,RF,0.42852384940187815,117
CHEMBL4005_Ki,17,SVR,0.36810046522921536,117
CHEMBL4005_Ki,17,GBM,0.42884951687617745,117
CHEMBL4005_Ki,17,KNN,0.4413936507920706,117
CHEMBL4005_Ki,18,RF,0.3301108405326798,109
CHEMBL4005_Ki,18,SVR,0.32220143214904806,109
CHEMBL4005_Ki,18,GBM,0.31353337525398606,109
CHEMBL4005_Ki,18,KNN,0.4824425998234758,109
CHEMBL4005_Ki,19,RF,0.4711613741660521,105
CHEMBL4005_Ki,19,SVR,0.37469341816561097,105
CHEMBL4005_Ki,19,GBM,0.46675319096154255,105
CHEMBL4005_Ki,19,KNN,0.4625982915538691,105
CHEMBL4203_Ki,0,RF,-0.09997031981793614,32
CHEMBL4203_Ki,0,SVR,-0.11973803559151863,32
CHEMBL4203_Ki,0,GBM,-0.13683626872467047,32
CHEMBL4203_Ki,0,KNN,-0.18308668994269017,32
CHEMBL4203_Ki,1,RF,0.21215642300033077,28
CHEMBL4203_Ki,1,SVR,0.1854341215247809,28
CHEMBL4203_Ki,1,GBM,0.10682613078756631,28
CHEMBL4203_Ki,1,KNN,0.18199536693029028,28
CHEMBL4203_Ki,2,RF,0.35841435575475233,24
CHEMBL4203_Ki,2,SVR,0.3110576728364638,24
CHEMBL4203_Ki,2,GBM,0.33889279925736715,24
CHEMBL4203_Ki,2,KNN,0.3890797257074259,24
CHEMBL4203_Ki,3,RF,0.3311530201465044,31
CHEMBL4203_Ki,3,SVR,0.3163972352018891,31
CHEMBL4203_Ki,3,GBM,0.3341324881205765,31
CHEMBL4203_Ki,3,KNN,0.28885066994227526,31
CHEMBL4203_Ki,4,RF,0.7476093792257145,27
CHEMBL4203_Ki,4,SVR,0.7138526496769078,27
CHEMBL4203_Ki,4,GBM,0.7231849107366322,27
CHEMBL4203_Ki,4,KNN,0.7867949557137259,27
CHEMBL4203_Ki,5,RF,0.12143123574959247,25
CHEMBL4203_Ki,5,SVR,0.13640310618589813,25
CHEMBL4203_Ki,5,GBM,0.17584991518706283,25
CHEMBL4203_Ki,5,KNN,0.09267808150370138,25
CHEMBL4203_Ki,6,RF,0.1951015951472742,30
CHEMBL4203_Ki,6,SVR,0.2156183807326354,30
CHEMBL4203_Ki,6,GBM,0.2541012121889087,30
CHEMBL4203_Ki,6,KNN,0.2169548337131827,30
CHEMBL4203_Ki,7,RF,0.35138988961424356,19
CHEMBL4203_Ki,7,SVR,0.3445567411704088,19
CHEMBL4203_Ki,7,GBM,0.3998021006474709,19
CHEMBL4203_Ki,7,KNN,0.37955503254972667,19
CHEMBL4203_Ki,8,RF,0.4377606174733354,27
CHEMBL4203_Ki,8,SVR,0.3973300665734786,27
CHEMBL4203_Ki,8,GBM,0.38120139102526873,27
CHEMBL4203_Ki,8,KNN,0.2914436507015239,27
CHEMBL4203_Ki,9,RF,-0.0656802092329366,27
CHEMBL4203_Ki,9,SVR,-0.10553178243671035,27
CHEMBL4203_Ki,9,GBM,-0.12844984428489692,27
CHEMBL4203_Ki,9,KNN,-0.1322709590299742,27
CHEMBL4203_Ki,10,RF,0.09520089822842359,30
CHEMBL4203_Ki,10,SVR,0.09858759932665606,30
CHEMBL4203_Ki,10,GBM,0.10035803166306334,30
CHEMBL4203_Ki,10,KNN,0.06419648140874079,30
CHEMBL4203_Ki,11,RF,0.2008229226924213,27
CHEMBL4203_Ki,11,SVR,0.23055751757002219,27
CHEMBL4203_Ki,11,GBM,0.2654541124932599,27
CHEMBL4203_Ki,11,KNN,0.18703908753264908,27
CHEMBL4203_Ki,12,RF,-0.12328200595190719,28
CHEMBL4203_Ki,12,SVR,-0.08739464204974212,28
CHEMBL4203_Ki,12,GBM,-0.2071938572884433,28
CHEMBL4203_Ki,12,KNN,-0.2896853474455213,28
CHEMBL4203_Ki,13,RF,0.6006733663733523,24
CHEMBL4203_Ki,13,SVR,0.6207043708767049,24
CHEMBL4203_Ki,13,GBM,0.6104209205478773,24
CHEMBL4203_Ki,13,KNN,0.7072859268194078,24
CHEMBL4203_Ki,14,RF,0.22631073743029473,27
CHEMBL4203_Ki,14,SVR,0.27024937608968713,27
CHEMBL4203_Ki,14,GBM,0.17683689296751548,27
CHEMBL4203_Ki,14,KNN,0.1591096648665623,27
CHEMBL4203_Ki,15,RF,-0.021991029632853043,24
CHEMBL4203_Ki,15,SVR,-0.028239960271956743,24
CHEMBL4203_Ki,15,GBM,-0.010397581558361013,24
CHEMBL4203_Ki,15,KNN,-0.0800010123778333,24
CHEMBL4203_Ki,16,RF,0.04735445872108324,28
CHEMBL4203_Ki,16,SVR,-0.025972821348673514,28
CHEMBL4203_Ki,16,GBM,0.08414183764928063,28
CHEMBL4203_Ki,16,KNN,-0.08299867626177249,28
CHEMBL4203_Ki,17,RF,0.4313006400960684,20
CHEMBL4203_Ki,17,SVR,0.43488532922444645,20
CHEMBL4203_Ki,17,GBM,0.4286358132660322,20
CHEMBL4203_Ki,17,KNN,0.5134668549033903,20
CHEMBL4203_Ki,18,RF,0.21667392102097593,24
CHEMBL4203_Ki,18,SVR,0.15291390768373714,24
CHEMBL4203_Ki,18,GBM,0.15542462867534956,24
CHEMBL4203_Ki,18,KNN,0.23398418401076082,24
CHEMBL4203_Ki,19,RF,0.45858339431101847,25
CHEMBL4203_Ki,19,SVR,0.4224766195057953,25
CHEMBL4203_Ki,19,GBM,0.3899787410424693,25
CHEMBL4203_Ki,19,KNN,0.38189455190875776,25
CHEMBL4616_EC50,0,RF,0.2565427338916284,57
CHEMBL4616_EC50,0,SVR,0.21986182817801736,57
CHEMBL4616_EC50,0,GBM,0.1739735556995698,57
CHEMBL4616_EC50,0,KNN,0.21753850721166929,57
CHEMBL4616_EC50,1,RF,0.27805427802006694,67
CHEMBL4616_EC50,1,SVR,0.20540956509746833,67
CHEMBL4616_EC50,1,GBM,0.23406625405307813,67
CHEMBL4616_EC50,1,KNN,0.14645601344057757,67
CHEMBL4616_EC50,2,RF,0.3345196316003469,71
CHEMBL4616_EC50,2,SVR,0.3471478850568498,71
CHEMBL4616_EC50,2,GBM,0.3253378206758094,71
CHEMBL4616_EC50,2,KNN,0.3612261469079353,71
CHEMBL4616_EC50,3,RF,0.1512939787230505,71
CHEMBL4616_EC50,3,SVR,0.06666235974995782,71
CHEMBL4616_EC50,3,GBM,0.09566948368337114,71
CHEMBL4616_EC50,3,KNN,0.09738732504385383,71
CHEMBL4616_EC50,4,RF,0.3590990940935756,67
CHEMBL4616_EC50,4,SVR,0.3595162048941546,67
CHEMBL4616_EC50,4,GBM,0.3324216158621001,67
CHEMBL4616_EC50,4,KNN,0.42757305948751956,67
CHEMBL4616_EC50,5,RF,0.22198089362547052,62
CHEMBL4616_EC50,5,SVR,0.1499020545847154,62
CHEMBL4616_EC50,5,GBM,0.19855525374496447,62
CHEMBL4616_EC50,5,KNN,0.24435364769205126,62
CHEMBL4616_EC50,6,RF,0.2856168556663776,75
CHEMBL4616_EC50,6,SVR,0.2974425385144055,75
CHEMBL4616_EC50,6,GBM,0.28142614219382023,75
CHEMBL4616_EC50,6,KNN,0.2877876383602883,75
CHEMBL4616_EC50,7,RF,0.10381030005860115,71
CHEMBL4616_EC50,7,SVR,0.09409411175458171,71
CHEMBL4616_EC50,7,GBM,0.09933505167381274,71
CHEMBL4616_EC50,7,KNN,0.1268626113822151,71
CHEMBL4616_EC50,8,RF,0.21344527133879793,83
CHEMBL4616_EC50,8,SVR,0.19353626625040743,83
CHEMBL4616_EC50,8,GBM,0.19969416895184194,83
CHEMBL4616_EC50,8,KNN,0.20161003357373375,83
CHEMBL4616_EC50,9,RF,0.10948426873701844,75
CHEMBL4616_EC50,9,SVR,0.15331741161271412,75
CHEMBL4616_EC50,9,GBM,0.1909690050920178,75
CHEMBL4616_EC50,9,KNN,0.171818067858671,75
CHEMBL4616_EC50,10,RF,0.17968350165311092,69
CHEMBL4616_EC50,10,SVR,0.10405853329353942,69
CHEMBL4616_EC50,10,GBM,0.1585451182956763,69
CHEMBL4616_EC50,10,KNN,0.11722067228601352,69
CHEMBL4616_EC50,11,RF,0.23693507971512606,66
CHEMBL4616_EC50,11,SVR,0.1922193283589712,66
CHEMBL4616_EC50,11,GBM,0.21872307355245696,66
CHEMBL4616_EC50,11,KNN,0.27496582201745823,66
CHEMBL4616_EC50,12,RF,0.1997104428388652,72
CHEMBL4616_EC50,12,SVR,0.25579997005544475,72
CHEMBL4616_EC50,12,GBM,0.25374564906534225,72
CHEMBL4616_EC50,12,KNN,0.258040732365945,72
CHEMBL4616_EC50,13,RF,0.07825521940052732,72
CHEMBL4616_EC50,13,SVR,0.10067047588612321,72
CHEMBL4616_EC50,13,GBM,0.13713832473176585,72
CHEMBL4616_EC50,13,KNN,0.07777587876425118,72
CHEMBL4616_EC50,14,RF,0.07271114142450019,74
CHEMBL4616_EC50,14,SVR,0.02535905001896077,74
CHEMBL4616_EC50,14,GBM,0.08012750440679328,74
CHEMBL4616_EC50,14,KNN,0.11149567650015069,74
CHEMBL4616_EC50,15,RF,0.18387779101786283,76
CHEMBL4616_EC50,15,SVR,0.19005553065911973,76
CHEMBL4616_EC50,15,GBM,0.20269253599851822,76
CHEMBL4616_EC50,15,KNN,0.2881262839775823,76
CHEMBL4616_EC50,16,RF,0.287758928080121,74
CHEMBL4616_EC50,16,SVR,0.2682923429029225,74
CHEMBL4616_EC50,16,GBM,0.2780503782632908,74
CHEMBL4616_EC50,16,KNN,0.25660827191002633,74
CHEMBL4616_EC50,17,RF,0.22902375583683315,71
CHEMBL4616_EC50,17,SVR,0.21576785029566137,71
CHEMBL4616_EC50,17,GBM,0.20228287458750743,71
CHEMBL4616_EC50,17,KNN,0.22294780112701323,71
CHEMBL4616_EC50,18,RF,0.20515982998966287,70
CHEMBL4616_EC50,18,SVR,0.15965053777489902,70
CHEMBL4616_EC50,18,GBM,0.19457737794226926,70
CHEMBL4616_EC50,18,KNN,0.18904599105178965,70
CHEMBL4616_EC50,19,RF,0.2957788519939707,70
CHEMBL4616_EC50,19,SVR,0.2917820062227132,70
CHEMBL4616_EC50,19,GBM,0.26886616760757176,70
CHEMBL4616_EC50,19,KNN,0.30056835263755627,70
CHEMBL4792_Ki,0,RF,0.28507428112791044,187
CHEMBL4792_Ki,0,SVR,0.32457391867621377,187
CHEMBL4792_Ki,0,GBM,0.3275863060248885,187
CHEMBL4792_Ki,0,KNN,0.2915850022884152,187
CHEMBL4792_Ki,1,RF,0.1075478847857636,191
CHEMBL4792_Ki,1,SVR,0.15732140594888055,191
CHEMBL4792_Ki,1,GBM,0.12847579704823076,191
CHEMBL4792_Ki,1,KNN,0.19516455436287172,191
CHEMBL4792_Ki,2,RF,0.06342284964878886,180
CHEMBL4792_Ki,2,SVR,0.127471771834332,180
CHEMBL4792_Ki,2,GBM,0.037031365824445994,180
CHEMBL4792_Ki,2,KNN,0.1561545229329525,180
CHEMBL4792_Ki,3,RF,0.23898464544989162,198
CHEMBL4792_Ki,3,SVR,0.2714278132832755,198
CHEMBL4792_Ki,3,GBM,0.24668351742265826,198
CHEMBL4792_Ki,3,KNN,0.22712437210501135,198
CHEMBL4792_Ki,4,RF,0.18123019205842383,182
CHEMBL4792_Ki,4,SVR,0.2042515594608889,182
CHEMBL4792_Ki,4,GBM,0.1614922950789759,182
CHEMBL4792_Ki,4,KNN,0.2477071813042382,182
CHEMBL4792_Ki,5,RF,0.29417626235400984,199
CHEMBL4792_Ki,5,SVR,0.32602647082511405,199
CHEMBL4792_Ki,5,GBM,0.31596361997862177,199
CHEMBL4792_Ki,5,KNN,0.35851140766432044,199
CHEMBL4792_Ki,6,RF,0.24464933052511628,203
CHEMBL4792_Ki,6,SVR,0.26537268533587954,203
CHEMBL4792_Ki,6,GBM,0.30037984494961256,203
CHEMBL4792_Ki,6,KNN,0.2933040488692865,203
CHEMBL4792_Ki,7,RF,0.16279817944219588,198
CHEMBL4792_Ki,7,SVR,0.18961164455022017,198
CHEMBL4792_Ki,7,GBM,0.140373883857705,198
CHEMBL4792_Ki,7,KNN,0.17373045089860728,198
CHEMBL4792_Ki,8,RF,0.2349003423391688,191
CHEMBL4792_Ki,8,SVR,0.2550351762880231,191
CHEMBL4792_Ki,8,GBM,0.24829823432221076,191
CHEMBL4792_Ki,8,KNN,0.27837372883968237,191
CHEMBL4792_Ki,9,RF,0.3138319178997009,178
CHEMBL4792_Ki,9,SVR,0.3644961611438474,178
CHEMBL4792_Ki,9,GBM,0.3467107797393332,178
CHEMBL4792_Ki,9,KNN,0.3866625034831267,178
CHEMBL4792_Ki,10,RF,0.20174613233908678,177
CHEMBL4792_Ki,10,SVR,0.25107904449837926,177
CHEMBL4792_Ki,10,GBM,0.21867168406624726,177
CHEMBL4792_Ki,10,KNN,0.3115036186254586,177
CHEMBL4792_Ki,11,RF,0.2448623040674882,186
CHEMBL4792_Ki,11,SVR,0.28920779870047364,186
CHEMBL4792_Ki,11,GBM,0.272815920070835,186
CHEMBL4792_Ki,11,KNN,0.32998356184537336,186
CHEMBL4792_Ki,12,RF,0.3542325839114211,187
CHEMBL4792_Ki,12,SVR,0.36843494797597487,187
CHEMBL4792_Ki,12,GBM,0.3123273259467503,187
CHEMBL4792_Ki,12,KNN,0.3472523872326506,187
CHEMBL4792_Ki,13,RF,0.11379849038060541,196
CHEMBL4792_Ki,13,SVR,0.180937330718572,196
CHEMBL4792_Ki,13,GBM,0.1484695497750791,196
CHEMBL4792_Ki,13,KNN,0.18349199689911122,196
CHEMBL4792_Ki,14,RF,0.23147441485848408,181
CHEMBL4792_Ki,14,SVR,0.24556104918166077,181
CHEMBL4792_Ki,14,GBM,0.1974788566921295,181
CHEMBL4792_Ki,14,KNN,0.271968111179298,181
CHEMBL4792_Ki,15,RF,0.09206495787622371,196
CHEMBL4792_Ki,15,SVR,0.21103368144831025,196
CHEMBL4792_Ki,15,GBM,0.2020977985471536,196
CHEMBL4792_Ki,15,KNN,0.20429553648429444,196
CHEMBL4792_Ki,16,RF,0.45492714699468295,189
CHEMBL4792_Ki,16,SVR,0.49442692818514566,189
CHEMBL4792_Ki,16,GBM,0.48836866463505435,189
CHEMBL4792_Ki,16,KNN,0.49447444626253645,189
CHEMBL4792_Ki,17,RF,0.2634958961494279,188
CHEMBL4792_Ki,17,SVR,0.30923417913199636,188
CHEMBL4792_Ki,17,GBM,0.31590297062680883,188
CHEMBL4792_Ki,17,KNN,0.34118812795096054,188
CHEMBL4792_Ki,18,RF,-0.05882489488682874,186
CHEMBL4792_Ki,18,SVR,0.006940193810890394,186
CHEMBL4792_Ki,18,GBM,0.020692242711871978,186
CHEMBL4792_Ki,18,KNN,0.08552512036887616,186
CHEMBL4792_Ki,19,RF,0.30272914747953394,188
CHEMBL4792_Ki,19,SVR,0.37114118088236336,188
CHEMBL4792_Ki,19,GBM,0.307086061982896,188
CHEMBL4792_Ki,19,KNN,0.3029207551610765,188
