dataset,draw,model,gap,n_cliff_test
CHEMBL1862_Ki,0,RF,-0.021827134292112582,59
CHEMBL1862_Ki,0,SVR,-0.01729779075407356,59
CHEMBL1862_Ki,0,GBM,-0.05448349966852706,59
CHEMBL1862_Ki,0,KNN,-0.004880250318655577,59
CHEMBL1862_Ki,1,RF,0.03924124494452852,67
CHEMBL1862_Ki,1,SVR,0.0734860624995044,67
CHEMBL1862_Ki,1,GBM,0.06915104642467229,67
CHEMBL1862_Ki,1,KNN,0.05064535899213263,67
CHEMBL1862_Ki,2,RF,-0.00033001865259540963,60
CHEMBL1862_Ki,2,SVR,0.02089695608845321,60
CHEMBL1862_Ki,2,GBM,-0.009039252269112286,60
CHEMBL1862_Ki,2,KNN,0.026620333709567956,60
CHEMBL1862_Ki,3,RF,-0.014248845340418148,64
CHEMBL1862_Ki,3,SVR,0.06006659300825312,64
CHEMBL1862_Ki,3,GBM,-0.024463634542450263,64
CHEMBL1862_Ki,3,KNN,-0.007258625839772659,64
CHEMBL1862_Ki,4,RF,-0.1220907595053159,68
CHEMBL1862_Ki,4,SVR,-0.05359814783379879,68
CHEMBL1862_Ki,4,GBM,-0.10314573863436027,68
CHEMBL1862_Ki,4,KNN,0.07770269759907766,68
CHEMBL1862_Ki,5,RF,-0.1479541145301062,67
CHEMBL1862_Ki,5,SVR,-0.06523693192826752,67
CHEMBL1862_Ki,5,GBM,-0.08009763305506368,67
CHEMBL1862_Ki,5,KNN,0.13913366583178444,67
CHEMBL1862_Ki,6,RF,-0.09540083152202483,70
CHEMBL1862_Ki,6,SVR,-0.03596001897129253,70
CHEMBL1862_Ki,6,GBM,-0.03533964811032375,70
CHEMBL1862_Ki,6,KNN,-0.03781741121553461,70
CHEMBL1862_Ki,7,RF,-0.19651954516387726,73
CHEMBL1862_Ki,7,SVR,-0.09063623186030101,73
CHEMBL1862_Ki,7,GBM,-0.09434846802198471,73
CHEMBL1862_Ki,7,KNN,0.004156695242241049,73
CHEMBL1862_Ki,8,RF,-0.03185339966156209,68
CHEMBL1862_Ki,8,SVR,0.06503117886780307,68
CHEMBL1862_Ki,8,GBM,0.01574505263242565,68
CHEMBL1862_Ki,8,KNN,0.09307489060046703,68
CHEMBL1862_Ki,9,RF,-0.05351995049876379,62
CHEMBL1862_Ki,9,SVR,-0.04526361090731912,62
CHEMBL1862_Ki,9,GBM,-0.050312585069789084,62
CHEMBL1862_Ki,9,KNN,0.09336000223365493,62
CHEMBL1862_Ki,10,RF,-0.19755557765422127,66
CHEMBL1862_Ki,10,SVR,-0.15602607537516677,66
CHEMBL1862_Ki,10,GBM,-0.10299827523441085,66
CHEMBL1862_Ki,10,KNN,-0.11585887116001703,66
CHEMBL1862_Ki,11,RF,-0.016915809029477757,72
CHEMBL1862_Ki,11,SVR,0.050490293176750356,72
CHEMBL1862_Ki,11,GBM,-0.01723010765070576,72
CHEMBL1862_Ki,11,KNN,0.027242488366316375,72
CHEMBL1862_Ki,12,RF,-0.02612787252614701,62
CHEMBL1862_Ki,12,SVR,0.023438130394750845,62
CHEMBL1862_Ki,12,GBM,-0.045225411539826066,62
CHEMBL1862_Ki,12,KNN,0.08214039236052673,62
CHEMBL1862_Ki,13,RF,-0.039494425375583786,65
CHEMBL1862_Ki,13,SVR,-0.01722209524708518,65
CHEMBL1862_Ki,13,GBM,-0.04904563227234349,65
CHEMBL1862_Ki,13,KNN,0.08788493393037045,65
CHEMBL1862_Ki,14,RF,-0.07107212497250182,69
CHEMBL1862_Ki,14,SVR,-0.03734771541295234,69
CHEMBL1862_Ki,14,GBM,-0.03208954815896725,69
CHEMBL1862_Ki,14,KNN,0.027753250549827246,69
CHEMBL1862_Ki,15,RF,-0.1288843536279436,59
CHEMBL1862_Ki,15,SVR,-0.04698953087317248,59
CHEMBL1862_Ki,15,GBM,-0.0851405382433672,59
CHEMBL1862_Ki,15,KNN,-0.09224882179328175,59
CHEMBL1862_Ki,16,RF,-0.07922398642542672,73
CHEMBL1862_Ki,16,SVR,-0.005186114416665277,73
CHEMBL1862_Ki,16,GBM,0.014874971458730624,73
CHEMBL1862_Ki,16,KNN,-0.0070560744622983895,73
CHEMBL1862_Ki,17,RF,-0.03373294481727862,65
CHEMBL1862_Ki,17,SVR,-0.03598488258171484,65
CHEMBL1862_Ki,17,GBM,-0.05093610781575608,65
CHEMBL1862_Ki,17,KNN,0.07877078761485623,65
CHEMBL1862_Ki,18,RF,-0.1392343023941235,60
CHEMBL1862_Ki,18,SVR,-0.07945144717161545,60
CHEMBL1862_Ki,18,GBM,-0.050140066075603285,60
CHEMBL1862_Ki,18,KNN,-0.00400674786141908,60
CHEMBL1862_Ki,19,RF,-0.06089410704953535,71
CHEMBL1862_Ki,19,SVR,-0.03026825188050819,71
CHEMBL1862_Ki,19,GBM,-0.0005348061069730958,71
CHEMBL1862_Ki,19,KNN,0.03589554895217906,71
CHEMBL1871_Ki,0,RF,0.15081490582309798,40
CHEMBL1871_Ki,0,SVR,0.1461996870429837,40
CHEMBL1871_Ki,0,GBM,0.23125842976230448,40
CHEMBL1871_Ki,0,KNN,0.21088726826817328,40
CHEMBL1871_Ki,1,RF,0.393912408777165,49
CHEMBL1871_Ki,1,SVR,0.31883715221525394,49
CHEMBL1871_Ki,1,GBM,0.3370011851718624,49
CHEMBL1871_Ki,1,KNN,0.3663813456745992,49
CHEMBL1871_Ki,2,RF,0.17605946027353314,40
CHEMBL1871_Ki,2,SVR,0.16273671716305282,40
CHEMBL1871_Ki,2,GBM,0.13721787836981336,40
CHEMBL1871_Ki,2,KNN,0.1758797399574813,40
CHEMBL1871_Ki,3,RF,0.19650871543908843,40
CHEMBL1871_Ki,3,SVR,0.1746176392565374,40
CHEMBL1871_Ki,3,GBM,0.20099840038853012,40
CHEMBL1871_Ki,3,KNN,0.18887019434532704,40
CHEMBL1871_Ki,4,RF,0.3198148581827134,44
CHEMBL1871_Ki,4,SVR,0.2556881181485665,44
CHEMBL1871_Ki,4,GBM,0.2322808390642328,44
CHEMBL1871_Ki,4,KNN,0.2773992204916792,44
CHEMBL1871_Ki,5,RF,0.2608786979958192,39
CHEMBL1871_Ki,5,SVR,0.2942545721144506,39
CHEMBL1871_Ki,5,GBM,0.2629332546449017,39
CHEMBL1871_Ki,5,KNN,0.22975348865871548,39
CHEMBL1871_Ki,6,RF,0.2702004967886728,49
CHEMBL1871_Ki,6,SVR,0.17331589887991572,49
CHEMBL1871_Ki,6,GBM,0.24407659009723887,49
CHEMBL1871_Ki,6,KNN,0.2193518430316112,49
CHEMBL1871_Ki,7,RF,0.343909545511497,45
CHEMBL1871_Ki,7,SVR,0.34519006558759424,45
CHEMBL1871_Ki,7,GBM,0.3594825575269607,45
CHEMBL1871_Ki,7,KNN,0.398492590670413,45
CHEMBL1871_Ki,8,RF,0.1998739258430684,44
CHEMBL1871_Ki,8,SVR,0.1957666882358149,44
CHEMBL1871_Ki,8,GBM,0.19542682152149926,44
CHEMBL1871_Ki,8,KNN,0.20554696021675312,44
CHEMBL1871_Ki,9,RF,0.2948298085336011,48
CHEMBL1871_Ki,9,SVR,0.23133223465042363,48
CHEMBL1871_Ki,9,GBM,0.24791218951053917,48
CHEMBL1871_Ki,9,KNN,0.2699304763814508,48
CHEMBL1871_Ki,10,RF,0.10556128009939847,49
CHEMBL1871_Ki,10,SVR,0.11378051846156578,49
CHEMBL1871_Ki,10,GBM,0.15351524948585138,49
CHEMBL1871_Ki,10,KNN,0.15721233355131725,49
CHEMBL1871_Ki,11,RF,0.29122275118155294,46
CHEMBL1871_Ki,11,SVR,0.26899054001887035,46
CHEMBL1871_Ki,11,GBM,0.3370753853551737,46
CHEMBL1871_Ki,11,KNN,0.2723184440350051,46
CHEMBL1871_Ki,12,RF,0.244356255792483,35
CHEMBL1871_Ki,12,SVR,0.18730276916691724,35
CHEMBL1871_Ki,12,GBM,0.27503931710518403,35
CHEMBL1871_Ki,12,KNN,0.2558007825540006,35
CHEMBL1871_Ki,13,RF,0.41516386363297364,44
CHEMBL1871_Ki,13,SVR,0.3197968574119658,44
CHEMBL1871_Ki,13,GBM,0.39454854862118793,44
CHEMBL1871_Ki,13,KNN,0.35608908567606323,44
CHEMBL1871_Ki,14,RF,0.2833935277958398,41
CHEMBL1871_Ki,14,SVR,0.23201601451699216,41
CHEMBL1871_Ki,14,GBM,0.2545707239114243,41
CHEMBL1871_Ki,14,KNN,0.28341974323255026,41
CHEMBL1871_Ki,15,RF,0.16427863544640353,48
CHEMBL1871_Ki,15,SVR,0.16985318828912788,48
CHEMBL1871_Ki,15,GBM,0.21123635379506267,48
CHEMBL1871_Ki,15,KNN,0.2906702895359278,48
CHEMBL1871_Ki,16,RF,0.1784227705436472,44
CHEMBL1871_Ki,16,SVR,0.16755096046115026,44
CHEMBL1871_Ki,16,GBM,0.17657826045115177,44
CHEMBL1871_Ki,16,KNN,0.17782897904894246,44
CHEMBL1871_Ki,17,RF,0.1454738529561609,47
CHEMBL1871_Ki,17,SVR,0.10427488349736985,47
CHEMBL1871_Ki,17,GBM,0.16162131129289248,47
CHEMBL1871_Ki,17,KNN,0.20405636577081926,47
CHEMBL1871_Ki,18,RF,0.35037701360690204,40
CHEMBL1871_Ki,18,SVR,0.29988403164331096,40
CHEMBL1871_Ki,18,GBM,0.2519040400549063,40
CHEMBL1871_Ki,18,KNN,0.2512186760222647,40
CHEMBL1871_Ki,19,RF,0.27011522345771305,39
CHEMBL1871_Ki,19,SVR,0.30979326631844434,39
CHEMBL1871_Ki,19,GBM,0.30388212046006546,39
CHEMBL1871_Ki,19,KNN,0.27847273801583367,39
CHEMBL2034_Ki,0,RF,0.19585322306883957,75
CHEMBL2034_Ki,0,SVR,0.1782982935621764,75
CHEMBL2034_Ki,0,GBM,0.18899242308370284,75
CHEMBL2034_Ki,0,KNN,0.18130619480131555,75
CHEMBL2034_Ki,1,RF,0.171047941573377,64
CHEMBL2034_Ki,1,SVR,0.16330970855764637,64
CHEMBL2034_Ki,1,GBM,0.24338773491756505,64
CHEMBL2034_Ki,1,KNN,0.19945126544300862,64
CHEMBL2034_Ki,2,RF,0.13894286840191905,63
CHEMBL2034_Ki,2,SVR,0.10931331599196059,63
CHEMBL2034_Ki,2,GBM,0.15923410162333634,63
CHEMBL2034_Ki,2,KNN,0.14076349107782782,63
CHEMBL2034_Ki,3,RF,0.15960713904880697,58
CHEMBL2034_Ki,3,SVR,0.1746303364336027,58
CHEMBL2034_Ki,3,GBM,0.16217394772948102,58
CHEMBL2034_Ki,3,KNN,0.1500642603399639,58
CHEMBL2034_Ki,4,RF,0.11147247836115437,65
CHEMBL2034_Ki,4,SVR,0.13470048484006436,65
CHEMBL2034_Ki,4,GBM,0.14928559854831613,65
CHEMBL2034_Ki,4,KNN,0.13193701225644883,65
CHEMBL2034_Ki,5,RF,0.14467769140032094,62
CHEMBL2034_Ki,5,SVR,0.12261745274670305,62
CHEMBL2034_Ki,5,GBM,0.1301796156931273,62
CHEMBL2034_Ki,5,KNN,0.1674526987742776,62
CHEMBL2034_Ki,6,RF,0.10702368764177961,61
CHEMBL2034_Ki,6,SVR,0.1809561042840101,61
CHEMBL2034_Ki,6,GBM,0.10071653432958538,61
CHEMBL2034_Ki,6,KNN,0.1447707327197313,61
CHEMBL2034_Ki,7,RF,0.1767568227262204,61
CHEMBL2034_Ki,7,SVR,0.13139925882535375,61
CHEMBL2034_Ki,7,GBM,0.16479350874296522,61
CHEMBL2034_Ki,7,KNN,0.1654809129314762,61
CHEMBL2034_Ki,8,RF,0.19214581468131664,63
CHEMBL2034_Ki,8,SVR,0.17693153045954457,63
CHEMBL2034_Ki,8,GBM,0.16109519520992677,63
CHEMBL2034_Ki,8,KNN,0.21543302178774704,63
CHEMBL2034_Ki,9,RF,0.14496730418853743,49
CHEMBL2034_Ki,9,SVR,0.17681725622242528,49
CHEMBL2034_Ki,9,GBM,0.1580444982924717,49
CHEMBL2034_Ki,9,KNN,0.12941758686384047,49
CHEMBL2034_Ki,10,RF,0.13860177924555384,59
CHEMBL2034_Ki,10,SVR,0.16695641222050495,59
CHEMBL2034_Ki,10,GBM,0.10808584269850341,59
CHEMBL2034_Ki,10,KNN,0.14039462627797894,59
CHEMBL2034_Ki,11,RF,0.2062477201141647,67
CHEMBL2034_Ki,11,SVR,0.22162205244221833,67
CHEMBL2034_Ki,11,GBM,0.22333011354206544,67
CHEMBL2034_Ki,11,KNN,0.2747061978817186,67
CHEMBL2034_Ki,12,RF,0.18116940269652276,57
CHEMBL2034_Ki,12,SVR,0.22386666809186012,57
CHEMBL2034_Ki,12,GBM,0.23749620583739506,57
CHEMBL2034_Ki,12,KNN,0.1894564462990448,57
CHEMBL2034_Ki,13,RF,0.26286842062362625,63
CHEMBL2034_Ki,13,SVR,0.24707715187106555,63
CHEMBL2034_Ki,13,GBM,0.25890719882821156,63
CHEMBL2034_Ki,13,KNN,0.23998069491185364,63
CHEMBL2034_Ki,14,RF,0.15811313330518778,54
CHEMBL2034_Ki,14,SVR,0.1501109828330151,54
CHEMBL2034_Ki,14,GBM,0.17530157602610286,54
CHEMBL2034_Ki,14,KNN,0.10513301662657171,54
CHEMBL2034_Ki,15,RF,0.17160866245684325,65
CHEMBL2034_Ki,15,SVR,0.13398465660344083,65
CHEMBL2034_Ki,15,GBM,0.1672848593561994,65
CHEMBL2034_Ki,15,KNN,0.12630187589995856,65
CHEMBL2034_Ki,16,RF,0.10915759228346933,78
CHEMBL2034_Ki,16,SVR,0.08212098620770336,78
CHEMBL2034_Ki,16,GBM,0.10701746453673933,78
CHEMBL2034_Ki,16,KNN,0.1543783636143432,78
CHEMBL2034_Ki,17,RF,0.2345864525948479,66
CHEMBL2034_Ki,17,SVR,0.2036904862788982,66
CHEMBL2034_Ki,17,GBM,0.22414938690264463,66
CHEMBL2034_Ki,17,KNN,0.2321581885951725,66
CHEMBL2034_Ki,18,RF,0.23686678191498922,73
CHEMBL2034_Ki,18,SVR,0.21894252199526487,73
CHEMBL2034_Ki,18,GBM,0.22058697246042802,73
CHEMBL2034_Ki,18,KNN,0.29498883145443217,73
CHEMBL2034_Ki,19,RF,0.23199477812600378,68
CHEMBL2034_Ki,19,SVR,0.24324119592824733,68
CHEMBL2034_Ki,19,GBM,0.2159052654476994,68
CHEMBL2034_Ki,19,KNN,0.28184137633309336,68
CHEMBL2047_EC50,0,RF,0.16895897415019773,44
CHEMBL2047_EC50,0,SVR,0.1298530561665862,44
CHEMBL2047_EC50,0,GBM,0.10236028793683821,44
CHEMBL2047_EC50,0,KNN,0.13788271588570916,44
CHEMBL2047_EC50,1,RF,0.19904256763893308,47
CHEMBL2047_EC50,1,SVR,0.22028981839632888,47
CHEMBL2047_EC50,1,GBM,0.2033017486829914,47
CHEMBL2047_EC50,1,KNN,0.23041423426572671,47
CHEMBL2047_EC50,2,RF,0.12058657851159293,43
CHEMBL2047_EC50,2,SVR,0.15482735649388246,43
CHEMBL2047_EC50,2,GBM,0.128107484860023,43
CHEMBL2047_EC50,2,KNN,0.14048867723282243,43
CHEMBL2047_EC50,3,RF,0.1251586083955889,37
CHEMBL2047_EC50,3,SVR,0.17600809622029456,37
CHEMBL2047_EC50,3,GBM,0.15657359664148268,37
CHEMBL2047_EC50,3,KNN,0.20054368023730995,37
CHEMBL2047_EC50,4,RF,0.14941265620014038,36
CHEMBL2047_EC50,4,SVR,0.16908761853551169,36
CHEMBL2047_EC50,4,GBM,0.19028676202341666,36
CHEMBL2047_EC50,4,KNN,0.22472639980415338,36
CHEMBL2047_EC50,5,RF,0.1561650272894079,38
CHEMBL2047_EC50,5,SVR,0.13917129543091655,38
CHEMBL2047_EC50,5,GBM,0.07103236482607933,38
CHEMBL2047_EC50,5,KNN,0.143072981925977,38
CHEMBL2047_EC50,6,RF,0.19861736383790574,40
CHEMBL2047_EC50,6,SVR,0.1875557992314104,40
CHEMBL2047_EC50,6,GBM,0.1961176852068076,40
CHEMBL2047_EC50,6,KNN,0.257714786263937,40
CHEMBL2047_EC50,7,RF,0.021276956341779063,46
CHEMBL2047_EC50,7,SVR,0.07524347479988758,46
CHEMBL2047_EC50,7,GBM,0.03273669346248764,46
CHEMBL2047_EC50,7,KNN,0.08897635594650544,46
CHEMBL2047_EC50,8,RF,0.26817721183322424,45
CHEMBL2047_EC50,8,SVR,0.23006178286672124,45
CHEMBL2047_EC50,8,GBM,0.23703968960254646,45
CHEMBL2047_EC50,8,KNN,0.23710419928861737,45
CHEMBL2047_EC50,9,RF,0.14719374779198602,42
CHEMBL2047_EC50,9,SVR,0.1083849241367636,42
CHEMBL2047_EC50,9,GBM,0.17826003782262506,42
CHEMBL2047_EC50,9,KNN,0.18106208698009046,42
CHEMBL2047_EC50,10,RF,0.13579837269256229,47
CHEMBL2047_EC50,10,SVR,0.14076409327719347,47
CHEMBL2047_EC50,10,GBM,0.07012515876670533,47
CHEMBL2047_EC50,10,KNN,0.15988971611505282,47
CHEMBL2047_EC50,11,RF,0.1729246655749635,48
CHEMBL2047_EC50,11,SVR,0.17565735243014985,48
CHEMBL2047_EC50,11,GBM,0.21569742543910142,48
CHEMBL2047_EC50,11,KNN,0.1999867459767667,48
CHEMBL2047_EC50,12,RF,0.1451747709489547,46
CHEMBL2047_EC50,12,SVR,0.18685749233595744,46
CHEMBL2047_EC50,12,GBM,0.14979359055100094,46
CHEMBL2047_EC50,12,KNN,0.2371930292451752,46
CHEMBL2047_EC50,13,RF,0.09084756311668624,35
CHEMBL2047_EC50,13,SVR,0.14406882457306497,35
CHEMBL2047_EC50,13,GBM,0.09258405302122968,35
CHEMBL2047_EC50,13,KNN,0.18122521356900406,35
CHEMBL2047_EC50,14,RF,0.31247644886272075,46
CHEMBL2047_EC50,14,SVR,0.21358550592192022,46
CHEMBL2047_EC50,14,GBM,0.27620366650071443,46
CHEMBL2047_EC50,14,KNN,0.2265609202757251,46
CHEMBL2047_EC50,15,RF,0.061375152251892606,36
CHEMBL2047_EC50,15,SVR,0.09941410408031848,36
CHEMBL2047_EC50,15,GBM,0.12098562359306958,36
CHEMBL2047_EC50,15,KNN,0.08094952714887116,36
CHEMBL2047_EC50,16,RF,0.14550307615343683,48
CHEMBL2047_EC50,16,SVR,0.10774495885231833,48
CHEMBL2047_EC50,16,GBM,0.14328851119651181,48
CHEMBL2047_EC50,16,KNN,0.14231082375764903,48
CHEMBL2047_EC50,17,RF,0.18341078563499275,42
CHEMBL2047_EC50,17,SVR,0.21799383345191464,42
CHEMBL2047_EC50,17,GBM,0.20308637816567093,42
CHEMBL2047_EC50,17,KNN,0.2096237913585285,42
CHEMBL2047_EC50,18,RF,0.23102237919909552,47
CHEMBL2047_EC50,18,SVR,0.19632450821450143,47
CHEMBL2047_EC50,18,GBM,0.17024759956637975,47
CHEMBL2047_EC50,18,KNN,0.21796617851784122,47
CHEMBL2047_EC50,19,RF,0.15300576346864675,56
CHEMBL2047_EC50,19,SVR,0.12646350053285738,56
CHEMBL2047_EC50,19,GBM,0.09980238091372406,56
CHEMBL2047_EC50,19,KNN,0.12585178211022574,56
CHEMBL204_Ki,0,RF,0.10260136459967784,238
CHEMBL204_Ki,0,SVR,0.13650680889982814,238
CHEMBL204_Ki,0,GBM,0.12256070893529414,238
CHEMBL204_Ki,0,KNN,0.1661918914652687,238
CHEMBL204_Ki,1,RF,0.13045305239302873,242
CHEMBL204_Ki,1,SVR,0.14278529848880384,242
CHEMBL204_Ki,1,GBM,0.08445506104805278,242
CHEMBL204_Ki,1,KNN,0.17053859343416633,242
CHEMBL204_Ki,2,RF,0.15522731186466643,261
CHEMBL204_Ki,2,SVR,0.18284402724467852,261
CHEMBL204_Ki,2,GBM,0.14871471751423326,261
CHEMBL204_Ki,2,KNN,0.25231118267498953,261
CHEMBL204_Ki,3,RF,0.11532817306430287,240
CHEMBL204_Ki,3,SVR,0.1816955606340489,240
CHEMBL204_Ki,3,GBM,0.10100548530453024,240
CHEMBL204_Ki,3,KNN,0.18310538638542861,240
CHEMBL204_Ki,4,RF,0.12958626100091142,252
CHEMBL204_Ki,4,SVR,0.13473863088793603,252
CHEMBL204_Ki,4,GBM,0.09398740780151316,252
CHEMBL204_Ki,4,KNN,0.16828704399069705,252
CHEMBL204_Ki,5,RF,0.1342424926536372,238
CHEMBL204_Ki,5,SVR,0.2095182104568768,238
CHEMBL204_Ki,5,GBM,0.1522169432319357,238
CHEMBL204_Ki,5,KNN,0.19360573274927373,238
CHEMBL204_Ki,6,RF,0.15456784458922046,258
CHEMBL204_Ki,6,SVR,0.1855925482206121,258
CHEMBL204_Ki,6,GBM,0.15460055225981573,258
CHEMBL204_Ki,6,KNN,0.17670434259740442,258
CHEMBL204_Ki,7,RF,0.23641894235930716,243
CHEMBL204_Ki,7,SVR,0.2800816860782238,243
CHEMBL204_Ki,7,GBM,0.22985898014410677,243
CHEMBL204_Ki,7,KNN,0.28175275389341453,243
CHEMBL204_Ki,8,RF,0.16803395210014593,256
CHEMBL204_Ki,8,SVR,0.1784320127215887,256
CHEMBL204_Ki,8,GBM,0.1337582291836713,256
CHEMBL204_Ki,8,KNN,0.15332415884613393,256
CHEMBL204_Ki,9,RF,0.1508951650930257,251
CHEMBL204_Ki,9,SVR,0.18643866421696043,251
CHEMBL204_Ki,9,GBM,0.1314971029822083,251
CHEMBL204_Ki,9,KNN,0.14845842168384027,251
CHEMBL204_Ki,10,RF,0.11758341826650753,251
CHEMBL204_Ki,10,SVR,0.11435804974056796,251
CHEMBL204_Ki,10,GBM,0.07379202640799454,251
CHEMBL204_Ki,10,KNN,0.13450467068859262,251
CHEMBL204_Ki,11,RF,0.10419787348689136,236
CHEMBL204_Ki,11,SVR,0.12641323732606202,236
CHEMBL204_Ki,11,GBM,0.10017170863207125,236
CHEMBL204_Ki,11,KNN,0.183057815597798,236
CHEMBL204_Ki,12,RF,0.1838968783664462,248
CHEMBL204_Ki,12,SVR,0.2111278833297192,248
CHEMBL204_Ki,12,GBM,0.19234166586713175,248
CHEMBL204_Ki,12,KNN,0.2772945566764731,248
CHEMBL204_Ki,13,RF,0.1308362819883453,243
CHEMBL204_Ki,13,SVR,0.14074928950976573,243
CHEMBL204_Ki,13,GBM,0.12658119650927913,243
CHEMBL204_Ki,13,KNN,0.1868256737614613,243
CHEMBL204_Ki,14,RF,0.19059674591264175,258
CHEMBL204_Ki,14,SVR,0.1621997903666852,258
CHEMBL204_Ki,14,GBM,0.14422241264619529,258
CHEMBL204_Ki,14,KNN,0.1859824092027682,258
CHEMBL204_Ki,15,RF,0.2252116385323908,243
CHEMBL204_Ki,15,SVR,0.21890689010317743,243
CHEMBL204_Ki,15,GBM,0.1618978050185208,243
CHEMBL204_Ki,15,KNN,0.2359861123227307,243
CHEMBL204_Ki,16,RF,0.18842070210243622,245
CHEMBL204_Ki,16,SVR,0.17374749251686428,245
CHEMBL204_Ki,16,GBM,0.15012777709674086,245
CHEMBL204_Ki,16,KNN,0.17320698681105196,245
CHEMBL204_Ki,17,RF,0.15031290864968117,232
CHEMBL204_Ki,17,SVR,0.1702321712229935,232
CHEMBL204_Ki,17,GBM,0.13772096177550386,232
CHEMBL204_Ki,17,KNN,0.20996543505911125,232
CHEMBL204_Ki,18,RF,0.14668805438838617,235
CHEMBL204_Ki,18,SVR,0.17625704761847216,235
CHEMBL204_Ki,18,GBM,0.15542297958989904,235
CHEMBL204_Ki,18,KNN,0.22311697442054346,235
CHEMBL204_Ki,19,RF,0.13026657843832445,260
CHEMBL204_Ki,19,SVR,0.13197418381499448,260
CHEMBL204_Ki,19,GBM,0.09770953825032758,260
CHEMBL204_Ki,19,KNN,0.19564510747607877,260
CHEMBL2147_Ki,0,RF,-0.0019933669789592434,138
CHEMBL2147_Ki,0,SVR,-0.011935027805118459,138
CHEMBL2147_Ki,0,GBM,-0.0074201922537516785,138
CHEMBL2147_Ki,0,KNN,-0.051907456794030526,138
CHEMBL2147_Ki,1,RF,0.1842230231518731,130
CHEMBL2147_Ki,1,SVR,0.12854376724114858,130
CHEMBL2147_Ki,1,GBM,0.1272595509063399,130
CHEMBL2147_Ki,1,KNN,0.021250196773388796,130
CHEMBL2147_Ki,2,RF,0.04732756452661968,124
CHEMBL2147_Ki,2,SVR,0.043600412539735345,124
CHEMBL2147_Ki,2,GBM,0.06035179685597025,124
CHEMBL2147_Ki,2,KNN,0.12004928528082859,124
CHEMBL2147_Ki,3,RF,0.076531280072756,126
CHEMBL2147_Ki,3,SVR,0.054082718034316635,126
CHEMBL2147_Ki,3,GBM,0.06288392274739607,126
CHEMBL2147_Ki,3,KNN,-0.043900719613178096,126
CHEMBL2147_Ki,4,RF,0.047709715232887806,134
CHEMBL2147_Ki,4,SVR,0.037452715670087455,134
CHEMBL2147_Ki,4,GBM,0.06813266582719146,134
CHEMBL2147_Ki,4,KNN,0.09023759728265435,134
CHEMBL2147_Ki,5,RF,-0.007473315560936555,131
CHEMBL2147_Ki,5,SVR,-0.09831224566123242,131
CHEMBL2147_Ki,5,GBM,-0.015231510035615403,131
CHEMBL2147_Ki,5,KNN,-0.03646608511822136,131
CHEMBL2147_Ki,6,RF,0.044540334664584735,138
CHEMBL2147_Ki,6,SVR,0.0443604522821468,138
CHEMBL2147_Ki,6,GBM,-0.02866816258412741,138
CHEMBL2147_Ki,6,KNN,0.04525754552228922,138
CHEMBL2147_Ki,7,RF,-0.017240494779622195,136
CHEMBL2147_Ki,7,SVR,-0.038536993441534495,136
CHEMBL2147_Ki,7,GBM,-0.06206890490491568,136
CHEMBL2147_Ki,7,KNN,-0.01936576678079882,136
CHEMBL2147_Ki,8,RF,-0.08988421468099062,137
CHEMBL2147_Ki,8,SVR,-0.09059368023713377,137
CHEMBL2147_Ki,8,GBM,-0.130528631956367,137
CHEMBL2147_Ki,8,KNN,-0.054773373028649264,137
CHEMBL2147_Ki,9,RF,0.05545642431549591,125
CHEMBL2147_Ki,9,SVR,0.0561768169220086,125
CHEMBL2147_Ki,9,GBM,0.05784273454722211,125
CHEMBL2147_Ki,9,KNN,0.13973642873489345,125
CHEMBL2147_Ki,10,RF,0.12545529302282032,133
CHEMBL2147_Ki,10,SVR,-0.041096070161868004,133
CHEMBL2147_Ki,10,GBM,0.04957982676381323,133
CHEMBL2147_Ki,10,KNN,0.056969455319304085,133
CHEMBL2147_Ki,11,RF,0.10463886496792807,129
CHEMBL2147_Ki,11,SVR,0.04251754062385249,129
CHEMBL2147_Ki,11,GBM,0.07355553198332387,129
CHEMBL2147_Ki,11,KNN,-0.015455292340143867,129
CHEMBL2147_Ki,12,RF,0.06788783261858311,133
CHEMBL2147_Ki,12,SVR,0.021275415605039982,133
CHEMBL2147_Ki,12,GBM,0.0819999866293949,133
CHEMBL2147_Ki,12,KNN,0.02989232269340414,133
CHEMBL2147_Ki,13,RF,0.04810630525908799,132
CHEMBL2147_Ki,13,SVR,0.061546522072927545,132
CHEMBL2147_Ki,13,GBM,0.005874405126887305,132
CHEMBL2147_Ki,13,KNN,-0.054523179108387554,132
CHEMBL2147_Ki,14,RF,0.11104691206764417,119
CHEMBL2147_Ki,14,SVR,0.046711906608287945,119
CHEMBL2147_Ki,14,GBM,0.09069847362032335,119
CHEMBL2147_Ki,14,KNN,0.11654154692648955,119
CHEMBL2147_Ki,15,RF,0.038414386564652236,132
CHEMBL2147_Ki,15,SVR,0.060457086545100625,132
CHEMBL2147_Ki,15,GBM,0.0793153541985886,132
CHEMBL2147_Ki,15,KNN,-0.018597232440367262,132
CHEMBL2147_Ki,16,RF,0.06031962198796659,135
CHEMBL2147_Ki,16,SVR,0.056690641028995126,135
CHEMBL2147_Ki,16,GBM,0.021111232305406236,135
CHEMBL2147_Ki,16,KNN,0.052885671236161835,135
CHEMBL2147_Ki,17,RF,0.13903998716894228,129
CHEMBL2147_Ki,17,SVR,0.10648444084210429,129
CHEMBL2147_Ki,17,GBM,0.10822975954946645,129
CHEMBL2147_Ki,17,KNN,0.13713809324209003,129
CHEMBL2147_Ki,18,RF,0.09144377439381812,129
CHEMBL2147_Ki,18,SVR,0.004562592251975417,129
CHEMBL2147_Ki,18,GBM,0.02776447070860444,129
CHEMBL2147_Ki,18,KNN,0.07112980090937926,129
CHEMBL2147_Ki,19,RF,0.12344791176499348,142
CHEMBL2147_Ki,19,SVR,0.13865524875031165,142
CHEMBL2147_Ki,19,GBM,0.11120637474340855,142
CHEMBL2147_Ki,19,KNN,0.07569957662973581,142
CHEMBL214_Ki,0,RF,0.1758587055369667,294
CHEMBL214_Ki,0,SVR,0.13702456791773143,294
CHEMBL214_Ki,0,GBM,0.131505507948255,294
CHEMBL214_Ki,0,KNN,0.17450201117442699,294
CHEMBL214_Ki,1,RF,0.1672231993340667,287
CHEMBL214_Ki,1,SVR,0.15337133620593768,287
CHEMBL214_Ki,1,GBM,0.15127079026453116,287
CHEMBL214_Ki,1,KNN,0.2027490009680183,287
CHEMBL214_Ki,2,RF,0.17030093076395247,281
CHEMBL214_Ki,2,SVR,0.1400071056481892,281
CHEMBL214_Ki,2,GBM,0.12807050430617606,281
CHEMBL214_Ki,2,KNN,0.19331635883754195,281
CHEMBL214_Ki,3,RF,0.1535269839600757,294
CHEMBL214_Ki,3,SVR,0.13301491990846304,294
CHEMBL214_Ki,3,GBM,0.12033875553746909,294
CHEMBL214_Ki,3,KNN,0.20291869343044677,294
CHEMBL214_Ki,4,RF,0.18454094049489733,287
CHEMBL214_Ki,4,SVR,0.18850009651388755,287
CHEMBL214_Ki,4,GBM,0.18268162723123593,287
CHEMBL214_Ki,4,KNN,0.23577046555681713,287
CHEMBL214_Ki,5,RF,0.18951862502708172,287
CHEMBL214_Ki,5,SVR,0.1762150256203987,287
CHEMBL214_Ki,5,GBM,0.19077988943367352,287
CHEMBL214_Ki,5,KNN,0.20904772874309796,287
CHEMBL214_Ki,6,RF,0.1712914741456394,278
CHEMBL214_Ki,6,SVR,0.18942337643461948,278
CHEMBL214_Ki,6,GBM,0.1599599440049514,278
CHEMBL214_Ki,6,KNN,0.24135750215561735,278
CHEMBL214_Ki,7,RF,0.24818548112170413,286
CHEMBL214_Ki,7,SVR,0.230024206932674,286
CHEMBL214_Ki,7,GBM,0.23426117359671716,286
CHEMBL214_Ki,7,KNN,0.25084160146643375,286
CHEMBL214_Ki,8,RF,0.17402268734892534,278
CHEMBL214_Ki,8,SVR,0.15349812943137808,278
CHEMBL214_Ki,8,GBM,0.18202442891689674,278
CHEMBL214_Ki,8,KNN,0.2045312998206883,278
CHEMBL214_Ki,9,RF,0.16297556935441793,289
CHEMBL214_Ki,9,SVR,0.18388787296631937,289
CHEMBL214_Ki,9,GBM,0.14904381387942056,289
CHEMBL214_Ki,9,KNN,0.2024034301207175,289
CHEMBL214_Ki,10,RF,0.22831707362109,283
CHEMBL214_Ki,10,SVR,0.18944200816859702,283
CHEMBL214_Ki,10,GBM,0.21305463851204876,283
CHEMBL214_Ki,10,KNN,0.24727524579707288,283
CHEMBL214_Ki,11,RF,0.15580440737364987,286
CHEMBL214_Ki,11,SVR,0.14168310259630823,286
CHEMBL214_Ki,11,GBM,0.12604960116790154,286
CHEMBL214_Ki,11,KNN,0.16908945475006543,286
CHEMBL214_Ki,12,RF,0.20705856924244537,263
CHEMBL214_Ki,12,SVR,0.19463948511168472,263
CHEMBL214_Ki,12,GBM,0.19523897578782134,263
CHEMBL214_Ki,12,KNN,0.20113473142766825,263
CHEMBL214_Ki,13,RF,0.16830067989069997,287
CHEMBL214_Ki,13,SVR,0.15101551930195556,287
CHEMBL214_Ki,13,GBM,0.15730260741061064,287
CHEMBL214_Ki,13,KNN,0.19625833452280794,287
CHEMBL214_Ki,14,RF,0.2143734494098326,264
CHEMBL214_Ki,14,SVR,0.20372155464704345,264
CHEMBL214_Ki,14,GBM,0.1922712712293856,264
CHEMBL214_Ki,14,KNN,0.2136096718077639,264
CHEMBL214_Ki,15,RF,0.26296770260513613,283
CHEMBL214_Ki,15,SVR,0.23640359945790468,283
CHEMBL214_Ki,15,GBM,0.24440224890802253,283
CHEMBL214_Ki,15,KNN,0.23571229175322506,283
CHEMBL214_Ki,16,RF,0.2027296899899046,284
CHEMBL214_Ki,16,SVR,0.17868203613553024,284
CHEMBL214_Ki,16,GBM,0.1980444063657143,284
CHEMBL214_Ki,16,KNN,0.19971130525524572,284
CHEMBL214_Ki,17,RF,0.16962745604065543,278
CHEMBL214_Ki,17,SVR,0.17288545865423888,278
CHEMBL214_Ki,17,GBM,0.1598743274346326,278
CHEMBL214_Ki,17,KNN,0.20572705835189575,278
CHEMBL214_Ki,18,RF,0.20644247412675942,285
CHEMBL214_Ki,18,SVR,0.1853379559831928,285
CHEMBL214_Ki,18,GBM,0.18785460924609343,285
CHEMBL214_Ki,18,KNN,0.24583712639741306,285
CHEMBL214_Ki,19,RF,0.20234440054389102,287
CHEMBL214_Ki,19,SVR,0.1981670714766134,287
CHEMBL214_Ki,19,GBM,0.17164844008651103,287
CHEMBL214_Ki,19,KNN,0.18140382272052724,287
CHEMBL218_EC50,0,RF,0.13476164677696806,38
CHEMBL218_EC50,0,SVR,0.16400882267298578,38
CHEMBL218_EC50,0,GBM,0.1666175737405166,38
CHEMBL218_EC50,0,KNN,0.1635180312913514,38
CHEMBL218_EC50,1,RF,0.2876473610553406,48
CHEMBL218_EC50,1,SVR,0.29318210281452534,48
CHEMBL218_EC50,1,GBM,0.30918906916626393,48
CHEMBL218_EC50,1,KNN,0.2973972710984204,48
CHEMBL218_EC50,2,RF,0.1551474034980268,47
CHEMBL218_EC50,2,SVR,0.18024471309779755,47
CHEMBL218_EC50,2,GBM,0.122289542023574,47
CHEMBL218_EC50,2,KNN,0.15064223022284529,47
CHEMBL218_EC50,3,RF,0.15095858776398335,47
CHEMBL218_EC50,3,SVR,0.24100471290394504,47
CHEMBL218_EC50,3,GBM,0.17963234365389746,47
CHEMBL218_EC50,3,KNN,0.20799926192453944,47
CHEMBL218_EC50,4,RF,0.20883829906958218,53
CHEMBL218_EC50,4,SVR,0.2155055942341889,53
CHEMBL218_EC50,4,GBM,0.22406808970236208,53
CHEMBL218_EC50,4,KNN,0.23602690731822024,53
CHEMBL218_EC50,5,RF,0.23673010697344077,48
CHEMBL218_EC50,5,SVR,0.2517371744225996,48
CHEMBL218_EC50,5,GBM,0.23696087230303436,48
CHEMBL218_EC50,5,KNN,0.29441490586919705,48
CHEMBL218_EC50,6,RF,0.10824864131999484,53
CHEMBL218_EC50,6,SVR,0.13266520840004098,53
CHEMBL218_EC50,6,GBM,0.13671931795185732,53
CHEMBL218_EC50,6,KNN,0.13914179711241964,53
CHEMBL218_EC50,7,RF,0.18017659743745157,59
CHEMBL218_EC50,7,SVR,0.1944203972007263,59
CHEMBL218_EC50,7,GBM,0.19283816071147153,59
CHEMBL218_EC50,7,KNN,0.24159380787752566,59
CHEMBL218_EC50,8,RF,0.15730504878816054,51
CHEMBL218_EC50,8,SVR,0.163017471236385,51
CHEMBL218_EC50,8,GBM,0.15217597794499327,51
CHEMBL218_EC50,8,KNN,0.16364058200717996,51
CHEMBL218_EC50,9,RF,0.20867610516709145,39
CHEMBL218_EC50,9,SVR,0.219397002330808,39
CHEMBL218_EC50,9,GBM,0.24549547332333904,39
CHEMBL218_EC50,9,KNN,0.26540395472441186,39
CHEMBL218_EC50,10,RF,0.17016542603832896,43
CHEMBL218_EC50,10,SVR,0.2004081498759684,43
CHEMBL218_EC50,10,GBM,0.1538020980394712,43
CHEMBL218_EC50,10,KNN,0.21448053308435627,43
CHEMBL218_EC50,11,RF,0.23507949839524356,56
CHEMBL218_EC50,11,SVR,0.25025764992625926,56
CHEMBL218_EC50,11,GBM,0.22682045516951693,56
CHEMBL218_EC50,11,KNN,0.27043024592670667,56
CHEMBL218_EC50,12,RF,0.1923763274312963,35
CHEMBL218_EC50,12,SVR,0.17123411682188927,35
CHEMBL218_EC50,12,GBM,0.17960652204651473,35
CHEMBL218_EC50,12,KNN,0.2503659978087919,35
CHEMBL218_EC50,13,RF,0.23530991783373945,50
CHEMBL218_EC50,13,SVR,0.25657601042644335,50
CHEMBL218_EC50,13,GBM,0.21115113007741415,50
CHEMBL218_EC50,13,KNN,0.27408856379364455,50
CHEMBL218_EC50,14,RF,0.21359721418358452,48
CHEMBL218_EC50,14,SVR,0.2312012119645383,48
CHEMBL218_EC50,14,GBM,0.2412410438611836,48
CHEMBL218_EC50,14,KNN,0.24613721309110959,48
CHEMBL218_EC50,15,RF,0.0844361906433464,50
CHEMBL218_EC50,15,SVR,0.11433328013904209,50
CHEMBL218_EC50,15,GBM,0.11368761724459475,50
CHEMBL218_EC50,15,KNN,0.18551330075261568,50
CHEMBL218_EC50,16,RF,0.12198554041619086,53
CHEMBL218_EC50,16,SVR,0.1396486895827755,53
CHEMBL218_EC50,16,GBM,0.11385153756443683,53
CHEMBL218_EC50,16,KNN,0.1890020426315981,53
CHEMBL218_EC50,17,RF,0.20588901971941542,44
CHEMBL218_EC50,17,SVR,0.22423039999911176,44
CHEMBL218_EC50,17,GBM,0.2212696747687493,44
CHEMBL218_EC50,17,KNN,0.25229391428211567,44
CHEMBL218_EC50,18,RF,0.18691861085200084,46
CHEMBL218_EC50,18,SVR,0.23257545209261926,46
CHEMBL218_EC50,18,GBM,0.2175767238301658,46
CHEMBL218_EC50,18,KNN,0.2741690819355961,46
CHEMBL218_EC50,19,RF,0.1619014968166238,43
CHEMBL218_EC50,19,SVR,0.1910418008776485,43
CHEMBL218_EC50,19,GBM,0.1672390521442889,43
CHEMBL218_EC50,19,KNN,0.13235439381264796,43
CHEMBL219_Ki,0,RF,0.21518361491745408,163
CHEMBL219_Ki,0,SVR,0.2022402181158185,163
CHEMBL219_Ki,0,GBM,0.2091780462507481,163
CHEMBL219_Ki,0,KNN,0.17667070604016188,163
CHEMBL219_Ki,1,RF,0.17864782018526904,159
CHEMBL219_Ki,1,SVR,0.15534799700369462,159
CHEMBL219_Ki,1,GBM,0.14803525415234842,159
CHEMBL219_Ki,1,KNN,0.1885267310747747,159
CHEMBL219_Ki,2,RF,0.1552808645753383,169
CHEMBL219_Ki,2,SVR,0.14943959732982637,169
CHEMBL219_Ki,2,GBM,0.1324143972084244,169
CHEMBL219_Ki,2,KNN,0.19378357454039719,169
CHEMBL219_Ki,3,RF,0.18710573919050433,150
CHEMBL219_Ki,3,SVR,0.18025101112083797,150
CHEMBL219_Ki,3,GBM,0.17683083794822663,150
CHEMBL219_Ki,3,KNN,0.20148590805943645,150
CHEMBL219_Ki,4,RF,0.17149243876513587,153
CHEMBL219_Ki,4,SVR,0.16979876324782794,153
CHEMBL219_Ki,4,GBM,0.1661075387926384,153
CHEMBL219_Ki,4,KNN,0.18500422002293893,153
CHEMBL219_Ki,5,RF,0.0780683052812694,165
CHEMBL219_Ki,5,SVR,0.06955690309805118,165
CHEMBL219_Ki,5,GBM,0.03402878223125372,165
CHEMBL219_Ki,5,KNN,0.07569538886152483,165
CHEMBL219_Ki,6,RF,0.08024947601115995,160
CHEMBL219_Ki,6,SVR,0.016048162064538518,160
CHEMBL219_Ki,6,GBM,0.023568635341018274,160
CHEMBL219_Ki,6,KNN,0.052689605527947436,160
CHEMBL219_Ki,7,RF,0.22220729751415114,156
CHEMBL219_Ki,7,SVR,0.21456742909559767,156
CHEMBL219_Ki,7,GBM,0.17459405939731099,156
CHEMBL219_Ki,7,KNN,0.22716595556393832,156
CHEMBL219_Ki,8,RF,0.1589246453293316,159
CHEMBL219_Ki,8,SVR,0.14092930141268245,159
CHEMBL219_Ki,8,GBM,0.13572494203435248,159
CHEMBL219_Ki,8,KNN,0.19306710148737527,159
CHEMBL219_Ki,9,RF,0.1252646366018425,163
CHEMBL219_Ki,9,SVR,0.055009522878907036,163
CHEMBL219_Ki,9,GBM,0.09794184104866477,163
CHEMBL219_Ki,9,KNN,0.1756485037154787,163
CHEMBL219_Ki,10,RF,0.13837695449871068,162
CHEMBL219_Ki,10,SVR,0.12146394472390865,162
CHEMBL219_Ki,10,GBM,0.1547305335850202,162
CHEMBL219_Ki,10,KNN,0.16086165359154425,162
CHEMBL219_Ki,11,RF,0.2445509314607217,158
CHEMBL219_Ki,11,SVR,0.20883149449045713,158
CHEMBL219_Ki,11,GBM,0.22357407176643107,158
CHEMBL219_Ki,11,KNN,0.25507460516910196,158
CHEMBL219_Ki,12,RF,0.16465008868691633,159
CHEMBL219_Ki,12,SVR,0.16694831467028481,159
CHEMBL219_Ki,12,GBM,0.15604470403082704,159
CHEMBL219_Ki,12,KNN,0.17536070314724117,159
CHEMBL219_Ki,13,RF,0.09724969445218945,175
CHEMBL219_Ki,13,SVR,0.08485762441573519,175
CHEMBL219_Ki,13,GBM,0.06147515896716771,175
CHEMBL219_Ki,13,KNN,0.10450746286647605,175
CHEMBL219_Ki,14,RF,0.22527502231056185,165
CHEMBL219_Ki,14,SVR,0.18275057194105515,165
CHEMBL219_Ki,14,GBM,0.19392295757666922,165
CHEMBL219_Ki,14,KNN,0.21975327838677394,165
CHEMBL219_Ki,15,RF,0.19895886192502343,161
CHEMBL219_Ki,15,SVR,0.1758782436636227,161
CHEMBL219_Ki,15,GBM,0.17843246186830342,161
CHEMBL219_Ki,15,KNN,0.22193064784995853,161
CHEMBL219_Ki,16,RF,0.14931125460744832,165
CHEMBL219_Ki,16,SVR,0.161006518372094,165
CHEMBL219_Ki,16,GBM,0.14959623866258387,165
CHEMBL219_Ki,16,KNN,0.17402029383924256,165
CHEMBL219_Ki,17,RF,0.12422201522466847,163
CHEMBL219_Ki,17,SVR,0.11177332419709729,163
CHEMBL219_Ki,17,GBM,0.11847346826632432,163
CHEMBL219_Ki,17,KNN,0.11717951991982056,163
CHEMBL219_Ki,18,RF,0.23651870603187808,156
CHEMBL219_Ki,18,SVR,0.15580689455189212,156
CHEMBL219_Ki,18,GBM,0.16397103306154392,156
CHEMBL219_Ki,18,KNN,0.2465067459198348,156
CHEMBL219_Ki,19,RF,0.18242676777059208,181
CHEMBL219_Ki,19,SVR,0.1340100830219516,181
CHEMBL219_Ki,19,GBM,0.15643314861113677,181
CHEMBL219_Ki,19,KNN,0.15533249946906313,181
CHEMBL228_Ki,0,RF,0.2511386441643241,131
CHEMBL228_Ki,0,SVR,0.2314865283474593,131
CHEMBL228_Ki,0,GBM,0.2188212872959462,131
CHEMBL228_Ki,0,KNN,0.19684386068189952,131
CHEMBL228_Ki,1,RF,0.13975004995634333,147
CHEMBL228_Ki,1,SVR,0.18267867653119063,147
CHEMBL228_Ki,1,GBM,0.22961786997536082,147
CHEMBL228_Ki,1,KNN,0.1929583006858585,147
CHEMBL228_Ki,2,RF,0.14174250115390385,139
CHEMBL228_Ki,2,SVR,0.19494195800278813,139
CHEMBL228_Ki,2,GBM,0.18644865781820386,139
CHEMBL228_Ki,2,KNN,0.1674147003499925,139
CHEMBL228_Ki,3,RF,0.1929462869754769,135
CHEMBL228_Ki,3,SVR,0.28266316221118903,135
CHEMBL228_Ki,3,GBM,0.21847890958587968,135
CHEMBL228_Ki,3,KNN,0.26738769039341087,135
CHEMBL228_Ki,4,RF,0.2193949335518418,139
CHEMBL228_Ki,4,SVR,0.2194403956900397,139
CHEMBL228_Ki,4,GBM,0.19886987151467328,139
CHEMBL228_Ki,4,KNN,0.2658936392264944,139
CHEMBL228_Ki,5,RF,0.17104988841706625,131
CHEMBL228_Ki,5,SVR,0.1538189372170824,131
CHEMBL228_Ki,5,GBM,0.1654070205991226,131
CHEMBL228_Ki,5,KNN,0.1528599831504468,131
CHEMBL228_Ki,6,RF,0.10096569296025826,137
CHEMBL228_Ki,6,SVR,0.11814601550399073,137
CHEMBL228_Ki,6,GBM,0.11597340079400587,137
CHEMBL228_Ki,6,KNN,0.13724132814432988,137
CHEMBL228_Ki,7,RF,0.13827266467947763,128
CHEMBL228_Ki,7,SVR,0.12914805971866494,128
CHEMBL228_Ki,7,GBM,0.16647305434020498,128
CHEMBL228_Ki,7,KNN,0.1864777737031914,128
CHEMBL228_Ki,8,RF,0.1860125663500064,144
CHEMBL228_Ki,8,SVR,0.19125128633487987,144
CHEMBL228_Ki,8,GBM,0.18009828158561814,144
CHEMBL228_Ki,8,KNN,0.20972085560126574,144
CHEMBL228_Ki,9,RF,0.18114115030233158,143
CHEMBL228_Ki,9,SVR,0.1943228297102545,143
CHEMBL228_Ki,9,GBM,0.19036690455723715,143
CHEMBL228_Ki,9,KNN,0.21897911553780225,143
CHEMBL228_Ki,10,RF,0.1681438865617072,151
CHEMBL228_Ki,10,SVR,0.15649930284955949,151
CHEMBL228_Ki,10,GBM,0.14725642235140401,151
CHEMBL228_Ki,10,KNN,0.1748362299583971,151
CHEMBL228_Ki,11,RF,0.11098773002688933,154
CHEMBL228_Ki,11,SVR,0.1834708222697451,154
CHEMBL228_Ki,11,GBM,0.14218333316564435,154
CHEMBL228_Ki,11,KNN,0.21706725539442362,154
CHEMBL228_Ki,12,RF,0.14514084905946623,144
CHEMBL228_Ki,12,SVR,0.17136922772707752,144
CHEMBL228_Ki,12,GBM,0.1518567231726785,144
CHEMBL228_Ki,12,KNN,0.24550309697518619,144
CHEMBL228_Ki,13,RF,0.21224266553694926,140
CHEMBL228_Ki,13,SVR,0.2310823317844134,140
CHEMBL228_Ki,13,GBM,0.2364293584021261,140
CHEMBL228_Ki,13,KNN,0.21824814502648848,140
CHEMBL228_Ki,14,RF,0.09682989056657809,150
CHEMBL228_Ki,14,SVR,0.13430587195184562,150
CHEMBL228_Ki,14,GBM,0.1416516682378839,150
CHEMBL228_Ki,14,KNN,0.11032777437101149,150
CHEMBL228_Ki,15,RF,0.12770669817885127,134
CHEMBL228_Ki,15,SVR,0.16682841845959995,134
CHEMBL228_Ki,15,GBM,0.14935113208234996,134
CHEMBL228_Ki,15,KNN,0.16931236186779086,134
CHEMBL228_Ki,16,RF,0.1966599520935841,154
CHEMBL228_Ki,16,SVR,0.17039054093408124,154
CHEMBL228_Ki,16,GBM,0.16464524855928975,154
CHEMBL228_Ki,16,KNN,0.16437889334817635,154
CHEMBL228_Ki,17,RF,0.13961998882206728,148
CHEMBL228_Ki,17,SVR,0.15755087076723706,148
CHEMBL228_Ki,17,GBM,0.14122901139767752,148
CHEMBL228_Ki,17,KNN,0.19002266656825284,148
CHEMBL228_Ki,18,RF,0.1522000533283292,136
CHEMBL228_Ki,18,SVR,0.13719854222019845,136
CHEMBL228_Ki,18,GBM,0.15936486684975437,136
CHEMBL228_Ki,18,KNN,0.09936622086659397,136
CHEMBL228_Ki,19,RF,0.18409123903816638,152
CHEMBL228_Ki,19,SVR,0.20211976964491862,152
CHEMBL228_Ki,19,GBM,0.19936743591653294,152
CHEMBL228_Ki,19,KNN,0.2294546968844745,152
CHEMBL231_Ki,0,RF,0.2039931122692361,71
CHEMBL231_Ki,0,SVR,0.195544333761144,71
CHEMBL231_Ki,0,GBM,0.23029448427427934,71
CHEMBL231_Ki,0,KNN,0.23650237279123354,71
CHEMBL231_Ki,1,RF,0.0869482778311167,71
CHEMBL231_Ki,1,SVR,0.12332768091223745,71
CHEMBL231_Ki,1,GBM,0.0660790067328123,71
CHEMBL231_Ki,1,KNN,0.13744830968576616,71
CHEMBL231_Ki,2,RF,0.16730315228188486,68
CHEMBL231_Ki,2,SVR,0.26102279178796717,68
CHEMBL231_Ki,2,GBM,0.14328175937555887,68
CHEMBL231_Ki,2,KNN,0.31110347648758807,68
CHEMBL231_Ki,3,RF,0.12762877930445715,74
CHEMBL231_Ki,3,SVR,0.13992110942620006,74
CHEMBL231_Ki,3,GBM,0.14816126615699832,74
CHEMBL231_Ki,3,KNN,0.22657318355141365,74
CHEMBL231_Ki,4,RF,0.1937801316526956,63
CHEMBL231_Ki,4,SVR,0.20416635538238237,63
CHEMBL231_Ki,4,GBM,0.16355840298616242,63
CHEMBL231_Ki,4,KNN,0.23639412388924774,63
CHEMBL231_Ki,5,RF,0.1372644460077831,62
CHEMBL231_Ki,5,SVR,0.17268699629879902,62
CHEMBL231_Ki,5,GBM,0.1975126109946258,62
CHEMBL231_Ki,5,KNN,0.13104792645506347,62
CHEMBL231_Ki,6,RF,0.18566880273575925,60
CHEMBL231_Ki,6,SVR,0.2180171154028251,60
CHEMBL231_Ki,6,GBM,0.20462291297605883,60
CHEMBL231_Ki,6,KNN,0.2243348143412598,60
CHEMBL231_Ki,7,RF,0.01328801558664161,64
CHEMBL231_Ki,7,SVR,-0.006520056144443953,64
CHEMBL231_Ki,7,GBM,-0.03703433812573009,64
CHEMBL231_Ki,7,KNN,0.11900058906471067,64
CHEMBL231_Ki,8,RF,0.0833580099614527,72
CHEMBL231_Ki,8,SVR,0.04646468890116273,72
CHEMBL231_Ki,8,GBM,0.05542687609828889,72
CHEMBL231_Ki,8,KNN,0.11183696128489262,72
CHEMBL231_Ki,9,RF,0.19040382770731845,62
CHEMBL231_Ki,9,SVR,0.16764625255666532,62
CHEMBL231_Ki,9,GBM,0.22442732696100853,62
CHEMBL231_Ki,9,KNN,0.22477834233429494,62
CHEMBL231_Ki,10,RF,0.20419908593441616,81
CHEMBL231_Ki,10,SVR,0.19214250093580187,81
CHEMBL231_Ki,10,GBM,0.1882937087655474,81
CHEMBL231_Ki,10,KNN,0.24381563300591402,81
CHEMBL231_Ki,11,RF,0.0982408541693558,72
CHEMBL231_Ki,11,SVR,0.19036678381727912,72
CHEMBL231_Ki,11,GBM,0.11436577525669134,72
CHEMBL231_Ki,11,KNN,0.1295903812187349,72
CHEMBL231_Ki,12,RF,0.14386317382059288,56
CHEMBL231_Ki,12,SVR,0.22557278015156812,56
CHEMBL231_Ki,12,GBM,0.12277129055424874,56
CHEMBL231_Ki,12,KNN,0.25935074717224116,56
CHEMBL231_Ki,13,RF,0.1071512593583065,72
CHEMBL231_Ki,13,SVR,0.11629260452876289,72
CHEMBL231_Ki,13,GBM,0.1389587775049883,72
CHEMBL231_Ki,13,KNN,0.16843967108299507,72
CHEMBL231_Ki,14,RF,0.24687157246555824,55
CHEMBL231_Ki,14,SVR,0.23065296808997016,55
CHEMBL231_Ki,14,GBM,0.25098307094862105,55
CHEMBL231_Ki,14,KNN,0.33046227288659125,55
CHEMBL231_Ki,15,RF,0.1532506358436394,67
CHEMBL231_Ki,15,SVR,0.15372921519720673,67
CHEMBL231_Ki,15,GBM,0.1858506939116249,67
CHEMBL231_Ki,15,KNN,0.25924823237736544,67
CHEMBL231_Ki,16,RF,-0.03897783914439079,78
CHEMBL231_Ki,16,SVR,-0.010763941243172703,78
CHEMBL231_Ki,16,GBM,-0.030579094977959964,78
CHEMBL231_Ki,16,KNN,0.0894351363010687,78
CHEMBL231_Ki,17,RF,0.16638660460275867,70
CHEMBL231_Ki,17,SVR,0.16933085607782694,70
CHEMBL231_Ki,17,GBM,0.1754795992747762,70
CHEMBL231_Ki,17,KNN,0.20351958601195452,70
CHEMBL231_Ki,18,RF,0.0005217044463383669,56
CHEMBL231_Ki,18,SVR,0.028045740594896174,56
CHEMBL231_Ki,18,GBM,-0.008768654984784963,56
CHEMBL231_Ki,18,KNN,0.1447641705708308,56
CHEMBL231_Ki,19,RF,0.03732932096355712,60
CHEMBL231_Ki,19,SVR,-0.006260555272371238,60
CHEMBL231_Ki,19,GBM,0.041160713582355846,60
CHEMBL231_Ki,19,KNN,0.10358968801642388,60
CHEMBL233_Ki,0,RF,0.1604201426284082,298
CHEMBL233_Ki,0,SVR,0.15603553904930179,298
CHEMBL233_Ki,0,GBM,0.14712595326300482,298
CHEMBL233_Ki,0,KNN,0.16539683693131196,298
CHEMBL233_Ki,1,RF,0.17890589473381224,287
CHEMBL233_Ki,1,SVR,0.19820296477611,287
CHEMBL233_Ki,1,GBM,0.1662717947413228,287
CHEMBL233_Ki,1,KNN,0.21532145583025808,287
CHEMBL233_Ki,2,RF,0.13179750547183355,307
CHEMBL233_Ki,2,SVR,0.13244675871675404,307
CHEMBL233_Ki,2,GBM,0.11705660422666897,307
CHEMBL233_Ki,2,KNN,0.1021942029061571,307
CHEMBL233_Ki,3,RF,0.2104807439213986,294
CHEMBL233_Ki,3,SVR,0.20469788690877688,294
CHEMBL233_Ki,3,GBM,0.16975996661088522,294
CHEMBL233_Ki,3,KNN,0.2029720695444947,294
CHEMBL233_Ki,4,RF,0.155303347895134,270
CHEMBL233_Ki,4,SVR,0.16637750057719625,270
CHEMBL233_Ki,4,GBM,0.17332395633761932,270
CHEMBL233_Ki,4,KNN,0.17783671645602828,270
CHEMBL233_Ki,5,RF,0.19897780372446083,291
CHEMBL233_Ki,5,SVR,0.16343100034491254,291
CHEMBL233_Ki,5,GBM,0.1905262068107293,291
CHEMBL233_Ki,5,KNN,0.207484985620618,291
CHEMBL233_Ki,6,RF,0.04548912360087254,304
CHEMBL233_Ki,6,SVR,0.0649088138983005,304
CHEMBL233_Ki,6,GBM,0.04715280979809178,304
CHEMBL233_Ki,6,KNN,0.11028119440803541,304
CHEMBL233_Ki,7,RF,0.1382413010735717,293
CHEMBL233_Ki,7,SVR,0.11488857398324515,293
CHEMBL233_Ki,7,GBM,0.09338816972633823,293
CHEMBL233_Ki,7,KNN,0.1463048371920369,293
CHEMBL233_Ki,8,RF,0.1782782578873202,289
CHEMBL233_Ki,8,SVR,0.1529739963414779,289
CHEMBL233_Ki,8,GBM,0.15679859220412917,289
CHEMBL233_Ki,8,KNN,0.15275435270759385,289
CHEMBL233_Ki,9,RF,0.1301459406494222,273
CHEMBL233_Ki,9,SVR,0.12314042284518634,273
CHEMBL233_Ki,9,GBM,0.0961523847275424,273
CHEMBL233_Ki,9,KNN,0.1726337396788823,273
CHEMBL233_Ki,10,RF,0.17340888019307987,298
CHEMBL233_Ki,10,SVR,0.18244891212359748,298
CHEMBL233_Ki,10,GBM,0.14991683808893164,298
CHEMBL233_Ki,10,KNN,0.16321729377934002,298
CHEMBL233_Ki,11,RF,0.18435429310235907,281
CHEMBL233_Ki,11,SVR,0.11801398394846419,281
CHEMBL233_Ki,11,GBM,0.14157048014174856,281
CHEMBL233_Ki,11,KNN,0.1810630305524893,281
CHEMBL233_Ki,12,RF,0.18212234081388823,306
CHEMBL233_Ki,12,SVR,0.18460322685645147,306
CHEMBL233_Ki,12,GBM,0.16030451957001624,306
CHEMBL233_Ki,12,KNN,0.1648685942891417,306
CHEMBL233_Ki,13,RF,0.1822451528001946,309
CHEMBL233_Ki,13,SVR,0.137837404867166,309
CHEMBL233_Ki,13,GBM,0.15364473409284674,309
CHEMBL233_Ki,13,KNN,0.2010300490552579,309
CHEMBL233_Ki,14,RF,0.16030827599334607,305
CHEMBL233_Ki,14,SVR,0.14824949356241557,305
CHEMBL233_Ki,14,GBM,0.132873397386711,305
CHEMBL233_Ki,14,KNN,0.15014532156148996,305
CHEMBL233_Ki,15,RF,0.20338448008528387,273
CHEMBL233_Ki,15,SVR,0.19689040954778358,273
CHEMBL233_Ki,15,GBM,0.18435533029570994,273
CHEMBL233_Ki,15,KNN,0.18739458253085062,273
CHEMBL233_Ki,16,RF,0.19889195030060292,311
CHEMBL233_Ki,16,SVR,0.2091289351013209,311
CHEMBL233_Ki,16,GBM,0.1926043267777534,311
CHEMBL233_Ki,16,KNN,0.20246231319023522,311
CHEMBL233_Ki,17,RF,0.159077788141895,305
CHEMBL233_Ki,17,SVR,0.12448487973568079,305
CHEMBL233_Ki,17,GBM,0.1304873213390374,305
CHEMBL233_Ki,17,KNN,0.1626934852544739,305
CHEMBL233_Ki,18,RF,0.1661524203530529,305
CHEMBL233_Ki,18,SVR,0.1290483826266543,305
CHEMBL233_Ki,18,GBM,0.12718488352436375,305
CHEMBL233_Ki,18,KNN,0.12295452265725626,305
CHEMBL233_Ki,19,RF,0.2028007520008137,303
CHEMBL233_Ki,19,SVR,0.19071036932593455,303
CHEMBL233_Ki,19,GBM,0.20907120310493377,303
CHEMBL233_Ki,19,KNN,0.18965246172477035,303
CHEMBL234_Ki,0,RF,0.1651012166801663,345
CHEMBL234_Ki,0,SVR,0.15417747949376215,345
CHEMBL234_Ki,0,GBM,0.1491952156503663,345
CHEMBL234_Ki,0,KNN,0.16154783550910967,345
CHEMBL234_Ki,1,RF,0.10653153321623698,362
CHEMBL234_Ki,1,SVR,0.09975007156145987,362
CHEMBL234_Ki,1,GBM,0.0960563590880601,362
CHEMBL234_Ki,1,KNN,0.13099656509228408,362
CHEMBL234_Ki,2,RF,0.13048628713058374,376
CHEMBL234_Ki,2,SVR,0.14138703938779562,376
CHEMBL234_Ki,2,GBM,0.11976558729734377,376
CHEMBL234_Ki,2,KNN,0.17196206943007752,376
CHEMBL234_Ki,3,RF,0.14851431731433828,374
CHEMBL234_Ki,3,SVR,0.10452644897377117,374
CHEMBL234_Ki,3,GBM,0.11161007534394696,374
CHEMBL234_Ki,3,KNN,0.11013761829343682,374
CHEMBL234_Ki,4,RF,0.09309935964318128,369
CHEMBL234_Ki,4,SVR,0.08978505248062174,369
CHEMBL234_Ki,4,GBM,0.08813098661846785,369
CHEMBL234_Ki,4,KNN,0.1715046188531808,369
CHEMBL234_Ki,5,RF,0.14454447759739641,359
CHEMBL234_Ki,5,SVR,0.1627844896195868,359
CHEMBL234_Ki,5,GBM,0.1358660519268573,359
CHEMBL234_Ki,5,KNN,0.15344480184383158,359
CHEMBL234_Ki,6,RF,0.10892643977051863,349
CHEMBL234_Ki,6,SVR,0.0947896555339851,349
CHEMBL234_Ki,6,GBM,0.08312839848082987,349
CHEMBL234_Ki,6,KNN,0.10764525829055271,349
CHEMBL234_Ki,7,RF,0.15193102180315088,352
CHEMBL234_Ki,7,SVR,0.1354561935959021,352
CHEMBL234_Ki,7,GBM,0.12685024985732896,352
CHEMBL234_Ki,7,KNN,0.12947326122097502,352
CHEMBL234_Ki,8,RF,0.1512719459437314,335
CHEMBL234_Ki,8,SVR,0.16251523009396462,335
CHEMBL234_Ki,8,GBM,0.14384219774255602,335
CHEMBL234_Ki,8,KNN,0.18718532312620717,335
CHEMBL234_Ki,9,RF,0.12754749816197097,364
CHEMBL234_Ki,9,SVR,0.10302232708646186,364
CHEMBL234_Ki,9,GBM,0.09112240207122069,364
CHEMBL234_Ki,9,KNN,0.13107094013847165,364
CHEMBL234_Ki,10,RF,0.1267460304917044,346
CHEMBL234_Ki,10,SVR,0.11664474591772955,346
CHEMBL234_Ki,10,GBM,0.13471463614408696,346
CHEMBL234_Ki,10,KNN,0.14289436629598773,346
CHEMBL234_Ki,11,RF,0.12817224948287265,346
CHEMBL234_Ki,11,SVR,0.1369714895049884,346
CHEMBL234_Ki,11,GBM,0.12346076040689513,346
CHEMBL234_Ki,11,KNN,0.16067082525699228,346
CHEMBL234_Ki,12,RF,0.1745838753164689,371
CHEMBL234_Ki,12,SVR,0.14867815486604752,371
CHEMBL234_Ki,12,GBM,0.14096791760853256,371
CHEMBL234_Ki,12,KNN,0.17518798039349837,371
CHEMBL234_Ki,13,RF,0.1913126320437527,346
CHEMBL234_Ki,13,SVR,0.17888750839120715,346
CHEMBL234_Ki,13,GBM,0.1629380142149064,346
CHEMBL234_Ki,13,KNN,0.16456950609732157,346
CHEMBL234_Ki,14,RF,0.140526965075915,355
CHEMBL234_Ki,14,SVR,0.14268461819104705,355
CHEMBL234_Ki,14,GBM,0.10795727692416612,355
CHEMBL234_Ki,14,KNN,0.1371858762810041,355
CHEMBL234_Ki,15,RF,0.16969861659996233,346
CHEMBL234_Ki,15,SVR,0.18970913873836037,346
CHEMBL234_Ki,15,GBM,0.14062749123882623,346
CHEMBL234_Ki,15,KNN,0.16623154057229295,346
CHEMBL234_Ki,16,RF,0.13665332146976572,343
CHEMBL234_Ki,16,SVR,0.13766336501523813,343
CHEMBL234_Ki,16,GBM,0.12939168633869091,343
CHEMBL234_Ki,16,KNN,0.13124260312472025,343
CHEMBL234_Ki,17,RF,0.1278655203671405,359
CHEMBL234_Ki,17,SVR,0.10549660878211187,359
CHEMBL234_Ki,17,GBM,0.11190122173882688,359
CHEMBL234_Ki,17,KNN,0.15223912439678555,359
CHEMBL234_Ki,18,RF,0.13876617478647602,349
CHEMBL234_Ki,18,SVR,0.1611050013668447,349
CHEMBL234_Ki,18,GBM,0.16074985868153768,349
CHEMBL234_Ki,18,KNN,0.14545662824086236,349
CHEMBL234_Ki,19,RF,0.19235801463891034,356
CHEMBL234_Ki,19,SVR,0.1711866043491196,356
CHEMBL234_Ki,19,GBM,0.14418013907438654,356
CHEMBL234_Ki,19,KNN,0.17528803297725704,356
CHEMBL235_EC50,0,RF,0.22682479934055283,122
CHEMBL235_EC50,0,SVR,0.203784737346911,122
CHEMBL235_EC50,0,GBM,0.2543332847919862,122
CHEMBL235_EC50,0,KNN,0.2461575544179369,122
CHEMBL235_EC50,1,RF,0.21983743460820793,116
CHEMBL235_EC50,1,SVR,0.21737324500231403,116
CHEMBL235_EC50,1,GBM,0.19550320787015724,116
CHEMBL235_EC50,1,KNN,0.2924610284362248,116
CHEMBL235_EC50,2,RF,0.23900584097418115,120
CHEMBL235_EC50,2,SVR,0.21223506311356177,120
CHEMBL235_EC50,2,GBM,0.2170754050051466,120
CHEMBL235_EC50,2,KNN,0.2570138184684438,120
CHEMBL235_EC50,3,RF,0.21060390884278246,117
CHEMBL235_EC50,3,SVR,0.17682798317977405,117
CHEMBL235_EC50,3,GBM,0.20066514249523737,117
CHEMBL235_EC50,3,KNN,0.23427965047176103,117
CHEMBL235_EC50,4,RF,0.24807546836830252,119
CHEMBL235_EC50,4,SVR,0.2300387598181322,119
CHEMBL235_EC50,4,GBM,0.2422661837451976,119
CHEMBL235_EC50,4,KNN,0.2153357267159166,119
CHEMBL235_EC50,5,RF,0.2298834100601616,132
CHEMBL235_EC50,5,SVR,0.195259482178123,132
CHEMBL235_EC50,5,GBM,0.21496558122290366,132
CHEMBL235_EC50,5,KNN,0.2674409333316432,132
CHEMBL235_EC50,6,RF,0.24492964155297697,134
CHEMBL235_EC50,6,SVR,0.240172431447169,134
CHEMBL235_EC50,6,GBM,0.23801170164632218,134
CHEMBL235_EC50,6,KNN,0.24153738629045646,134
CHEMBL235_EC50,7,RF,0.22380412347148299,121
CHEMBL235_EC50,7,SVR,0.19183915111768585,121
CHEMBL235_EC50,7,GBM,0.20832857616638945,121
CHEMBL235_EC50,7,KNN,0.24629037596553416,121
CHEMBL235_EC50,8,RF,0.24180403148322677,137
CHEMBL235_EC50,8,SVR,0.22821800606263604,137
CHEMBL235_EC50,8,GBM,0.2437294050330932,137
CHEMBL235_EC50,8,KNN,0.21661379979395817,137
CHEMBL235_EC50,9,RF,0.29928632987842746,119
CHEMBL235_EC50,9,SVR,0.281642343300935,119
CHEMBL235_EC50,9,GBM,0.3004616095757818,119
CHEMBL235_EC50,9,KNN,0.2909824967539716,119
CHEMBL235_EC50,10,RF,0.2557037265118648,136
CHEMBL235_EC50,10,SVR,0.25087151467120133,136
CHEMBL235_EC50,10,GBM,0.23959939034849942,136
CHEMBL235_EC50,10,KNN,0.2791660384852203,136
CHEMBL235_EC50,11,RF,0.28579684360426855,128
CHEMBL235_EC50,11,SVR,0.2690213732852299,128
CHEMBL235_EC50,11,GBM,0.2536885996986063,128
CHEMBL235_EC50,11,KNN,0.2921893020371064,128
CHEMBL235_EC50,12,RF,0.18966485519425252,130
CHEMBL235_EC50,12,SVR,0.20222515104616423,130
CHEMBL235_EC50,12,GBM,0.1976709299712281,130
CHEMBL235_EC50,12,KNN,0.24224206576165652,130
CHEMBL235_EC50,13,RF,0.2364298858585131,121
CHEMBL235_EC50,13,SVR,0.2494885894861371,121
CHEMBL235_EC50,13,GBM,0.2608992416924793,121
CHEMBL235_EC50,13,KNN,0.25262653692164394,121
CHEMBL235_EC50,14,RF,0.21777398521938723,132
CHEMBL235_EC50,14,SVR,0.21106182070701157,132
CHEMBL235_EC50,14,GBM,0.24138289801669743,132
CHEMBL235_EC50,14,KNN,0.19724462977102886,132
CHEMBL235_EC50,15,RF,0.18916868596264386,134
CHEMBL235_EC50,15,SVR,0.17477595503429905,134
CHEMBL235_EC50,15,GBM,0.1727650914839945,134
CHEMBL235_EC50,15,KNN,0.21079903206389383,134
CHEMBL235_EC50,16,RF,0.2075150368917169,125
CHEMBL235_EC50,16,SVR,0.22535465948593975,125
CHEMBL235_EC50,16,GBM,0.220048547821116,125
CHEMBL235_EC50,16,KNN,0.22369625282378108,125
CHEMBL235_EC50,17,RF,0.27722815434660697,132
CHEMBL235_EC50,17,SVR,0.26735280202118833,132
CHEMBL235_EC50,17,GBM,0.27201302438166924,132
CHEMBL235_EC50,17,KNN,0.26803687380665236,132
CHEMBL235_EC50,18,RF,0.2977185149406298,127
CHEMBL235_EC50,18,SVR,0.26382004526318986,127
CHEMBL235_EC50,18,GBM,0.2648837380528294,127
CHEMBL235_EC50,18,KNN,0.28898472961790156,127
CHEMBL235_EC50,19,RF,0.22549241536494696,118
CHEMBL235_EC50,19,SVR,0.21388775773442031,118
CHEMBL235_EC50,19,GBM,0.19531331800392454,118
CHEMBL235_EC50,19,KNN,0.24637975741182327,118
CHEMBL236_Ki,0,RF,0.24015686773720735,244
CHEMBL236_Ki,0,SVR,0.18978405885461802,244
CHEMBL236_Ki,0,GBM,0.194134376492197,244
CHEMBL236_Ki,0,KNN,0.2176733155029339,244
CHEMBL236_Ki,1,RF,0.21075851828738967,235
CHEMBL236_Ki,1,SVR,0.14409271001648316,235
CHEMBL236_Ki,1,GBM,0.1762821443824304,235
CHEMBL236_Ki,1,KNN,0.17253282620526356,235
CHEMBL236_Ki,2,RF,0.17068176709986538,237
CHEMBL236_Ki,2,SVR,0.16119337745834073,237
CHEMBL236_Ki,2,GBM,0.14884877872746638,237
CHEMBL236_Ki,2,KNN,0.15750866094112737,237
CHEMBL236_Ki,3,RF,0.28005661631439405,220
CHEMBL236_Ki,3,SVR,0.21848180662210126,220
CHEMBL236_Ki,3,GBM,0.21410413328580036,220
CHEMBL236_Ki,3,KNN,0.23330452504344779,220
CHEMBL236_Ki,4,RF,0.17628554083404968,231
CHEMBL236_Ki,4,SVR,0.14065492480823027,231
CHEMBL236_Ki,4,GBM,0.147076077817906,231
CHEMBL236_Ki,4,KNN,0.189780556149015,231
CHEMBL236_Ki,5,RF,0.24309353144360646,223
CHEMBL236_Ki,5,SVR,0.19544372702123614,223
CHEMBL236_Ki,5,GBM,0.1851532634881209,223
CHEMBL236_Ki,5,KNN,0.18212672634467553,223
CHEMBL236_Ki,6,RF,0.23178862169779013,238
CHEMBL236_Ki,6,SVR,0.1979806138590926,238
CHEMBL236_Ki,6,GBM,0.19710763175687096,238
CHEMBL236_Ki,6,KNN,0.18884862388865453,238
CHEMBL236_Ki,7,RF,0.21864524296932186,233
CHEMBL236_Ki,7,SVR,0.1962729358439198,233
CHEMBL236_Ki,7,GBM,0.20746507991434138,233
CHEMBL236_Ki,7,KNN,0.20820252930785144,233
CHEMBL236_Ki,8,RF,0.26433764540364246,219
CHEMBL236_Ki,8,SVR,0.22139027945430279,219
CHEMBL236_Ki,8,GBM,0.22796371539902516,219
CHEMBL236_Ki,8,KNN,0.22982383632111836,219
CHEMBL236_Ki,9,RF,0.20901391349350196,219
CHEMBL236_Ki,9,SVR,0.17974230442856143,219
CHEMBL236_Ki,9,GBM,0.1947363466860863,219
CHEMBL236_Ki,9,KNN,0.18711295959308516,219
CHEMBL236_Ki,10,RF,0.205062874022106,231
CHEMBL236_Ki,10,SVR,0.17747634806702384,231
CHEMBL236_Ki,10,GBM,0.21575720205169424,231
CHEMBL236_Ki,10,KNN,0.18740982794645356,231
CHEMBL236_Ki,11,RF,0.24204860841328035,212
CHEMBL236_Ki,11,SVR,0.19491548557736693,212
CHEMBL236_Ki,11,GBM,0.20954363993151026,212
CHEMBL236_Ki,11,KNN,0.2254779841370299,212
CHEMBL236_Ki,12,RF,0.2178242174599787,226
CHEMBL236_Ki,12,SVR,0.17826558594345232,226
CHEMBL236_Ki,12,GBM,0.22501855837550921,226
CHEMBL236_Ki,12,KNN,0.1737049980888722,226
CHEMBL236_Ki,13,RF,0.2719133754593114,242
CHEMBL236_Ki,13,SVR,0.24326514185222714,242
CHEMBL236_Ki,13,GBM,0.2291844538049046,242
CHEMBL236_Ki,13,KNN,0.22021871730283715,242
CHEMBL236_Ki,14,RF,0.23323737073312734,229
CHEMBL236_Ki,14,SVR,0.1623952414732085,229
CHEMBL236_Ki,14,GBM,0.15447957093214082,229
CHEMBL236_Ki,14,KNN,0.18006001468376254,229
CHEMBL236_Ki,15,RF,0.2550733454981443,227
CHEMBL236_Ki,15,SVR,0.19129735581923968,227
CHEMBL236_Ki,15,GBM,0.22066997597833982,227
CHEMBL236_Ki,15,KNN,0.24805520890703026,227
CHEMBL236_Ki,16,RF,0.24010650209525142,235
CHEMBL236_Ki,16,SVR,0.21513821657184784,235
CHEMBL236_Ki,16,GBM,0.2011997975446983,235
CHEMBL236_Ki,16,KNN,0.23751363072825737,235
CHEMBL236_Ki,17,RF,0.22231243431713665,240
CHEMBL236_Ki,17,SVR,0.18038358278417121,240
CHEMBL236_Ki,17,GBM,0.18204315136578486,240
CHEMBL236_Ki,17,KNN,0.17452534059985692,240
CHEMBL236_Ki,18,RF,0.2562053310776674,218
CHEMBL236_Ki,18,SVR,0.23004665667070467,218
CHEMBL236_Ki,18,GBM,0.24960894708617476,218
CHEMBL236_Ki,18,KNN,0.22299526727094,218
CHEMBL236_Ki,19,RF,0.20372085054612576,241
CHEMBL236_Ki,19,SVR,0.16520422512912414,241
CHEMBL236_Ki,19,GBM,0.18535500633756363,241
CHEMBL236_Ki,19,KNN,0.17006795267922725,241
CHEMBL237_EC50,0,RF,0.08168460609350991,77
CHEMBL237_EC50,0,SVR,0.10112391061777026,77
CHEMBL237_EC50,0,GBM,0.09498887464729755,77
CHEMBL237_EC50,0,KNN,0.20051405850225523,77
CHEMBL237_EC50,1,RF,0.09498079350276112,76
CHEMBL237_EC50,1,SVR,0.15931250118235352,76
CHEMBL237_EC50,1,GBM,0.10770808165346724,76
CHEMBL237_EC50,1,KNN,0.15906873887717765,76
CHEMBL237_EC50,2,RF,0.25363564224912494,69
CHEMBL237_EC50,2,SVR,0.23158898358322966,69
CHEMBL237_EC50,2,GBM,0.24327052127998672,69
CHEMBL237_EC50,2,KNN,0.2852078594789653,69
CHEMBL237_EC50,3,RF,0.2796496916563052,64
CHEMBL237_EC50,3,SVR,0.197556920927214,64
CHEMBL237_EC50,3,GBM,0.1713376873368967,64
CHEMBL237_EC50,3,KNN,0.2905171706435234,64
CHEMBL237_EC50,4,RF,0.09504419530066743,76
CHEMBL237_EC50,4,SVR,0.10875841342285741,76
CHEMBL237_EC50,4,GBM,0.03969658813205068,76
CHEMBL237_EC50,4,KNN,0.17555903362344294,76
CHEMBL237_EC50,5,RF,0.20869709179137808,75
CHEMBL237_EC50,5,SVR,0.21533524706387647,75
CHEMBL237_EC50,5,GBM,0.21348003678351501,75
CHEMBL237_EC50,5,KNN,0.2015576701970362,75
CHEMBL237_EC50,6,RF,0.09916494779899121,80
CHEMBL237_EC50,6,SVR,0.06950510723679526,80
CHEMBL237_EC50,6,GBM,0.07844151707880631,80
CHEMBL237_EC50,6,KNN,0.1519768814495972,80
CHEMBL237_EC50,7,RF,0.15604690227107054,80
CHEMBL237_EC50,7,SVR,0.1811690159454794,80
CHEMBL237_EC50,7,GBM,0.14528270115903585,80
CHEMBL237_EC50,7,KNN,0.16390786170383886,80
CHEMBL237_EC50,8,RF,0.18489725134687796,80
CHEMBL237_EC50,8,SVR,0.18897355230430057,80
CHEMBL237_EC50,8,GBM,0.20047654520740854,80
CHEMBL237_EC50,8,KNN,0.19366396867692565,80
CHEMBL237_EC50,9,RF,0.1171073122894718,69
CHEMBL237_EC50,9,SVR,0.09807453381703779,69
CHEMBL237_EC50,9,GBM,0.06786718892646748,69
CHEMBL237_EC50,9,KNN,0.1384263565171291,69
CHEMBL237_EC50,10,RF,0.2204542799367551,67
CHEMBL237_EC50,10,SVR,0.20426992529097177,67
CHEMBL237_EC50,10,GBM,0.19549502528788176,67
CHEMBL237_EC50,10,KNN,0.2535916800602991,67
CHEMBL237_EC50,11,RF,0.14525920235790235,71
CHEMBL237_EC50,11,SVR,0.1049766986903492,71
CHEMBL237_EC50,11,GBM,0.15493703288398253,71
CHEMBL237_EC50,11,KNN,0.16687754757875417,71
CHEMBL237_EC50,12,RF,0.1731217204221276,72
CHEMBL237_EC50,12,SVR,0.14952797165709086,72
CHEMBL237_EC50,12,GBM,0.15623041228733958,72
CHEMBL237_EC50,12,KNN,0.22049620357270433,72
CHEMBL237_EC50,13,RF,0.17417183975206108,72
CHEMBL237_EC50,13,SVR,0.21264860538606345,72
CHEMBL237_EC50,13,GBM,0.20268113872327764,72
CHEMBL237_EC50,13,KNN,0.28069851019951564,72
CHEMBL237_EC50,14,RF,0.21063176126638894,73
CHEMBL237_EC50,14,SVR,0.23734362199419112,73
CHEMBL237_EC50,14,GBM,0.20320967134225187,73
CHEMBL237_EC50,14,KNN,0.24793966336721768,73
CHEMBL237_EC50,15,RF,0.13552492125750681,71
CHEMBL237_EC50,15,SVR,0.12086117108350403,71
CHEMBL237_EC50,15,GBM,0.1104887835423698,71
CHEMBL237_EC50,15,KNN,0.17052994383199638,71
CHEMBL237_EC50,16,RF,0.06404393019968735,76
CHEMBL237_EC50,16,SVR,0.07574296604699515,76
CHEMBL237_EC50,16,GBM,0.09090473611198768,76
CHEMBL237_EC50,16,KNN,0.1327341884184029,76
CHEMBL237_EC50,17,RF,0.21346593846054007,74
CHEMBL237_EC50,17,SVR,0.15594193040586524,74
CHEMBL237_EC50,17,GBM,0.1918948907788124,74
CHEMBL237_EC50,17,KNN,0.17896639231876288,74
CHEMBL237_EC50,18,RF,0.14922478918626447,70
CHEMBL237_EC50,18,SVR,0.14261242589731749,70
CHEMBL237_EC50,18,GBM,0.11654402162166766,70
CHEMBL237_EC50,18,KNN,0.12353631340075333,70
CHEMBL237_EC50,19,RF,0.08616644899839832,73
CHEMBL237_EC50,19,SVR,0.12286613672000157,73
CHEMBL237_EC50,19,GBM,0.060074642617067964,73
CHEMBL237_EC50,19,KNN,0.14137076782514624,73
CHEMBL237_Ki,0,RF,0.13213042204118952,236
CHEMBL237_Ki,0,SVR,0.09051226803059953,236
CHEMBL237_Ki,0,GBM,0.09735640804732015,236
CHEMBL237_Ki,0,KNN,0.14718210210961946,236
CHEMBL237_Ki,1,RF,0.19299752810126158,221
CHEMBL237_Ki,1,SVR,0.1976057154854688,221
CHEMBL237_Ki,1,GBM,0.1540186093320548,221
CHEMBL237_Ki,1,KNN,0.20677954915077967,221
CHEMBL237_Ki,2,RF,0.20845225482119445,245
CHEMBL237_Ki,2,SVR,0.15722191913496286,245
CHEMBL237_Ki,2,GBM,0.17707788881510478,245
CHEMBL237_Ki,2,KNN,0.21398570530167382,245
CHEMBL237_Ki,3,RF,0.1869102996198425,245
CHEMBL237_Ki,3,SVR,0.14976065843276232,245
CHEMBL237_Ki,3,GBM,0.1628093377928853,245
CHEMBL237_Ki,3,KNN,0.1817041149288674,245
CHEMBL237_Ki,4,RF,0.1603096018460689,241
CHEMBL237_Ki,4,SVR,0.17339111575133292,241
CHEMBL237_Ki,4,GBM,0.13480412410833476,241
CHEMBL237_Ki,4,KNN,0.17157040718530914,241
CHEMBL237_Ki,5,RF,0.18828798565369043,234
CHEMBL237_Ki,5,SVR,0.17944278738949715,234
CHEMBL237_Ki,5,GBM,0.13726716912453463,234
CHEMBL237_Ki,5,KNN,0.20588596196592057,234
CHEMBL237_Ki,6,RF,0.16050425151133874,246
CHEMBL237_Ki,6,SVR,0.12127040739235806,246
CHEMBL237_Ki,6,GBM,0.12919087027490006,246
CHEMBL237_Ki,6,KNN,0.17061195955598807,246
CHEMBL237_Ki,7,RF,0.108319566148526,245
CHEMBL237_Ki,7,SVR,0.11728850101063548,245
CHEMBL237_Ki,7,GBM,0.10593073731692038,245
CHEMBL237_Ki,7,KNN,0.12838901319580875,245
CHEMBL237_Ki,8,RF,0.1809107378199638,240
CHEMBL237_Ki,8,SVR,0.17647944464746512,240
CHEMBL237_Ki,8,GBM,0.16270297086784813,240
CHEMBL237_Ki,8,KNN,0.15161139919972655,240
CHEMBL237_Ki,9,RF,0.13512542364520463,244
CHEMBL237_Ki,9,SVR,0.10534945422803377,244
CHEMBL237_Ki,9,GBM,0.08205453278898056,244
CHEMBL237_Ki,9,KNN,0.17524994050151677,244
CHEMBL237_Ki,10,RF,0.14234886970686633,252
CHEMBL237_Ki,10,SVR,0.11357993057148719,252
CHEMBL237_Ki,10,GBM,0.12297569747941284,252
CHEMBL237_Ki,10,KNN,0.17254817022301638,252
CHEMBL237_Ki,11,RF,0.15816400939115727,243
CHEMBL237_Ki,11,SVR,0.13748280119110579,243
CHEMBL237_Ki,11,GBM,0.11940054455665272,243
CHEMBL237_Ki,11,KNN,0.17020717777831895,243
CHEMBL237_Ki,12,RF,0.22992346723081436,224
CHEMBL237_Ki,12,SVR,0.1993767762337777,224
CHEMBL237_Ki,12,GBM,0.21323431003402094,224
CHEMBL237_Ki,12,KNN,0.24502632312766326,224
CHEMBL237_Ki,13,RF,0.12827652764839914,246
CHEMBL237_Ki,13,SVR,0.145550487691531,246
CHEMBL237_Ki,13,GBM,0.11069753776194913,246
CHEMBL237_Ki,13,KNN,0.18200920434878565,246
CHEMBL237_Ki,14,RF,0.14585584245430516,237
CHEMBL237_Ki,14,SVR,0.11351923480067372,237
CHEMBL237_Ki,14,GBM,0.08192890585086543,237
CHEMBL237_Ki,14,KNN,0.12597157924571412,237
CHEMBL237_Ki,15,RF,0.14290641982919516,223
CHEMBL237_Ki,15,SVR,0.153867538102347,223
CHEMBL237_Ki,15,GBM,0.12111584077623916,223
CHEMBL237_Ki,15,KNN,0.16937026387547982,223
CHEMBL237_Ki,16,RF,0.19013719053051092,249
CHEMBL237_Ki,16,SVR,0.1954538919117017,249
CHEMBL237_Ki,16,GBM,0.151444343612681,249
CHEMBL237_Ki,16,KNN,0.2399435595578845,249
CHEMBL237_Ki,17,RF,0.13249164772223665,249
CHEMBL237_Ki,17,SVR,0.09171625707611009,249
CHEMBL237_Ki,17,GBM,0.08864949117777343,249
CHEMBL237_Ki,17,KNN,0.17609998455961673,249
CHEMBL237_Ki,18,RF,0.230377001882348,248
CHEMBL237_Ki,18,SVR,0.22320540889387208,248
CHEMBL237_Ki,18,GBM,0.19943828383127904,248
CHEMBL237_Ki,18,KNN,0.2720141428723152,248
CHEMBL237_Ki,19,RF,0.1728235734033129,240
CHEMBL237_Ki,19,SVR,0.16693859569701774,240
CHEMBL237_Ki,19,GBM,0.14290388933436193,240
CHEMBL237_Ki,19,KNN,0.20109758758987895,240
CHEMBL238_Ki,0,RF,0.25754853590972493,61
CHEMBL238_Ki,0,SVR,0.2705628054942194,61
CHEMBL238_Ki,0,GBM,0.24992720308989858,61
CHEMBL238_Ki,0,KNN,0.306968122248373,61
CHEMBL238_Ki,1,RF,0.3307160282943379,54
CHEMBL238_Ki,1,SVR,0.3016807530652841,54
CHEMBL238_Ki,1,GBM,0.2940753779021803,54
CHEMBL238_Ki,1,KNN,0.3440180366219345,54
CHEMBL238_Ki,2,RF,0.1476223847987077,61
CHEMBL238_Ki,2,SVR,0.11190744168499467,61
CHEMBL238_Ki,2,GBM,0.16427715201121118,61
CHEMBL238_Ki,2,KNN,0.1880634573238964,61
CHEMBL238_Ki,3,RF,0.31751579811563124,59
CHEMBL238_Ki,3,SVR,0.2464712868511464,59
CHEMBL238_Ki,3,GBM,0.2979687674075585,59
CHEMBL238_Ki,3,KNN,0.31201365895663535,59
CHEMBL238_Ki,4,RF,0.16330764614326043,59
CHEMBL238_Ki,4,SVR,0.1806286839627883,59
CHEMBL238_Ki,4,GBM,0.17291755580579393,59
CHEMBL238_Ki,4,KNN,0.1946419342935919,59
CHEMBL238_Ki,5,RF,0.2427573444711848,62
CHEMBL238_Ki,5,SVR,0.19934247808978145,62
CHEMBL238_Ki,5,GBM,0.2586626426707569,62
CHEMBL238_Ki,5,KNN,0.21631811511497379,62
CHEMBL238_Ki,6,RF,0.26154779086319757,66
CHEMBL238_Ki,6,SVR,0.30969153267500443,66
CHEMBL238_Ki,6,GBM,0.30627242939727445,66
CHEMBL238_Ki,6,KNN,0.3094045718961012,66
CHEMBL238_Ki,7,RF,0.14600762891054342,58
CHEMBL238_Ki,7,SVR,0.11394634542266668,58
CHEMBL238_Ki,7,GBM,0.10894304538317645,58
CHEMBL238_Ki,7,KNN,0.17759426678473222,58
CHEMBL238_Ki,8,RF,0.228264792506913,61
CHEMBL238_Ki,8,SVR,0.2464091190194011,61
CHEMBL238_Ki,8,GBM,0.262070688213244,61
CHEMBL238_Ki,8,KNN,0.25897348550731736,61
CHEMBL238_Ki,9,RF,0.279698796728338,64
CHEMBL238_Ki,9,SVR,0.2549179813771715,64
CHEMBL238_Ki,9,GBM,0.20168929152005788,64
CHEMBL238_Ki,9,KNN,0.24399946621861857,64
CHEMBL238_Ki,10,RF,0.33725564757914317,63
CHEMBL238_Ki,10,SVR,0.2560192402498479,63
CHEMBL238_Ki,10,GBM,0.25862114167385974,63
CHEMBL238_Ki,10,KNN,0.28922079569229797,63
CHEMBL238_Ki,11,RF,0.1447703797892893,74
CHEMBL238_Ki,11,SVR,0.12399192000413051,74
CHEMBL238_Ki,11,GBM,0.096350726555683,74
CHEMBL238_Ki,11,KNN,0.15207398649310566,74
CHEMBL238_Ki,12,RF,0.2457675420970763,66
CHEMBL238_Ki,12,SVR,0.29166267097446585,66
CHEMBL238_Ki,12,GBM,0.3165543050723728,66
CHEMBL238_Ki,12,KNN,0.36016570374452506,66
CHEMBL238_Ki,13,RF,0.2693435587012647,57
CHEMBL238_Ki,13,SVR,0.28090601827599515,57
CHEMBL238_Ki,13,GBM,0.24305746581522614,57
CHEMBL238_Ki,13,KNN,0.26604918511706743,57
CHEMBL238_Ki,14,RF,0.11485887321476695,61
CHEMBL238_Ki,14,SVR,0.1158864920279623,61
CHEMBL238_Ki,14,GBM,0.13584054307854532,61
CHEMBL238_Ki,14,KNN,0.14792311862944363,61
CHEMBL238_Ki,15,RF,0.2000238275834635,65
CHEMBL238_Ki,15,SVR,0.1845240513782711,65
CHEMBL238_Ki,15,GBM,0.19254999034910059,65
CHEMBL238_Ki,15,KNN,0.223268221873396,65
CHEMBL238_Ki,16,RF,0.24882336846370767,65
CHEMBL238_Ki,16,SVR,0.256486836722834,65
CHEMBL238_Ki,16,GBM,0.28129624184128754,65
CHEMBL238_Ki,16,KNN,0.22721438644339176,65
CHEMBL238_Ki,17,RF,0.22985089157073413,62
CHEMBL238_Ki,17,SVR,0.23173897155024392,62
CHEMBL238_Ki,17,GBM,0.20286543090670128,62
CHEMBL238_Ki,17,KNN,0.25273085020392305,62
CHEMBL238_Ki,18,RF,0.31659883492208074,65
CHEMBL238_Ki,18,SVR,0.30933665646043607,65
CHEMBL238_Ki,18,GBM,0.2616881987656158,65
CHEMBL238_Ki,18,KNN,0.2991628616558666,65
CHEMBL238_Ki,19,RF,0.21136572290496236,59
CHEMBL238_Ki,19,SVR,0.2506902891260574,59
CHEMBL238_Ki,19,GBM,0.21812749473784965,59
CHEMBL238_Ki,19,KNN,0.24047339424611336,59
CHEMBL239_EC50,0,RF,0.1686334976067685,103
CHEMBL239_EC50,0,SVR,0.12879637011487355,103
CHEMBL239_EC50,0,GBM,0.14951796544262658,103
CHEMBL239_EC50,0,KNN,0.1826836352268273,103
CHEMBL239_EC50,1,RF,0.1544594635725956,102
CHEMBL239_EC50,1,SVR,0.14529531633468323,102
CHEMBL239_EC50,1,GBM,0.14004789358661596,102
CHEMBL239_EC50,1,KNN,0.15082840271911935,102
CHEMBL239_EC50,2,RF,0.19591493210380645,103
CHEMBL239_EC50,2,SVR,0.20265990239885928,103
CHEMBL239_EC50,2,GBM,0.22932286822873105,103
CHEMBL239_EC50,2,KNN,0.20524977347989104,103
CHEMBL239_EC50,3,RF,0.2596935122171804,103
CHEMBL239_EC50,3,SVR,0.219928255338588,103
CHEMBL239_EC50,3,GBM,0.24824874201545066,103
CHEMBL239_EC50,3,KNN,0.2841966359054287,103
CHEMBL239_EC50,4,RF,0.08994934796437437,99
CHEMBL239_EC50,4,SVR,0.08440825783395967,99
CHEMBL239_EC50,4,GBM,0.06402183633668102,99
CHEMBL239_EC50,4,KNN,0.11318423729964949,99
CHEMBL239_EC50,5,RF,0.16999111033296982,86
CHEMBL239_EC50,5,SVR,0.20001906678727394,86
CHEMBL239_EC50,5,GBM,0.166063823341432,86
CHEMBL239_EC50,5,KNN,0.19223619986712537,86
CHEMBL239_EC50,6,RF,0.14890814642927358,94
CHEMBL239_EC50,6,SVR,0.1384655088920943,94
CHEMBL239_EC50,6,GBM,0.11069237289211536,94
CHEMBL239_EC50,6,KNN,0.14965625963456014,94
CHEMBL239_EC50,7,RF,0.20905632069661362,99
CHEMBL239_EC50,7,SVR,0.18021702998734346,99
CHEMBL239_EC50,7,GBM,0.1632760169593695,99
CHEMBL239_EC50,7,KNN,0.19147961006274222,99
CHEMBL239_EC50,8,RF,0.1504434890460733,102
CHEMBL239_EC50,8,SVR,0.12730152008360818,102
CHEMBL239_EC50,8,GBM,0.16339306367404194,102
CHEMBL239_EC50,8,KNN,0.20150814716802462,102
CHEMBL239_EC50,9,RF,0.17800563256229696,88
CHEMBL239_EC50,9,SVR,0.1426659221577516,88
CHEMBL239_EC50,9,GBM,0.17425272920574353,88
CHEMBL239_EC50,9,KNN,0.14418145414610556,88
CHEMBL239_EC50,10,RF,0.10695997861979961,103
CHEMBL239_EC50,10,SVR,0.09444491260743615,103
CHEMBL239_EC50,10,GBM,0.09899797909850094,103
CHEMBL239_EC50,10,KNN,0.18756526484499186,103
CHEMBL239_EC50,11,RF,0.18570065416297832,100
CHEMBL239_EC50,11,SVR,0.20636228046243676,100
CHEMBL239_EC50,11,GBM,0.1650067840747269,100
CHEMBL239_EC50,11,KNN,0.21066274348173603,100
CHEMBL239_EC50,12,RF,0.15921399098954508,95
CHEMBL239_EC50,12,SVR,0.13865560043183733,95
CHEMBL239_EC50,12,GBM,0.1351770511772863,95
CHEMBL239_EC50,12,KNN,0.20209154003496665,95
CHEMBL239_EC50,13,RF,0.1499450887555981,102
CHEMBL239_EC50,13,SVR,0.13990543232930053,102
CHEMBL239_EC50,13,GBM,0.1633020657979528,102
CHEMBL239_EC50,13,KNN,0.19020780765316236,102
CHEMBL239_EC50,14,RF,0.17972459003683328,111
CHEMBL239_EC50,14,SVR,0.1783181752485778,111
CHEMBL239_EC50,14,GBM,0.18059100185532434,111
CHEMBL239_EC50,14,KNN,0.17537499175001192,111
CHEMBL239_EC50,15,RF,0.1402200001179444,91
CHEMBL239_EC50,15,SVR,0.14609940106923985,91
CHEMBL239_EC50,15,GBM,0.1439534946430467,91
CHEMBL239_EC50,15,KNN,0.15714257520476138,91
CHEMBL239_EC50,16,RF,0.23753988041934848,105
CHEMBL239_EC50,16,SVR,0.2220418226324451,105
CHEMBL239_EC50,16,GBM,0.22274320786327834,105
CHEMBL239_EC50,16,KNN,0.21031160640566643,105
CHEMBL239_EC50,17,RF,0.1551385665711718,91
CHEMBL239_EC50,17,SVR,0.1414542597140509,91
CHEMBL239_EC50,17,GBM,0.15708545569392413,91
CHEMBL239_EC50,17,KNN,0.18697556938645948,91
CHEMBL239_EC50,18,RF,0.15356839875464384,115
CHEMBL239_EC50,18,SVR,0.18591454309759375,115
CHEMBL239_EC50,18,GBM,0.18337983998344654,115
CHEMBL239_EC50,18,KNN,0.20808893006970558,115
CHEMBL239_EC50,19,RF,0.13574212713969336,105
CHEMBL239_EC50,19,SVR,0.1225914767926718,105
CHEMBL239_EC50,19,GBM,0.11988401515061625,105
CHEMBL239_EC50,19,KNN,0.15550336743458348,105
CHEMBL244_Ki,0,RF,0.223042976235449,315
CHEMBL244_Ki,0,SVR,0.19928174999554005,315
CHEMBL244_Ki,0,GBM,0.2074364075015036,315
CHEMBL244_Ki,0,KNN,0.2617556089649649,315
CHEMBL244_Ki,1,RF,0.1654494823875139,311
CHEMBL244_Ki,1,SVR,0.14141804730720053,311
CHEMBL244_Ki,1,GBM,0.14520248297653082,311
CHEMBL244_Ki,1,KNN,0.17244675611594917,311
CHEMBL244_Ki,2,RF,0.18981286206529657,320
CHEMBL244_Ki,2,SVR,0.15292655970177693,320
CHEMBL244_Ki,2,GBM,0.15827142909773295,320
CHEMBL244_Ki,2,KNN,0.2001055506385071,320
CHEMBL244_Ki,3,RF,0.18530667530927836,324
CHEMBL244_Ki,3,SVR,0.16238220150506677,324
CHEMBL244_Ki,3,GBM,0.17588929149561439,324
CHEMBL244_Ki,3,KNN,0.24367695125343591,324
CHEMBL244_Ki,4,RF,0.1907497141325113,318
CHEMBL244_Ki,4,SVR,0.1540265949516988,318
CHEMBL244_Ki,4,GBM,0.14969815294000943,318
CHEMBL244_Ki,4,KNN,0.21718432142967886,318
CHEMBL244_Ki,5,RF,0.17495801938540034,329
CHEMBL244_Ki,5,SVR,0.15143411705904197,329
CHEMBL244_Ki,5,GBM,0.1582164300407859,329
CHEMBL244_Ki,5,KNN,0.1625900830414152,329
CHEMBL244_Ki,6,RF,0.1787116267970047,330
CHEMBL244_Ki,6,SVR,0.19432325580523713,330
CHEMBL244_Ki,6,GBM,0.16482067008037193,330
CHEMBL244_Ki,6,KNN,0.25001193739953065,330
CHEMBL244_Ki,7,RF,0.21087153965389338,329
CHEMBL244_Ki,7,SVR,0.1721973168272385,329
CHEMBL244_Ki,7,GBM,0.16633206647869503,329
CHEMBL244_Ki,7,KNN,0.21495536093032996,329
CHEMBL244_Ki,8,RF,0.24762409872279956,322
CHEMBL244_Ki,8,SVR,0.17558485863938544,322
CHEMBL244_Ki,8,GBM,0.2115579063816908,322
CHEMBL244_Ki,8,KNN,0.26552497523536556,322
CHEMBL244_Ki,9,RF,0.18482233527524505,323
CHEMBL244_Ki,9,SVR,0.15598606982721153,323
CHEMBL244_Ki,9,GBM,0.14229282678319422,323
CHEMBL244_Ki,9,KNN,0.21481140652287556,323
CHEMBL244_Ki,10,RF,0.12109875982537865,317
CHEMBL244_Ki,10,SVR,0.1296654218678137,317
CHEMBL244_Ki,10,GBM,0.08791765896308312,317
CHEMBL244_Ki,10,KNN,0.1799926318460624,317
CHEMBL244_Ki,11,RF,0.22121002922713806,312
CHEMBL244_Ki,11,SVR,0.21396078552565634,312
CHEMBL244_Ki,11,GBM,0.19519396553483892,312
CHEMBL244_Ki,11,KNN,0.2282628940773419,312
CHEMBL244_Ki,12,RF,0.19481179877243748,306
CHEMBL244_Ki,12,SVR,0.16273489201067082,306
CHEMBL244_Ki,12,GBM,0.16479837046936818,306
CHEMBL244_Ki,12,KNN,0.1883289045562807,306
CHEMBL244_Ki,13,RF,0.16256393674529812,325
CHEMBL244_Ki,13,SVR,0.11008151352235618,325
CHEMBL244_Ki,13,GBM,0.10136462600573526,325
CHEMBL244_Ki,13,KNN,0.16588197575112162,325
CHEMBL244_Ki,14,RF,0.1583800220797631,332
CHEMBL244_Ki,14,SVR,0.12757567479248322,332
CHEMBL244_Ki,14,GBM,0.11612775216640836,332
CHEMBL244_Ki,14,KNN,0.19392587028447628,332
CHEMBL244_Ki,15,RF,0.15302073852525544,358
CHEMBL244_Ki,15,SVR,0.13938893170252276,358
CHEMBL244_Ki,15,GBM,0.17611725546432644,358
CHEMBL244_Ki,15,KNN,0.19175898061775687,358
CHEMBL244_Ki,16,RF,0.07565403008089111,342
CHEMBL244_Ki,16,SVR,0.02147167125670113,342
CHEMBL244_Ki,16,GBM,0.05896556990693702,342
CHEMBL244_Ki,16,KNN,0.1555841762519945,342
CHEMBL244_Ki,17,RF,0.23143246993879907,313
CHEMBL244_Ki,17,SVR,0.20074362931980227,313
CHEMBL244_Ki,17,GBM,0.20404385940626912,313
CHEMBL244_Ki,17,KNN,0.20953132094863097,313
CHEMBL244_Ki,18,RF,0.19374622479344694,310
CHEMBL244_Ki,18,SVR,0.16771856004586394,310
CHEMBL244_Ki,18,GBM,0.17720678510607857,310
CHEMBL244_Ki,18,KNN,0.20799877935526812,310
CHEMBL244_Ki,19,RF,0.18708104831531436,305
CHEMBL244_Ki,19,SVR,0.13720416977772387,305
CHEMBL244_Ki,19,GBM,0.12347647705177145,305
CHEMBL244_Ki,19,KNN,0.18453413308811617,305
CHEMBL262_Ki,0,RF,0.17881927989007385,35
CHEMBL262_Ki,0,SVR,0.14469306006714866,35
CHEMBL262_Ki,0,GBM,0.1746282427376158,35
CHEMBL262_Ki,0,KNN,0.16284700627369586,35
CHEMBL262_Ki,1,RF,0.1895637255479119,45
CHEMBL262_Ki,1,SVR,0.20883386048499541,45
CHEMBL262_Ki,1,GBM,0.19506852473297642,45
CHEMBL262_Ki,1,KNN,0.23900426242270434,45
CHEMBL262_Ki,2,RF,0.27303767348829,28
CHEMBL262_Ki,2,SVR,0.2846016665737888,28
CHEMBL262_Ki,2,GBM,0.27292397418184977,28
CHEMBL262_Ki,2,KNN,0.26627672359398524,28
CHEMBL262_Ki,3,RF,0.1711014191888297,39
CHEMBL262_Ki,3,SVR,0.15178454178684664,39
CHEMBL262_Ki,3,GBM,0.22302391269596356,39
CHEMBL262_Ki,3,KNN,0.108261767767458,39
CHEMBL262_Ki,4,RF,0.17849632770997315,41
CHEMBL262_Ki,4,SVR,0.19173703062041203,41
CHEMBL262_Ki,4,GBM,0.17984187992090883,41
CHEMBL262_Ki,4,KNN,0.1659627534177699,41
CHEMBL262_Ki,5,RF,0.180395238549922,43
CHEMBL262_Ki,5,SVR,0.15939695766559048,43
CHEMBL262_Ki,5,GBM,0.20325497953094307,43
CHEMBL262_Ki,5,KNN,0.26735702147363516,43
CHEMBL262_Ki,6,RF,0.16003989130601504,39
CHEMBL262_Ki,6,SVR,0.09570490597635772,39
CHEMBL262_Ki,6,GBM,0.11693606966257253,39
CHEMBL262_Ki,6,KNN,0.13694995839210244,39
CHEMBL262_Ki,7,RF,0.2667382260212813,38
CHEMBL262_Ki,7,SVR,0.23886401741991437,38
CHEMBL262_Ki,7,GBM,0.24793500736455376,38
CHEMBL262_Ki,7,KNN,0.18523016385329616,38
CHEMBL262_Ki,8,RF,0.2844610824405839,41
CHEMBL262_Ki,8,SVR,0.28668704507526044,41
CHEMBL262_Ki,8,GBM,0.27000386847555913,41
CHEMBL262_Ki,8,KNN,0.3062465244801058,41
CHEMBL262_Ki,9,RF,0.27723536428988527,32
CHEMBL262_Ki,9,SVR,0.2599824245265355,32
CHEMBL262_Ki,9,GBM,0.2520281701074286,32
CHEMBL262_Ki,9,KNN,0.2980666390729998,32
CHEMBL262_Ki,10,RF,0.257777632446461,36
CHEMBL262_Ki,10,SVR,0.19103682549958723,36
CHEMBL262_Ki,10,GBM,0.2764814820920567,36
CHEMBL262_Ki,10,KNN,0.24269577165462108,36
CHEMBL262_Ki,11,RF,0.14186611042639563,39
CHEMBL262_Ki,11,SVR,0.19956471832429357,39
CHEMBL262_Ki,11,GBM,0.1564583586651056,39
CHEMBL262_Ki,11,KNN,0.1817195175709736,39
CHEMBL262_Ki,12,RF,0.16237582119886496,38
CHEMBL262_Ki,12,SVR,0.1291823654682741,38
CHEMBL262_Ki,12,GBM,0.1732340906864207,38
CHEMBL262_Ki,12,KNN,0.1942564085896068,38
CHEMBL262_Ki,13,RF,0.3028409002707184,35
CHEMBL262_Ki,13,SVR,0.20777432569995669,35
CHEMBL262_Ki,13,GBM,0.22848613292327602,35
CHEMBL262_Ki,13,KNN,0.2904231645620824,35
CHEMBL262_Ki,14,RF,0.22027855124777374,30
CHEMBL262_Ki,14,SVR,0.2410270567039695,30
CHEMBL262_Ki,14,GBM,0.2549391728693814,30
CHEMBL262_Ki,14,KNN,0.22927218071077804,30
CHEMBL262_Ki,15,RF,0.21149876865121997,34
CHEMBL262_Ki,15,SVR,0.1852457646667488,34
CHEMBL262_Ki,15,GBM,0.21271253497142806,34
CHEMBL262_Ki,15,KNN,0.17917270694728016,34
CHEMBL262_Ki,16,RF,0.3850586061708413,41
CHEMBL262_Ki,16,SVR,0.283627189168112,41
CHEMBL262_Ki,16,GBM,0.36658656884741936,41
CHEMBL262_Ki,16,KNN,0.2417441030471208,41
CHEMBL262_Ki,17,RF,0.2097883158404099,36
CHEMBL262_Ki,17,SVR,0.19905339903540464,36
CHEMBL262_Ki,17,GBM,0.331801597870538,36
CHEMBL262_Ki,17,KNN,0.20285509446892935,36
CHEMBL262_Ki,18,RF,0.29908983154425606,36
CHEMBL262_Ki,18,SVR,0.3070260617062125,36
CHEMBL262_Ki,18,GBM,0.3247916941214757,36
CHEMBL262_Ki,18,KNN,0.29251021026634105,36
CHEMBL262_Ki,19,RF,0.163768222948679,53
CHEMBL262_Ki,19,SVR,0.16439723320800959,53
CHEMBL262_Ki,19,GBM,0.15923782859062452,53
CHEMBL262_Ki,19,KNN,0.17869509188092148,53
CHEMBL264_Ki,0,RF,0.2392033497187216,293
CHEMBL264_Ki,0,SVR,0.20573656922548733,293
CHEMBL264_Ki,0,GBM,0.20736575306112626,293
CHEMBL264_Ki,0,KNN,0.20917079818415452,293
CHEMBL264_Ki,1,RF,0.14134192523823497,247
CHEMBL264_Ki,1,SVR,0.09493551687860347,247
CHEMBL264_Ki,1,GBM,0.11616754874096713,247
CHEMBL264_Ki,1,KNN,0.1886610112305377,247
CHEMBL264_Ki,2,RF,0.23470854672631436,284
CHEMBL264_Ki,2,SVR,0.21670770431086472,284
CHEMBL264_Ki,2,GBM,0.2286667943200873,284
CHEMBL264_Ki,2,KNN,0.24701390938553325,284
CHEMBL264_Ki,3,RF,0.26290084571183514,278
CHEMBL264_Ki,3,SVR,0.21286013430667627,278
CHEMBL264_Ki,3,GBM,0.23653392425973574,278
CHEMBL264_Ki,3,KNN,0.24014014806681705,278
CHEMBL264_Ki,4,RF,0.17903184342074352,268
CHEMBL264_Ki,4,SVR,0.13907708686717069,268
CHEMBL264_Ki,4,GBM,0.15347992003008593,268
CHEMBL264_Ki,4,KNN,0.17080995408751398,268
CHEMBL264_Ki,5,RF,0.27661939689988824,275
CHEMBL264_Ki,5,SVR,0.21466760456295464,275
CHEMBL264_Ki,5,GBM,0.21590519015191478,275
CHEMBL264_Ki,5,KNN,0.2667808496632098,275
CHEMBL264_Ki,6,RF,0.22943533249279324,279
CHEMBL264_Ki,6,SVR,0.19127660583141992,279
CHEMBL264_Ki,6,GBM,0.18398004386204092,279
CHEMBL264_Ki,6,KNN,0.20699637476854993,279
CHEMBL264_Ki,7,RF,0.26329936828036626,279
CHEMBL264_Ki,7,SVR,0.2400406223838537,279
CHEMBL264_Ki,7,GBM,0.25631732348119685,279
CHEMBL264_Ki,7,KNN,0.30165551631324106,279
CHEMBL264_Ki,8,RF,0.2251067250783133,272
CHEMBL264_Ki,8,SVR,0.21348150650462605,272
CHEMBL264_Ki,8,GBM,0.2145841243951705,272
CHEMBL264_Ki,8,KNN,0.2522077565340779,272
CHEMBL264_Ki,9,RF,0.23606011236402613,258
CHEMBL264_Ki,9,SVR,0.1924076299209685,258
CHEMBL264_Ki,9,GBM,0.19726146763150487,258
CHEMBL264_Ki,9,KNN,0.2231185514313372,258
CHEMBL264_Ki,10,RF,0.23921744614504725,274
CHEMBL264_Ki,10,SVR,0.1934582205860177,274
CHEMBL264_Ki,10,GBM,0.20026565887763448,274
CHEMBL264_Ki,10,KNN,0.21642829886158083,274
CHEMBL264_Ki,11,RF,0.1669575081541087,262
CHEMBL264_Ki,11,SVR,0.13388833718293902,262
CHEMBL264_Ki,11,GBM,0.15578997807854456,262
CHEMBL264_Ki,11,KNN,0.14823085987357926,262
CHEMBL264_Ki,12,RF,0.21240824358709365,267
CHEMBL264_Ki,12,SVR,0.17366744442080206,267
CHEMBL264_Ki,12,GBM,0.21672157450421836,267
CHEMBL264_Ki,12,KNN,0.23131505534653674,267
CHEMBL264_Ki,13,RF,0.11252964213662386,284
CHEMBL264_Ki,13,SVR,0.0705108725747079,284
CHEMBL264_Ki,13,GBM,0.08218824860020879,284
CHEMBL264_Ki,13,KNN,0.14335250960942703,284
CHEMBL264_Ki,14,RF,0.1896515391620347,283
CHEMBL264_Ki,14,SVR,0.13221452956791835,283
CHEMBL264_Ki,14,GBM,0.15039164341042133,283
CHEMBL264_Ki,14,KNN,0.20686857432212646,283
CHEMBL264_Ki,15,RF,0.28968526966502856,276
CHEMBL264_Ki,15,SVR,0.21562028673537265,276
CHEMBL264_Ki,15,GBM,0.22518653941646732,276
CHEMBL264_Ki,15,KNN,0.20197342137479457,276
CHEMBL264_Ki,16,RF,0.272841823240206,296
CHEMBL264_Ki,16,SVR,0.250674187492267,296
CHEMBL264_Ki,16,GBM,0.26244296586432136,296
CHEMBL264_Ki,16,KNN,0.24335752019713108,296
CHEMBL264_Ki,17,RF,0.27085171048777856,281
CHEMBL264_Ki,17,SVR,0.2318524477480004,281
CHEMBL264_Ki,17,GBM,0.2522704329900106,281
CHEMBL264_Ki,17,KNN,0.23512116732431698,281
CHEMBL264_Ki,18,RF,0.23054738282380172,251
CHEMBL264_Ki,18,SVR,0.16918903901655757,251
CHEMBL264_Ki,18,GBM,0.2103337641913795,251
CHEMBL264_Ki,18,KNN,0.21389394904764458,251
CHEMBL264_Ki,19,RF,0.20534731576397947,266
CHEMBL264_Ki,19,SVR,0.17095171903483863,266
CHEMBL264_Ki,19,GBM,0.1870003446839893,266
CHEMBL264_Ki,19,KNN,0.17225680656766362,266
CHEMBL2835_Ki,0,RF,0.09351489291275406,66
CHEMBL2835_Ki,0,SVR,0.05212174447059059,66
CHEMBL2835_Ki,0,GBM,0.11810875555258704,66
CHEMBL2835_Ki,0,KNN,0.12427130616112836,66
CHEMBL2835_Ki,1,RF,0.31125841450360586,71
CHEMBL2835_Ki,1,SVR,0.2708840215346432,71
CHEMBL2835_Ki,1,GBM,0.19957117410289332,71
CHEMBL2835_Ki,1,KNN,0.20074154123074772,71
CHEMBL2835_Ki,2,RF,0.18817388905975585,63
CHEMBL2835_Ki,2,SVR,0.10711414111503154,63
CHEMBL2835_Ki,2,GBM,0.12596411242649586,63
CHEMBL2835_Ki,2,KNN,0.12398638471325907,63
CHEMBL2835_Ki,3,RF,0.2240834585811181,68
CHEMBL2835_Ki,3,SVR,0.24237415495641917,68
CHEMBL2835_Ki,3,GBM,0.20088211973188885,68
CHEMBL2835_Ki,3,KNN,0.1756640503562708,68
CHEMBL2835_Ki,4,RF,0.13297721835850196,67
CHEMBL2835_Ki,4,SVR,0.07190450716971997,67
CHEMBL2835_Ki,4,GBM,0.07412449999659942,67
CHEMBL2835_Ki,4,KNN,0.10143046575357473,67
CHEMBL2835_Ki,5,RF,0.2299235271217499,69
CHEMBL2835_Ki,5,SVR,0.2073495263126392,69
CHEMBL2835_Ki,5,GBM,0.2233174610747261,69
CHEMBL2835_Ki,5,KNN,0.15436896973881142,69
CHEMBL2835_Ki,6,RF,0.2094935605838003,67
CHEMBL2835_Ki,6,SVR,0.15127903058086362,67
CHEMBL2835_Ki,6,GBM,0.17874871697258093,67
CHEMBL2835_Ki,6,KNN,0.1646932917024725,67
CHEMBL2835_Ki,7,RF,0.167928888346563,68
CHEMBL2835_Ki,7,SVR,0.18272593243993396,68
CHEMBL2835_Ki,7,GBM,0.12236145249108094,68
CHEMBL2835_Ki,7,KNN,0.1417807763446048,68
CHEMBL2835_Ki,8,RF,0.10838592211351272,65
CHEMBL2835_Ki,8,SVR,0.12474793541976581,65
CHEMBL2835_Ki,8,GBM,0.09713166794885963,65
CHEMBL2835_Ki,8,KNN,0.10985978821069553,65
CHEMBL2835_Ki,9,RF,0.2640730034561167,57
CHEMBL2835_Ki,9,SVR,0.19593595190204366,57
CHEMBL2835_Ki,9,GBM,0.2175023492515188,57
CHEMBL2835_Ki,9,KNN,0.18461418709975397,57
CHEMBL2835_Ki,10,RF,0.09696180046061431,57
CHEMBL2835_Ki,10,SVR,0.14652374337967639,57
CHEMBL2835_Ki,10,GBM,0.10292569943539054,57
CHEMBL2835_Ki,10,KNN,0.16436975431342293,57
CHEMBL2835_Ki,11,RF,0.1837859945720205,61
CHEMBL2835_Ki,11,SVR,0.13893444962718304,61
CHEMBL2835_Ki,11,GBM,0.17699793098029498,61
CHEMBL2835_Ki,11,KNN,0.13363169329928487,61
CHEMBL2835_Ki,12,RF,0.16727215454105882,63
CHEMBL2835_Ki,12,SVR,0.20701505169350642,63
CHEMBL2835_Ki,12,GBM,0.17651128278574796,63
CHEMBL2835_Ki,12,KNN,0.22705410399732173,63
CHEMBL2835_Ki,13,RF,0.20418741645915045,64
CHEMBL2835_Ki,13,SVR,0.15572221009528742,64
CHEMBL2835_Ki,13,GBM,0.22333537498970008,64
CHEMBL2835_Ki,13,KNN,0.2267960516028546,64
CHEMBL2835_Ki,14,RF,0.18510228469645457,64
CHEMBL2835_Ki,14,SVR,0.1688225105740893,64
CHEMBL2835_Ki,14,GBM,0.1906321427010591,64
CHEMBL2835_Ki,14,KNN,0.22491672350733166,64
CHEMBL2835_Ki,15,RF,0.08399681340727772,63
CHEMBL2835_Ki,15,SVR,0.05932985503527788,63
CHEMBL2835_Ki,15,GBM,0.10950625465532482,63
CHEMBL2835_Ki,15,KNN,0.11465805771833437,63
CHEMBL2835_Ki,16,RF,0.08844088956214113,66
CHEMBL2835_Ki,16,SVR,0.02515784280625699,66
CHEMBL2835_Ki,16,GBM,0.08672160951162122,66
CHEMBL2835_Ki,16,KNN,0.15344083271661868,66
CHEMBL2835_Ki,17,RF,0.22299697935121077,72
CHEMBL2835_Ki,17,SVR,0.1622442943587094,72
CHEMBL2835_Ki,17,GBM,0.21391846758520178,72
CHEMBL2835_Ki,17,KNN,0.13789955988548785,72
CHEMBL2835_Ki,18,RF,0.04251913272795782,71
CHEMBL2835_Ki,18,SVR,-0.021391555094707693,71
CHEMBL2835_Ki,18,GBM,0.023968672731493612,71
CHEMBL2835_Ki,18,KNN,0.021064425982605606,71
CHEMBL2835_Ki,19,RF,0.26440248277619893,70
CHEMBL2835_Ki,19,SVR,0.21645811235551676,70
CHEMBL2835_Ki,19,GBM,0.16729246062817715,70
CHEMBL2835_Ki,19,KNN,0.2729096065276074,70
CHEMBL287_Ki,0,RF,0.15083394319267995,97
CHEMBL287_Ki,0,SVR,0.18284238413487264,97
CHEMBL287_Ki,0,GBM,0.1948417329772404,97
CHEMBL287_Ki,0,KNN,0.24706788451463058,97
CHEMBL287_Ki,1,RF,0.15680281176239086,87
CHEMBL287_Ki,1,SVR,0.17206282795077288,87
CHEMBL287_Ki,1,GBM,0.18315870651594668,87
CHEMBL287_Ki,1,KNN,0.19988704049030515,87
CHEMBL287_Ki,2,RF,0.21187088192874426,90
CHEMBL287_Ki,2,SVR,0.22775044859817006,90
CHEMBL287_Ki,2,GBM,0.18086000704437533,90
CHEMBL287_Ki,2,KNN,0.20390994822274333,90
CHEMBL287_Ki,3,RF,0.19413986409601958,96
CHEMBL287_Ki,3,SVR,0.19842924700550835,96
CHEMBL287_Ki,3,GBM,0.16345201394831066,96
CHEMBL287_Ki,3,KNN,0.12911362221804135,96
CHEMBL287_Ki,4,RF,0.16206191596267883,103
CHEMBL287_Ki,4,SVR,0.14592966734547785,103
CHEMBL287_Ki,4,GBM,0.13329908499266074,103
CHEMBL287_Ki,4,KNN,0.12459265617522075,103
CHEMBL287_Ki,5,RF,0.16615482540365878,98
CHEMBL287_Ki,5,SVR,0.17732769079016797,98
CHEMBL287_Ki,5,GBM,0.14975087083996175,98
CHEMBL287_Ki,5,KNN,0.1338819173110073,98
CHEMBL287_Ki,6,RF,0.13727994172615565,89
CHEMBL287_Ki,6,SVR,0.1819869828695253,89
CHEMBL287_Ki,6,GBM,0.13079562529977395,89
CHEMBL287_Ki,6,KNN,0.20753440597785267,89
CHEMBL287_Ki,7,RF,0.1389290235953976,98
CHEMBL287_Ki,7,SVR,0.14064372358390176,98
CHEMBL287_Ki,7,GBM,0.1285846868851045,98
CHEMBL287_Ki,7,KNN,0.1866211482514476,98
CHEMBL287_Ki,8,RF,0.21759134234913147,98
CHEMBL287_Ki,8,SVR,0.21625042135855355,98
CHEMBL287_Ki,8,GBM,0.26182923529306823,98
CHEMBL287_Ki,8,KNN,0.2271179320863308,98
CHEMBL287_Ki,9,RF,0.2394371943272524,79
CHEMBL287_Ki,9,SVR,0.2624107278465068,79
CHEMBL287_Ki,9,GBM,0.23532057041495685,79
CHEMBL287_Ki,9,KNN,0.21747044931213333,79
CHEMBL287_Ki,10,RF,0.17654093286845973,92
CHEMBL287_Ki,10,SVR,0.20004252886587437,92
CHEMBL287_Ki,10,GBM,0.15240794137918723,92
CHEMBL287_Ki,10,KNN,0.2582265242581576,92
CHEMBL287_Ki,11,RF,0.10187340339361906,111
CHEMBL287_Ki,11,SVR,0.09316117586451012,111
CHEMBL287_Ki,11,GBM,0.08346544008587642,111
CHEMBL287_Ki,11,KNN,0.14036382947137893,111
CHEMBL287_Ki,12,RF,0.17649332802830042,98
CHEMBL287_Ki,12,SVR,0.178762684950298,98
CHEMBL287_Ki,12,GBM,0.21191045975966338,98
CHEMBL287_Ki,12,KNN,0.2700427786628461,98
CHEMBL287_Ki,13,RF,0.10480659824748206,113
CHEMBL287_Ki,13,SVR,0.12607549115346883,113
CHEMBL287_Ki,13,GBM,0.13136934843363335,113
CHEMBL287_Ki,13,KNN,0.21326331703458723,113
CHEMBL287_Ki,14,RF,0.24302654841315452,93
CHEMBL287_Ki,14,SVR,0.2561499472689418,93
CHEMBL287_Ki,14,GBM,0.2587207545245531,93
CHEMBL287_Ki,14,KNN,0.3546209886846269,93
CHEMBL287_Ki,15,RF,0.23148716555986837,82
CHEMBL287_Ki,15,SVR,0.22902173607304455,82
CHEMBL287_Ki,15,GBM,0.17033259594837302,82
CHEMBL287_Ki,15,KNN,0.21869248605378433,82
CHEMBL287_Ki,16,RF,0.13074596861663235,100
CHEMBL287_Ki,16,SVR,0.09841777786768391,100
CHEMBL287_Ki,16,GBM,0.12304344190505467,100
CHEMBL287_Ki,16,KNN,0.19318248183169318,100
CHEMBL287_Ki,17,RF,0.11849672775926456,105
CHEMBL287_Ki,17,SVR,0.12616796403657637,105
CHEMBL287_Ki,17,GBM,0.10777428407310741,105
CHEMBL287_Ki,17,KNN,0.1629168317746451,105
CHEMBL287_Ki,18,RF,0.11547534086481182,87
CHEMBL287_Ki,18,SVR,0.10410462049414626,87
CHEMBL287_Ki,18,GBM,0.08768501735291478,87
CHEMBL287_Ki,18,KNN,0.13467645961185637,87
CHEMBL287_Ki,19,RF,0.16327981002932412,94
CHEMBL287_Ki,19,SVR,0.1647170464447394,94
CHEMBL287_Ki,19,GBM,0.1538739364809235,94
CHEMBL287_Ki,19,KNN,0.17700225518894175,94
CHEMBL2971_Ki,0,RF,0.008561673668967207,77
CHEMBL2971_Ki,0,SVR,0.03648409303448741,77
CHEMBL2971_Ki,0,GBM,0.02107175586346144,77
CHEMBL2971_Ki,0,KNN,0.11306214118327262,77
CHEMBL2971_Ki,1,RF,0.04272673580716524,88
CHEMBL2971_Ki,1,SVR,0.04448788295631101,88
CHEMBL2971_Ki,1,GBM,0.00613757794009151,88
CHEMBL2971_Ki,1,KNN,0.12134217796635294,88
CHEMBL2971_Ki,2,RF,0.017393634259088242,74
CHEMBL2971_Ki,2,SVR,0.009859891032080181,74
CHEMBL2971_Ki,2,GBM,-0.029338704630297197,74
CHEMBL2971_Ki,2,KNN,0.06951141438338149,74
CHEMBL2971_Ki,3,RF,0.031571510198360575,85
CHEMBL2971_Ki,3,SVR,0.04079063412509165,85
CHEMBL2971_Ki,3,GBM,0.07102654059700486,85
CHEMBL2971_Ki,3,KNN,0.13450009419987918,85
CHEMBL2971_Ki,4,RF,0.10620193612675,83
CHEMBL2971_Ki,4,SVR,0.0984905899794295,83
CHEMBL2971_Ki,4,GBM,0.073105597964647,83
CHEMBL2971_Ki,4,KNN,0.16467724729591526,83
CHEMBL2971_Ki,5,RF,-0.10422586212658325,85
CHEMBL2971_Ki,5,SVR,-0.10739441624765467,85
CHEMBL2971_Ki,5,GBM,-0.09784840377677628,85
CHEMBL2971_Ki,5,KNN,-0.03451028222578778,85
CHEMBL2971_Ki,6,RF,0.01487659085257742,76
CHEMBL2971_Ki,6,SVR,0.03596143118187145,76
CHEMBL2971_Ki,6,GBM,0.007784846707584725,76
CHEMBL2971_Ki,6,KNN,0.07038728093474256,76
CHEMBL2971_Ki,7,RF,0.0477613300795825,82
CHEMBL2971_Ki,7,SVR,0.06221110067734148,82
CHEMBL2971_Ki,7,GBM,0.03852254503286823,82
CHEMBL2971_Ki,7,KNN,0.10704652115196656,82
CHEMBL2971_Ki,8,RF,0.03764217617693144,85
CHEMBL2971_Ki,8,SVR,0.06046314037033862,85
CHEMBL2971_Ki,8,GBM,0.04066381033612998,85
CHEMBL2971_Ki,8,KNN,0.105432915425689,85
CHEMBL2971_Ki,9,RF,0.02653885240322662,78
CHEMBL2971_Ki,9,SVR,0.051981750476990274,78
CHEMBL2971_Ki,9,GBM,-0.02580112187540684,78
CHEMBL2971_Ki,9,KNN,0.028897240867591045,78
CHEMBL2971_Ki,10,RF,0.05363095654354788,71
CHEMBL2971_Ki,10,SVR,0.07436206118514721,71
CHEMBL2971_Ki,10,GBM,0.0311850728136277,71
CHEMBL2971_Ki,10,KNN,0.14418360415300324,71
CHEMBL2971_Ki,11,RF,0.024252082927076257,84
CHEMBL2971_Ki,11,SVR,0.05717869713729751,84
CHEMBL2971_Ki,11,GBM,0.024326203868779817,84
CHEMBL2971_Ki,11,KNN,0.10757083723383154,84
CHEMBL2971_Ki,12,RF,0.021997870416971654,75
CHEMBL2971_Ki,12,SVR,0.03699789697593181,75
CHEMBL2971_Ki,12,GBM,0.02978613458203172,75
CHEMBL2971_Ki,12,KNN,0.04170002380876103,75
CHEMBL2971_Ki,13,RF,-0.05381893129493254,85
CHEMBL2971_Ki,13,SVR,-0.031421617263651,85
CHEMBL2971_Ki,13,GBM,-0.06402853813408615,85
CHEMBL2971_Ki,13,KNN,0.0337480637480313,85
CHEMBL2971_Ki,14,RF,0.02260323293563493,80
CHEMBL2971_Ki,14,SVR,0.025575383019775577,80
CHEMBL2971_Ki,14,GBM,0.02336493163100073,80
CHEMBL2971_Ki,14,KNN,0.035424424726769765,80
CHEMBL2971_Ki,15,RF,-0.03535263725831839,79
CHEMBL2971_Ki,15,SVR,0.02563575008595953,79
CHEMBL2971_Ki,15,GBM,-0.012248762704071714,79
CHEMBL2971_Ki,15,KNN,0.055135556857960566,79
CHEMBL2971_Ki,16,RF,0.1527407164372825,88
CHEMBL2971_Ki,16,SVR,0.14160261004784924,88
CHEMBL2971_Ki,16,GBM,0.1259949054211592,88
CHEMBL2971_Ki,16,KNN,0.23016826717203664,88
CHEMBL2971_Ki,17,RF,0.08561540416472668,88
CHEMBL2971_Ki,17,SVR,0.09652170790566061,88
CHEMBL2971_Ki,17,GBM,0.05599415765865545,88
CHEMBL2971_Ki,17,KNN,0.09385810619309165,88
CHEMBL2971_Ki,18,RF,0.027131839251020362,78
CHEMBL2971_Ki,18,SVR,0.01687217654215234,78
CHEMBL2971_Ki,18,GBM,-0.031851506515232164,78
CHEMBL2971_Ki,18,KNN,0.03950834330637787,78
CHEMBL2971_Ki,19,RF,0.04514490109432978,87
CHEMBL2971_Ki,19,SVR,0.09013663041449882,87
CHEMBL2971_Ki,19,GBM,0.07786023042000334,87
CHEMBL2971_Ki,19,KNN,0.12903644746757315,87
CHEMBL3979_EC50,0,RF,0.13344801626598363,70
CHEMBL3979_EC50,0,SVR,0.11134329483063737,70
CHEMBL3979_EC50,0,GBM,0.12791657497820458,70
CHEMBL3979_EC50,0,KNN,0.139435933796346,70
CHEMBL3979_EC50,1,RF,0.10759468149221973,55
CHEMBL3979_EC50,1,SVR,0.1307438560207435,55
CHEMBL3979_EC50,1,GBM,0.0893434075655753,55
CHEMBL3979_EC50,1,KNN,0.16499269566526803,55
CHEMBL3979_EC50,2,RF,0.07539701914025893,78
CHEMBL3979_EC50,2,SVR,0.13531010555492484,78
CHEMBL3979_EC50,2,GBM,0.1421716131608316,78
CHEMBL3979_EC50,2,KNN,0.11810901585583483,78
CHEMBL3979_EC50,3,RF,0.09711542592352285,63
CHEMBL3979_EC50,3,SVR,0.1085027653904892,63
CHEMBL3979_EC50,3,GBM,0.118453589039071,63
CHEMBL3979_EC50,3,KNN,0.1805845837551499,63
CHEMBL3979_EC50,4,RF,0.14478625486097124,62
CHEMBL3979_EC50,4,SVR,0.12908327058977775,62
CHEMBL3979_EC50,4,GBM,0.1376286971159728,62
CHEMBL3979_EC50,4,KNN,0.1826850785578722,62
CHEMBL3979_EC50,5,RF,0.13013737022798022,67
CHEMBL3979_EC50,5,SVR,0.14008905434918362,67
CHEMBL3979_EC50,5,GBM,0.10253134408195025,67
CHEMBL3979_EC50,5,KNN,0.09681056816133238,67
CHEMBL3979_EC50,6,RF,0.06713274622966903,58
CHEMBL3979_EC50,6,SVR,0.12460727724081228,58
CHEMBL3979_EC50,6,GBM,0.09166472575751483,58
CHEMBL3979_EC50,6,KNN,0.22772363299204024,58
CHEMBL3979_EC50,7,RF,0.14926913110598122,62
CHEMBL3979_EC50,7,SVR,0.1461297941530703,62
CHEMBL3979_EC50,7,GBM,0.1395869463018652,62
CHEMBL3979_EC50,7,KNN,0.20888329347178947,62
CHEMBL3979_EC50,8,RF,0.19073078000019128,78
CHEMBL3979_EC50,8,SVR,0.23274320574024987,78
CHEMBL3979_EC50,8,GBM,0.19703815680170728,78
CHEMBL3979_EC50,8,KNN,0.2640474877480041,78
CHEMBL3979_EC50,9,RF,0.11895250314793421,61
CHEMBL3979_EC50,9,SVR,0.11844654388924475,61
CHEMBL3979_EC50,9,GBM,0.129788302444577,61
CHEMBL3979_EC50,9,KNN,0.13933694486273718,61
CHEMBL3979_EC50,10,RF,0.2377004430284777,78
CHEMBL3979_EC50,10,SVR,0.22715470928771364,78
CHEMBL3979_EC50,10,GBM,0.20975561541321058,78
CHEMBL3979_EC50,10,KNN,0.21517297219242792,78
CHEMBL3979_EC50,11,RF,0.14937621250790406,67
CHEMBL3979_EC50,11,SVR,0.14985639731245798,67
CHEMBL3979_EC50,11,GBM,0.1635670829889631,67
CHEMBL3979_EC50,11,KNN,0.2181760758053417,67
CHEMBL3979_EC50,12,RF,0.037522441853124755,62
CHEMBL3979_EC50,12,SVR,0.089291952453313,62
CHEMBL3979_EC50,12,GBM,0.011395884168966364,62
CHEMBL3979_EC50,12,KNN,0.09314489823207517,62
CHEMBL3979_EC50,13,RF,0.1507265816643184,68
CHEMBL3979_EC50,13,SVR,0.1571214384478149,68
CHEMBL3979_EC50,13,GBM,0.1609871890783261,68
CHEMBL3979_EC50,13,KNN,0.11821595029869786,68
CHEMBL3979_EC50,14,RF,0.10026122395449144,63
CHEMBL3979_EC50,14,SVR,0.11100620506069303,63
CHEMBL3979_EC50,14,GBM,0.12474634897305831,63
CHEMBL3979_EC50,14,KNN,0.11259542195168698,63
CHEMBL3979_EC50,15,RF,0.12825466636067945,61
CHEMBL3979_EC50,15,SVR,0.22002673446843857,61
CHEMBL3979_EC50,15,GBM,0.17892661482949807,61
CHEMBL3979_EC50,15,KNN,0.16196325356008273,61
CHEMBL3979_EC50,16,RF,0.21411776824213352,67
CHEMBL3979_EC50,16,SVR,0.22814275185688282,67
CHEMBL3979_EC50,16,GBM,0.1897462686227379,67
CHEMBL3979_EC50,16,KNN,0.23530506168967424,67
CHEMBL3979_EC50,17,RF,0.1602608996745119,65
CHEMBL3979_EC50,17,SVR,0.167017099997683,65
CHEMBL3979_EC50,17,GBM,0.16737367466273295,65
CHEMBL3979_EC50,17,KNN,0.17820030385138608,65
CHEMBL3979_EC50,18,RF,0.0927529080042151,59
CHEMBL3979_EC50,18,SVR,0.17966193844593248,59
CHEMBL3979_EC50,18,GBM,0.10389919667622066,59
CHEMBL3979_EC50,18,KNN,0.12558555893892326,59
CHEMBL3979_EC50,19,RF,0.11589700854145474,62
CHEMBL3979_EC50,19,SVR,0.18369073400953706,62
CHEMBL3979_EC50,19,GBM,0.10291415217493904,62
CHEMBL3979_EC50,19,KNN,0.20104276832007661,62
CHEMBL4005_Ki,0,RF,0.14947346683085627,85
CHEMBL4005_Ki,0,SVR,0.18562513274673087,85
CHEMBL4005_Ki,0,GBM,0.17550900445907447,85
CHEMBL4005_Ki,0,KNN,0.18105761227761086,85
CHEMBL4005_Ki,1,RF,0.2151068900920342,83
CHEMBL4005_Ki,1,SVR,0.18618577770193379,83
CHEMBL4005_Ki,1,GBM,0.18549840572269782,83
CHEMBL4005_Ki,1,KNN,0.2573466041765651,83
CHEMBL4005_Ki,2,RF,0.14507481579892867,84
CHEMBL4005_Ki,2,SVR,0.13641508285848924,84
CHEMBL4005_Ki,2,GBM,0.1414450148558748,84
CHEMBL4005_Ki,2,KNN,0.1361714920750422,84
CHEMBL4005_Ki,3,RF,0.23275570215928498,83
CHEMBL4005_Ki,3,SVR,0.22341024701158818,83
CHEMBL4005_Ki,3,GBM,0.2571172952043731,83
CHEMBL4005_Ki,3,KNN,0.25298154646366916,83
CHEMBL4005_Ki,4,RF,0.26142044388943264,89
CHEMBL4005_Ki,4,SVR,0.2230010150995061,89
CHEMBL4005_Ki,4,GBM,0.2991651834843778,89
CHEMBL4005_Ki,4,KNN,0.2783460615856178,89
CHEMBL4005_Ki,5,RF,0.2753479463539862,89
CHEMBL4005_Ki,5,SVR,0.26097552762476095,89
CHEMBL4005_Ki,5,GBM,0.2736663645009014,89
CHEMBL4005_Ki,5,KNN,0.34880942172524193,89
CHEMBL4005_Ki,6,RF,0.1690008395666457,85
CHEMBL4005_Ki,6,SVR,0.20019662825470624,85
CHEMBL4005_Ki,6,GBM,0.20021809256863965,85
CHEMBL4005_Ki,6,KNN,0.2336854991266299,85
CHEMBL4005_Ki,7,RF,0.2282015165644259,85
CHEMBL4005_Ki,7,SVR,0.2670854429361285,85
CHEMBL4005_Ki,7,GBM,0.21702990555302348,85
CHEMBL4005_Ki,7,KNN,0.3009645469187236,85
CHEMBL4005_Ki,8,RF,0.15211938683356685,92
CHEMBL4005_Ki,8,SVR,0.15304618555880445,92
CHEMBL4005_Ki,8,GBM,0.13683092743975556,92
CHEMBL4005_Ki,8,KNN,0.288089657579602,92
CHEMBL4005_Ki,9,RF,0.28212652611243094,93
CHEMBL4005_Ki,9,SVR,0.3173669722563226,93
CHEMBL4005_Ki,9,GBM,0.2870527945180393,93
CHEMBL4005_Ki,9,KNN,0.33548860080379406,93
CHEMBL4005_Ki,10,RF,0.24877998389337286,90
CHEMBL4005_Ki,10,SVR,0.2800487303279259,90
CHEMBL4005_Ki,10,GBM,0.20544281278273901,90
CHEMBL4005_Ki,10,KNN,0.3046451627568489,90
CHEMBL4005_Ki,11,RF,0.19588717293477986,92
CHEMBL4005_Ki,11,SVR,0.18198799719608227,92
CHEMBL4005_Ki,11,GBM,0.23497187895459015,92
CHEMBL4005_Ki,11,KNN,0.22553036446575359,92
CHEMBL4005_Ki,12,RF,0.3289812758011875,80
CHEMBL4005_Ki,12,SVR,0.33818075003133174,80
CHEMBL4005_Ki,12,GBM,0.29576025577043474,80
CHEMBL4005_Ki,12,KNN,0.36438162931808427,80
CHEMBL4005_Ki,13,RF,0.08244053900767667,94
CHEMBL4005_Ki,13,SVR,0.06317567178276118,94
CHEMBL4005_Ki,13,GBM,0.15340485114530944,94
CHEMBL4005_Ki,13,KNN,0.11714591577324696,94
CHEMBL4005_Ki,14,RF,0.33453025623142674,89
CHEMBL4005_Ki,14,SVR,0.3590257771004133,89
CHEMBL4005_Ki,14,GBM,0.3672291711178163,89
CHEMBL4005_Ki,14,KNN,0.3473345577276593,89
CHEMBL4005_Ki,15,RF,0.1542761314803479,83
CHEMBL4005_Ki,15,SVR,0.15895000920447322,83
CHEMBL4005_Ki,15,GBM,0.14989181187681866,83
CHEMBL4005_Ki,15,KNN,0.14419545706694692,83
CHEMBL4005_Ki,16,RF,0.23888805682060033,95
CHEMBL4005_Ki,16,SVR,0.24762161175798714,95
CHEMBL4005_Ki,16,GBM,0.2692777484307044,95
CHEMBL4005_Ki,16,KNN,0.29576590244978257,95
CHEMBL4005_Ki,17,RF,0.24482810102113595,81
CHEMBL4005_Ki,17,SVR,0.2792988461402265,81
CHEMBL4005_Ki,17,GBM,0.2854126532107097,81
CHEMBL4005_Ki,17,KNN,0.30192856246201644,81
CHEMBL4005_Ki,18,RF,0.21025396090363502,88
CHEMBL4005_Ki,18,SVR,0.22170242482087887,88
CHEMBL4005_Ki,18,GBM,0.23066923578480947,88
CHEMBL4005_Ki,18,KNN,0.2530346120290908,88
CHEMBL4005_Ki,19,RF,0.21924012257153958,101
CHEMBL4005_Ki,19,SVR,0.22036898778702485,101
CHEMBL4005_Ki,19,GBM,0.22578947118013026,101
CHEMBL4005_Ki,19,KNN,0.22895413193230563,101
CHEMBL4203_Ki,0,RF,0.3462519555220681,16
CHEMBL4203_Ki,0,SVR,0.2850173872429137,16
CHEMBL4203_Ki,0,GBM,0.23030518664123334,16
CHEMBL4203_Ki,0,KNN,0.15850088011907637,16
CHEMBL4203_Ki,1,RF,0.16721274909540218,16
CHEMBL4203_Ki,1,SVR,0.15288662760895133,16
CHEMBL4203_Ki,1,GBM,0.08157519965566218,16
CHEMBL4203_Ki,1,KNN,0.11805242332504196,16
CHEMBL4203_Ki,2,RF,0.10268066160577627,20
CHEMBL4203_Ki,2,SVR,0.14288595288260086,20
CHEMBL4203_Ki,2,GBM,0.06982951627445666,20
CHEMBL4203_Ki,2,KNN,0.01260535434815846,20
CHEMBL4203_Ki,3,RF,0.22479132770921162,19
CHEMBL4203_Ki,3,SVR,0.2419936819555244,19
CHEMBL4203_Ki,3,GBM,0.17592161225582992,19
CHEMBL4203_Ki,3,KNN,0.14935431779183095,19
CHEMBL4203_Ki,4,RF,0.19479030311794998,23
CHEMBL4203_Ki,4,SVR,0.1726273487745622,23
CHEMBL4203_Ki,4,GBM,0.1356755687086233,23
CHEMBL4203_Ki,4,KNN,0.1479372971794939,23
CHEMBL4203_Ki,5,RF,0.23601884028375208,27
CHEMBL4203_Ki,5,SVR,0.3326170831260664,27
CHEMBL4203_Ki,5,GBM,0.26146301968949737,27
CHEMBL4203_Ki,5,KNN,0.21977924021935424,27
CHEMBL4203_Ki,6,RF,0.31819917777528106,22
CHEMBL4203_Ki,6,SVR,0.2862462756827825,22
CHEMBL4203_Ki,6,GBM,0.23870655458663215,22
CHEMBL4203_Ki,6,KNN,0.2061844313185055,22
CHEMBL4203_Ki,7,RF,0.1557350751631853,29
CHEMBL4203_Ki,7,SVR,0.19302985301838738,29
CHEMBL4203_Ki,7,GBM,0.13145773639097935,29
CHEMBL4203_Ki,7,KNN,0.08350752204565992,29
CHEMBL4203_Ki,8,RF,0.1686126553969015,23
CHEMBL4203_Ki,8,SVR,0.1962483585429593,23
CHEMBL4203_Ki,8,GBM,0.14242790977464703,23
CHEMBL4203_Ki,8,KNN,0.09522573137051737,23
CHEMBL4203_Ki,9,RF,0.35535917318062926,19
CHEMBL4203_Ki,9,SVR,0.3042941719552217,19
CHEMBL4203_Ki,9,GBM,0.33111457587042536,19
CHEMBL4203_Ki,9,KNN,0.2335684820839926,19
CHEMBL4203_Ki,10,RF,0.16275980821517966,20
CHEMBL4203_Ki,10,SVR,0.10472440411393591,20
CHEMBL4203_Ki,10,GBM,0.13513062404315968,20
CHEMBL4203_Ki,10,KNN,0.09891619555556685,20
CHEMBL4203_Ki,11,RF,0.35469827400725706,27
CHEMBL4203_Ki,11,SVR,0.28726868778786707,27
CHEMBL4203_Ki,11,GBM,0.2848363216361518,27
CHEMBL4203_Ki,11,KNN,0.21582010746383673,27
CHEMBL4203_Ki,12,RF,0.09870812956791564,18
CHEMBL4203_Ki,12,SVR,0.11312839074350234,18
CHEMBL4203_Ki,12,GBM,0.08049815874799748,18
CHEMBL4203_Ki,12,KNN,0.05373174060336727,18
CHEMBL4203_Ki,13,RF,0.13346688286007047,25
CHEMBL4203_Ki,13,SVR,0.11425253843051464,25
CHEMBL4203_Ki,13,GBM,0.07041310533961365,25
CHEMBL4203_Ki,13,KNN,0.08867433079776599,25
CHEMBL4203_Ki,14,RF,0.12240347101194626,19
CHEMBL4203_Ki,14,SVR,0.1498149787706169,19
CHEMBL4203_Ki,14,GBM,0.045162765731206145,19
CHEMBL4203_Ki,14,KNN,-0.002692878353931949,19
CHEMBL4203_Ki,15,RF,0.1343750004746812,21
CHEMBL4203_Ki,15,SVR,0.2078795116348089,21
CHEMBL4203_Ki,15,GBM,0.07836819163451592,21
CHEMBL4203_Ki,15,KNN,0.17591849740602672,21
CHEMBL4203_Ki,16,RF,0.2728407479902114,22
CHEMBL4203_Ki,16,SVR,0.2663901437633186,22
CHEMBL4203_Ki,16,GBM,0.28885999653478023,22
CHEMBL4203_Ki,16,KNN,0.15671633379212124,22
CHEMBL4203_Ki,17,RF,0.3456252381123208,20
CHEMBL4203_Ki,17,SVR,0.3760901686037461,20
CHEMBL4203_Ki,17,GBM,0.41913410091088366,20
CHEMBL4203_Ki,17,KNN,0.26565488970805606,20
CHEMBL4203_Ki,18,RF,0.12534768413803454,16
CHEMBL4203_Ki,18,SVR,0.17935209989101575,16
CHEMBL4203_Ki,18,GBM,0.08290420538015542,16
CHEMBL4203_Ki,18,KNN,0.09814019841411803,16
CHEMBL4203_Ki,19,RF,0.2820894050093914,24
CHEMBL4203_Ki,19,SVR,0.28713521538212605,24
CHEMBL4203_Ki,19,GBM,0.22767547361702567,24
CHEMBL4203_Ki,19,KNN,0.25451316363804954,24
CHEMBL4616_EC50,0,RF,0.08176328569873648,50
CHEMBL4616_EC50,0,SVR,0.07118462479269161,50
CHEMBL4616_EC50,0,GBM,0.037700789671483215,50
CHEMBL4616_EC50,0,KNN,0.11033985761105336,50
CHEMBL4616_EC50,1,RF,0.10847550288768176,59
CHEMBL4616_EC50,1,SVR,0.10004868848982035,59
CHEMBL4616_EC50,1,GBM,0.14108954851088013,59
CHEMBL4616_EC50,1,KNN,0.1352247199055729,59
CHEMBL4616_EC50,2,RF,0.08703049181958633,53
CHEMBL4616_EC50,2,SVR,0.08813352823177739,53
CHEMBL4616_EC50,2,GBM,0.1109202395341562,53
CHEMBL4616_EC50,2,KNN,0.09175794297443729,53
CHEMBL4616_EC50,3,RF,0.1310849783933788,51
CHEMBL4616_EC50,3,SVR,0.09724428607728852,51
CHEMBL4616_EC50,3,GBM,0.162616996222819,51
CHEMBL4616_EC50,3,KNN,0.12968536379816337,51
CHEMBL4616_EC50,4,RF,0.11818473912113686,57
CHEMBL4616_EC50,4,SVR,0.1030301765659743,57
CHEMBL4616_EC50,4,GBM,0.0777422122053914,57
CHEMBL4616_EC50,4,KNN,0.07519030243354674,57
CHEMBL4616_EC50,5,RF,0.06547428298416386,61
CHEMBL4616_EC50,5,SVR,0.07298969465153349,61
CHEMBL4616_EC50,5,GBM,0.09007408269459638,61
CHEMBL4616_EC50,5,KNN,0.06656126653200417,61
CHEMBL4616_EC50,6,RF,0.1849992275535911,56
CHEMBL4616_EC50,6,SVR,0.20410488990563563,56
CHEMBL4616_EC50,6,GBM,0.1970159004008536,56
CHEMBL4616_EC50,6,KNN,0.19184496195036405,56
CHEMBL4616_EC50,7,RF,0.07749527272480755,61
CHEMBL4616_EC50,7,SVR,0.07260683280780988,61
CHEMBL4616_EC50,7,GBM,0.10764087176164838,61
CHEMBL4616_EC50,7,KNN,0.11182030631610856,61
CHEMBL4616_EC50,8,RF,0.17560771293056693,57
CHEMBL4616_EC50,8,SVR,0.1904332032640224,57
CHEMBL4616_EC50,8,GBM,0.17579877273086253,57
CHEMBL4616_EC50,8,KNN,0.21011465835380883,57
CHEMBL4616_EC50,9,RF,0.12281641192083054,55
CHEMBL4616_EC50,9,SVR,0.14373467602487516,55
CHEMBL4616_EC50,9,GBM,0.14339795482623574,55
CHEMBL4616_EC50,9,KNN,0.1355922096426906,55
CHEMBL4616_EC50,10,RF,0.11403754869944649,50
CHEMBL4616_EC50,10,SVR,0.06896960268326757,50
CHEMBL4616_EC50,10,GBM,0.07175217999482103,50
CHEMBL4616_EC50,10,KNN,0.06885703730151121,50
CHEMBL4616_EC50,11,RF,0.12114854354872384,52
CHEMBL4616_EC50,11,SVR,0.10238938726042579,52
CHEMBL4616_EC50,11,GBM,0.12583497162312668,52
CHEMBL4616_EC50,11,KNN,0.12485326341698355,52
CHEMBL4616_EC50,12,RF,0.1780985181823594,51
CHEMBL4616_EC50,12,SVR,0.15093369064434703,51
CHEMBL4616_EC50,12,GBM,0.15350155473908078,51
CHEMBL4616_EC50,12,KNN,0.21111278873265538,51
CHEMBL4616_EC50,13,RF,0.16814585843176644,58
CHEMBL4616_EC50,13,SVR,0.11214923345115763,58
CHEMBL4616_EC50,13,GBM,0.14101519288195524,58
CHEMBL4616_EC50,13,KNN,0.2116021258216842,58
CHEMBL4616_EC50,14,RF,0.0412840140931407,58
CHEMBL4616_EC50,14,SVR,0.03833782888870124,58
CHEMBL4616_EC50,14,GBM,0.08361545068083182,58
CHEMBL4616_EC50,14,KNN,0.12621634762873052,58
CHEMBL4616_EC50,15,RF,0.15682612454623107,53
CHEMBL4616_EC50,15,SVR,0.1287003169596213,53
CHEMBL4616_EC50,15,GBM,0.1529032495535011,53
CHEMBL4616_EC50,15,KNN,0.15579238732627604,53
CHEMBL4616_EC50,16,RF,0.08910329319864302,57
CHEMBL4616_EC50,16,SVR,0.08860643729444767,57
CHEMBL4616_EC50,16,GBM,0.11902090237995394,57
CHEMBL4616_EC50,16,KNN,0.11866679466628749,57
CHEMBL4616_EC50,17,RF,0.190567629175178,62
CHEMBL4616_EC50,17,SVR,0.1729511791623643,62
CHEMBL4616_EC50,17,GBM,0.18646186219376248,62
CHEMBL4616_EC50,17,KNN,0.22910375086881318,62
CHEMBL4616_EC50,18,RF,0.21332221446042943,61
CHEMBL4616_EC50,18,SVR,0.2773468697937587,61
CHEMBL4616_EC50,18,GBM,0.2641698299611639,61
CHEMBL4616_EC50,18,KNN,0.2674443204639296,61
CHEMBL4616_EC50,19,RF,0.20374927840752333,60
CHEMBL4616_EC50,19,SVR,0.2228411633299926,60
CHEMBL4616_EC50,19,GBM,0.2253965088675956,60
CHEMBL4616_EC50,19,KNN,0.22796078724967167,60
CHEMBL4792_Ki,0,RF,0.1495709818934171,166
CHEMBL4792_Ki,0,SVR,0.17690788737579144,166
CHEMBL4792_Ki,0,GBM,0.1937713678453309,166
CHEMBL4792_Ki,0,KNN,0.2406078409316723,166
CHEMBL4792_Ki,1,RF,0.08861743385956322,158
CHEMBL4792_Ki,1,SVR,0.13359339333604336,158
CHEMBL4792_Ki,1,GBM,0.10291203841766672,158
CHEMBL4792_Ki,1,KNN,0.1804407031297417,158
CHEMBL4792_Ki,2,RF,0.1452764307028266,157
CHEMBL4792_Ki,2,SVR,0.19490392918111504,157
CHEMBL4792_Ki,2,GBM,0.168531929231717,157
CHEMBL4792_Ki,2,KNN,0.1957827708375539,157
CHEMBL4792_Ki,3,RF,0.11260323036962194,145
CHEMBL4792_Ki,3,SVR,0.17147989536541608,145
CHEMBL4792_Ki,3,GBM,0.1200608153830306,145
CHEMBL4792_Ki,3,KNN,0.15790317550600463,145
CHEMBL4792_Ki,4,RF,0.12973092661398755,159
CHEMBL4792_Ki,4,SVR,0.1770344282921028,159
CHEMBL4792_Ki,4,GBM,0.1855787984404742,159
CHEMBL4792_Ki,4,KNN,0.2055198119349807,159
CHEMBL4792_Ki,5,RF,0.08015616467497866,158
CHEMBL4792_Ki,5,SVR,0.10465598460263026,158
CHEMBL4792_Ki,5,GBM,0.07783458854084746,158
CHEMBL4792_Ki,5,KNN,0.09329405802086843,158
CHEMBL4792_Ki,6,RF,0.16959840251167924,162
CHEMBL4792_Ki,6,SVR,0.2057152077843295,162
CHEMBL4792_Ki,6,GBM,0.17179822963752778,162
CHEMBL4792_Ki,6,KNN,0.19977165997874075,162
CHEMBL4792_Ki,7,RF,0.09118735120138866,160
CHEMBL4792_Ki,7,SVR,0.15764675259674588,160
CHEMBL4792_Ki,7,GBM,0.09813783060809422,160
CHEMBL4792_Ki,7,KNN,0.18591394416784468,160
CHEMBL4792_Ki,8,RF,0.08521809358567956,173
CHEMBL4792_Ki,8,SVR,0.11777896062943671,173
CHEMBL4792_Ki,8,GBM,0.12661480602302932,173
CHEMBL4792_Ki,8,KNN,0.1723449327797813,173
CHEMBL4792_Ki,9,RF,0.16812413562107587,149
CHEMBL4792_Ki,9,SVR,0.21963874280957407,149
CHEMBL4792_Ki,9,GBM,0.12309824339531583,149
CHEMBL4792_Ki,9,KNN,0.17284341555497418,149
CHEMBL4792_Ki,10,RF,0.1311877574027135,158
CHEMBL4792_Ki,10,SVR,0.15147579999102545,158
CHEMBL4792_Ki,10,GBM,0.10921266352155512,158
CHEMBL4792_Ki,10,KNN,0.1700958824092738,158
CHEMBL4792_Ki,11,RF,0.09608420638134152,156
CHEMBL4792_Ki,11,SVR,0.15100558886449866,156
CHEMBL4792_Ki,11,GBM,0.09357070478439189,156
CHEMBL4792_Ki,11,KNN,0.09209472340416114,156
CHEMBL4792_Ki,12,RF,0.11806634223148005,167
CHEMBL4792_Ki,12,SVR,0.16237608626214217,167
CHEMBL4792_Ki,12,GBM,0.15391651755934976,167
CHEMBL4792_Ki,12,KNN,0.13457357963088334,167
CHEMBL4792_Ki,13,RF,0.06630751130059298,155
CHEMBL4792_Ki,13,SVR,0.10318334678482,155
CHEMBL4792_Ki,13,GBM,0.08957658642454513,155
CHEMBL4792_Ki,13,KNN,0.14641341733482383,155
CHEMBL4792_Ki,14,RF,0.05944330670123821,159
CHEMBL4792_Ki,14,SVR,0.10867786573823868,159
CHEMBL4792_Ki,14,GBM,0.05508332428028906,159
CHEMBL4792_Ki,14,KNN,0.14793682110213452,159
CHEMBL4792_Ki,15,RF,0.11000791556025469,149
CHEMBL4792_Ki,15,SVR,0.12881152995917844,149
CHEMBL4792_Ki,15,GBM,0.12384598938439562,149
CHEMBL4792_Ki,15,KNN,0.15403068803524045,149
CHEMBL4792_Ki,16,RF,0.16293250819536065,167
CHEMBL4792_Ki,16,SVR,0.22295082034972985,167
CHEMBL4792_Ki,16,GBM,0.16994960473978338,167
CHEMBL4792_Ki,16,KNN,0.21612068072456103,167
CHEMBL4792_Ki,17,RF,0.09950157981841057,163
CHEMBL4792_Ki,17,SVR,0.14134596774654784,163
CHEMBL4792_Ki,17,GBM,0.1312105618786653,163
CHEMBL4792_Ki,17,KNN,0.1447010455443709,163
CHEMBL4792_Ki,18,RF,0.09569395637404188,169
CHEMBL4792_Ki,18,SVR,0.11840323982584389,169
CHEMBL4792_Ki,18,GBM,0.11985881330249037,169
CHEMBL4792_Ki,18,KNN,0.17438591291782862,169
CHEMBL4792_Ki,19,RF,0.1895258481454225,169
CHEMBL4792_Ki,19,SVR,0.2039103933262122,169
CHEMBL4792_Ki,19,GBM,0.18132566203785783,169
CHEMBL4792_Ki,19,KNN,0.22858103693846216,169
