group,run,task,revision,tokens,acc_cf,acc_mcf0,acc_mcf5,chance_cf,chance_mcf0,chance_mcf5,mass_mcf0,mass_mcf5
added_olmo,OLMo-1B-0724-hf,arc_challenge,step2000-tokens4B,4000000000,0.2,0.25,0.244,0.2504166666666667,0.2504,0.2504,0.09259707737341523,0.8310626817345619
added_olmo,OLMo-1B-0724-hf,arc_challenge,step3000-tokens6B,6000000000,0.21,0.24,0.262,0.2504166666666667,0.2504,0.2504,0.12353901126608252,0.4795141635686159
added_olmo,OLMo-1B-0724-hf,arc_challenge,step4000-tokens8B,8000000000,0.195,0.272,0.266,0.2504166666666667,0.2504,0.2504,0.2429216070882976,0.38399499997496606
added_olmo,OLMo-1B-0724-hf,arc_challenge,step6000-tokens12B,12000000000,0.205,0.244,0.27,0.2504166666666667,0.2504,0.2504,0.33345592695102094,0.36802586203068494
added_olmo,OLMo-1B-0724-hf,arc_challenge,step8000-tokens16B,16000000000,0.21,0.228,0.288,0.2504166666666667,0.2504,0.2504,0.2962071711942553,0.34502742744237186
added_olmo,OLMo-1B-0724-hf,arc_challenge,step11000-tokens23B,23000000000,0.24,0.22,0.256,0.2504166666666667,0.2504,0.2504,0.39900499452650545,0.21328669172525405
added_olmo,OLMo-1B-0724-hf,arc_challenge,step16000-tokens33B,33000000000,0.23,0.216,0.274,0.2504166666666667,0.2504,0.2504,0.6326855981647969,0.20247614463418723
added_olmo,OLMo-1B-0724-hf,arc_challenge,step22000-tokens46B,46000000000,0.21,0.222,0.244,0.2504166666666667,0.2504,0.2504,0.5291004155911505,0.1447948398757726
added_olmo,OLMo-1B-0724-hf,arc_challenge,step31000-tokens64B,64000000000,0.235,0.264,0.252,0.2504166666666667,0.2504,0.2504,0.5269055738896131,0.19115673631429672
added_olmo,OLMo-1B-0724-hf,arc_challenge,step44000-tokens92B,92000000000,0.235,0.26,0.282,0.2504166666666667,0.2504,0.2504,0.7416418601870537,0.29931213104724885
added_olmo,OLMo-1B-0724-hf,arc_challenge,step63000-tokens132B,132000000000,0.23,0.238,0.29,0.2504166666666667,0.2504,0.2504,0.4006563431099057,0.08662867621704937
added_olmo,OLMo-1B-0724-hf,arc_challenge,step89000-tokens186B,186000000000,0.255,0.246,0.264,0.2504166666666667,0.2504,0.2504,0.6724052436053752,0.03157858507707715
added_olmo,OLMo-1B-0724-hf,arc_challenge,step126000-tokens264B,264000000000,0.25,0.248,0.28,0.2504166666666667,0.2504,0.2504,0.6614759301543236,0.10388474406301976
added_olmo,OLMo-1B-0724-hf,arc_challenge,step179000-tokens375B,375000000000,0.275,0.262,0.264,0.2504166666666667,0.2504,0.2504,0.7680775617361069,0.07122932169400155
added_olmo,OLMo-1B-0724-hf,arc_challenge,step254000-tokens532B,532000000000,0.265,0.224,0.244,0.2504166666666667,0.2504,0.2504,0.8179914781451225,0.23651855282485484
added_olmo,OLMo-1B-0724-hf,arc_challenge,step360000-tokens754B,754000000000,0.27,0.244,0.238,0.2504166666666667,0.2504,0.2504,0.4684182681906968,0.31098133195191624
added_olmo,OLMo-1B-0724-hf,arc_challenge,step510000-tokens1069B,1069000000000,0.295,0.264,0.238,0.2504166666666667,0.2504,0.2504,0.7758653240203858,0.7597284377217293
added_olmo,OLMo-1B-0724-hf,arc_challenge,step723000-tokens1515B,1515000000000,0.29,0.214,0.21,0.2504166666666667,0.2504,0.2504,0.8778132911920548,0.8178474644422531
added_olmo,OLMo-1B-0724-hf,arc_challenge,step1026000-tokens2150B,2150000000000,0.28,0.23,0.244,0.2504166666666667,0.2504,0.2504,0.5098083971887827,0.005369364083977416
added_olmo,OLMo-1B-0724-hf,arc_challenge,step1454000-tokens3048B,3048000000000,0.315,0.25,0.246,0.2504166666666667,0.2504,0.2504,0.4866291023492813,0.004702095123997424
added_olmo,OLMo-1B-0724-hf,arc_easy,step2000-tokens4B,4000000000,0.32,0.238,0.258,0.2516666666666667,0.25066666666666665,0.25066666666666665,0.08855683584138752,0.6914121681451797
added_olmo,OLMo-1B-0724-hf,arc_easy,step3000-tokens6B,6000000000,0.35,0.242,0.234,0.2516666666666667,0.25066666666666665,0.25066666666666665,0.11952507092058659,0.4437932090610266
added_olmo,OLMo-1B-0724-hf,arc_easy,step4000-tokens8B,8000000000,0.35,0.252,0.246,0.2516666666666667,0.25066666666666665,0.25066666666666665,0.24038481691107155,0.6402413042783737
added_olmo,OLMo-1B-0724-hf,arc_easy,step6000-tokens12B,12000000000,0.4,0.26,0.26,0.2516666666666667,0.25066666666666665,0.25066666666666665,0.32236045303940775,0.42449872303754094
added_olmo,OLMo-1B-0724-hf,arc_easy,step8000-tokens16B,16000000000,0.43,0.258,0.25,0.2516666666666667,0.25066666666666665,0.25066666666666665,0.26370671412348745,0.4147090776115656
added_olmo,OLMo-1B-0724-hf,arc_easy,step11000-tokens23B,23000000000,0.435,0.272,0.246,0.2516666666666667,0.25066666666666665,0.25066666666666665,0.4284844485446811,0.18574837351590395
added_olmo,OLMo-1B-0724-hf,arc_easy,step16000-tokens33B,33000000000,0.435,0.218,0.23,0.2516666666666667,0.25066666666666665,0.25066666666666665,0.6565665481984615,0.13769815867394208
added_olmo,OLMo-1B-0724-hf,arc_easy,step22000-tokens46B,46000000000,0.465,0.256,0.256,0.2516666666666667,0.25066666666666665,0.25066666666666665,0.48320708648115396,0.08591584734246135
added_olmo,OLMo-1B-0724-hf,arc_easy,step31000-tokens64B,64000000000,0.445,0.252,0.25,0.2516666666666667,0.25066666666666665,0.25066666666666665,0.49571830875054,0.10096567967906594
added_olmo,OLMo-1B-0724-hf,arc_easy,step44000-tokens92B,92000000000,0.415,0.292,0.248,0.2516666666666667,0.25066666666666665,0.25066666666666665,0.7162337810993195,0.24198903393000365
added_olmo,OLMo-1B-0724-hf,arc_easy,step63000-tokens132B,132000000000,0.475,0.258,0.264,0.2516666666666667,0.25066666666666665,0.25066666666666665,0.35013106812350453,0.19707548847794532
added_olmo,OLMo-1B-0724-hf,arc_easy,step89000-tokens186B,186000000000,0.54,0.256,0.228,0.2516666666666667,0.25066666666666665,0.25066666666666665,0.6504043825864791,0.09277943800389767
added_olmo,OLMo-1B-0724-hf,arc_easy,step126000-tokens264B,264000000000,0.48,0.244,0.24,0.2516666666666667,0.25066666666666665,0.25066666666666665,0.6285752249360085,0.11522676977515221
added_olmo,OLMo-1B-0724-hf,arc_easy,step179000-tokens375B,375000000000,0.54,0.274,0.24,0.2516666666666667,0.25066666666666665,0.25066666666666665,0.7672865519523621,0.23543622002750636
added_olmo,OLMo-1B-0724-hf,arc_easy,step254000-tokens532B,532000000000,0.6,0.232,0.24,0.2516666666666667,0.25066666666666665,0.25066666666666665,0.796741552233696,0.3564071188569069
added_olmo,OLMo-1B-0724-hf,arc_easy,step360000-tokens754B,754000000000,0.63,0.246,0.244,0.2516666666666667,0.25066666666666665,0.25066666666666665,0.4255871880352497,0.5123933082520962
added_olmo,OLMo-1B-0724-hf,arc_easy,step510000-tokens1069B,1069000000000,0.62,0.25,0.258,0.2516666666666667,0.25066666666666665,0.25066666666666665,0.8093121736049652,0.9637444978952407
added_olmo,OLMo-1B-0724-hf,arc_easy,step723000-tokens1515B,1515000000000,0.68,0.266,0.264,0.2516666666666667,0.25066666666666665,0.25066666666666665,0.879678699374199,0.9458059613704681
added_olmo,OLMo-1B-0724-hf,arc_easy,step1026000-tokens2150B,2150000000000,0.67,0.248,0.238,0.2516666666666667,0.25066666666666665,0.25066666666666665,0.4807701048925519,0.009384550601709634
added_olmo,OLMo-1B-0724-hf,arc_easy,step1454000-tokens3048B,3048000000000,0.535,0.272,0.24,0.2516666666666667,0.25066666666666665,0.25066666666666665,0.4743397751450539,0.022116275659762322
added_olmo,OLMo-1B-0724-hf,csqa,step2000-tokens4B,4000000000,0.22,0.182,0.192,0.2,0.2,0.2,0.05258585138246417,0.6665191031098365
added_olmo,OLMo-1B-0724-hf,csqa,step3000-tokens6B,6000000000,0.255,0.184,0.192,0.2,0.2,0.2,0.06539429773576558,0.5115869226157665
added_olmo,OLMo-1B-0724-hf,csqa,step4000-tokens8B,8000000000,0.25,0.184,0.18,0.2,0.2,0.2,0.18400650301761926,0.3809065831229091
added_olmo,OLMo-1B-0724-hf,csqa,step6000-tokens12B,12000000000,0.32,0.178,0.188,0.2,0.2,0.2,0.35300224629044535,0.2519973646998405
added_olmo,OLMo-1B-0724-hf,csqa,step8000-tokens16B,16000000000,0.295,0.178,0.19,0.2,0.2,0.2,0.3001211032792926,0.13186984564363957
added_olmo,OLMo-1B-0724-hf,csqa,step11000-tokens23B,23000000000,0.345,0.172,0.184,0.2,0.2,0.2,0.4043558496683836,0.1877150430008769
added_olmo,OLMo-1B-0724-hf,csqa,step16000-tokens33B,33000000000,0.34,0.17,0.172,0.2,0.2,0.2,0.7135792543888092,0.05967582810483873
added_olmo,OLMo-1B-0724-hf,csqa,step22000-tokens46B,46000000000,0.365,0.188,0.178,0.2,0.2,0.2,0.4006029445370659,0.19027705113589763
added_olmo,OLMo-1B-0724-hf,csqa,step31000-tokens64B,64000000000,0.295,0.206,0.198,0.2,0.2,0.2,0.5114237968940288,0.061720666257664564
added_olmo,OLMo-1B-0724-hf,csqa,step44000-tokens92B,92000000000,0.28,0.204,0.21,0.2,0.2,0.2,0.7215887762904167,0.2565219422876835
added_olmo,OLMo-1B-0724-hf,csqa,step63000-tokens132B,132000000000,0.385,0.18,0.202,0.2,0.2,0.2,0.3510914362668991,0.08786660954356193
added_olmo,OLMo-1B-0724-hf,csqa,step89000-tokens186B,186000000000,0.35,0.208,0.176,0.2,0.2,0.2,0.3688032328784466,0.027227538965642454
added_olmo,OLMo-1B-0724-hf,csqa,step126000-tokens264B,264000000000,0.35,0.194,0.204,0.2,0.2,0.2,0.4865092471241951,0.07582757192850113
added_olmo,OLMo-1B-0724-hf,csqa,step179000-tokens375B,375000000000,0.335,0.214,0.194,0.2,0.2,0.2,0.61529520124197,0.10118094145320355
added_olmo,OLMo-1B-0724-hf,csqa,step254000-tokens532B,532000000000,0.455,0.202,0.204,0.2,0.2,0.2,0.7971430012583732,0.16547709381580353
added_olmo,OLMo-1B-0724-hf,csqa,step360000-tokens754B,754000000000,0.495,0.182,0.186,0.2,0.2,0.2,0.29140984020382166,0.2559355540201068
added_olmo,OLMo-1B-0724-hf,csqa,step510000-tokens1069B,1069000000000,0.525,0.2,0.188,0.2,0.2,0.2,0.7675560425519943,0.6235318533182144
added_olmo,OLMo-1B-0724-hf,csqa,step723000-tokens1515B,1515000000000,0.585,0.194,0.204,0.2,0.2,0.2,0.8310010303258896,0.9064112256169319
added_olmo,OLMo-1B-0724-hf,csqa,step1026000-tokens2150B,2150000000000,0.535,0.194,0.202,0.2,0.2,0.2,0.40834719520807267,0.0030908414472360164
added_olmo,OLMo-1B-0724-hf,csqa,step1454000-tokens3048B,3048000000000,0.34,0.196,0.202,0.2,0.2,0.2,0.62664380890131,2.9645063488715094e-05
added_olmo,OLMo-1B-0724-hf,hellaswag,step2000-tokens4B,4000000000,0.27,0.246,0.276,0.25,0.25,0.25,0.08296682853251695,0.7022763900756835
added_olmo,OLMo-1B-0724-hf,hellaswag,step3000-tokens6B,6000000000,0.26,0.262,0.24,0.25,0.25,0.25,0.10807885791733861,0.4253198059797287
added_olmo,OLMo-1B-0724-hf,hellaswag,step4000-tokens8B,8000000000,0.3,0.254,0.262,0.25,0.25,0.25,0.28139158557355404,0.4213576365709305
added_olmo,OLMo-1B-0724-hf,hellaswag,step6000-tokens12B,12000000000,0.295,0.232,0.286,0.25,0.25,0.25,0.21696874233335256,0.5286179260611534
added_olmo,OLMo-1B-0724-hf,hellaswag,step8000-tokens16B,16000000000,0.325,0.238,0.224,0.25,0.25,0.25,0.2092498698234558,0.2189531959425658
added_olmo,OLMo-1B-0724-hf,hellaswag,step11000-tokens23B,23000000000,0.365,0.242,0.254,0.25,0.25,0.25,0.25040864146500824,0.18716067734360695
added_olmo,OLMo-1B-0724-hf,hellaswag,step16000-tokens33B,33000000000,0.4,0.24,0.25,0.25,0.25,0.25,0.5247966574877501,0.07965801789984107
added_olmo,OLMo-1B-0724-hf,hellaswag,step22000-tokens46B,46000000000,0.45,0.272,0.238,0.25,0.25,0.25,0.3108169387690723,0.11409797193855047
added_olmo,OLMo-1B-0724-hf,hellaswag,step31000-tokens64B,64000000000,0.495,0.244,0.27,0.25,0.25,0.25,0.325730569370091,0.07780817342177034
added_olmo,OLMo-1B-0724-hf,hellaswag,step44000-tokens92B,92000000000,0.5,0.244,0.266,0.25,0.25,0.25,0.6052408621013164,0.1353648367151618
added_olmo,OLMo-1B-0724-hf,hellaswag,step63000-tokens132B,132000000000,0.565,0.232,0.264,0.25,0.25,0.25,0.5214921726584435,0.2401374469399452
added_olmo,OLMo-1B-0724-hf,hellaswag,step89000-tokens186B,186000000000,0.525,0.26,0.238,0.25,0.25,0.25,0.5814100023508072,0.025376600605901332
added_olmo,OLMo-1B-0724-hf,hellaswag,step126000-tokens264B,264000000000,0.56,0.282,0.258,0.25,0.25,0.25,0.3357033732607961,0.0441617565844208
added_olmo,OLMo-1B-0724-hf,hellaswag,step179000-tokens375B,375000000000,0.58,0.242,0.23,0.25,0.25,0.25,0.24503420900274067,0.024245111899916082
added_olmo,OLMo-1B-0724-hf,hellaswag,step254000-tokens532B,532000000000,0.575,0.234,0.25,0.25,0.25,0.25,0.4291344099417329,0.060430896513164044
added_olmo,OLMo-1B-0724-hf,hellaswag,step360000-tokens754B,754000000000,0.59,0.242,0.266,0.25,0.25,0.25,0.1751082351692021,0.08155070590600372
added_olmo,OLMo-1B-0724-hf,hellaswag,step510000-tokens1069B,1069000000000,0.64,0.242,0.238,0.25,0.25,0.25,0.2724607980623841,0.9223018932342529
added_olmo,OLMo-1B-0724-hf,hellaswag,step723000-tokens1515B,1515000000000,0.62,0.24,0.226,0.25,0.25,0.25,0.45502924725413324,0.6178689311444759
added_olmo,OLMo-1B-0724-hf,hellaswag,step1026000-tokens2150B,2150000000000,0.63,0.244,0.256,0.25,0.25,0.25,0.4289146697074175,0.06314255582727492
added_olmo,OLMo-1B-0724-hf,hellaswag,step1454000-tokens3048B,3048000000000,0.675,0.222,0.252,0.25,0.25,0.25,0.4321468289270997,0.17928727095760405
added_olmo,OLMo-1B-0724-hf,mmlu,step2000-tokens4B,4000000000,0.255,0.236,0.27,0.25,0.25,0.25,0.08342389052268118,0.7201563887596131
added_olmo,OLMo-1B-0724-hf,mmlu,step3000-tokens6B,6000000000,0.225,0.228,0.242,0.25,0.25,0.25,0.11259587651118635,0.41427634459733964
added_olmo,OLMo-1B-0724-hf,mmlu,step4000-tokens8B,8000000000,0.265,0.26,0.278,0.25,0.25,0.25,0.20454215636104345,0.4718017353415489
added_olmo,OLMo-1B-0724-hf,mmlu,step6000-tokens12B,12000000000,0.23,0.226,0.256,0.25,0.25,0.25,0.3226240715645254,0.435296259559691
added_olmo,OLMo-1B-0724-hf,mmlu,step8000-tokens16B,16000000000,0.22,0.24,0.272,0.25,0.25,0.25,0.29646241379156707,0.4374766827300191
added_olmo,OLMo-1B-0724-hf,mmlu,step11000-tokens23B,23000000000,0.255,0.228,0.286,0.25,0.25,0.25,0.3904025902375579,0.307294281385839
added_olmo,OLMo-1B-0724-hf,mmlu,step16000-tokens33B,33000000000,0.29,0.216,0.276,0.25,0.25,0.25,0.5936571286097169,0.24666171130537987
added_olmo,OLMo-1B-0724-hf,mmlu,step22000-tokens46B,46000000000,0.275,0.236,0.24,0.25,0.25,0.25,0.5186695066634566,0.3162897620089352
added_olmo,OLMo-1B-0724-hf,mmlu,step31000-tokens64B,64000000000,0.275,0.274,0.264,0.25,0.25,0.25,0.5251675027385354,0.27525599710457027
added_olmo,OLMo-1B-0724-hf,mmlu,step44000-tokens92B,92000000000,0.33,0.274,0.276,0.25,0.25,0.25,0.7173654776513576,0.4134439481422305
added_olmo,OLMo-1B-0724-hf,mmlu,step63000-tokens132B,132000000000,0.265,0.24,0.268,0.25,0.25,0.25,0.373976952850353,0.3046097236406058
added_olmo,OLMo-1B-0724-hf,mmlu,step89000-tokens186B,186000000000,0.26,0.254,0.252,0.25,0.25,0.25,0.5819448456615209,0.15829130778554826
added_olmo,OLMo-1B-0724-hf,mmlu,step126000-tokens264B,264000000000,0.265,0.26,0.248,0.25,0.25,0.25,0.5556973041519523,0.272818927641958
added_olmo,OLMo-1B-0724-hf,mmlu,step179000-tokens375B,375000000000,0.285,0.274,0.262,0.25,0.25,0.25,0.6548915233244188,0.3434947962458245
added_olmo,OLMo-1B-0724-hf,mmlu,step254000-tokens532B,532000000000,0.29,0.264,0.278,0.25,0.25,0.25,0.7683441883772612,0.43137540910765526
added_olmo,OLMo-1B-0724-hf,mmlu,step360000-tokens754B,754000000000,0.3,0.242,0.244,0.25,0.25,0.25,0.4368487520348281,0.46660009667277336
added_olmo,OLMo-1B-0724-hf,mmlu,step510000-tokens1069B,1069000000000,0.275,0.254,0.244,0.25,0.25,0.25,0.7466555962488055,0.9012847506403923
added_olmo,OLMo-1B-0724-hf,mmlu,step723000-tokens1515B,1515000000000,0.28,0.226,0.238,0.25,0.25,0.25,0.8020499115735292,0.9009517888426781
added_olmo,OLMo-1B-0724-hf,mmlu,step1026000-tokens2150B,2150000000000,0.295,0.23,0.244,0.25,0.25,0.25,0.5638154751956462,0.28011881610087586
added_olmo,OLMo-1B-0724-hf,mmlu,step1454000-tokens3048B,3048000000000,0.31,0.242,0.268,0.25,0.25,0.25,0.43669381297659127,0.2928319878003676
added_olmo,OLMo-1B-0724-hf,piqa,step2000-tokens4B,4000000000,0.585,0.508,0.51,0.5,0.5,0.5,0.05625530156865716,0.7399428414106369
added_olmo,OLMo-1B-0724-hf,piqa,step3000-tokens6B,6000000000,0.605,0.474,0.51,0.5,0.5,0.5,0.08028593945223839,0.4950533857345581
added_olmo,OLMo-1B-0724-hf,piqa,step4000-tokens8B,8000000000,0.63,0.49,0.51,0.5,0.5,0.5,0.12686413536407054,0.45203916665911675
added_olmo,OLMo-1B-0724-hf,piqa,step6000-tokens12B,12000000000,0.66,0.53,0.512,0.5,0.5,0.5,0.10203699827310629,0.3334872712045908
added_olmo,OLMo-1B-0724-hf,piqa,step8000-tokens16B,16000000000,0.655,0.52,0.51,0.5,0.5,0.5,0.1344733833130449,0.03094196199439466
added_olmo,OLMo-1B-0724-hf,piqa,step11000-tokens23B,23000000000,0.67,0.522,0.508,0.5,0.5,0.5,0.16619959334656595,0.06637763466313482
added_olmo,OLMo-1B-0724-hf,piqa,step16000-tokens33B,33000000000,0.66,0.5,0.52,0.5,0.5,0.5,0.2871532962936908,0.02002820222917944
added_olmo,OLMo-1B-0724-hf,piqa,step22000-tokens46B,46000000000,0.7,0.49,0.51,0.5,0.5,0.5,0.181775180186145,0.07125662105344235
added_olmo,OLMo-1B-0724-hf,piqa,step31000-tokens64B,64000000000,0.72,0.48,0.51,0.5,0.5,0.5,0.18614819358615203,0.07166891894862056
added_olmo,OLMo-1B-0724-hf,piqa,step44000-tokens92B,92000000000,0.685,0.496,0.51,0.5,0.5,0.5,0.38344088367000223,0.2568458935841918
added_olmo,OLMo-1B-0724-hf,piqa,step63000-tokens132B,132000000000,0.705,0.526,0.492,0.5,0.5,0.5,0.26274195944913664,0.016624756183242426
added_olmo,OLMo-1B-0724-hf,piqa,step89000-tokens186B,186000000000,0.74,0.536,0.508,0.5,0.5,0.5,0.5639571045152842,0.01819371446967125
added_olmo,OLMo-1B-0724-hf,piqa,step126000-tokens264B,264000000000,0.76,0.498,0.51,0.5,0.5,0.5,0.1737340305718826,0.020492461270769126
added_olmo,OLMo-1B-0724-hf,piqa,step179000-tokens375B,375000000000,0.74,0.5,0.51,0.5,0.5,0.5,0.31860984984971585,0.029518018990696872
added_olmo,OLMo-1B-0724-hf,piqa,step254000-tokens532B,532000000000,0.73,0.498,0.514,0.5,0.5,0.5,0.43317819056659934,0.12465077117632609
added_olmo,OLMo-1B-0724-hf,piqa,step360000-tokens754B,754000000000,0.745,0.494,0.456,0.5,0.5,0.5,0.31836926281731576,0.26352133156126367
added_olmo,OLMo-1B-0724-hf,piqa,step510000-tokens1069B,1069000000000,0.76,0.482,0.502,0.5,0.5,0.5,0.43154280484002083,0.41620104905217886
added_olmo,OLMo-1B-0724-hf,piqa,step723000-tokens1515B,1515000000000,0.765,0.484,0.482,0.5,0.5,0.5,0.5506829211339355,0.5951259409189225
added_olmo,OLMo-1B-0724-hf,piqa,step1026000-tokens2150B,2150000000000,0.77,0.452,0.508,0.5,0.5,0.5,0.34922466266155244,0.013639312822371722
added_olmo,OLMo-1B-0724-hf,piqa,step1454000-tokens3048B,3048000000000,0.77,0.496,0.5,0.5,0.5,0.5,0.4065690718069673,0.04711808943096548
olmo2,OLMo-2-0425-1B,arc_challenge,stage1-step300-tokens1B,1000000000,0.24,0.222,0.222,0.2504166666666667,0.2504,0.2504,0.020638632810674608,0.02356319703347981
olmo2,OLMo-2-0425-1B,arc_challenge,stage1-step10000-tokens21B,21000000000,0.265,0.228,0.224,0.2504166666666667,0.2504,0.2504,0.8796748173832893,0.9922100253105164
olmo2,OLMo-2-0425-1B,arc_challenge,stage1-step20000-tokens42B,42000000000,0.33,0.238,0.226,0.2504166666666667,0.2504,0.2504,0.9032059487104416,0.9893051962852478
olmo2,OLMo-2-0425-1B,arc_challenge,stage1-step23100-tokens49B,49000000000,0.32,0.226,0.25,0.2504166666666667,0.2504,0.2504,0.8875880516767501,0.9900071576833726
olmo2,OLMo-2-0425-1B,arc_challenge,stage1-step40000-tokens84B,84000000000,0.32,0.252,0.222,0.2504166666666667,0.2504,0.2504,0.9201425379514694,0.9895683131217956
olmo2,OLMo-2-0425-1B,arc_challenge,stage1-step50000-tokens105B,105000000000,0.345,0.272,0.226,0.2504166666666667,0.2504,0.2504,0.8924072519540787,0.9929375382661819
olmo2,OLMo-2-0425-1B,arc_challenge,stage1-step70000-tokens147B,147000000000,0.305,0.284,0.284,0.2504166666666667,0.2504,0.2504,0.793197133153677,0.9895074644088745
olmo2,OLMo-2-0425-1B,arc_challenge,stage1-step100000-tokens210B,210000000000,0.36,0.226,0.288,0.2504166666666667,0.2504,0.2504,0.9006948759555816,0.9885501751899719
olmo2,OLMo-2-0425-1B,arc_challenge,stage1-step150000-tokens315B,315000000000,0.39,0.258,0.28,0.2504166666666667,0.2504,0.2504,0.8329986769557,0.9930945523977279
olmo2,OLMo-2-0425-1B,arc_challenge,stage1-step220000-tokens462B,462000000000,0.325,0.276,0.29,0.2504166666666667,0.2504,0.2504,0.7824682223796845,0.9934541982412338
olmo2,OLMo-2-0425-1B,arc_challenge,stage1-step310000-tokens651B,651000000000,0.36,0.264,0.288,0.2504166666666667,0.2504,0.2504,0.7719895715713501,0.9943165838718414
olmo2,OLMo-2-0425-1B,arc_challenge,stage1-step450000-tokens944B,944000000000,0.39,0.29,0.282,0.2504166666666667,0.2504,0.2504,0.8548616431951522,0.9954860154390335
olmo2,OLMo-2-0425-1B,arc_challenge,stage1-step640000-tokens1343B,1343000000000,0.375,0.232,0.262,0.2504166666666667,0.2504,0.2504,0.9030627075433731,0.9913380467891693
olmo2,OLMo-2-0425-1B,arc_challenge,stage1-step920000-tokens1930B,1930000000000,0.365,0.25,0.264,0.2504166666666667,0.2504,0.2504,0.8451773409843445,0.9944976801872254
olmo2,OLMo-2-0425-1B,arc_challenge,stage1-step1330000-tokens2790B,2790000000000,0.395,0.286,0.28,0.2504166666666667,0.2504,0.2504,0.7327058863639831,0.9959564777612686
olmo2,OLMo-2-0425-1B,arc_challenge,stage1-step1907359-tokens4001B,4001000000000,0.385,0.268,0.282,0.2504166666666667,0.2504,0.2504,0.7546544114351272,0.9967222650051117
olmo2,OLMo-2-0425-1B,arc_easy,stage1-step300-tokens1B,1000000000,0.215,0.25,0.25,0.2516666666666667,0.25066666666666665,0.25066666666666665,0.020995008246041835,0.02600357855297625
olmo2,OLMo-2-0425-1B,arc_easy,stage1-step10000-tokens21B,21000000000,0.545,0.242,0.25,0.2516666666666667,0.25066666666666665,0.25066666666666665,0.8686343354582786,0.992070316195488
olmo2,OLMo-2-0425-1B,arc_easy,stage1-step20000-tokens42B,42000000000,0.62,0.282,0.248,0.2516666666666667,0.25066666666666665,0.25066666666666665,0.8949981967061758,0.9887503002882003
olmo2,OLMo-2-0425-1B,arc_easy,stage1-step23100-tokens49B,49000000000,0.635,0.262,0.248,0.2516666666666667,0.25066666666666665,0.25066666666666665,0.8839568269848823,0.9922870353460312
olmo2,OLMo-2-0425-1B,arc_easy,stage1-step40000-tokens84B,84000000000,0.695,0.25,0.254,0.2516666666666667,0.25066666666666665,0.25066666666666665,0.9235006175041198,0.9901046962738037
olmo2,OLMo-2-0425-1B,arc_easy,stage1-step50000-tokens105B,105000000000,0.645,0.278,0.25,0.2516666666666667,0.25066666666666665,0.25066666666666665,0.8901911038160324,0.9928500905036927
olmo2,OLMo-2-0425-1B,arc_easy,stage1-step70000-tokens147B,147000000000,0.69,0.242,0.25,0.2516666666666667,0.25066666666666665,0.25066666666666665,0.7764751258492469,0.9884502305984497
olmo2,OLMo-2-0425-1B,arc_easy,stage1-step100000-tokens210B,210000000000,0.69,0.25,0.25,0.2516666666666667,0.25066666666666665,0.25066666666666665,0.891986365556717,0.9875588686466217
olmo2,OLMo-2-0425-1B,arc_easy,stage1-step150000-tokens315B,315000000000,0.695,0.25,0.25,0.2516666666666667,0.25066666666666665,0.25066666666666665,0.8284004698991776,0.9926556202173233
olmo2,OLMo-2-0425-1B,arc_easy,stage1-step220000-tokens462B,462000000000,0.685,0.214,0.238,0.2516666666666667,0.25066666666666665,0.25066666666666665,0.775022817850113,0.9929752148389817
olmo2,OLMo-2-0425-1B,arc_easy,stage1-step310000-tokens651B,651000000000,0.695,0.254,0.224,0.2516666666666667,0.25066666666666665,0.25066666666666665,0.7696532748937607,0.9943377083539963
olmo2,OLMo-2-0425-1B,arc_easy,stage1-step450000-tokens944B,944000000000,0.715,0.256,0.25,0.2516666666666667,0.25066666666666665,0.25066666666666665,0.8428390165567398,0.9940648653507232
olmo2,OLMo-2-0425-1B,arc_easy,stage1-step640000-tokens1343B,1343000000000,0.715,0.266,0.264,0.2516666666666667,0.25066666666666665,0.25066666666666665,0.901929216504097,0.9894929913282394
olmo2,OLMo-2-0425-1B,arc_easy,stage1-step920000-tokens1930B,1930000000000,0.665,0.246,0.282,0.2516666666666667,0.25066666666666665,0.25066666666666665,0.8347153101563454,0.9926331481933593
olmo2,OLMo-2-0425-1B,arc_easy,stage1-step1330000-tokens2790B,2790000000000,0.72,0.27,0.252,0.2516666666666667,0.25066666666666665,0.25066666666666665,0.7221722157895565,0.9959873098134995
olmo2,OLMo-2-0425-1B,arc_easy,stage1-step1907359-tokens4001B,4001000000000,0.74,0.25,0.272,0.2516666666666667,0.25066666666666665,0.25066666666666665,0.7516975857019425,0.9959722868204117
olmo2,OLMo-2-0425-1B,csqa,stage1-step300-tokens1B,1000000000,0.215,0.182,0.182,0.2,0.2,0.2,0.018849104549735783,0.015329806422814727
olmo2,OLMo-2-0425-1B,csqa,stage1-step10000-tokens21B,21000000000,0.465,0.178,0.182,0.2,0.2,0.2,0.8123943546414375,0.9898128759860992
olmo2,OLMo-2-0425-1B,csqa,stage1-step20000-tokens42B,42000000000,0.52,0.164,0.182,0.2,0.2,0.2,0.8620996577739716,0.9915579009056091
olmo2,OLMo-2-0425-1B,csqa,stage1-step23100-tokens49B,49000000000,0.525,0.182,0.212,0.2,0.2,0.2,0.8703408480286599,0.9895648311376571
olmo2,OLMo-2-0425-1B,csqa,stage1-step40000-tokens84B,84000000000,0.555,0.224,0.186,0.2,0.2,0.2,0.9311767394542694,0.9909604353904724
olmo2,OLMo-2-0425-1B,csqa,stage1-step50000-tokens105B,105000000000,0.565,0.208,0.182,0.2,0.2,0.2,0.8921893448829651,0.988030844449997
olmo2,OLMo-2-0425-1B,csqa,stage1-step70000-tokens147B,147000000000,0.55,0.218,0.222,0.2,0.2,0.2,0.7935103574395179,0.9869128954410553
olmo2,OLMo-2-0425-1B,csqa,stage1-step100000-tokens210B,210000000000,0.59,0.204,0.18,0.2,0.2,0.2,0.9010217938423156,0.9896231940984725
olmo2,OLMo-2-0425-1B,csqa,stage1-step150000-tokens315B,315000000000,0.6,0.202,0.226,0.2,0.2,0.2,0.7731632737517357,0.991031061887741
olmo2,OLMo-2-0425-1B,csqa,stage1-step220000-tokens462B,462000000000,0.595,0.202,0.208,0.2,0.2,0.2,0.7909486902952194,0.9928361511230469
olmo2,OLMo-2-0425-1B,csqa,stage1-step310000-tokens651B,651000000000,0.58,0.2,0.216,0.2,0.2,0.2,0.769831695318222,0.9923979367017746
olmo2,OLMo-2-0425-1B,csqa,stage1-step450000-tokens944B,944000000000,0.63,0.23,0.222,0.2,0.2,0.2,0.8418641057014465,0.9928896493911743
olmo2,OLMo-2-0425-1B,csqa,stage1-step640000-tokens1343B,1343000000000,0.605,0.192,0.2,0.2,0.2,0.2,0.9042603735923767,0.9922741955518722
olmo2,OLMo-2-0425-1B,csqa,stage1-step920000-tokens1930B,1930000000000,0.595,0.208,0.23,0.2,0.2,0.2,0.8023800725936889,0.9897181599140167
olmo2,OLMo-2-0425-1B,csqa,stage1-step1330000-tokens2790B,2790000000000,0.6,0.204,0.222,0.2,0.2,0.2,0.6916264222860337,0.9943993126153946
olmo2,OLMo-2-0425-1B,csqa,stage1-step1907359-tokens4001B,4001000000000,0.635,0.194,0.224,0.2,0.2,0.2,0.7577435718774795,0.9959235085248948
olmo2,OLMo-2-0425-1B,hellaswag,stage1-step300-tokens1B,1000000000,0.27,0.238,0.238,0.25,0.25,0.25,0.019559704653918743,0.02186890682019293
olmo2,OLMo-2-0425-1B,hellaswag,stage1-step10000-tokens21B,21000000000,0.43,0.238,0.24,0.25,0.25,0.25,0.44442296908050777,0.9835374017953873
olmo2,OLMo-2-0425-1B,hellaswag,stage1-step20000-tokens42B,42000000000,0.51,0.24,0.236,0.25,0.25,0.25,0.6903903018012643,0.9860318013429642
olmo2,OLMo-2-0425-1B,hellaswag,stage1-step23100-tokens49B,49000000000,0.48,0.244,0.234,0.25,0.25,0.25,0.4718127616662532,0.9876468299627305
olmo2,OLMo-2-0425-1B,hellaswag,stage1-step40000-tokens84B,84000000000,0.565,0.234,0.236,0.25,0.25,0.25,0.5019125294685364,0.9900290704965592
olmo2,OLMo-2-0425-1B,hellaswag,stage1-step50000-tokens105B,105000000000,0.535,0.236,0.242,0.25,0.25,0.25,0.6424549793303013,0.9924608353376388
olmo2,OLMo-2-0425-1B,hellaswag,stage1-step70000-tokens147B,147000000000,0.62,0.23,0.23,0.25,0.25,0.25,0.4632677449323237,0.9922251451015472
olmo2,OLMo-2-0425-1B,hellaswag,stage1-step100000-tokens210B,210000000000,0.605,0.224,0.246,0.25,0.25,0.25,0.49097868645191195,0.9892640184164048
olmo2,OLMo-2-0425-1B,hellaswag,stage1-step150000-tokens315B,315000000000,0.645,0.252,0.242,0.25,0.25,0.25,0.6444360736720264,0.9924435532093048
olmo2,OLMo-2-0425-1B,hellaswag,stage1-step220000-tokens462B,462000000000,0.59,0.224,0.286,0.25,0.25,0.25,0.306521721303463,0.992098219871521
olmo2,OLMo-2-0425-1B,hellaswag,stage1-step310000-tokens651B,651000000000,0.635,0.244,0.256,0.25,0.25,0.25,0.4322525617480278,0.9900439479351044
olmo2,OLMo-2-0425-1B,hellaswag,stage1-step450000-tokens944B,944000000000,0.65,0.252,0.224,0.25,0.25,0.25,0.43081500387378036,0.9947887327671051
olmo2,OLMo-2-0425-1B,hellaswag,stage1-step640000-tokens1343B,1343000000000,0.65,0.236,0.26,0.25,0.25,0.25,0.4770062247440219,0.9914244542121887
olmo2,OLMo-2-0425-1B,hellaswag,stage1-step920000-tokens1930B,1930000000000,0.67,0.232,0.248,0.25,0.25,0.25,0.32769135031104085,0.989947695851326
olmo2,OLMo-2-0425-1B,hellaswag,stage1-step1330000-tokens2790B,2790000000000,0.7,0.236,0.23,0.25,0.25,0.25,0.28244777406728827,0.9942330300807953
olmo2,OLMo-2-0425-1B,hellaswag,stage1-step1907359-tokens4001B,4001000000000,0.71,0.23,0.232,0.25,0.25,0.25,0.3221344381738454,0.9963743705749512
olmo2,OLMo-2-0425-1B,mmlu,stage1-step300-tokens1B,1000000000,0.305,0.212,0.212,0.25,0.25,0.25,0.020081134530715646,0.02196941664814949
olmo2,OLMo-2-0425-1B,mmlu,stage1-step10000-tokens21B,21000000000,0.275,0.238,0.236,0.25,0.25,0.25,0.8264600216448307,0.9897550565004348
olmo2,OLMo-2-0425-1B,mmlu,stage1-step20000-tokens42B,42000000000,0.25,0.26,0.252,0.25,0.25,0.25,0.8556291741430759,0.9862169466018677
olmo2,OLMo-2-0425-1B,mmlu,stage1-step23100-tokens49B,49000000000,0.27,0.254,0.278,0.25,0.25,0.25,0.8305058141350746,0.9904846065044403
olmo2,OLMo-2-0425-1B,mmlu,stage1-step40000-tokens84B,84000000000,0.28,0.25,0.226,0.25,0.25,0.25,0.8696291158199311,0.9893018628358841
olmo2,OLMo-2-0425-1B,mmlu,stage1-step50000-tokens105B,105000000000,0.275,0.25,0.224,0.25,0.25,0.25,0.8662148445844651,0.9930470060110093
olmo2,OLMo-2-0425-1B,mmlu,stage1-step70000-tokens147B,147000000000,0.305,0.26,0.278,0.25,0.25,0.25,0.7511904071569443,0.9865680228471756
olmo2,OLMo-2-0425-1B,mmlu,stage1-step100000-tokens210B,210000000000,0.32,0.248,0.266,0.25,0.25,0.25,0.8723529736995697,0.9881233216524125
olmo2,OLMo-2-0425-1B,mmlu,stage1-step150000-tokens315B,315000000000,0.305,0.26,0.266,0.25,0.25,0.25,0.8245888088345528,0.9925753117799759
olmo2,OLMo-2-0425-1B,mmlu,stage1-step220000-tokens462B,462000000000,0.32,0.278,0.248,0.25,0.25,0.25,0.7304975279569625,0.9936281590461731
olmo2,OLMo-2-0425-1B,mmlu,stage1-step310000-tokens651B,651000000000,0.28,0.264,0.246,0.25,0.25,0.25,0.7248136581778526,0.9931047947406769
olmo2,OLMo-2-0425-1B,mmlu,stage1-step450000-tokens944B,944000000000,0.305,0.298,0.28,0.25,0.25,0.25,0.828855095744133,0.99465491938591
olmo2,OLMo-2-0425-1B,mmlu,stage1-step640000-tokens1343B,1343000000000,0.32,0.262,0.27,0.25,0.25,0.25,0.8780843576192856,0.9919499579668045
olmo2,OLMo-2-0425-1B,mmlu,stage1-step920000-tokens1930B,1930000000000,0.285,0.274,0.266,0.25,0.25,0.25,0.7878501643836499,0.9921964867115021
olmo2,OLMo-2-0425-1B,mmlu,stage1-step1330000-tokens2790B,2790000000000,0.35,0.244,0.274,0.25,0.25,0.25,0.7085068995505571,0.9961337949037552
olmo2,OLMo-2-0425-1B,mmlu,stage1-step1907359-tokens4001B,4001000000000,0.345,0.262,0.276,0.25,0.25,0.25,0.7056391072869301,0.9962295825481415
olmo2,OLMo-2-0425-1B,piqa,stage1-step300-tokens1B,1000000000,0.485,0.49,0.49,0.5,0.5,0.5,0.013981683947262354,0.01485328898858279
olmo2,OLMo-2-0425-1B,piqa,stage1-step10000-tokens21B,21000000000,0.68,0.486,0.474,0.5,0.5,0.5,0.35899917055666447,0.7855495148897171
olmo2,OLMo-2-0425-1B,piqa,stage1-step20000-tokens42B,42000000000,0.73,0.478,0.484,0.5,0.5,0.5,0.44493712397664786,0.7607646249532699
olmo2,OLMo-2-0425-1B,piqa,stage1-step23100-tokens49B,49000000000,0.715,0.452,0.468,0.5,0.5,0.5,0.5794218297414482,0.9026806980371476
olmo2,OLMo-2-0425-1B,piqa,stage1-step40000-tokens84B,84000000000,0.725,0.488,0.48,0.5,0.5,0.5,0.5287499100081623,0.8136954208612442
olmo2,OLMo-2-0425-1B,piqa,stage1-step50000-tokens105B,105000000000,0.735,0.496,0.496,0.5,0.5,0.5,0.5144086503386498,0.8685250983238221
olmo2,OLMo-2-0425-1B,piqa,stage1-step70000-tokens147B,147000000000,0.745,0.52,0.512,0.5,0.5,0.5,0.4397338669002056,0.8708553354740143
olmo2,OLMo-2-0425-1B,piqa,stage1-step100000-tokens210B,210000000000,0.74,0.496,0.51,0.5,0.5,0.5,0.499121150188148,0.8884285484552383
olmo2,OLMo-2-0425-1B,piqa,stage1-step150000-tokens315B,315000000000,0.755,0.504,0.522,0.5,0.5,0.5,0.4893359486162662,0.8717066731452942
olmo2,OLMo-2-0425-1B,piqa,stage1-step220000-tokens462B,462000000000,0.76,0.512,0.51,0.5,0.5,0.5,0.39588669253885744,0.8650367287397385
olmo2,OLMo-2-0425-1B,piqa,stage1-step310000-tokens651B,651000000000,0.76,0.464,0.488,0.5,0.5,0.5,0.395306370023638,0.8183790979385376
olmo2,OLMo-2-0425-1B,piqa,stage1-step450000-tokens944B,944000000000,0.755,0.496,0.51,0.5,0.5,0.5,0.4864677377603948,0.886208923459053
olmo2,OLMo-2-0425-1B,piqa,stage1-step640000-tokens1343B,1343000000000,0.765,0.498,0.516,0.5,0.5,0.5,0.5636212093904615,0.9058916934728622
olmo2,OLMo-2-0425-1B,piqa,stage1-step920000-tokens1930B,1930000000000,0.765,0.488,0.492,0.5,0.5,0.5,0.4177607547082007,0.9314195151329041
olmo2,OLMo-2-0425-1B,piqa,stage1-step1330000-tokens2790B,2790000000000,0.77,0.466,0.478,0.5,0.5,0.5,0.2560496286023408,0.927989236831665
olmo2,OLMo-2-0425-1B,piqa,stage1-step1907359-tokens4001B,4001000000000,0.775,0.46,0.48,0.5,0.5,0.5,0.3273682949412614,0.9014092247486114
olmo2,OLMo-2-1124-7B,arc_challenge,stage1-step850-tokens4B,4000000000,0.195,0.228,0.268,0.2504166666666667,0.2504,0.2504,0.11985955952294171,0.7605193120241165
olmo2,OLMo-2-1124-7B,arc_challenge,stage1-step1000-tokens5B,5000000000,0.195,0.232,0.252,0.2504166666666667,0.2504,0.2504,0.19889264652878047,0.8665717681646347
olmo2,OLMo-2-1124-7B,arc_challenge,stage1-step2000-tokens9B,9000000000,0.235,0.22,0.212,0.2504166666666667,0.2504,0.2504,0.7257702668905258,0.9497995519638062
olmo2,OLMo-2-1124-7B,arc_challenge,stage1-step3000-tokens13B,13000000000,0.255,0.24,0.264,0.2504166666666667,0.2504,0.2504,0.6877170134186744,0.9688255653977395
olmo2,OLMo-2-1124-7B,arc_challenge,stage1-step4000-tokens17B,17000000000,0.255,0.214,0.226,0.2504166666666667,0.2504,0.2504,0.847179636657238,0.981837839126587
olmo2,OLMo-2-1124-7B,arc_challenge,stage1-step6000-tokens26B,26000000000,0.375,0.242,0.274,0.2504166666666667,0.2504,0.2504,0.9405793336629867,0.9908483134508133
olmo2,OLMo-2-1124-7B,arc_challenge,stage1-step8000-tokens34B,34000000000,0.315,0.236,0.252,0.2504166666666667,0.2504,0.2504,0.8590396427512169,0.9888964062929153
olmo2,OLMo-2-1124-7B,arc_challenge,stage1-step12000-tokens51B,51000000000,0.315,0.234,0.236,0.2504166666666667,0.2504,0.2504,0.9069227566719055,0.9949798377752304
olmo2,OLMo-2-1124-7B,arc_challenge,stage1-step17000-tokens72B,72000000000,0.37,0.282,0.276,0.2504166666666667,0.2504,0.2504,0.8672611588239669,0.9945512750148773
olmo2,OLMo-2-1124-7B,arc_challenge,stage1-step25000-tokens105B,105000000000,0.385,0.278,0.264,0.2504166666666667,0.2504,0.2504,0.897837238907814,0.9958483411073684
olmo2,OLMo-2-1124-7B,arc_challenge,stage1-step36000-tokens151B,151000000000,0.44,0.276,0.276,0.2504166666666667,0.2504,0.2504,0.8103404880762101,0.9935421217679977
olmo2,OLMo-2-1124-7B,arc_challenge,stage1-step51000-tokens214B,214000000000,0.455,0.242,0.264,0.2504166666666667,0.2504,0.2504,0.9072402694225311,0.9951528857946396
olmo2,OLMo-2-1124-7B,arc_challenge,stage1-step73000-tokens307B,307000000000,0.47,0.398,0.48,0.2504166666666667,0.2504,0.2504,0.9058174107074738,0.9962715320587158
olmo2,OLMo-2-1124-7B,arc_challenge,stage1-step106000-tokens445B,445000000000,0.475,0.462,0.56,0.2504166666666667,0.2504,0.2504,0.8691709967851639,0.9957700650691986
olmo2,OLMo-2-1124-7B,arc_challenge,stage1-step152000-tokens638B,638000000000,0.505,0.538,0.62,0.2504166666666667,0.2504,0.2504,0.9248350239992141,0.997727240562439
olmo2,OLMo-2-1124-7B,arc_challenge,stage1-step218000-tokens915B,915000000000,0.515,0.552,0.626,0.2504166666666667,0.2504,0.2504,0.891056918501854,0.9971219407320022
olmo2,OLMo-2-1124-7B,arc_challenge,stage1-step313000-tokens1313B,1313000000000,0.55,0.548,0.628,0.2504166666666667,0.2504,0.2504,0.8736591322422027,0.9971829450130463
olmo2,OLMo-2-1124-7B,arc_challenge,stage1-step450000-tokens1888B,1888000000000,0.57,0.616,0.694,0.2504166666666667,0.2504,0.2504,0.7173996656537056,0.9950055693387985
olmo2,OLMo-2-1124-7B,arc_challenge,stage1-step647000-tokens2714B,2714000000000,0.56,0.658,0.73,0.2504166666666667,0.2504,0.2504,0.7001847645938396,0.9964907206296921
olmo2,OLMo-2-1124-7B,arc_challenge,stage1-step928646-tokens3896B,3896000000000,0.575,0.712,0.768,0.2504166666666667,0.2504,0.2504,0.8286414617598057,0.9973867343664169
olmo2,OLMo-2-1124-7B,arc_easy,stage1-step850-tokens4B,4000000000,0.295,0.256,0.26,0.2516666666666667,0.25066666666666665,0.25066666666666665,0.1187596292346716,0.7716744119524955
olmo2,OLMo-2-1124-7B,arc_easy,stage1-step1000-tokens5B,5000000000,0.295,0.258,0.244,0.2516666666666667,0.25066666666666665,0.25066666666666665,0.2030743440836668,0.9164950287342072
olmo2,OLMo-2-1124-7B,arc_easy,stage1-step2000-tokens9B,9000000000,0.455,0.246,0.25,0.2516666666666667,0.25066666666666665,0.25066666666666665,0.744436344742775,0.9520926821231842
olmo2,OLMo-2-1124-7B,arc_easy,stage1-step3000-tokens13B,13000000000,0.505,0.234,0.252,0.2516666666666667,0.25066666666666665,0.25066666666666665,0.6856887058615685,0.9661818776130676
olmo2,OLMo-2-1124-7B,arc_easy,stage1-step4000-tokens17B,17000000000,0.61,0.23,0.242,0.2516666666666667,0.25066666666666665,0.25066666666666665,0.8472176351547241,0.9801927293539048
olmo2,OLMo-2-1124-7B,arc_easy,stage1-step6000-tokens26B,26000000000,0.645,0.246,0.258,0.2516666666666667,0.25066666666666665,0.25066666666666665,0.9357356861829758,0.9863247380256653
olmo2,OLMo-2-1124-7B,arc_easy,stage1-step8000-tokens34B,34000000000,0.665,0.254,0.258,0.2516666666666667,0.25066666666666665,0.25066666666666665,0.8492825253009796,0.9860723479986191
olmo2,OLMo-2-1124-7B,arc_easy,stage1-step12000-tokens51B,51000000000,0.735,0.282,0.276,0.2516666666666667,0.25066666666666665,0.25066666666666665,0.8992551487684249,0.9947113038301468
olmo2,OLMo-2-1124-7B,arc_easy,stage1-step17000-tokens72B,72000000000,0.71,0.25,0.268,0.2516666666666667,0.25066666666666665,0.25066666666666665,0.8665891042947769,0.9945716681480408
olmo2,OLMo-2-1124-7B,arc_easy,stage1-step25000-tokens105B,105000000000,0.71,0.256,0.276,0.2516666666666667,0.25066666666666665,0.25066666666666665,0.89163465321064,0.9957269529104232
olmo2,OLMo-2-1124-7B,arc_easy,stage1-step36000-tokens151B,151000000000,0.74,0.246,0.254,0.2516666666666667,0.25066666666666665,0.25066666666666665,0.7864750006794929,0.9932023108005523
olmo2,OLMo-2-1124-7B,arc_easy,stage1-step51000-tokens214B,214000000000,0.73,0.292,0.304,0.2516666666666667,0.25066666666666665,0.25066666666666665,0.8847291706800461,0.994838609457016
olmo2,OLMo-2-1124-7B,arc_easy,stage1-step73000-tokens307B,307000000000,0.775,0.442,0.652,0.2516666666666667,0.25066666666666665,0.25066666666666665,0.8884190037846565,0.9964978057146072
olmo2,OLMo-2-1124-7B,arc_easy,stage1-step106000-tokens445B,445000000000,0.76,0.598,0.714,0.2516666666666667,0.25066666666666665,0.25066666666666665,0.8673600481748581,0.9954576077461242
olmo2,OLMo-2-1124-7B,arc_easy,stage1-step152000-tokens638B,638000000000,0.8,0.682,0.778,0.2516666666666667,0.25066666666666665,0.25066666666666665,0.9115342252850532,0.9975621163845062
olmo2,OLMo-2-1124-7B,arc_easy,stage1-step218000-tokens915B,915000000000,0.81,0.686,0.788,0.2516666666666667,0.25066666666666665,0.25066666666666665,0.8928239219188691,0.9982019573450088
olmo2,OLMo-2-1124-7B,arc_easy,stage1-step313000-tokens1313B,1313000000000,0.805,0.712,0.806,0.2516666666666667,0.25066666666666665,0.25066666666666665,0.8666166831851005,0.9986794114112854
olmo2,OLMo-2-1124-7B,arc_easy,stage1-step450000-tokens1888B,1888000000000,0.845,0.772,0.844,0.2516666666666667,0.25066666666666665,0.25066666666666665,0.7107514334917069,0.9978040615320206
olmo2,OLMo-2-1124-7B,arc_easy,stage1-step647000-tokens2714B,2714000000000,0.85,0.804,0.854,0.2516666666666667,0.25066666666666665,0.25066666666666665,0.7013905976712703,0.9980980163812637
olmo2,OLMo-2-1124-7B,arc_easy,stage1-step928646-tokens3896B,3896000000000,0.84,0.81,0.872,0.2516666666666667,0.25066666666666665,0.25066666666666665,0.8087799460887909,0.9985767620801925
olmo2,OLMo-2-1124-7B,csqa,stage1-step850-tokens4B,4000000000,0.21,0.168,0.206,0.2,0.2,0.2,0.05831079338304698,0.7292468484640121
olmo2,OLMo-2-1124-7B,csqa,stage1-step1000-tokens5B,5000000000,0.225,0.184,0.206,0.2,0.2,0.2,0.12634591753035784,0.8667748696804046
olmo2,OLMo-2-1124-7B,csqa,stage1-step2000-tokens9B,9000000000,0.395,0.2,0.184,0.2,0.2,0.2,0.7677453862428665,0.9555181671380997
olmo2,OLMo-2-1124-7B,csqa,stage1-step3000-tokens13B,13000000000,0.445,0.188,0.216,0.2,0.2,0.2,0.5497446844875813,0.9676685254573822
olmo2,OLMo-2-1124-7B,csqa,stage1-step4000-tokens17B,17000000000,0.495,0.168,0.18,0.2,0.2,0.2,0.765493759572506,0.9764308923482895
olmo2,OLMo-2-1124-7B,csqa,stage1-step6000-tokens26B,26000000000,0.555,0.174,0.206,0.2,0.2,0.2,0.8731189718842507,0.9784153511524201
olmo2,OLMo-2-1124-7B,csqa,stage1-step8000-tokens34B,34000000000,0.58,0.214,0.204,0.2,0.2,0.2,0.8164600163698197,0.978131977558136
olmo2,OLMo-2-1124-7B,csqa,stage1-step12000-tokens51B,51000000000,0.61,0.172,0.172,0.2,0.2,0.2,0.8423107479214669,0.9908782955408096
olmo2,OLMo-2-1124-7B,csqa,stage1-step17000-tokens72B,72000000000,0.625,0.218,0.22,0.2,0.2,0.2,0.8386048410534859,0.9941487507820129
olmo2,OLMo-2-1124-7B,csqa,stage1-step25000-tokens105B,105000000000,0.64,0.216,0.19,0.2,0.2,0.2,0.8793555425405503,0.9929281569719315
olmo2,OLMo-2-1124-7B,csqa,stage1-step36000-tokens151B,151000000000,0.665,0.198,0.22,0.2,0.2,0.2,0.8245028604269028,0.9917072360515594
olmo2,OLMo-2-1124-7B,csqa,stage1-step51000-tokens214B,214000000000,0.68,0.226,0.196,0.2,0.2,0.2,0.848430659532547,0.9924959646463394
olmo2,OLMo-2-1124-7B,csqa,stage1-step73000-tokens307B,307000000000,0.65,0.254,0.46,0.2,0.2,0.2,0.8024908890724182,0.9963079388141632
olmo2,OLMo-2-1124-7B,csqa,stage1-step106000-tokens445B,445000000000,0.7,0.374,0.538,0.2,0.2,0.2,0.8620986893177033,0.9951269291639327
olmo2,OLMo-2-1124-7B,csqa,stage1-step152000-tokens638B,638000000000,0.67,0.406,0.628,0.2,0.2,0.2,0.899167994260788,0.9983704704046249
olmo2,OLMo-2-1124-7B,csqa,stage1-step218000-tokens915B,915000000000,0.68,0.456,0.676,0.2,0.2,0.2,0.916978625535965,0.998888638496399
olmo2,OLMo-2-1124-7B,csqa,stage1-step313000-tokens1313B,1313000000000,0.665,0.462,0.666,0.2,0.2,0.2,0.842756198644638,0.9987626725435257
olmo2,OLMo-2-1124-7B,csqa,stage1-step450000-tokens1888B,1888000000000,0.685,0.528,0.644,0.2,0.2,0.2,0.6030981894731522,0.9950150549411774
olmo2,OLMo-2-1124-7B,csqa,stage1-step647000-tokens2714B,2714000000000,0.705,0.548,0.706,0.2,0.2,0.2,0.6726696808636189,0.9969368978738785
olmo2,OLMo-2-1124-7B,csqa,stage1-step928646-tokens3896B,3896000000000,0.675,0.586,0.714,0.2,0.2,0.2,0.7739518159925938,0.9977911262512207
olmo2,OLMo-2-1124-7B,hellaswag,stage1-step850-tokens4B,4000000000,0.235,0.242,0.274,0.25,0.25,0.25,0.06809053757227958,0.5871861075758934
olmo2,OLMo-2-1124-7B,hellaswag,stage1-step1000-tokens5B,5000000000,0.245,0.234,0.272,0.25,0.25,0.25,0.0959640006236732,0.6976788948774337
olmo2,OLMo-2-1124-7B,hellaswag,stage1-step2000-tokens9B,9000000000,0.27,0.254,0.238,0.25,0.25,0.25,0.42853814337402585,0.9526571443080902
olmo2,OLMo-2-1124-7B,hellaswag,stage1-step3000-tokens13B,13000000000,0.335,0.26,0.23,0.25,0.25,0.25,0.4669233246743679,0.9665245980024337
olmo2,OLMo-2-1124-7B,hellaswag,stage1-step4000-tokens17B,17000000000,0.44,0.228,0.232,0.25,0.25,0.25,0.5866192438453436,0.9820870751142502
olmo2,OLMo-2-1124-7B,hellaswag,stage1-step6000-tokens26B,26000000000,0.52,0.256,0.256,0.25,0.25,0.25,0.5963560447208583,0.9869175256490708
olmo2,OLMo-2-1124-7B,hellaswag,stage1-step8000-tokens34B,34000000000,0.555,0.22,0.244,0.25,0.25,0.25,0.4319384844042361,0.9841468360424042
olmo2,OLMo-2-1124-7B,hellaswag,stage1-step12000-tokens51B,51000000000,0.61,0.252,0.232,0.25,0.25,0.25,0.5592610457651317,0.9921339010000229
olmo2,OLMo-2-1124-7B,hellaswag,stage1-step17000-tokens72B,72000000000,0.65,0.224,0.276,0.25,0.25,0.25,0.4988233908638358,0.9947785359621047
olmo2,OLMo-2-1124-7B,hellaswag,stage1-step25000-tokens105B,105000000000,0.68,0.228,0.238,0.25,0.25,0.25,0.672528864890337,0.9938962154388428
olmo2,OLMo-2-1124-7B,hellaswag,stage1-step36000-tokens151B,151000000000,0.715,0.24,0.24,0.25,0.25,0.25,0.5101074669472874,0.9927598416805268
olmo2,OLMo-2-1124-7B,hellaswag,stage1-step51000-tokens214B,214000000000,0.755,0.266,0.238,0.25,0.25,0.25,0.6256635221242904,0.9958214527368545
olmo2,OLMo-2-1124-7B,hellaswag,stage1-step73000-tokens307B,307000000000,0.775,0.24,0.258,0.25,0.25,0.25,0.6485659592300653,0.995777038693428
olmo2,OLMo-2-1124-7B,hellaswag,stage1-step106000-tokens445B,445000000000,0.81,0.272,0.31,0.25,0.25,0.25,0.5597267885655165,0.9937088968753814
olmo2,OLMo-2-1124-7B,hellaswag,stage1-step152000-tokens638B,638000000000,0.8,0.272,0.368,0.25,0.25,0.25,0.3878685594461858,0.9842140207290649
olmo2,OLMo-2-1124-7B,hellaswag,stage1-step218000-tokens915B,915000000000,0.805,0.294,0.516,0.25,0.25,0.25,0.5277025465043261,0.997042880654335
olmo2,OLMo-2-1124-7B,hellaswag,stage1-step313000-tokens1313B,1313000000000,0.805,0.268,0.454,0.25,0.25,0.25,0.3448867138591595,0.9955851967334748
olmo2,OLMo-2-1124-7B,hellaswag,stage1-step450000-tokens1888B,1888000000000,0.825,0.282,0.5,0.25,0.25,0.25,0.298521096654702,0.9965105276107789
olmo2,OLMo-2-1124-7B,hellaswag,stage1-step647000-tokens2714B,2714000000000,0.83,0.29,0.518,0.25,0.25,0.25,0.44850619487743826,0.9974911441802978
olmo2,OLMo-2-1124-7B,hellaswag,stage1-step928646-tokens3896B,3896000000000,0.865,0.3,0.484,0.25,0.25,0.25,0.3116499882605858,0.9983725315332412
olmo2,OLMo-2-1124-7B,mmlu,stage1-step850-tokens4B,4000000000,0.24,0.232,0.252,0.25,0.25,0.25,0.11436598283611238,0.7384175552725792
olmo2,OLMo-2-1124-7B,mmlu,stage1-step1000-tokens5B,5000000000,0.23,0.226,0.254,0.25,0.25,0.25,0.19817694789916276,0.8601284446120262
olmo2,OLMo-2-1124-7B,mmlu,stage1-step2000-tokens9B,9000000000,0.23,0.224,0.228,0.25,0.25,0.25,0.6950237098634243,0.9361768753528595
olmo2,OLMo-2-1124-7B,mmlu,stage1-step3000-tokens13B,13000000000,0.245,0.264,0.254,0.25,0.25,0.25,0.692631173402071,0.9686936928033829
olmo2,OLMo-2-1124-7B,mmlu,stage1-step4000-tokens17B,17000000000,0.225,0.26,0.256,0.25,0.25,0.25,0.8171889821887016,0.979719880104065
olmo2,OLMo-2-1124-7B,mmlu,stage1-step6000-tokens26B,26000000000,0.315,0.246,0.254,0.25,0.25,0.25,0.908009199142456,0.9852906596660614
olmo2,OLMo-2-1124-7B,mmlu,stage1-step8000-tokens34B,34000000000,0.29,0.294,0.248,0.25,0.25,0.25,0.8364725176692009,0.9867189038991928
olmo2,OLMo-2-1124-7B,mmlu,stage1-step12000-tokens51B,51000000000,0.305,0.268,0.256,0.25,0.25,0.25,0.8855007588863373,0.9939809991121292
olmo2,OLMo-2-1124-7B,mmlu,stage1-step17000-tokens72B,72000000000,0.345,0.262,0.31,0.25,0.25,0.25,0.8531767926216125,0.9949178175926209
olmo2,OLMo-2-1124-7B,mmlu,stage1-step25000-tokens105B,105000000000,0.335,0.25,0.25,0.25,0.25,0.25,0.8682817231416702,0.9959141963720322
olmo2,OLMo-2-1124-7B,mmlu,stage1-step36000-tokens151B,151000000000,0.37,0.292,0.274,0.25,0.25,0.25,0.773819384098053,0.9942783064842224
olmo2,OLMo-2-1124-7B,mmlu,stage1-step51000-tokens214B,214000000000,0.335,0.258,0.292,0.25,0.25,0.25,0.8801736776828766,0.99580932533741
olmo2,OLMo-2-1124-7B,mmlu,stage1-step73000-tokens307B,307000000000,0.395,0.32,0.368,0.25,0.25,0.25,0.8943485261201859,0.9967640269994735
olmo2,OLMo-2-1124-7B,mmlu,stage1-step106000-tokens445B,445000000000,0.39,0.376,0.412,0.25,0.25,0.25,0.8513286254405975,0.9946208127737045
olmo2,OLMo-2-1124-7B,mmlu,stage1-step152000-tokens638B,638000000000,0.425,0.394,0.496,0.25,0.25,0.25,0.8746459881141782,0.9966156742572785
olmo2,OLMo-2-1124-7B,mmlu,stage1-step218000-tokens915B,915000000000,0.42,0.42,0.49,0.25,0.25,0.25,0.8575679057538509,0.9976712168455124
olmo2,OLMo-2-1124-7B,mmlu,stage1-step313000-tokens1313B,1313000000000,0.445,0.43,0.482,0.25,0.25,0.25,0.8620344108641148,0.9972689094543457
olmo2,OLMo-2-1124-7B,mmlu,stage1-step450000-tokens1888B,1888000000000,0.435,0.468,0.516,0.25,0.25,0.25,0.7237751958072185,0.9957046552896499
olmo2,OLMo-2-1124-7B,mmlu,stage1-step647000-tokens2714B,2714000000000,0.455,0.544,0.56,0.25,0.25,0.25,0.7256302913427353,0.9968023865222931
olmo2,OLMo-2-1124-7B,mmlu,stage1-step928646-tokens3896B,3896000000000,0.46,0.53,0.55,0.25,0.25,0.25,0.8110932443141937,0.9979852330684662
olmo2,OLMo-2-1124-7B,piqa,stage1-step850-tokens4B,4000000000,0.57,0.488,0.51,0.5,0.5,0.5,0.05167013536859304,0.5108120121657849
olmo2,OLMo-2-1124-7B,piqa,stage1-step1000-tokens5B,5000000000,0.6,0.492,0.51,0.5,0.5,0.5,0.06968588305264711,0.6930687198638916
olmo2,OLMo-2-1124-7B,piqa,stage1-step2000-tokens9B,9000000000,0.595,0.512,0.49,0.5,0.5,0.5,0.4095189460963011,0.6287118190526962
olmo2,OLMo-2-1124-7B,piqa,stage1-step3000-tokens13B,13000000000,0.69,0.508,0.478,0.5,0.5,0.5,0.36990745813399556,0.6086545361876488
olmo2,OLMo-2-1124-7B,piqa,stage1-step4000-tokens17B,17000000000,0.73,0.488,0.47,0.5,0.5,0.5,0.38436466646194456,0.6620241212844848
olmo2,OLMo-2-1124-7B,piqa,stage1-step6000-tokens26B,26000000000,0.73,0.474,0.506,0.5,0.5,0.5,0.6047449146509171,0.8007511991262436
olmo2,OLMo-2-1124-7B,piqa,stage1-step8000-tokens34B,34000000000,0.75,0.47,0.494,0.5,0.5,0.5,0.39707518062740566,0.7799241409301758
olmo2,OLMo-2-1124-7B,piqa,stage1-step12000-tokens51B,51000000000,0.755,0.516,0.466,0.5,0.5,0.5,0.5274993708133697,0.8418676285743714
olmo2,OLMo-2-1124-7B,piqa,stage1-step17000-tokens72B,72000000000,0.765,0.494,0.47,0.5,0.5,0.5,0.5081306042000652,0.944304630279541
olmo2,OLMo-2-1124-7B,piqa,stage1-step25000-tokens105B,105000000000,0.76,0.514,0.496,0.5,0.5,0.5,0.5874466039538383,0.9705762816667557
olmo2,OLMo-2-1124-7B,piqa,stage1-step36000-tokens151B,151000000000,0.75,0.474,0.492,0.5,0.5,0.5,0.560663382075727,0.9238735822439194
olmo2,OLMo-2-1124-7B,piqa,stage1-step51000-tokens214B,214000000000,0.795,0.52,0.49,0.5,0.5,0.5,0.6179545674622059,0.9592005625963211
olmo2,OLMo-2-1124-7B,piqa,stage1-step73000-tokens307B,307000000000,0.79,0.52,0.546,0.5,0.5,0.5,0.48201267028227446,0.9360865249633789
olmo2,OLMo-2-1124-7B,piqa,stage1-step106000-tokens445B,445000000000,0.76,0.562,0.54,0.5,0.5,0.5,0.6057869931478054,0.9728889223337174
olmo2,OLMo-2-1124-7B,piqa,stage1-step152000-tokens638B,638000000000,0.785,0.588,0.678,0.5,0.5,0.5,0.5926414000820368,0.9875264087915421
olmo2,OLMo-2-1124-7B,piqa,stage1-step218000-tokens915B,915000000000,0.79,0.592,0.694,0.5,0.5,0.5,0.5608616496673785,0.9789776182174683
olmo2,OLMo-2-1124-7B,piqa,stage1-step313000-tokens1313B,1313000000000,0.805,0.596,0.61,0.5,0.5,0.5,0.5912838418288157,0.9815314569473267
olmo2,OLMo-2-1124-7B,piqa,stage1-step450000-tokens1888B,1888000000000,0.785,0.602,0.716,0.5,0.5,0.5,0.46510619355808014,0.9830204831361771
olmo2,OLMo-2-1124-7B,piqa,stage1-step647000-tokens2714B,2714000000000,0.805,0.69,0.746,0.5,0.5,0.5,0.5530631370735355,0.9870176062583923
olmo2,OLMo-2-1124-7B,piqa,stage1-step928646-tokens3896B,3896000000000,0.78,0.694,0.744,0.5,0.5,0.5,0.6731520206246059,0.9878380273580551
added_olmo,OLMo-7B-0424-hf,arc_challenge,step1000-tokens4B,4000000000,0.2,0.222,0.248,0.2504166666666667,0.2504,0.2504,0.05499145857430995,0.49687065130472186
added_olmo,OLMo-7B-0424-hf,arc_challenge,step1500-tokens6B,6000000000,0.17,0.236,0.268,0.2504166666666667,0.2504,0.2504,0.07788976969197392,0.4406135387122631
added_olmo,OLMo-7B-0424-hf,arc_challenge,step2000-tokens8B,8000000000,0.16,0.26,0.286,0.2504166666666667,0.2504,0.2504,0.1583928542919457,0.34078366236388685
added_olmo,OLMo-7B-0424-hf,arc_challenge,step3000-tokens12B,12000000000,0.195,0.224,0.28,0.2504166666666667,0.2504,0.2504,0.20781634831428528,0.4488293306529522
added_olmo,OLMo-7B-0424-hf,arc_challenge,step4000-tokens16B,16000000000,0.21,0.216,0.264,0.2504166666666667,0.2504,0.2504,0.26532442757487296,0.7909863454699516
added_olmo,OLMo-7B-0424-hf,arc_challenge,step5500-tokens23B,23000000000,0.235,0.254,0.262,0.2504166666666667,0.2504,0.2504,0.5307368274703622,0.7037393817901612
added_olmo,OLMo-7B-0424-hf,arc_challenge,step7500-tokens31B,31000000000,0.205,0.236,0.268,0.2504166666666667,0.2504,0.2504,0.6396687226593495,0.11639875895529986
added_olmo,OLMo-7B-0424-hf,arc_challenge,step10500-tokens44B,44000000000,0.215,0.272,0.242,0.2504166666666667,0.2504,0.2504,0.9593092288970947,0.26332182888686656
added_olmo,OLMo-7B-0424-hf,arc_challenge,step15000-tokens62B,62000000000,0.25,0.248,0.254,0.2504166666666667,0.2504,0.2504,0.8567581899762153,0.4965204456746578
added_olmo,OLMo-7B-0424-hf,arc_challenge,step21000-tokens88B,88000000000,0.305,0.252,0.254,0.2504166666666667,0.2504,0.2504,0.6582024595313706,0.17949182503297925
added_olmo,OLMo-7B-0424-hf,arc_challenge,step30000-tokens125B,125000000000,0.3,0.216,0.272,0.2504166666666667,0.2504,0.2504,0.8629449952840805,0.8546624039411544
added_olmo,OLMo-7B-0424-hf,arc_challenge,step41500-tokens174B,174000000000,0.315,0.284,0.26,0.2504166666666667,0.2504,0.2504,0.7994101720042527,0.5287415500581264
added_olmo,OLMo-7B-0424-hf,arc_challenge,step59000-tokens247B,247000000000,0.335,0.288,0.262,0.2504166666666667,0.2504,0.2504,0.727952985117212,0.25251385593414305
added_olmo,OLMo-7B-0424-hf,arc_challenge,step83000-tokens348B,348000000000,0.355,0.254,0.246,0.2504166666666667,0.2504,0.2504,0.8972609550952911,0.9742529245615006
added_olmo,OLMo-7B-0424-hf,arc_challenge,step117000-tokens490B,490000000000,0.32,0.37,0.422,0.2504166666666667,0.2504,0.2504,0.6280701845139265,0.6954886529892683
added_olmo,OLMo-7B-0424-hf,arc_challenge,step165000-tokens691B,691000000000,0.405,0.42,0.492,0.2504166666666667,0.2504,0.2504,0.6581845700740814,0.9868478654623032
added_olmo,OLMo-7B-0424-hf,arc_challenge,step233000-tokens976B,976000000000,0.425,0.478,0.586,0.2504166666666667,0.2504,0.2504,0.7526684579551219,0.8964108294844627
added_olmo,OLMo-7B-0424-hf,arc_challenge,step328000-tokens1375B,1375000000000,0.435,0.414,0.586,0.2504166666666667,0.2504,0.2504,0.7160197789072991,0.991018236041069
added_olmo,OLMo-7B-0424-hf,arc_challenge,step462000-tokens1937B,1937000000000,0.45,0.484,0.644,0.2504166666666667,0.2504,0.2504,0.6933855664134025,0.9847673035860062
added_olmo,OLMo-7B-0424-hf,arc_challenge,step651581-tokens2731B,2731000000000,0.445,0.634,0.708,0.2504166666666667,0.2504,0.2504,0.8977882719635963,0.9987085756063462
added_olmo,OLMo-7B-0424-hf,arc_easy,step1000-tokens4B,4000000000,0.285,0.25,0.262,0.2516666666666667,0.25066666666666665,0.25066666666666665,0.05930744886212051,0.5134102684557438
added_olmo,OLMo-7B-0424-hf,arc_easy,step1500-tokens6B,6000000000,0.295,0.256,0.268,0.2516666666666667,0.25066666666666665,0.25066666666666665,0.07824841603636741,0.5772815989255905
added_olmo,OLMo-7B-0424-hf,arc_easy,step2000-tokens8B,8000000000,0.32,0.248,0.246,0.2516666666666667,0.25066666666666665,0.25066666666666665,0.14717788656055927,0.5056095075309277
added_olmo,OLMo-7B-0424-hf,arc_easy,step3000-tokens12B,12000000000,0.345,0.244,0.25,0.2516666666666667,0.25066666666666665,0.25066666666666665,0.19371011593937873,0.5354715360403061
added_olmo,OLMo-7B-0424-hf,arc_easy,step4000-tokens16B,16000000000,0.38,0.24,0.256,0.2516666666666667,0.25066666666666665,0.25066666666666665,0.2445170366540551,0.740584339350462
added_olmo,OLMo-7B-0424-hf,arc_easy,step5500-tokens23B,23000000000,0.415,0.224,0.252,0.2516666666666667,0.25066666666666665,0.25066666666666665,0.4900166430771351,0.774065167248249
added_olmo,OLMo-7B-0424-hf,arc_easy,step7500-tokens31B,31000000000,0.38,0.248,0.252,0.2516666666666667,0.25066666666666665,0.25066666666666665,0.6205891155004502,0.2360934190452099
added_olmo,OLMo-7B-0424-hf,arc_easy,step10500-tokens44B,44000000000,0.41,0.242,0.236,0.2516666666666667,0.25066666666666665,0.25066666666666665,0.95317504966259,0.32556017714738844
added_olmo,OLMo-7B-0424-hf,arc_easy,step15000-tokens62B,62000000000,0.435,0.262,0.258,0.2516666666666667,0.25066666666666665,0.25066666666666665,0.8656924282312393,0.48733397606015205
added_olmo,OLMo-7B-0424-hf,arc_easy,step21000-tokens88B,88000000000,0.465,0.258,0.26,0.2516666666666667,0.25066666666666665,0.25066666666666665,0.6372337309941649,0.16437935116887092
added_olmo,OLMo-7B-0424-hf,arc_easy,step30000-tokens125B,125000000000,0.555,0.242,0.272,0.2516666666666667,0.25066666666666665,0.25066666666666665,0.8644266070127488,0.7078482068181038
added_olmo,OLMo-7B-0424-hf,arc_easy,step41500-tokens174B,174000000000,0.62,0.236,0.242,0.2516666666666667,0.25066666666666665,0.25066666666666665,0.7830153317153454,0.5189416432976722
added_olmo,OLMo-7B-0424-hf,arc_easy,step59000-tokens247B,247000000000,0.585,0.244,0.266,0.2516666666666667,0.25066666666666665,0.25066666666666665,0.7015254557430745,0.24932068881765007
added_olmo,OLMo-7B-0424-hf,arc_easy,step83000-tokens348B,348000000000,0.67,0.28,0.248,0.2516666666666667,0.25066666666666665,0.25066666666666665,0.8903671399354934,0.9591564477682114
added_olmo,OLMo-7B-0424-hf,arc_easy,step117000-tokens490B,490000000000,0.62,0.368,0.494,0.2516666666666667,0.25066666666666665,0.25066666666666665,0.6125438421368599,0.9487246840000153
added_olmo,OLMo-7B-0424-hf,arc_easy,step165000-tokens691B,691000000000,0.715,0.5,0.614,0.2516666666666667,0.25066666666666665,0.25066666666666665,0.646444416642189,0.9899206278324127
added_olmo,OLMo-7B-0424-hf,arc_easy,step233000-tokens976B,976000000000,0.745,0.566,0.678,0.2516666666666667,0.25066666666666665,0.25066666666666665,0.7295262752696872,0.949360445857048
added_olmo,OLMo-7B-0424-hf,arc_easy,step328000-tokens1375B,1375000000000,0.745,0.542,0.75,0.2516666666666667,0.25066666666666665,0.25066666666666665,0.7180076928064227,0.9962963483333588
added_olmo,OLMo-7B-0424-hf,arc_easy,step462000-tokens1937B,1937000000000,0.765,0.604,0.812,0.2516666666666667,0.25066666666666665,0.25066666666666665,0.6777341801524163,0.9963981556892395
added_olmo,OLMo-7B-0424-hf,arc_easy,step651581-tokens2731B,2731000000000,0.815,0.734,0.85,0.2516666666666667,0.25066666666666665,0.25066666666666665,0.9083680967092514,0.9992828845977784
added_olmo,OLMo-7B-0424-hf,csqa,step1000-tokens4B,4000000000,0.175,0.18,0.182,0.2,0.2,0.2,0.04997215077094734,0.31627485689520834
added_olmo,OLMo-7B-0424-hf,csqa,step1500-tokens6B,6000000000,0.18,0.196,0.18,0.2,0.2,0.2,0.07343196531757712,0.38332397484779357
added_olmo,OLMo-7B-0424-hf,csqa,step2000-tokens8B,8000000000,0.27,0.216,0.18,0.2,0.2,0.2,0.11287397815287113,0.2698615918159485
added_olmo,OLMo-7B-0424-hf,csqa,step3000-tokens12B,12000000000,0.26,0.182,0.196,0.2,0.2,0.2,0.14725434921681882,0.3636957393959165
added_olmo,OLMo-7B-0424-hf,csqa,step4000-tokens16B,16000000000,0.33,0.192,0.226,0.2,0.2,0.2,0.17358129262179137,0.7172735230326652
added_olmo,OLMo-7B-0424-hf,csqa,step5500-tokens23B,23000000000,0.33,0.234,0.218,0.2,0.2,0.2,0.5134173857010901,0.572297878652811
added_olmo,OLMo-7B-0424-hf,csqa,step7500-tokens31B,31000000000,0.335,0.17,0.18,0.2,0.2,0.2,0.5938176042735577,0.04209055532887578
added_olmo,OLMo-7B-0424-hf,csqa,step10500-tokens44B,44000000000,0.39,0.202,0.224,0.2,0.2,0.2,0.9355167564153671,0.14700463370233774
added_olmo,OLMo-7B-0424-hf,csqa,step15000-tokens62B,62000000000,0.41,0.198,0.208,0.2,0.2,0.2,0.787078309893608,0.37030627282708883
added_olmo,OLMo-7B-0424-hf,csqa,step21000-tokens88B,88000000000,0.44,0.206,0.198,0.2,0.2,0.2,0.446113600704819,0.3338629956617951
added_olmo,OLMo-7B-0424-hf,csqa,step30000-tokens125B,125000000000,0.525,0.162,0.2,0.2,0.2,0.2,0.862069682598114,0.6488720030188561
added_olmo,OLMo-7B-0424-hf,csqa,step41500-tokens174B,174000000000,0.53,0.202,0.188,0.2,0.2,0.2,0.7080439848899841,0.232355544693768
added_olmo,OLMo-7B-0424-hf,csqa,step59000-tokens247B,247000000000,0.46,0.178,0.19,0.2,0.2,0.2,0.5919279564917087,0.401029815942049
added_olmo,OLMo-7B-0424-hf,csqa,step83000-tokens348B,348000000000,0.595,0.19,0.21,0.2,0.2,0.2,0.7767774593234062,0.9716924774646759
added_olmo,OLMo-7B-0424-hf,csqa,step117000-tokens490B,490000000000,0.525,0.422,0.534,0.2,0.2,0.2,0.49868076390028,0.5631658068448305
added_olmo,OLMo-7B-0424-hf,csqa,step165000-tokens691B,691000000000,0.66,0.5,0.612,0.2,0.2,0.2,0.4134625925421715,0.9570698216557503
added_olmo,OLMo-7B-0424-hf,csqa,step233000-tokens976B,976000000000,0.62,0.494,0.66,0.2,0.2,0.2,0.7478479355573654,0.6699956869632006
added_olmo,OLMo-7B-0424-hf,csqa,step328000-tokens1375B,1375000000000,0.675,0.522,0.698,0.2,0.2,0.2,0.640895167529583,0.9421367281675339
added_olmo,OLMo-7B-0424-hf,csqa,step462000-tokens1937B,1937000000000,0.715,0.602,0.762,0.2,0.2,0.2,0.6217186929583549,0.9794864194393158
added_olmo,OLMo-7B-0424-hf,csqa,step651581-tokens2731B,2731000000000,0.73,0.794,0.846,0.2,0.2,0.2,0.9936901216506958,0.9999595675468445
added_olmo,OLMo-7B-0424-hf,hellaswag,step1000-tokens4B,4000000000,0.275,0.238,0.276,0.25,0.25,0.25,0.04174041342176497,0.5652183773517608
added_olmo,OLMo-7B-0424-hf,hellaswag,step1500-tokens6B,6000000000,0.275,0.248,0.276,0.25,0.25,0.25,0.0774314899481833,0.7578790317773819
added_olmo,OLMo-7B-0424-hf,hellaswag,step2000-tokens8B,8000000000,0.285,0.284,0.3,0.25,0.25,0.25,0.1617180357631296,0.4969757806658745
added_olmo,OLMo-7B-0424-hf,hellaswag,step3000-tokens12B,12000000000,0.295,0.238,0.27,0.25,0.25,0.25,0.2141534780561924,0.7080962645113468
added_olmo,OLMo-7B-0424-hf,hellaswag,step4000-tokens16B,16000000000,0.31,0.24,0.248,0.25,0.25,0.25,0.21387295899540185,0.7674037483334541
added_olmo,OLMo-7B-0424-hf,hellaswag,step5500-tokens23B,23000000000,0.31,0.254,0.26,0.25,0.25,0.25,0.46152900952100756,0.5819120677113533
added_olmo,OLMo-7B-0424-hf,hellaswag,step7500-tokens31B,31000000000,0.36,0.232,0.258,0.25,0.25,0.25,0.5747171233892441,0.14504174887388946
added_olmo,OLMo-7B-0424-hf,hellaswag,step10500-tokens44B,44000000000,0.43,0.258,0.232,0.25,0.25,0.25,0.8756803480386735,0.34567547103762625
added_olmo,OLMo-7B-0424-hf,hellaswag,step15000-tokens62B,62000000000,0.47,0.238,0.276,0.25,0.25,0.25,0.3733913153596222,0.32178745077550414
added_olmo,OLMo-7B-0424-hf,hellaswag,step21000-tokens88B,88000000000,0.535,0.244,0.276,0.25,0.25,0.25,0.4145571040660143,0.07110169848799705
added_olmo,OLMo-7B-0424-hf,hellaswag,step30000-tokens125B,125000000000,0.6,0.238,0.226,0.25,0.25,0.25,0.4581238296031952,0.5987434136271477
added_olmo,OLMo-7B-0424-hf,hellaswag,step41500-tokens174B,174000000000,0.625,0.236,0.23,0.25,0.25,0.25,0.46362120806239543,0.5578954868614674
added_olmo,OLMo-7B-0424-hf,hellaswag,step59000-tokens247B,247000000000,0.68,0.242,0.256,0.25,0.25,0.25,0.4077638007812202,0.4383492967784405
added_olmo,OLMo-7B-0424-hf,hellaswag,step83000-tokens348B,348000000000,0.695,0.26,0.244,0.25,0.25,0.25,0.5769632831662893,0.9237030112743377
added_olmo,OLMo-7B-0424-hf,hellaswag,step117000-tokens490B,490000000000,0.725,0.28,0.266,0.25,0.25,0.25,0.5866721482127905,0.9049635843038559
added_olmo,OLMo-7B-0424-hf,hellaswag,step165000-tokens691B,691000000000,0.78,0.256,0.268,0.25,0.25,0.25,0.3685639857240021,0.9865936844348907
added_olmo,OLMo-7B-0424-hf,hellaswag,step233000-tokens976B,976000000000,0.76,0.308,0.328,0.25,0.25,0.25,0.3238507101945579,0.9685727580785751
added_olmo,OLMo-7B-0424-hf,hellaswag,step328000-tokens1375B,1375000000000,0.78,0.284,0.338,0.25,0.25,0.25,0.2601536116013303,0.9749974471330642
added_olmo,OLMo-7B-0424-hf,hellaswag,step462000-tokens1937B,1937000000000,0.785,0.296,0.374,0.25,0.25,0.25,0.4322373234555125,0.9918037697076797
added_olmo,OLMo-7B-0424-hf,hellaswag,step651581-tokens2731B,2731000000000,0.825,0.316,0.34,0.25,0.25,0.25,0.3140425256538438,0.9920204828977585
added_olmo,OLMo-7B-0424-hf,mmlu,step1000-tokens4B,4000000000,0.235,0.21,0.252,0.25,0.25,0.25,0.05256628698762506,0.4908551272749901
added_olmo,OLMo-7B-0424-hf,mmlu,step1500-tokens6B,6000000000,0.24,0.218,0.266,0.25,0.25,0.25,0.0669476966317743,0.49953122428059576
added_olmo,OLMo-7B-0424-hf,mmlu,step2000-tokens8B,8000000000,0.24,0.25,0.232,0.25,0.25,0.25,0.12655668886750937,0.36749478096887467
added_olmo,OLMo-7B-0424-hf,mmlu,step3000-tokens12B,12000000000,0.265,0.212,0.244,0.25,0.25,0.25,0.18517011618614196,0.5335332158282399
added_olmo,OLMo-7B-0424-hf,mmlu,step4000-tokens16B,16000000000,0.255,0.252,0.254,0.25,0.25,0.25,0.2541128179207444,0.7938925587832928
added_olmo,OLMo-7B-0424-hf,mmlu,step5500-tokens23B,23000000000,0.27,0.262,0.264,0.25,0.25,0.25,0.5371544028464704,0.795817138493061
added_olmo,OLMo-7B-0424-hf,mmlu,step7500-tokens31B,31000000000,0.25,0.244,0.27,0.25,0.25,0.25,0.637097201935947,0.23658035142347217
added_olmo,OLMo-7B-0424-hf,mmlu,step10500-tokens44B,44000000000,0.255,0.264,0.292,0.25,0.25,0.25,0.9364539951384068,0.4995244339853525
added_olmo,OLMo-7B-0424-hf,mmlu,step15000-tokens62B,62000000000,0.265,0.254,0.262,0.25,0.25,0.25,0.7945243599116802,0.4933073929399252
added_olmo,OLMo-7B-0424-hf,mmlu,step21000-tokens88B,88000000000,0.285,0.262,0.26,0.25,0.25,0.25,0.5822026831954717,0.2607712387628853
added_olmo,OLMo-7B-0424-hf,mmlu,step30000-tokens125B,125000000000,0.31,0.246,0.258,0.25,0.25,0.25,0.8147387903556228,0.7845863814502955
added_olmo,OLMo-7B-0424-hf,mmlu,step41500-tokens174B,174000000000,0.305,0.28,0.256,0.25,0.25,0.25,0.7105406381338835,0.5422599936127662
added_olmo,OLMo-7B-0424-hf,mmlu,step59000-tokens247B,247000000000,0.295,0.262,0.258,0.25,0.25,0.25,0.6738831490054726,0.6361308313608169
added_olmo,OLMo-7B-0424-hf,mmlu,step83000-tokens348B,348000000000,0.3,0.262,0.232,0.25,0.25,0.25,0.8283142180219293,0.9440887357592582
added_olmo,OLMo-7B-0424-hf,mmlu,step117000-tokens490B,490000000000,0.325,0.302,0.302,0.25,0.25,0.25,0.6297917025461793,0.8768377497121692
added_olmo,OLMo-7B-0424-hf,mmlu,step165000-tokens691B,691000000000,0.39,0.332,0.392,0.25,0.25,0.25,0.62408472917974,0.9910113750696182
added_olmo,OLMo-7B-0424-hf,mmlu,step233000-tokens976B,976000000000,0.41,0.368,0.414,0.25,0.25,0.25,0.6345552346780896,0.9340352267622948
added_olmo,OLMo-7B-0424-hf,mmlu,step328000-tokens1375B,1375000000000,0.345,0.342,0.472,0.25,0.25,0.25,0.636260389983654,0.9905099155902862
added_olmo,OLMo-7B-0424-hf,mmlu,step462000-tokens1937B,1937000000000,0.37,0.39,0.444,0.25,0.25,0.25,0.6225918908193707,0.963156430721283
added_olmo,OLMo-7B-0424-hf,mmlu,step651581-tokens2731B,2731000000000,0.44,0.414,0.508,0.25,0.25,0.25,0.7796580386161804,0.997265251159668
added_olmo,OLMo-7B-0424-hf,piqa,step1000-tokens4B,4000000000,0.565,0.49,0.51,0.5,0.5,0.5,0.03155672078114003,0.605061685860157
added_olmo,OLMo-7B-0424-hf,piqa,step1500-tokens6B,6000000000,0.615,0.532,0.51,0.5,0.5,0.5,0.06692587337829173,0.6320156771540641
added_olmo,OLMo-7B-0424-hf,piqa,step2000-tokens8B,8000000000,0.585,0.504,0.51,0.5,0.5,0.5,0.1498722936436534,0.3442697356790304
added_olmo,OLMo-7B-0424-hf,piqa,step3000-tokens12B,12000000000,0.605,0.486,0.524,0.5,0.5,0.5,0.18065759224444627,0.4755727049037814
added_olmo,OLMo-7B-0424-hf,piqa,step4000-tokens16B,16000000000,0.61,0.498,0.51,0.5,0.5,0.5,0.144907573223114,0.7448000638484955
added_olmo,OLMo-7B-0424-hf,piqa,step5500-tokens23B,23000000000,0.665,0.47,0.51,0.5,0.5,0.5,0.2840950667094439,0.7260401929318905
added_olmo,OLMo-7B-0424-hf,piqa,step7500-tokens31B,31000000000,0.675,0.468,0.502,0.5,0.5,0.5,0.458781786669977,0.08999510017223657
added_olmo,OLMo-7B-0424-hf,piqa,step10500-tokens44B,44000000000,0.72,0.534,0.512,0.5,0.5,0.5,0.3847803396880627,0.16833996375650168
added_olmo,OLMo-7B-0424-hf,piqa,step15000-tokens62B,62000000000,0.71,0.534,0.52,0.5,0.5,0.5,0.22469094706885517,0.16591219636052848
added_olmo,OLMo-7B-0424-hf,piqa,step21000-tokens88B,88000000000,0.75,0.526,0.524,0.5,0.5,0.5,0.24392699883505703,0.06096932756155729
added_olmo,OLMo-7B-0424-hf,piqa,step30000-tokens125B,125000000000,0.76,0.508,0.55,0.5,0.5,0.5,0.3970723652569577,0.4127419148683548
added_olmo,OLMo-7B-0424-hf,piqa,step41500-tokens174B,174000000000,0.745,0.508,0.532,0.5,0.5,0.5,0.37532821868360045,0.18671827778290026
added_olmo,OLMo-7B-0424-hf,piqa,step59000-tokens247B,247000000000,0.755,0.536,0.496,0.5,0.5,0.5,0.41278851619362833,0.11810747275315225
added_olmo,OLMo-7B-0424-hf,piqa,step83000-tokens348B,348000000000,0.78,0.51,0.49,0.5,0.5,0.5,0.6836414938047528,0.7616012163162231
added_olmo,OLMo-7B-0424-hf,piqa,step117000-tokens490B,490000000000,0.77,0.526,0.546,0.5,0.5,0.5,0.4355512733571231,0.560421565875411
added_olmo,OLMo-7B-0424-hf,piqa,step165000-tokens691B,691000000000,0.795,0.554,0.614,0.5,0.5,0.5,0.5134958222471178,0.9426960020065308
added_olmo,OLMo-7B-0424-hf,piqa,step233000-tokens976B,976000000000,0.805,0.548,0.686,0.5,0.5,0.5,0.4192463583033532,0.9050172135829926
added_olmo,OLMo-7B-0424-hf,piqa,step328000-tokens1375B,1375000000000,0.78,0.558,0.604,0.5,0.5,0.5,0.42915171025507154,0.9690957276821136
added_olmo,OLMo-7B-0424-hf,piqa,step462000-tokens1937B,1937000000000,0.795,0.608,0.624,0.5,0.5,0.5,0.5600520608723164,0.9681959667205811
added_olmo,OLMo-7B-0424-hf,piqa,step651581-tokens2731B,2731000000000,0.785,0.626,0.592,0.5,0.5,0.5,0.8218384574949741,0.9976548893451691
pythia_scale,pythia-1.4b,arc_challenge,step512,1073741824,0.225,0.222,0.222,0.2504166666666667,0.2504,0.2504,0.12635793176293372,0.172634111687541
pythia_scale,pythia-1.4b,arc_challenge,step1000,2097152000,0.17,0.242,0.264,0.2504166666666667,0.2504,0.2504,0.06710258213058114,0.7232916110754013
pythia_scale,pythia-1.4b,arc_challenge,step2000,4194304000,0.195,0.224,0.232,0.2504166666666667,0.2504,0.2504,0.04227190650999546,0.5380966271460056
pythia_scale,pythia-1.4b,arc_challenge,step3000,6291456000,0.185,0.224,0.246,0.2504166666666667,0.2504,0.2504,0.06802664747461677,0.9250329240560532
pythia_scale,pythia-1.4b,arc_challenge,step5000,10485760000,0.21,0.23,0.252,0.2504166666666667,0.2504,0.2504,0.1027978433445096,0.9537566465139389
pythia_scale,pythia-1.4b,arc_challenge,step7000,14680064000,0.225,0.226,0.244,0.2504166666666667,0.2504,0.2504,0.15151376982033252,0.928620940387249
pythia_scale,pythia-1.4b,arc_challenge,step10000,20971520000,0.215,0.21,0.266,0.2504166666666667,0.2504,0.2504,0.31747937831282613,0.9681318680047989
pythia_scale,pythia-1.4b,arc_challenge,step15000,31457280000,0.215,0.216,0.254,0.2504166666666667,0.2504,0.2504,0.49658622804284097,0.987212771654129
pythia_scale,pythia-1.4b,arc_challenge,step22000,46137344000,0.29,0.242,0.252,0.2504166666666667,0.2504,0.2504,0.700597161412239,0.984684338927269
pythia_scale,pythia-1.4b,arc_challenge,step32000,67108864000,0.26,0.218,0.254,0.2504166666666667,0.2504,0.2504,0.7037124584913254,0.9831245826482773
pythia_scale,pythia-1.4b,arc_challenge,step46000,96468992000,0.3,0.212,0.264,0.2504166666666667,0.2504,0.2504,0.7744478229284286,0.9879425187110901
pythia_scale,pythia-1.4b,arc_challenge,step67000,140509184000,0.32,0.218,0.222,0.2504166666666667,0.2504,0.2504,0.8777824006080628,0.990563327550888
pythia_scale,pythia-1.4b,arc_challenge,step98000,205520896000,0.325,0.23,0.27,0.2504166666666667,0.2504,0.2504,0.7379133725762367,0.9856278187036515
pythia_scale,pythia-1.4b,arc_challenge,step143000,299892736000,0.335,0.23,0.258,0.2504166666666667,0.2504,0.2504,0.7533236625194549,0.9896387937068939
pythia_scale,pythia-1.4b,arc_easy,step512,1073741824,0.265,0.25,0.25,0.2516666666666667,0.25066666666666665,0.25066666666666665,0.1390654496587813,0.2525572803020477
pythia_scale,pythia-1.4b,arc_easy,step1000,2097152000,0.325,0.258,0.24,0.2516666666666667,0.25066666666666665,0.25066666666666665,0.059083674112334846,0.6686165792942047
pythia_scale,pythia-1.4b,arc_easy,step2000,4194304000,0.31,0.248,0.248,0.2516666666666667,0.25066666666666665,0.25066666666666665,0.03979750457406044,0.7152159305214882
pythia_scale,pythia-1.4b,arc_easy,step3000,6291456000,0.37,0.248,0.244,0.2516666666666667,0.25066666666666665,0.25066666666666665,0.06682169333845377,0.9252348493337631
pythia_scale,pythia-1.4b,arc_easy,step5000,10485760000,0.41,0.246,0.264,0.2516666666666667,0.25066666666666665,0.25066666666666665,0.099112821534276,0.9518117082118988
pythia_scale,pythia-1.4b,arc_easy,step7000,14680064000,0.465,0.246,0.264,0.2516666666666667,0.25066666666666665,0.25066666666666665,0.14265391480922698,0.9372248746156693
pythia_scale,pythia-1.4b,arc_easy,step10000,20971520000,0.46,0.236,0.24,0.2516666666666667,0.25066666666666665,0.25066666666666665,0.28243343318253755,0.9778033920526504
pythia_scale,pythia-1.4b,arc_easy,step15000,31457280000,0.49,0.242,0.214,0.2516666666666667,0.25066666666666665,0.25066666666666665,0.4559931883066893,0.9834667612314224
pythia_scale,pythia-1.4b,arc_easy,step22000,46137344000,0.55,0.24,0.232,0.2516666666666667,0.25066666666666665,0.25066666666666665,0.6614908863604069,0.9841684051752091
pythia_scale,pythia-1.4b,arc_easy,step32000,67108864000,0.56,0.244,0.246,0.2516666666666667,0.25066666666666665,0.25066666666666665,0.6817432926297188,0.9832459630966186
pythia_scale,pythia-1.4b,arc_easy,step46000,96468992000,0.57,0.234,0.25,0.2516666666666667,0.25066666666666665,0.25066666666666665,0.766171727001667,0.9888272762298584
pythia_scale,pythia-1.4b,arc_easy,step67000,140509184000,0.6,0.25,0.262,0.2516666666666667,0.25066666666666665,0.25066666666666665,0.8747719391584396,0.9910385273694992
pythia_scale,pythia-1.4b,arc_easy,step98000,205520896000,0.595,0.244,0.252,0.2516666666666667,0.25066666666666665,0.25066666666666665,0.737182638168335,0.988069354057312
pythia_scale,pythia-1.4b,arc_easy,step143000,299892736000,0.64,0.246,0.26,0.2516666666666667,0.25066666666666665,0.25066666666666665,0.7602130843400955,0.9906372303962707
pythia_scale,pythia-1.4b,csqa,step512,1073741824,0.18,0.182,0.182,0.2,0.2,0.2,0.08809792809560894,0.13647105015069247
pythia_scale,pythia-1.4b,csqa,step1000,2097152000,0.19,0.206,0.202,0.2,0.2,0.2,0.03408231486473232,0.5981244859695435
pythia_scale,pythia-1.4b,csqa,step2000,4194304000,0.27,0.18,0.2,0.2,0.2,0.2,0.02749171440023929,0.7919533097743988
pythia_scale,pythia-1.4b,csqa,step3000,6291456000,0.32,0.18,0.182,0.2,0.2,0.2,0.048936738647520545,0.9328973294496536
pythia_scale,pythia-1.4b,csqa,step5000,10485760000,0.345,0.182,0.212,0.2,0.2,0.2,0.0739928608033806,0.9159989372491837
pythia_scale,pythia-1.4b,csqa,step7000,14680064000,0.36,0.182,0.184,0.2,0.2,0.2,0.11444321855530143,0.916668318271637
pythia_scale,pythia-1.4b,csqa,step10000,20971520000,0.39,0.186,0.202,0.2,0.2,0.2,0.19804759721830487,0.9521203964948655
pythia_scale,pythia-1.4b,csqa,step15000,31457280000,0.4,0.188,0.224,0.2,0.2,0.2,0.40865753260999915,0.9668648439645767
pythia_scale,pythia-1.4b,csqa,step22000,46137344000,0.42,0.198,0.216,0.2,0.2,0.2,0.6140693701803684,0.9739517823457718
pythia_scale,pythia-1.4b,csqa,step32000,67108864000,0.46,0.198,0.21,0.2,0.2,0.2,0.6707822672724724,0.9735734941959381
pythia_scale,pythia-1.4b,csqa,step46000,96468992000,0.45,0.176,0.182,0.2,0.2,0.2,0.7967029194235802,0.9762612608671188
pythia_scale,pythia-1.4b,csqa,step67000,140509184000,0.505,0.188,0.18,0.2,0.2,0.2,0.8452304196357727,0.9914182255268097
pythia_scale,pythia-1.4b,csqa,step98000,205520896000,0.55,0.192,0.188,0.2,0.2,0.2,0.7058552941083908,0.985507179737091
pythia_scale,pythia-1.4b,csqa,step143000,299892736000,0.55,0.188,0.226,0.2,0.2,0.2,0.7323004806637764,0.9885849040746689
pythia_scale,pythia-1.4b,hellaswag,step512,1073741824,0.265,0.238,0.238,0.25,0.25,0.25,0.04298839970678091,0.055515675688162444
pythia_scale,pythia-1.4b,hellaswag,step1000,2097152000,0.275,0.234,0.238,0.25,0.25,0.25,0.05502669612877071,0.764560752749443
pythia_scale,pythia-1.4b,hellaswag,step2000,4194304000,0.245,0.242,0.264,0.25,0.25,0.25,0.029471655432600528,0.661896867364645
pythia_scale,pythia-1.4b,hellaswag,step3000,6291456000,0.26,0.244,0.276,0.25,0.25,0.25,0.050930320315063,0.9131748138666153
pythia_scale,pythia-1.4b,hellaswag,step5000,10485760000,0.3,0.238,0.252,0.25,0.25,0.25,0.08779759754799306,0.9759134949445725
pythia_scale,pythia-1.4b,hellaswag,step7000,14680064000,0.335,0.242,0.244,0.25,0.25,0.25,0.10152013809420168,0.9734271813631058
pythia_scale,pythia-1.4b,hellaswag,step10000,20971520000,0.315,0.244,0.254,0.25,0.25,0.25,0.22051812090724707,0.9770862382650375
pythia_scale,pythia-1.4b,hellaswag,step15000,31457280000,0.39,0.242,0.254,0.25,0.25,0.25,0.3084848892465234,0.9908979036808014
pythia_scale,pythia-1.4b,hellaswag,step22000,46137344000,0.41,0.242,0.232,0.25,0.25,0.25,0.22669114477932453,0.9872868311405182
pythia_scale,pythia-1.4b,hellaswag,step32000,67108864000,0.44,0.266,0.23,0.25,0.25,0.25,0.5317254731059075,0.9894529865980148
pythia_scale,pythia-1.4b,hellaswag,step46000,96468992000,0.475,0.228,0.25,0.25,0.25,0.25,0.41730954141169785,0.9937898964881897
pythia_scale,pythia-1.4b,hellaswag,step67000,140509184000,0.505,0.236,0.258,0.25,0.25,0.25,0.636808194309473,0.9927491052150726
pythia_scale,pythia-1.4b,hellaswag,step98000,205520896000,0.525,0.234,0.23,0.25,0.25,0.25,0.4175188555121422,0.9932051002979279
pythia_scale,pythia-1.4b,hellaswag,step143000,299892736000,0.53,0.23,0.226,0.25,0.25,0.25,0.38062162363529206,0.9942787446975708
pythia_scale,pythia-1.4b,mmlu,step512,1073741824,0.255,0.212,0.212,0.25,0.25,0.25,0.10350947521999479,0.1543565237224102
pythia_scale,pythia-1.4b,mmlu,step1000,2097152000,0.26,0.244,0.268,0.25,0.25,0.25,0.056494725607335566,0.6561182807385921
pythia_scale,pythia-1.4b,mmlu,step2000,4194304000,0.245,0.208,0.256,0.25,0.25,0.25,0.04246528963325545,0.6514822952151299
pythia_scale,pythia-1.4b,mmlu,step3000,6291456000,0.25,0.214,0.274,0.25,0.25,0.25,0.05781381022185087,0.9110919357538223
pythia_scale,pythia-1.4b,mmlu,step5000,10485760000,0.28,0.212,0.25,0.25,0.25,0.25,0.08888589475490152,0.9493347691297531
pythia_scale,pythia-1.4b,mmlu,step7000,14680064000,0.24,0.218,0.23,0.25,0.25,0.25,0.12205924180150032,0.9475030152797699
pythia_scale,pythia-1.4b,mmlu,step10000,20971520000,0.265,0.25,0.254,0.25,0.25,0.25,0.2863483425043523,0.9702241812944412
pythia_scale,pythia-1.4b,mmlu,step15000,31457280000,0.27,0.254,0.256,0.25,0.25,0.25,0.4161995633542538,0.9766199536323548
pythia_scale,pythia-1.4b,mmlu,step22000,46137344000,0.255,0.24,0.232,0.25,0.25,0.25,0.6031336719989777,0.978303565621376
pythia_scale,pythia-1.4b,mmlu,step32000,67108864000,0.255,0.24,0.21,0.25,0.25,0.25,0.6348213405460119,0.9787980031967163
pythia_scale,pythia-1.4b,mmlu,step46000,96468992000,0.31,0.262,0.252,0.25,0.25,0.25,0.713238908290863,0.9863790321350098
pythia_scale,pythia-1.4b,mmlu,step67000,140509184000,0.28,0.258,0.23,0.25,0.25,0.25,0.7893102715611457,0.9877967121601104
pythia_scale,pythia-1.4b,mmlu,step98000,205520896000,0.3,0.238,0.224,0.25,0.25,0.25,0.6340987262949348,0.9824518975019455
pythia_scale,pythia-1.4b,mmlu,step143000,299892736000,0.31,0.212,0.252,0.25,0.25,0.25,0.64875160831213,0.9866069331169128
pythia_scale,pythia-1.4b,piqa,step512,1073741824,0.53,0.49,0.49,0.5,0.5,0.5,0.06942194641567767,0.059936796456575396
pythia_scale,pythia-1.4b,piqa,step1000,2097152000,0.59,0.518,0.51,0.5,0.5,0.5,0.022020773865748196,0.8894069249629974
pythia_scale,pythia-1.4b,piqa,step2000,4194304000,0.625,0.484,0.51,0.5,0.5,0.5,0.01533222165890038,0.7342160643935204
pythia_scale,pythia-1.4b,piqa,step3000,6291456000,0.61,0.484,0.51,0.5,0.5,0.5,0.025917317568324508,0.9180485235452652
pythia_scale,pythia-1.4b,piqa,step5000,10485760000,0.625,0.482,0.544,0.5,0.5,0.5,0.04162983542867005,0.959581079006195
pythia_scale,pythia-1.4b,piqa,step7000,14680064000,0.66,0.496,0.528,0.5,0.5,0.5,0.08114309207256884,0.9635921703577042
pythia_scale,pythia-1.4b,piqa,step10000,20971520000,0.7,0.54,0.512,0.5,0.5,0.5,0.16282515857368707,0.9363450212478638
pythia_scale,pythia-1.4b,piqa,step15000,31457280000,0.705,0.524,0.518,0.5,0.5,0.5,0.32293575409799813,0.9508934338092804
pythia_scale,pythia-1.4b,piqa,step22000,46137344000,0.7,0.522,0.51,0.5,0.5,0.5,0.26322747515514494,0.9589403768777848
pythia_scale,pythia-1.4b,piqa,step32000,67108864000,0.69,0.51,0.47,0.5,0.5,0.5,0.4498798854202032,0.9349653024673462
pythia_scale,pythia-1.4b,piqa,step46000,96468992000,0.725,0.492,0.504,0.5,0.5,0.5,0.464377278611064,0.9385276899337769
pythia_scale,pythia-1.4b,piqa,step67000,140509184000,0.715,0.494,0.504,0.5,0.5,0.5,0.6774124273657799,0.9690725032091141
pythia_scale,pythia-1.4b,piqa,step98000,205520896000,0.74,0.488,0.51,0.5,0.5,0.5,0.5430674692206084,0.9606954489946365
pythia_scale,pythia-1.4b,piqa,step143000,299892736000,0.75,0.488,0.508,0.5,0.5,0.5,0.49961726692691444,0.9596823869943619
floor_160m,pythia-160m,arc_challenge,step512,1073741824,0.255,0.222,0.222,0.2504166666666667,0.2504,0.2504,0.09791034524142742,0.11532044224441051
floor_160m,pythia-160m,arc_challenge,step1000,2097152000,0.215,0.228,0.246,0.2504166666666667,0.2504,0.2504,0.05559014100022614,0.6439586848020553
floor_160m,pythia-160m,arc_challenge,step2000,4194304000,0.19,0.22,0.252,0.2504166666666667,0.2504,0.2504,0.0795498699694872,0.663986444234848
floor_160m,pythia-160m,arc_challenge,step3000,6291456000,0.175,0.226,0.296,0.2504166666666667,0.2504,0.2504,0.053482721131294965,0.8172005075216293
floor_160m,pythia-160m,arc_challenge,step5000,10485760000,0.185,0.226,0.264,0.2504166666666667,0.2504,0.2504,0.07399965752661228,0.9418223413825035
floor_160m,pythia-160m,arc_challenge,step7000,14680064000,0.19,0.222,0.27,0.2504166666666667,0.2504,0.2504,0.07679881665483117,0.9667652790546417
floor_160m,pythia-160m,arc_challenge,step10000,20971520000,0.175,0.224,0.28,0.2504166666666667,0.2504,0.2504,0.07458673933520914,0.9568453524112701
floor_160m,pythia-160m,arc_challenge,step15000,31457280000,0.23,0.228,0.26,0.2504166666666667,0.2504,0.2504,0.1118642337396741,0.9626581540703774
floor_160m,pythia-160m,arc_challenge,step22000,46137344000,0.195,0.226,0.252,0.2504166666666667,0.2504,0.2504,0.10483376640453934,0.9541791085004806
floor_160m,pythia-160m,arc_challenge,step32000,67108864000,0.17,0.23,0.274,0.2504166666666667,0.2504,0.2504,0.1116659145578742,0.9690399891138077
floor_160m,pythia-160m,arc_challenge,step46000,96468992000,0.185,0.226,0.26,0.2504166666666667,0.2504,0.2504,0.08028231873363256,0.9708923732042313
floor_160m,pythia-160m,arc_challenge,step67000,140509184000,0.21,0.226,0.254,0.2504166666666667,0.2504,0.2504,0.06997291059792042,0.9493499599695205
floor_160m,pythia-160m,arc_challenge,step98000,205520896000,0.22,0.228,0.27,0.2504166666666667,0.2504,0.2504,0.06689659849181771,0.9359881510734558
floor_160m,pythia-160m,arc_challenge,step143000,299892736000,0.205,0.224,0.276,0.2504166666666667,0.2504,0.2504,0.09086869969218969,0.9048908846378326
floor_160m,pythia-160m,arc_easy,step512,1073741824,0.25,0.25,0.25,0.2516666666666667,0.25066666666666665,0.25066666666666665,0.10895668412745,0.14065769699215888
floor_160m,pythia-160m,arc_easy,step1000,2097152000,0.29,0.236,0.252,0.2516666666666667,0.25066666666666665,0.25066666666666665,0.05233771196193993,0.5331524384021759
floor_160m,pythia-160m,arc_easy,step2000,4194304000,0.325,0.238,0.258,0.2516666666666667,0.25066666666666665,0.25066666666666665,0.0782070165015757,0.7768710147738457
floor_160m,pythia-160m,arc_easy,step3000,6291456000,0.34,0.248,0.242,0.2516666666666667,0.25066666666666665,0.25066666666666665,0.04946221061050892,0.8107313244342804
floor_160m,pythia-160m,arc_easy,step5000,10485760000,0.38,0.25,0.26,0.2516666666666667,0.25066666666666665,0.25066666666666665,0.07599149874597788,0.9508804458379746
floor_160m,pythia-160m,arc_easy,step7000,14680064000,0.375,0.246,0.254,0.2516666666666667,0.25066666666666665,0.25066666666666665,0.07524686300754548,0.9707004197835922
floor_160m,pythia-160m,arc_easy,step10000,20971520000,0.395,0.244,0.234,0.2516666666666667,0.25066666666666665,0.25066666666666665,0.07208564158529043,0.947158387184143
floor_160m,pythia-160m,arc_easy,step15000,31457280000,0.375,0.248,0.248,0.2516666666666667,0.25066666666666665,0.25066666666666665,0.10961152487248182,0.9641776936054229
floor_160m,pythia-160m,arc_easy,step22000,46137344000,0.385,0.25,0.254,0.2516666666666667,0.25066666666666665,0.25066666666666665,0.10243353077024221,0.9602102558612824
floor_160m,pythia-160m,arc_easy,step32000,67108864000,0.395,0.242,0.254,0.2516666666666667,0.25066666666666665,0.25066666666666665,0.11791716424748301,0.9551401343345642
floor_160m,pythia-160m,arc_easy,step46000,96468992000,0.4,0.246,0.268,0.2516666666666667,0.25066666666666665,0.25066666666666665,0.08189829836040735,0.9515374615192413
floor_160m,pythia-160m,arc_easy,step67000,140509184000,0.42,0.248,0.242,0.2516666666666667,0.25066666666666665,0.25066666666666665,0.07501024255901576,0.9202705713510513
floor_160m,pythia-160m,arc_easy,step98000,205520896000,0.38,0.242,0.24,0.2516666666666667,0.25066666666666665,0.25066666666666665,0.0651694514080882,0.9161942504644394
floor_160m,pythia-160m,arc_easy,step143000,299892736000,0.37,0.248,0.27,0.2516666666666667,0.25066666666666665,0.25066666666666665,0.09262588422000408,0.8972763080596924
floor_160m,pythia-160m,csqa,step512,1073741824,0.195,0.182,0.182,0.2,0.2,0.2,0.09675256884098053,0.10630064092576504
floor_160m,pythia-160m,csqa,step1000,2097152000,0.18,0.18,0.182,0.2,0.2,0.2,0.030082614320330322,0.4805079308748245
floor_160m,pythia-160m,csqa,step2000,4194304000,0.225,0.178,0.216,0.2,0.2,0.2,0.0536656499505043,0.6512088527679444
floor_160m,pythia-160m,csqa,step3000,6291456000,0.225,0.18,0.196,0.2,0.2,0.2,0.032725460343062875,0.6416009472012519
floor_160m,pythia-160m,csqa,step5000,10485760000,0.23,0.184,0.186,0.2,0.2,0.2,0.05413876433856785,0.8947876185178757
floor_160m,pythia-160m,csqa,step7000,14680064000,0.265,0.182,0.186,0.2,0.2,0.2,0.05922705467045307,0.9304585092067719
floor_160m,pythia-160m,csqa,step10000,20971520000,0.245,0.18,0.19,0.2,0.2,0.2,0.04697034322470427,0.916655002117157
floor_160m,pythia-160m,csqa,step15000,31457280000,0.285,0.18,0.192,0.2,0.2,0.2,0.07210775668919087,0.9752048214673996
floor_160m,pythia-160m,csqa,step22000,46137344000,0.31,0.182,0.194,0.2,0.2,0.2,0.07016205356642603,0.9384148933887482
floor_160m,pythia-160m,csqa,step32000,67108864000,0.315,0.182,0.234,0.2,0.2,0.2,0.08469733740389347,0.904747820854187
floor_160m,pythia-160m,csqa,step46000,96468992000,0.3,0.18,0.182,0.2,0.2,0.2,0.05377583890594542,0.8841995129585266
floor_160m,pythia-160m,csqa,step67000,140509184000,0.31,0.18,0.184,0.2,0.2,0.2,0.04998549436405301,0.8516200475692749
floor_160m,pythia-160m,csqa,step98000,205520896000,0.31,0.18,0.186,0.2,0.2,0.2,0.03590851665660739,0.9035981494188309
floor_160m,pythia-160m,csqa,step143000,299892736000,0.31,0.182,0.17,0.2,0.2,0.2,0.06341414756514133,0.789411322593689
floor_160m,pythia-160m,hellaswag,step512,1073741824,0.265,0.238,0.238,0.25,0.25,0.25,0.033546716151759026,0.03412465380877256
floor_160m,pythia-160m,hellaswag,step1000,2097152000,0.28,0.246,0.236,0.25,0.25,0.25,0.049300252141430974,0.6340219041109085
floor_160m,pythia-160m,hellaswag,step2000,4194304000,0.255,0.242,0.272,0.25,0.25,0.25,0.05731602324917912,0.7610127484202385
floor_160m,pythia-160m,hellaswag,step3000,6291456000,0.25,0.236,0.224,0.25,0.25,0.25,0.044184098291676493,0.7894219515323639
floor_160m,pythia-160m,hellaswag,step5000,10485760000,0.245,0.238,0.274,0.25,0.25,0.25,0.057135626568458976,0.9565978684425354
floor_160m,pythia-160m,hellaswag,step7000,14680064000,0.245,0.236,0.266,0.25,0.25,0.25,0.07004536212608219,0.9483639106154442
floor_160m,pythia-160m,hellaswag,step10000,20971520000,0.29,0.236,0.27,0.25,0.25,0.25,0.06566841434873641,0.9643815270662308
floor_160m,pythia-160m,hellaswag,step15000,31457280000,0.285,0.236,0.258,0.25,0.25,0.25,0.07822815598919988,0.9767797833681107
floor_160m,pythia-160m,hellaswag,step22000,46137344000,0.29,0.238,0.248,0.25,0.25,0.25,0.07221721535082906,0.9572864062786103
floor_160m,pythia-160m,hellaswag,step32000,67108864000,0.275,0.24,0.238,0.25,0.25,0.25,0.06904513835534454,0.9715207580327988
floor_160m,pythia-160m,hellaswag,step46000,96468992000,0.295,0.238,0.276,0.25,0.25,0.25,0.058031902971677485,0.9514190756082535
floor_160m,pythia-160m,hellaswag,step67000,140509184000,0.28,0.244,0.246,0.25,0.25,0.25,0.04816273651085794,0.9614271955490112
floor_160m,pythia-160m,hellaswag,step98000,205520896000,0.26,0.242,0.224,0.25,0.25,0.25,0.04481255270075053,0.9456477286815643
floor_160m,pythia-160m,hellaswag,step143000,299892736000,0.31,0.24,0.236,0.25,0.25,0.25,0.06194286285387352,0.9184778983592987
floor_160m,pythia-160m,mmlu,step512,1073741824,0.27,0.214,0.212,0.25,0.25,0.25,0.09051319322362542,0.11233118763938546
floor_160m,pythia-160m,mmlu,step1000,2097152000,0.26,0.21,0.272,0.25,0.25,0.25,0.05026136924512684,0.5914652470648288
floor_160m,pythia-160m,mmlu,step2000,4194304000,0.265,0.224,0.244,0.25,0.25,0.25,0.06997087205760182,0.6762494792640209
floor_160m,pythia-160m,mmlu,step3000,6291456000,0.23,0.214,0.26,0.25,0.25,0.25,0.04296913434029557,0.7347025407254696
floor_160m,pythia-160m,mmlu,step5000,10485760000,0.255,0.21,0.244,0.25,0.25,0.25,0.07017217494081705,0.9128440880775451
floor_160m,pythia-160m,mmlu,step7000,14680064000,0.205,0.214,0.264,0.25,0.25,0.25,0.07370331061631441,0.9354025655984879
floor_160m,pythia-160m,mmlu,step10000,20971520000,0.245,0.216,0.26,0.25,0.25,0.25,0.06444283943623304,0.9375113656520844
floor_160m,pythia-160m,mmlu,step15000,31457280000,0.22,0.214,0.27,0.25,0.25,0.25,0.09311935461126268,0.9664286967515946
floor_160m,pythia-160m,mmlu,step22000,46137344000,0.27,0.212,0.262,0.25,0.25,0.25,0.08746714311651886,0.9408617394566536
floor_160m,pythia-160m,mmlu,step32000,67108864000,0.265,0.21,0.27,0.25,0.25,0.25,0.09064823742583394,0.9399589520096779
floor_160m,pythia-160m,mmlu,step46000,96468992000,0.255,0.212,0.242,0.25,0.25,0.25,0.06491911679506301,0.948041631937027
floor_160m,pythia-160m,mmlu,step67000,140509184000,0.255,0.212,0.25,0.25,0.25,0.25,0.058107158380560575,0.92490272128582
floor_160m,pythia-160m,mmlu,step98000,205520896000,0.27,0.216,0.27,0.25,0.25,0.25,0.056364066888112574,0.9084315285682678
floor_160m,pythia-160m,mmlu,step143000,299892736000,0.24,0.21,0.244,0.25,0.25,0.25,0.08066112216748297,0.8881593262553215
floor_160m,pythia-160m,piqa,step512,1073741824,0.56,0.49,0.49,0.5,0.5,0.5,0.04317638002708554,0.04721741152368486
floor_160m,pythia-160m,piqa,step1000,2097152000,0.575,0.5,0.51,0.5,0.5,0.5,0.018047338004689665,0.7172827519774437
floor_160m,pythia-160m,piqa,step2000,4194304000,0.565,0.484,0.51,0.5,0.5,0.5,0.0326769867260009,0.8079155546426773
floor_160m,pythia-160m,piqa,step3000,6291456000,0.61,0.486,0.51,0.5,0.5,0.5,0.027536178804002703,0.8281694967150688
floor_160m,pythia-160m,piqa,step5000,10485760000,0.615,0.488,0.51,0.5,0.5,0.5,0.03402960375044495,0.9380109295845032
floor_160m,pythia-160m,piqa,step7000,14680064000,0.605,0.494,0.508,0.5,0.5,0.5,0.047414400700479746,0.955266009092331
floor_160m,pythia-160m,piqa,step10000,20971520000,0.635,0.486,0.51,0.5,0.5,0.5,0.03188091472908854,0.9600860916376114
floor_160m,pythia-160m,piqa,step15000,31457280000,0.645,0.49,0.508,0.5,0.5,0.5,0.041296746395528314,0.9150815840959549
floor_160m,pythia-160m,piqa,step22000,46137344000,0.635,0.492,0.506,0.5,0.5,0.5,0.035061527501791714,0.9052383968830109
floor_160m,pythia-160m,piqa,step32000,67108864000,0.64,0.492,0.51,0.5,0.5,0.5,0.04080386598687619,0.915953852713108
floor_160m,pythia-160m,piqa,step46000,96468992000,0.66,0.49,0.506,0.5,0.5,0.5,0.03138514965958893,0.9268670964241028
floor_160m,pythia-160m,piqa,step67000,140509184000,0.65,0.494,0.51,0.5,0.5,0.5,0.028778789507225157,0.9448785989284515
floor_160m,pythia-160m,piqa,step98000,205520896000,0.625,0.494,0.51,0.5,0.5,0.5,0.0202409326788038,0.9254653055667877
floor_160m,pythia-160m,piqa,step143000,299892736000,0.645,0.484,0.514,0.5,0.5,0.5,0.03716180945420638,0.9067633385658265
floor_160m,pythia-160m-seed1,arc_challenge,step512,1073741824,0.235,0.222,0.222,0.2504166666666667,0.2504,0.2504,0.08515275700204074,0.09944625964388251
floor_160m,pythia-160m-seed1,arc_challenge,step1000,2097152000,0.185,0.228,0.282,0.2504166666666667,0.2504,0.2504,0.04626169833727181,0.733713140964508
floor_160m,pythia-160m-seed1,arc_challenge,step2000,4194304000,0.18,0.234,0.268,0.2504166666666667,0.2504,0.2504,0.066052290327847,0.7302101089358329
floor_160m,pythia-160m-seed1,arc_challenge,step3000,6291456000,0.185,0.226,0.268,0.2504166666666667,0.2504,0.2504,0.10149564459174872,0.7452724183499813
floor_160m,pythia-160m-seed1,arc_challenge,step5000,10485760000,0.21,0.224,0.226,0.2504166666666667,0.2504,0.2504,0.07753402838483453,0.7249609547257423
floor_160m,pythia-160m-seed1,arc_challenge,step7000,14680064000,0.19,0.224,0.27,0.2504166666666667,0.2504,0.2504,0.09492832678556443,0.7713614441156388
floor_160m,pythia-160m-seed1,arc_challenge,step10000,20971520000,0.19,0.222,0.214,0.2504166666666667,0.2504,0.2504,0.11010874192416668,0.9109192479848862
floor_160m,pythia-160m-seed1,arc_challenge,step15000,31457280000,0.19,0.226,0.232,0.2504166666666667,0.2504,0.2504,0.07793964202702046,0.8931881746649742
floor_160m,pythia-160m-seed1,arc_challenge,step22000,46137344000,0.19,0.222,0.248,0.2504166666666667,0.2504,0.2504,0.1300473387055099,0.9314309226870536
floor_160m,pythia-160m-seed1,arc_challenge,step32000,67108864000,0.225,0.23,0.258,0.2504166666666667,0.2504,0.2504,0.1593975732885301,0.9574659565687179
floor_160m,pythia-160m-seed1,arc_challenge,step46000,96468992000,0.22,0.23,0.292,0.2504166666666667,0.2504,0.2504,0.25433513925969603,0.9750009834766388
floor_160m,pythia-160m-seed1,arc_challenge,step67000,140509184000,0.255,0.212,0.27,0.2504166666666667,0.2504,0.2504,0.279920756585896,0.951154851436615
floor_160m,pythia-160m-seed1,arc_challenge,step98000,205520896000,0.21,0.222,0.226,0.2504166666666667,0.2504,0.2504,0.21596707078814506,0.931732418179512
floor_160m,pythia-160m-seed1,arc_challenge,step143000,299892736000,0.21,0.224,0.224,0.2504166666666667,0.2504,0.2504,0.18693237403035165,0.9417322754859925
floor_160m,pythia-160m-seed1,arc_easy,step512,1073741824,0.25,0.25,0.25,0.2516666666666667,0.25066666666666665,0.25066666666666665,0.09642137701064349,0.14283858707547187
floor_160m,pythia-160m-seed1,arc_easy,step1000,2097152000,0.34,0.244,0.25,0.2516666666666667,0.25066666666666665,0.25066666666666665,0.040533624202013015,0.7208031814694404
floor_160m,pythia-160m-seed1,arc_easy,step2000,4194304000,0.35,0.254,0.244,0.2516666666666667,0.25066666666666665,0.25066666666666665,0.0628263577800244,0.5992032708823681
floor_160m,pythia-160m-seed1,arc_easy,step3000,6291456000,0.355,0.242,0.254,0.2516666666666667,0.25066666666666665,0.25066666666666665,0.09727021886780858,0.6856273023933173
floor_160m,pythia-160m-seed1,arc_easy,step5000,10485760000,0.37,0.246,0.252,0.2516666666666667,0.25066666666666665,0.25066666666666665,0.07649704208783806,0.7900230519771576
floor_160m,pythia-160m-seed1,arc_easy,step7000,14680064000,0.385,0.246,0.236,0.2516666666666667,0.25066666666666665,0.25066666666666665,0.0905742450915277,0.8236507087349891
floor_160m,pythia-160m-seed1,arc_easy,step10000,20971520000,0.425,0.25,0.238,0.2516666666666667,0.25066666666666665,0.25066666666666665,0.10853788932040334,0.9057715151309967
floor_160m,pythia-160m-seed1,arc_easy,step15000,31457280000,0.39,0.25,0.274,0.2516666666666667,0.25066666666666665,0.25066666666666665,0.074680305570364,0.9333398057222366
floor_160m,pythia-160m-seed1,arc_easy,step22000,46137344000,0.385,0.244,0.252,0.2516666666666667,0.25066666666666665,0.25066666666666665,0.12463377103209496,0.9093678667545319
floor_160m,pythia-160m-seed1,arc_easy,step32000,67108864000,0.42,0.242,0.266,0.2516666666666667,0.25066666666666665,0.25066666666666665,0.15577593563497066,0.9402813248634339
floor_160m,pythia-160m-seed1,arc_easy,step46000,96468992000,0.445,0.238,0.226,0.2516666666666667,0.25066666666666665,0.25066666666666665,0.2581840464100242,0.9644314737319947
floor_160m,pythia-160m-seed1,arc_easy,step67000,140509184000,0.42,0.252,0.274,0.2516666666666667,0.25066666666666665,0.25066666666666665,0.28268880608677865,0.920905157327652
floor_160m,pythia-160m-seed1,arc_easy,step98000,205520896000,0.405,0.248,0.274,0.2516666666666667,0.25066666666666665,0.25066666666666665,0.21488503354787827,0.925797270655632
floor_160m,pythia-160m-seed1,arc_easy,step143000,299892736000,0.395,0.246,0.266,0.2516666666666667,0.25066666666666665,0.25066666666666665,0.18263245324417948,0.9162201112508774
floor_160m,pythia-160m-seed1,csqa,step512,1073741824,0.195,0.182,0.182,0.2,0.2,0.2,0.0717798049673438,0.09312799848616123
floor_160m,pythia-160m-seed1,csqa,step1000,2097152000,0.185,0.18,0.222,0.2,0.2,0.2,0.028569828812498598,0.44743189933896066
floor_160m,pythia-160m-seed1,csqa,step2000,4194304000,0.2,0.176,0.2,0.2,0.2,0.2,0.044661574264988305,0.45743308478593825
floor_160m,pythia-160m-seed1,csqa,step3000,6291456000,0.21,0.174,0.188,0.2,0.2,0.2,0.060879831358790396,0.6408808236122131
floor_160m,pythia-160m-seed1,csqa,step5000,10485760000,0.255,0.184,0.214,0.2,0.2,0.2,0.05323789214529097,0.8136460713744164
floor_160m,pythia-160m-seed1,csqa,step7000,14680064000,0.255,0.18,0.212,0.2,0.2,0.2,0.0779856667816639,0.8239690898060799
floor_160m,pythia-160m-seed1,csqa,step10000,20971520000,0.265,0.182,0.18,0.2,0.2,0.2,0.09036361122131348,0.8502455035448074
floor_160m,pythia-160m-seed1,csqa,step15000,31457280000,0.28,0.182,0.214,0.2,0.2,0.2,0.06386012930981814,0.8982353999614715
floor_160m,pythia-160m-seed1,csqa,step22000,46137344000,0.265,0.182,0.216,0.2,0.2,0.2,0.09505147507041693,0.910924366235733
floor_160m,pythia-160m-seed1,csqa,step32000,67108864000,0.305,0.178,0.208,0.2,0.2,0.2,0.11005404302850366,0.9199066466093063
floor_160m,pythia-160m-seed1,csqa,step46000,96468992000,0.32,0.18,0.222,0.2,0.2,0.2,0.14529840123653412,0.9414158962965011
floor_160m,pythia-160m-seed1,csqa,step67000,140509184000,0.295,0.176,0.21,0.2,0.2,0.2,0.15173238813877105,0.9313875843286514
floor_160m,pythia-160m-seed1,csqa,step98000,205520896000,0.3,0.182,0.19,0.2,0.2,0.2,0.12686307427659632,0.9243455065488815
floor_160m,pythia-160m-seed1,csqa,step143000,299892736000,0.26,0.176,0.202,0.2,0.2,0.2,0.09698756565153599,0.8613278884887695
floor_160m,pythia-160m-seed1,hellaswag,step512,1073741824,0.26,0.238,0.238,0.25,0.25,0.25,0.045675316046923396,0.054845731090754274
floor_160m,pythia-160m-seed1,hellaswag,step1000,2097152000,0.265,0.236,0.228,0.25,0.25,0.25,0.03899791501276195,0.6491331102252007
floor_160m,pythia-160m-seed1,hellaswag,step2000,4194304000,0.255,0.25,0.234,0.25,0.25,0.25,0.045758538133464755,0.5831642847359181
floor_160m,pythia-160m-seed1,hellaswag,step3000,6291456000,0.265,0.23,0.25,0.25,0.25,0.25,0.07103568393364548,0.5780403169691563
floor_160m,pythia-160m-seed1,hellaswag,step5000,10485760000,0.265,0.24,0.276,0.25,0.25,0.25,0.06936936189234257,0.7743737364411354
floor_160m,pythia-160m-seed1,hellaswag,step7000,14680064000,0.255,0.236,0.268,0.25,0.25,0.25,0.0779809019304812,0.7663597288131714
floor_160m,pythia-160m-seed1,hellaswag,step10000,20971520000,0.275,0.238,0.228,0.25,0.25,0.25,0.08390339825116098,0.8990192947387695
floor_160m,pythia-160m-seed1,hellaswag,step15000,31457280000,0.275,0.236,0.274,0.25,0.25,0.25,0.07374862215481698,0.9506817010641098
floor_160m,pythia-160m-seed1,hellaswag,step22000,46137344000,0.285,0.238,0.244,0.25,0.25,0.25,0.11998068961873651,0.9522190927267075
floor_160m,pythia-160m-seed1,hellaswag,step32000,67108864000,0.295,0.238,0.26,0.25,0.25,0.25,0.10422086114436388,0.9707239476442338
floor_160m,pythia-160m-seed1,hellaswag,step46000,96468992000,0.3,0.236,0.25,0.25,0.25,0.25,0.11026984266005456,0.9786737164258957
floor_160m,pythia-160m-seed1,hellaswag,step67000,140509184000,0.295,0.234,0.262,0.25,0.25,0.25,0.10132598295155913,0.9699851021766662
floor_160m,pythia-160m-seed1,hellaswag,step98000,205520896000,0.31,0.238,0.274,0.25,0.25,0.25,0.11203894030489027,0.9277976821660996
floor_160m,pythia-160m-seed1,hellaswag,step143000,299892736000,0.305,0.238,0.244,0.25,0.25,0.25,0.10156076711975039,0.8886529475450515
floor_160m,pythia-160m-seed1,mmlu,step512,1073741824,0.28,0.214,0.212,0.25,0.25,0.25,0.0779995701573789,0.09373791659250856
floor_160m,pythia-160m-seed1,mmlu,step1000,2097152000,0.275,0.218,0.27,0.25,0.25,0.25,0.03494923667702824,0.6585785474479199
floor_160m,pythia-160m-seed1,mmlu,step2000,4194304000,0.29,0.214,0.264,0.25,0.25,0.25,0.06060834175627679,0.5826405081152916
floor_160m,pythia-160m-seed1,mmlu,step3000,6291456000,0.225,0.212,0.282,0.25,0.25,0.25,0.08787674345262349,0.6494205697476864
floor_160m,pythia-160m-seed1,mmlu,step5000,10485760000,0.22,0.21,0.266,0.25,0.25,0.25,0.06739609962701798,0.7349132934808731
floor_160m,pythia-160m-seed1,mmlu,step7000,14680064000,0.22,0.212,0.256,0.25,0.25,0.25,0.08691339274868369,0.7638916982412338
floor_160m,pythia-160m-seed1,mmlu,step10000,20971520000,0.25,0.212,0.244,0.25,0.25,0.25,0.1016690964801237,0.8510325658619404
floor_160m,pythia-160m-seed1,mmlu,step15000,31457280000,0.235,0.212,0.262,0.25,0.25,0.25,0.07869208029750735,0.8721380494832992
floor_160m,pythia-160m-seed1,mmlu,step22000,46137344000,0.23,0.216,0.254,0.25,0.25,0.25,0.10741009889636188,0.9033617576360703
floor_160m,pythia-160m-seed1,mmlu,step32000,67108864000,0.23,0.216,0.28,0.25,0.25,0.25,0.1288940437603742,0.9268724648356438
floor_160m,pythia-160m-seed1,mmlu,step46000,96468992000,0.27,0.218,0.264,0.25,0.25,0.25,0.18287745518423618,0.9530165817737579
floor_160m,pythia-160m-seed1,mmlu,step67000,140509184000,0.235,0.228,0.258,0.25,0.25,0.25,0.21127853333577515,0.9300557451248169
floor_160m,pythia-160m-seed1,mmlu,step98000,205520896000,0.23,0.216,0.26,0.25,0.25,0.25,0.17801349368691444,0.9233824571371079
floor_160m,pythia-160m-seed1,mmlu,step143000,299892736000,0.235,0.214,0.28,0.25,0.25,0.25,0.13382938883639872,0.9011151863336563
floor_160m,pythia-160m-seed1,piqa,step512,1073741824,0.55,0.49,0.49,0.5,0.5,0.5,0.033750053924508396,0.03147036330029369
floor_160m,pythia-160m-seed1,piqa,step1000,2097152000,0.605,0.53,0.51,0.5,0.5,0.5,0.02765718528907746,0.8554875965118408
floor_160m,pythia-160m-seed1,piqa,step2000,4194304000,0.595,0.5,0.51,0.5,0.5,0.5,0.02156596407084726,0.7712028919756413
floor_160m,pythia-160m-seed1,piqa,step3000,6291456000,0.59,0.488,0.51,0.5,0.5,0.5,0.035267745233140885,0.8016192473471164
floor_160m,pythia-160m-seed1,piqa,step5000,10485760000,0.62,0.488,0.512,0.5,0.5,0.5,0.03291269333474338,0.8549179817438126
floor_160m,pythia-160m-seed1,piqa,step7000,14680064000,0.615,0.488,0.514,0.5,0.5,0.5,0.032430278338491915,0.8186301696300506
floor_160m,pythia-160m-seed1,piqa,step10000,20971520000,0.635,0.488,0.506,0.5,0.5,0.5,0.042888065666891635,0.893053790807724
floor_160m,pythia-160m-seed1,piqa,step15000,31457280000,0.625,0.488,0.504,0.5,0.5,0.5,0.05257751531619578,0.8805349941253662
floor_160m,pythia-160m-seed1,piqa,step22000,46137344000,0.675,0.492,0.506,0.5,0.5,0.5,0.05267178007028997,0.9185597732067108
floor_160m,pythia-160m-seed1,piqa,step32000,67108864000,0.64,0.494,0.508,0.5,0.5,0.5,0.05513706315588206,0.9520291856527329
floor_160m,pythia-160m-seed1,piqa,step46000,96468992000,0.66,0.5,0.504,0.5,0.5,0.5,0.0765119470357895,0.9595943539142608
floor_160m,pythia-160m-seed1,piqa,step67000,140509184000,0.67,0.488,0.512,0.5,0.5,0.5,0.06501283255591989,0.9507138615846634
floor_160m,pythia-160m-seed1,piqa,step98000,205520896000,0.655,0.484,0.508,0.5,0.5,0.5,0.08351852456480265,0.9145642352104187
floor_160m,pythia-160m-seed1,piqa,step143000,299892736000,0.65,0.49,0.51,0.5,0.5,0.5,0.06302768120542168,0.922572531580925
floor_160m,pythia-160m-seed2,arc_challenge,step512,1073741824,0.215,0.222,0.222,0.2504166666666667,0.2504,0.2504,0.17969773036241532,0.22267670440673829
floor_160m,pythia-160m-seed2,arc_challenge,step1000,2097152000,0.21,0.218,0.244,0.2504166666666667,0.2504,0.2504,0.07366524485498667,0.4961944810450077
floor_160m,pythia-160m-seed2,arc_challenge,step2000,4194304000,0.185,0.226,0.272,0.2504166666666667,0.2504,0.2504,0.09671509934961796,0.7590901906490326
floor_160m,pythia-160m-seed2,arc_challenge,step3000,6291456000,0.185,0.232,0.23,0.2504166666666667,0.2504,0.2504,0.10807746447250247,0.7110288576483726
floor_160m,pythia-160m-seed2,arc_challenge,step5000,10485760000,0.195,0.222,0.228,0.2504166666666667,0.2504,0.2504,0.11801485971733927,0.8655398483276368
floor_160m,pythia-160m-seed2,arc_challenge,step7000,14680064000,0.19,0.222,0.228,0.2504166666666667,0.2504,0.2504,0.09066379581019282,0.9428024379014969
floor_160m,pythia-160m-seed2,arc_challenge,step10000,20971520000,0.19,0.222,0.238,0.2504166666666667,0.2504,0.2504,0.08129843862168491,0.9672855437397957
floor_160m,pythia-160m-seed2,arc_challenge,step15000,31457280000,0.19,0.222,0.262,0.2504166666666667,0.2504,0.2504,0.06494002935290337,0.9447025238871575
floor_160m,pythia-160m-seed2,arc_challenge,step22000,46137344000,0.245,0.232,0.234,0.2504166666666667,0.2504,0.2504,0.08558510169014334,0.963687548995018
floor_160m,pythia-160m-seed2,arc_challenge,step32000,67108864000,0.225,0.226,0.254,0.2504166666666667,0.2504,0.2504,0.07116837662085891,0.9741843731403351
floor_160m,pythia-160m-seed2,arc_challenge,step46000,96468992000,0.205,0.23,0.26,0.2504166666666667,0.2504,0.2504,0.06876763682253659,0.972870351433754
floor_160m,pythia-160m-seed2,arc_challenge,step67000,140509184000,0.215,0.222,0.222,0.2504166666666667,0.2504,0.2504,0.12206150587461889,0.9786486836671829
floor_160m,pythia-160m-seed2,arc_challenge,step98000,205520896000,0.21,0.222,0.232,0.2504166666666667,0.2504,0.2504,0.19195079091191292,0.9699498810768128
floor_160m,pythia-160m-seed2,arc_challenge,step143000,299892736000,0.205,0.22,0.242,0.2504166666666667,0.2504,0.2504,0.20182653792202473,0.975997500538826
floor_160m,pythia-160m-seed2,arc_easy,step512,1073741824,0.265,0.25,0.25,0.2516666666666667,0.25066666666666665,0.25066666666666665,0.19824440260976553,0.2222226777225733
floor_160m,pythia-160m-seed2,arc_easy,step1000,2097152000,0.305,0.242,0.252,0.2516666666666667,0.25066666666666665,0.25066666666666665,0.0680082925092429,0.24543742413818836
floor_160m,pythia-160m-seed2,arc_easy,step2000,4194304000,0.295,0.25,0.25,0.2516666666666667,0.25066666666666665,0.25066666666666665,0.09349706615880132,0.5798858662247658
floor_160m,pythia-160m-seed2,arc_easy,step3000,6291456000,0.325,0.258,0.236,0.2516666666666667,0.25066666666666665,0.25066666666666665,0.1013250843808055,0.6116394608318806
floor_160m,pythia-160m-seed2,arc_easy,step5000,10485760000,0.325,0.25,0.248,0.2516666666666667,0.25066666666666665,0.25066666666666665,0.12160853712260723,0.7632583247721195
floor_160m,pythia-160m-seed2,arc_easy,step7000,14680064000,0.365,0.248,0.236,0.2516666666666667,0.25066666666666665,0.25066666666666665,0.09131964911147952,0.9292660609483719
floor_160m,pythia-160m-seed2,arc_easy,step10000,20971520000,0.38,0.25,0.248,0.2516666666666667,0.25066666666666665,0.25066666666666665,0.08340930398926139,0.9372321843504906
floor_160m,pythia-160m-seed2,arc_easy,step15000,31457280000,0.39,0.25,0.236,0.2516666666666667,0.25066666666666665,0.25066666666666665,0.06669215164519847,0.9466747884750366
floor_160m,pythia-160m-seed2,arc_easy,step22000,46137344000,0.39,0.248,0.236,0.2516666666666667,0.25066666666666665,0.25066666666666665,0.09232596765458584,0.9405105802416801
floor_160m,pythia-160m-seed2,arc_easy,step32000,67108864000,0.365,0.248,0.248,0.2516666666666667,0.25066666666666665,0.25066666666666665,0.07818688629195095,0.963060050368309
floor_160m,pythia-160m-seed2,arc_easy,step46000,96468992000,0.43,0.244,0.254,0.2516666666666667,0.25066666666666665,0.25066666666666665,0.07253966750577093,0.9615454020500183
floor_160m,pythia-160m-seed2,arc_easy,step67000,140509184000,0.405,0.246,0.25,0.2516666666666667,0.25066666666666665,0.25066666666666665,0.1213265619724989,0.9581433055400849
floor_160m,pythia-160m-seed2,arc_easy,step98000,205520896000,0.415,0.246,0.244,0.2516666666666667,0.25066666666666665,0.25066666666666665,0.189681213516742,0.9664255981445312
floor_160m,pythia-160m-seed2,arc_easy,step143000,299892736000,0.445,0.244,0.234,0.2516666666666667,0.25066666666666665,0.25066666666666665,0.19412029420211913,0.9746301399469376
floor_160m,pythia-160m-seed2,csqa,step512,1073741824,0.19,0.182,0.182,0.2,0.2,0.2,0.1742000562697649,0.18716693122684955
floor_160m,pythia-160m-seed2,csqa,step1000,2097152000,0.22,0.176,0.182,0.2,0.2,0.2,0.046011364849284295,0.346956296056509
floor_160m,pythia-160m-seed2,csqa,step2000,4194304000,0.22,0.186,0.232,0.2,0.2,0.2,0.06034706192277372,0.5804893423318863
floor_160m,pythia-160m-seed2,csqa,step3000,6291456000,0.22,0.184,0.174,0.2,0.2,0.2,0.06059335210546851,0.3932565805315971
floor_160m,pythia-160m-seed2,csqa,step5000,10485760000,0.245,0.182,0.196,0.2,0.2,0.2,0.08556187304109335,0.561280145227909
floor_160m,pythia-160m-seed2,csqa,step7000,14680064000,0.24,0.182,0.18,0.2,0.2,0.2,0.057827192444354296,0.892482677936554
floor_160m,pythia-160m-seed2,csqa,step10000,20971520000,0.305,0.182,0.168,0.2,0.2,0.2,0.06754358409531415,0.8760486406087875
floor_160m,pythia-160m-seed2,csqa,step15000,31457280000,0.315,0.18,0.188,0.2,0.2,0.2,0.04086008823476732,0.8595940140485764
floor_160m,pythia-160m-seed2,csqa,step22000,46137344000,0.27,0.18,0.188,0.2,0.2,0.2,0.06886733888834715,0.9146784327030182
floor_160m,pythia-160m-seed2,csqa,step32000,67108864000,0.325,0.18,0.186,0.2,0.2,0.2,0.05015472293458879,0.8818000042438507
floor_160m,pythia-160m-seed2,csqa,step46000,96468992000,0.355,0.182,0.196,0.2,0.2,0.2,0.04230757132172584,0.8328065663576126
floor_160m,pythia-160m-seed2,csqa,step67000,140509184000,0.335,0.18,0.184,0.2,0.2,0.2,0.072566541839391,0.8669360052347184
floor_160m,pythia-160m-seed2,csqa,step98000,205520896000,0.335,0.178,0.18,0.2,0.2,0.2,0.14261249321326613,0.8890425384044647
floor_160m,pythia-160m-seed2,csqa,step143000,299892736000,0.335,0.176,0.176,0.2,0.2,0.2,0.13161633977666498,0.8957910255193711
floor_160m,pythia-160m-seed2,hellaswag,step512,1073741824,0.265,0.238,0.238,0.25,0.25,0.25,0.07073716242983938,0.08112890534847975
floor_160m,pythia-160m-seed2,hellaswag,step1000,2097152000,0.25,0.246,0.278,0.25,0.25,0.25,0.06370830051414668,0.6537619348168373
floor_160m,pythia-160m-seed2,hellaswag,step2000,4194304000,0.235,0.24,0.212,0.25,0.25,0.25,0.0577076068231836,0.5841793502867222
floor_160m,pythia-160m-seed2,hellaswag,step3000,6291456000,0.265,0.236,0.258,0.25,0.25,0.25,0.07659237955417485,0.6456952627003193
floor_160m,pythia-160m-seed2,hellaswag,step5000,10485760000,0.27,0.236,0.22,0.25,0.25,0.25,0.08541794354468583,0.8391828225255012
floor_160m,pythia-160m-seed2,hellaswag,step7000,14680064000,0.3,0.236,0.234,0.25,0.25,0.25,0.0962193786446005,0.9437186107635498
floor_160m,pythia-160m-seed2,hellaswag,step10000,20971520000,0.27,0.238,0.264,0.25,0.25,0.25,0.055919382436200975,0.9690087461471557
floor_160m,pythia-160m-seed2,hellaswag,step15000,31457280000,0.265,0.234,0.232,0.25,0.25,0.25,0.05431111018359661,0.9619565501213073
floor_160m,pythia-160m-seed2,hellaswag,step22000,46137344000,0.275,0.234,0.238,0.25,0.25,0.25,0.07194889478757978,0.9554963474273681
floor_160m,pythia-160m-seed2,hellaswag,step32000,67108864000,0.305,0.238,0.262,0.25,0.25,0.25,0.05555453036073595,0.9588654884099961
floor_160m,pythia-160m-seed2,hellaswag,step46000,96468992000,0.28,0.24,0.248,0.25,0.25,0.25,0.06422819169424475,0.9642622312307357
floor_160m,pythia-160m-seed2,hellaswag,step67000,140509184000,0.27,0.238,0.228,0.25,0.25,0.25,0.11352432954125107,0.9699441845417023
floor_160m,pythia-160m-seed2,hellaswag,step98000,205520896000,0.275,0.242,0.238,0.25,0.25,0.25,0.10423422820307314,0.9477995785474778
floor_160m,pythia-160m-seed2,hellaswag,step143000,299892736000,0.295,0.236,0.254,0.25,0.25,0.25,0.16280044240131974,0.9653690849542618
floor_160m,pythia-160m-seed2,mmlu,step512,1073741824,0.275,0.214,0.212,0.25,0.25,0.25,0.1459292656481266,0.16897874677181243
floor_160m,pythia-160m-seed2,mmlu,step1000,2097152000,0.265,0.214,0.23,0.25,0.25,0.25,0.06574125310685486,0.5134387270510197
floor_160m,pythia-160m-seed2,mmlu,step2000,4194304000,0.26,0.208,0.26,0.25,0.25,0.25,0.08081129270978273,0.6776767894327641
floor_160m,pythia-160m-seed2,mmlu,step3000,6291456000,0.22,0.232,0.304,0.25,0.25,0.25,0.10242743778042496,0.638078720793128
floor_160m,pythia-160m-seed2,mmlu,step5000,10485760000,0.245,0.212,0.254,0.25,0.25,0.25,0.10468299448303878,0.7804452717378736
floor_160m,pythia-160m-seed2,mmlu,step7000,14680064000,0.235,0.214,0.252,0.25,0.25,0.25,0.0896550473216921,0.8892929605841636
floor_160m,pythia-160m-seed2,mmlu,step10000,20971520000,0.275,0.214,0.262,0.25,0.25,0.25,0.0739168602898717,0.9415072087049484
floor_160m,pythia-160m-seed2,mmlu,step15000,31457280000,0.27,0.212,0.25,0.25,0.25,0.25,0.05863573987595737,0.9279609869122505
floor_160m,pythia-160m-seed2,mmlu,step22000,46137344000,0.235,0.214,0.262,0.25,0.25,0.25,0.07902536247670651,0.9253105829358101
floor_160m,pythia-160m-seed2,mmlu,step32000,67108864000,0.215,0.216,0.286,0.25,0.25,0.25,0.05585496092773974,0.9469469685554505
floor_160m,pythia-160m-seed2,mmlu,step46000,96468992000,0.25,0.212,0.276,0.25,0.25,0.25,0.05779246469866484,0.9400260429382324
floor_160m,pythia-160m-seed2,mmlu,step67000,140509184000,0.25,0.214,0.256,0.25,0.25,0.25,0.0988988741375506,0.9390067217350007
floor_160m,pythia-160m-seed2,mmlu,step98000,205520896000,0.255,0.212,0.254,0.25,0.25,0.25,0.12472971539571881,0.9475795594453812
floor_160m,pythia-160m-seed2,mmlu,step143000,299892736000,0.25,0.216,0.25,0.25,0.25,0.25,0.16677922650612892,0.9540704020261764
floor_160m,pythia-160m-seed2,piqa,step512,1073741824,0.555,0.49,0.49,0.5,0.5,0.5,0.08033475357480348,0.07589078344032169
floor_160m,pythia-160m-seed2,piqa,step1000,2097152000,0.59,0.472,0.51,0.5,0.5,0.5,0.020079802346299403,0.6562496076822281
floor_160m,pythia-160m-seed2,piqa,step2000,4194304000,0.635,0.488,0.51,0.5,0.5,0.5,0.031174534922931343,0.7778915575146675
floor_160m,pythia-160m-seed2,piqa,step3000,6291456000,0.59,0.474,0.51,0.5,0.5,0.5,0.04027574139647186,0.7333962199687958
floor_160m,pythia-160m-seed2,piqa,step5000,10485760000,0.59,0.49,0.5,0.5,0.5,0.5,0.05064578459691256,0.8741088387966156
floor_160m,pythia-160m-seed2,piqa,step7000,14680064000,0.595,0.488,0.508,0.5,0.5,0.5,0.04747318302467465,0.9458728981018066
floor_160m,pythia-160m-seed2,piqa,step10000,20971520000,0.58,0.488,0.514,0.5,0.5,0.5,0.03672537051141262,0.9666957497596741
floor_160m,pythia-160m-seed2,piqa,step15000,31457280000,0.615,0.49,0.508,0.5,0.5,0.5,0.03514046475943178,0.908441766500473
floor_160m,pythia-160m-seed2,piqa,step22000,46137344000,0.645,0.492,0.516,0.5,0.5,0.5,0.051589099613949654,0.9459780535697937
floor_160m,pythia-160m-seed2,piqa,step32000,67108864000,0.615,0.486,0.522,0.5,0.5,0.5,0.03588455643504858,0.9475326153039932
floor_160m,pythia-160m-seed2,piqa,step46000,96468992000,0.64,0.496,0.534,0.5,0.5,0.5,0.03221463607391342,0.9441771676540375
floor_160m,pythia-160m-seed2,piqa,step67000,140509184000,0.625,0.488,0.5,0.5,0.5,0.5,0.04265423142164946,0.9380822321176528
floor_160m,pythia-160m-seed2,piqa,step98000,205520896000,0.65,0.488,0.514,0.5,0.5,0.5,0.10702274463884533,0.96427446103096
floor_160m,pythia-160m-seed2,piqa,step143000,299892736000,0.625,0.486,0.506,0.5,0.5,0.5,0.08769325631204992,0.9072790397405625
floor_160m,pythia-160m-seed3,arc_challenge,step512,1073741824,0.215,0.222,0.222,0.2504166666666667,0.2504,0.2504,0.07848359037004411,0.10166332678124308
floor_160m,pythia-160m-seed3,arc_challenge,step1000,2097152000,0.23,0.226,0.244,0.2504166666666667,0.2504,0.2504,0.09565524286404252,0.7445194662809372
floor_160m,pythia-160m-seed3,arc_challenge,step2000,4194304000,0.16,0.226,0.22,0.2504166666666667,0.2504,0.2504,0.09632213747873902,0.803109099984169
floor_160m,pythia-160m-seed3,arc_challenge,step3000,6291456000,0.175,0.226,0.29,0.2504166666666667,0.2504,0.2504,0.08892644654214382,0.9224359115362167
floor_160m,pythia-160m-seed3,arc_challenge,step5000,10485760000,0.18,0.228,0.28,0.2504166666666667,0.2504,0.2504,0.05604987953044474,0.9072641159296035
floor_160m,pythia-160m-seed3,arc_challenge,step7000,14680064000,0.21,0.224,0.276,0.2504166666666667,0.2504,0.2504,0.058120867151767015,0.9469406441450119
floor_160m,pythia-160m-seed3,arc_challenge,step10000,20971520000,0.2,0.226,0.276,0.2504166666666667,0.2504,0.2504,0.0610482538510114,0.9052126453220845
floor_160m,pythia-160m-seed3,arc_challenge,step15000,31457280000,0.195,0.226,0.284,0.2504166666666667,0.2504,0.2504,0.04973206551000476,0.92993317258358
floor_160m,pythia-160m-seed3,arc_challenge,step22000,46137344000,0.195,0.228,0.236,0.2504166666666667,0.2504,0.2504,0.07940209396183491,0.9712707726955414
floor_160m,pythia-160m-seed3,arc_challenge,step32000,67108864000,0.18,0.23,0.26,0.2504166666666667,0.2504,0.2504,0.10615320490300656,0.9562372624874115
floor_160m,pythia-160m-seed3,arc_challenge,step46000,96468992000,0.18,0.23,0.258,0.2504166666666667,0.2504,0.2504,0.10352369913831354,0.9757119737863541
floor_160m,pythia-160m-seed3,arc_challenge,step67000,140509184000,0.215,0.224,0.246,0.2504166666666667,0.2504,0.2504,0.10491581113822758,0.9584890167713165
floor_160m,pythia-160m-seed3,arc_challenge,step98000,205520896000,0.215,0.226,0.248,0.2504166666666667,0.2504,0.2504,0.15795975137129425,0.9783444677591324
floor_160m,pythia-160m-seed3,arc_challenge,step143000,299892736000,0.215,0.226,0.216,0.2504166666666667,0.2504,0.2504,0.07849304997362197,0.9676503437757492
floor_160m,pythia-160m-seed3,arc_easy,step512,1073741824,0.22,0.25,0.25,0.2516666666666667,0.25066666666666665,0.25066666666666665,0.09353941516578197,0.11772836239635945
floor_160m,pythia-160m-seed3,arc_easy,step1000,2097152000,0.25,0.248,0.256,0.2516666666666667,0.25066666666666665,0.25066666666666665,0.09028908779099584,0.6521088592410088
floor_160m,pythia-160m-seed3,arc_easy,step2000,4194304000,0.335,0.25,0.244,0.2516666666666667,0.25066666666666665,0.25066666666666665,0.09722434170171619,0.754874283194542
floor_160m,pythia-160m-seed3,arc_easy,step3000,6291456000,0.32,0.248,0.238,0.2516666666666667,0.25066666666666665,0.25066666666666665,0.09140207717195153,0.9151773669719696
floor_160m,pythia-160m-seed3,arc_easy,step5000,10485760000,0.355,0.25,0.252,0.2516666666666667,0.25066666666666665,0.25066666666666665,0.056466437538154425,0.8310941061377526
floor_160m,pythia-160m-seed3,arc_easy,step7000,14680064000,0.37,0.246,0.27,0.2516666666666667,0.25066666666666665,0.25066666666666665,0.05714799433201551,0.9117012850642204
floor_160m,pythia-160m-seed3,arc_easy,step10000,20971520000,0.405,0.246,0.28,0.2516666666666667,0.25066666666666665,0.25066666666666665,0.06147856854833662,0.8916002975702286
floor_160m,pythia-160m-seed3,arc_easy,step15000,31457280000,0.38,0.246,0.266,0.2516666666666667,0.25066666666666665,0.25066666666666665,0.05055826461315155,0.9223842049837112
floor_160m,pythia-160m-seed3,arc_easy,step22000,46137344000,0.4,0.246,0.24,0.2516666666666667,0.25066666666666665,0.25066666666666665,0.07438775908201933,0.9723332548141479
floor_160m,pythia-160m-seed3,arc_easy,step32000,67108864000,0.36,0.25,0.254,0.2516666666666667,0.25066666666666665,0.25066666666666665,0.09773823323473334,0.9646073325872421
floor_160m,pythia-160m-seed3,arc_easy,step46000,96468992000,0.415,0.246,0.23,0.2516666666666667,0.25066666666666665,0.25066666666666665,0.09741728439182043,0.9853422170877457
floor_160m,pythia-160m-seed3,arc_easy,step67000,140509184000,0.47,0.246,0.272,0.2516666666666667,0.25066666666666665,0.25066666666666665,0.10263892268761993,0.9478981734514237
floor_160m,pythia-160m-seed3,arc_easy,step98000,205520896000,0.435,0.234,0.26,0.2516666666666667,0.25066666666666665,0.25066666666666665,0.14868548767641188,0.9714952644109726
floor_160m,pythia-160m-seed3,arc_easy,step143000,299892736000,0.435,0.244,0.25,0.2516666666666667,0.25066666666666665,0.25066666666666665,0.07839534785039723,0.9526476860046387
floor_160m,pythia-160m-seed3,csqa,step512,1073741824,0.185,0.182,0.182,0.2,0.2,0.2,0.07243506505340337,0.09178263410925865
floor_160m,pythia-160m-seed3,csqa,step1000,2097152000,0.17,0.182,0.182,0.2,0.2,0.2,0.0553552631624043,0.6190883192420006
floor_160m,pythia-160m-seed3,csqa,step2000,4194304000,0.195,0.182,0.198,0.2,0.2,0.2,0.08664942994713783,0.8747968308925629
floor_160m,pythia-160m-seed3,csqa,step3000,6291456000,0.2,0.182,0.206,0.2,0.2,0.2,0.08404386432841421,0.9285834805965424
floor_160m,pythia-160m-seed3,csqa,step5000,10485760000,0.255,0.18,0.202,0.2,0.2,0.2,0.06068719940260053,0.9038255320787429
floor_160m,pythia-160m-seed3,csqa,step7000,14680064000,0.28,0.18,0.2,0.2,0.2,0.2,0.04606366975419223,0.918948203086853
floor_160m,pythia-160m-seed3,csqa,step10000,20971520000,0.28,0.18,0.168,0.2,0.2,0.2,0.047320040168240665,0.8601185173988343
floor_160m,pythia-160m-seed3,csqa,step15000,31457280000,0.29,0.184,0.204,0.2,0.2,0.2,0.04760420848801732,0.9127151029109954
floor_160m,pythia-160m-seed3,csqa,step22000,46137344000,0.3,0.18,0.214,0.2,0.2,0.2,0.05589746353030205,0.9147659351825714
floor_160m,pythia-160m-seed3,csqa,step32000,67108864000,0.295,0.184,0.208,0.2,0.2,0.2,0.06831540490686894,0.8775797740221024
floor_160m,pythia-160m-seed3,csqa,step46000,96468992000,0.305,0.182,0.188,0.2,0.2,0.2,0.06589920341782272,0.9016454973220825
floor_160m,pythia-160m-seed3,csqa,step67000,140509184000,0.34,0.182,0.18,0.2,0.2,0.2,0.0767560499124229,0.8153305943012238
floor_160m,pythia-160m-seed3,csqa,step98000,205520896000,0.31,0.178,0.198,0.2,0.2,0.2,0.10143592224642635,0.921287779211998
floor_160m,pythia-160m-seed3,csqa,step143000,299892736000,0.3,0.178,0.21,0.2,0.2,0.2,0.06679604805633425,0.8440104924440384
floor_160m,pythia-160m-seed3,hellaswag,step512,1073741824,0.25,0.238,0.238,0.25,0.25,0.25,0.0339439469575882,0.03926469426602125
floor_160m,pythia-160m-seed3,hellaswag,step1000,2097152000,0.265,0.24,0.274,0.25,0.25,0.25,0.06854164279811084,0.6991272446513176
floor_160m,pythia-160m-seed3,hellaswag,step2000,4194304000,0.235,0.234,0.242,0.25,0.25,0.25,0.0495415840158239,0.6875426247119903
floor_160m,pythia-160m-seed3,hellaswag,step3000,6291456000,0.255,0.236,0.226,0.25,0.25,0.25,0.06511779772303998,0.920428470134735
floor_160m,pythia-160m-seed3,hellaswag,step5000,10485760000,0.24,0.236,0.246,0.25,0.25,0.25,0.053336545182857666,0.8553940402269363
floor_160m,pythia-160m-seed3,hellaswag,step7000,14680064000,0.25,0.236,0.27,0.25,0.25,0.25,0.060489036266691984,0.9347132712602615
floor_160m,pythia-160m-seed3,hellaswag,step10000,20971520000,0.28,0.238,0.272,0.25,0.25,0.25,0.047839880334679036,0.9378937370777131
floor_160m,pythia-160m-seed3,hellaswag,step15000,31457280000,0.265,0.238,0.276,0.25,0.25,0.25,0.042580405995249745,0.9352824985980988
floor_160m,pythia-160m-seed3,hellaswag,step22000,46137344000,0.27,0.236,0.238,0.25,0.25,0.25,0.06645754368230701,0.9707742222547531
floor_160m,pythia-160m-seed3,hellaswag,step32000,67108864000,0.285,0.236,0.27,0.25,0.25,0.25,0.07727315561845899,0.9454293487071991
floor_160m,pythia-160m-seed3,hellaswag,step46000,96468992000,0.275,0.23,0.256,0.25,0.25,0.25,0.07476986914873124,0.9590908489227294
floor_160m,pythia-160m-seed3,hellaswag,step67000,140509184000,0.305,0.232,0.272,0.25,0.25,0.25,0.06506412063539029,0.9563080692291259
floor_160m,pythia-160m-seed3,hellaswag,step98000,205520896000,0.285,0.23,0.278,0.25,0.25,0.25,0.10262389441579581,0.9577211236953735
floor_160m,pythia-160m-seed3,hellaswag,step143000,299892736000,0.295,0.234,0.264,0.25,0.25,0.25,0.07226318532135338,0.9618318198919297
floor_160m,pythia-160m-seed3,mmlu,step512,1073741824,0.24,0.212,0.214,0.25,0.25,0.25,0.06836071502789855,0.07986587923765183
floor_160m,pythia-160m-seed3,mmlu,step1000,2097152000,0.23,0.218,0.264,0.25,0.25,0.25,0.08470997832901776,0.6831611133813859
floor_160m,pythia-160m-seed3,mmlu,step2000,4194304000,0.275,0.218,0.258,0.25,0.25,0.25,0.084069935339503,0.7513951442241669
floor_160m,pythia-160m-seed3,mmlu,step3000,6291456000,0.22,0.218,0.272,0.25,0.25,0.25,0.0857142272265628,0.870125695258379
floor_160m,pythia-160m-seed3,mmlu,step5000,10485760000,0.2,0.222,0.284,0.25,0.25,0.25,0.05684190744673833,0.8519552292823791
floor_160m,pythia-160m-seed3,mmlu,step7000,14680064000,0.245,0.212,0.288,0.25,0.25,0.25,0.053007210940122604,0.9239605296850204
floor_160m,pythia-160m-seed3,mmlu,step10000,20971520000,0.26,0.214,0.266,0.25,0.25,0.25,0.05575844550901093,0.8857988738417626
floor_160m,pythia-160m-seed3,mmlu,step15000,31457280000,0.23,0.214,0.264,0.25,0.25,0.25,0.04828724920749664,0.9157216898202896
floor_160m,pythia-160m-seed3,mmlu,step22000,46137344000,0.2,0.214,0.262,0.25,0.25,0.25,0.0765251535018906,0.9463605568408966
floor_160m,pythia-160m-seed3,mmlu,step32000,67108864000,0.24,0.22,0.266,0.25,0.25,0.25,0.09611503889784218,0.9302056534290314
floor_160m,pythia-160m-seed3,mmlu,step46000,96468992000,0.22,0.224,0.268,0.25,0.25,0.25,0.09577761194482445,0.9552001750469208
floor_160m,pythia-160m-seed3,mmlu,step67000,140509184000,0.25,0.212,0.27,0.25,0.25,0.25,0.08356125533021987,0.9407716431617736
floor_160m,pythia-160m-seed3,mmlu,step98000,205520896000,0.265,0.222,0.282,0.25,0.25,0.25,0.11856519792973995,0.9574702073335648
floor_160m,pythia-160m-seed3,mmlu,step143000,299892736000,0.255,0.212,0.234,0.25,0.25,0.25,0.07520356875285507,0.9401902413368225
floor_160m,pythia-160m-seed3,piqa,step512,1073741824,0.545,0.49,0.49,0.5,0.5,0.5,0.02598332017380744,0.02350741379056126
floor_160m,pythia-160m-seed3,piqa,step1000,2097152000,0.57,0.48,0.51,0.5,0.5,0.5,0.02845339178061113,0.695394743680954
floor_160m,pythia-160m-seed3,piqa,step2000,4194304000,0.615,0.486,0.494,0.5,0.5,0.5,0.04059534487780184,0.6859634302258492
floor_160m,pythia-160m-seed3,piqa,step3000,6291456000,0.62,0.488,0.51,0.5,0.5,0.5,0.03524993041809648,0.8245554682612419
floor_160m,pythia-160m-seed3,piqa,step5000,10485760000,0.635,0.492,0.51,0.5,0.5,0.5,0.024137709192931654,0.9191999543905258
floor_160m,pythia-160m-seed3,piqa,step7000,14680064000,0.61,0.492,0.512,0.5,0.5,0.5,0.031935050749219956,0.9498105279803276
floor_160m,pythia-160m-seed3,piqa,step10000,20971520000,0.6,0.49,0.508,0.5,0.5,0.5,0.02623486995929852,0.9019334632158279
floor_160m,pythia-160m-seed3,piqa,step15000,31457280000,0.645,0.492,0.512,0.5,0.5,0.5,0.030979173773899676,0.9468930077552795
floor_160m,pythia-160m-seed3,piqa,step22000,46137344000,0.635,0.482,0.506,0.5,0.5,0.5,0.041221603685989976,0.9370139853954316
floor_160m,pythia-160m-seed3,piqa,step32000,67108864000,0.62,0.484,0.504,0.5,0.5,0.5,0.04123406629497185,0.9412289171218872
floor_160m,pythia-160m-seed3,piqa,step46000,96468992000,0.65,0.466,0.51,0.5,0.5,0.5,0.05007716466672719,0.9682818166017533
floor_160m,pythia-160m-seed3,piqa,step67000,140509184000,0.64,0.488,0.51,0.5,0.5,0.5,0.04290320542547852,0.9407509192228317
floor_160m,pythia-160m-seed3,piqa,step98000,205520896000,0.685,0.5,0.514,0.5,0.5,0.5,0.07012208729609846,0.9161502736806869
floor_160m,pythia-160m-seed3,piqa,step143000,299892736000,0.625,0.496,0.504,0.5,0.5,0.5,0.03972849509306252,0.9568909102678299
floor_160m,pythia-160m-seed4,arc_challenge,step512,1073741824,0.19,0.222,0.222,0.2504166666666667,0.2504,0.2504,0.07294625305011869,0.13722212294489144
floor_160m,pythia-160m-seed4,arc_challenge,step1000,2097152000,0.2,0.232,0.242,0.2504166666666667,0.2504,0.2504,0.05428641754947603,0.4758272372186184
floor_160m,pythia-160m-seed4,arc_challenge,step2000,4194304000,0.15,0.222,0.238,0.2504166666666667,0.2504,0.2504,0.034520676614716646,0.6536645093262196
floor_160m,pythia-160m-seed4,arc_challenge,step3000,6291456000,0.2,0.23,0.242,0.2504166666666667,0.2504,0.2504,0.057582942597568035,0.8587496089935303
floor_160m,pythia-160m-seed4,arc_challenge,step5000,10485760000,0.23,0.222,0.236,0.2504166666666667,0.2504,0.2504,0.05851722829043865,0.8738867441415786
floor_160m,pythia-160m-seed4,arc_challenge,step7000,14680064000,0.215,0.226,0.238,0.2504166666666667,0.2504,0.2504,0.06636042168177664,0.8799896148443223
floor_160m,pythia-160m-seed4,arc_challenge,step10000,20971520000,0.215,0.224,0.256,0.2504166666666667,0.2504,0.2504,0.10180691114068031,0.9623594360351563
floor_160m,pythia-160m-seed4,arc_challenge,step15000,31457280000,0.19,0.224,0.264,0.2504166666666667,0.2504,0.2504,0.09726403048634528,0.9622494279146194
floor_160m,pythia-160m-seed4,arc_challenge,step22000,46137344000,0.195,0.226,0.27,0.2504166666666667,0.2504,0.2504,0.08325559614039958,0.9749170581102371
floor_160m,pythia-160m-seed4,arc_challenge,step32000,67108864000,0.2,0.224,0.266,0.2504166666666667,0.2504,0.2504,0.07188964285701513,0.9778059551715851
floor_160m,pythia-160m-seed4,arc_challenge,step46000,96468992000,0.21,0.226,0.256,0.2504166666666667,0.2504,0.2504,0.27477234361693265,0.9694135429859161
floor_160m,pythia-160m-seed4,arc_challenge,step67000,140509184000,0.21,0.218,0.292,0.2504166666666667,0.2504,0.2504,0.1801604031920433,0.9810676773786545
floor_160m,pythia-160m-seed4,arc_challenge,step98000,205520896000,0.235,0.228,0.3,0.2504166666666667,0.2504,0.2504,0.3047387016415596,0.9381506209373474
floor_160m,pythia-160m-seed4,arc_challenge,step143000,299892736000,0.21,0.224,0.218,0.2504166666666667,0.2504,0.2504,0.24545854064077138,0.9552978123426438
floor_160m,pythia-160m-seed4,arc_easy,step512,1073741824,0.265,0.25,0.25,0.2516666666666667,0.25066666666666665,0.25066666666666665,0.08265020246058702,0.16223053787648678
floor_160m,pythia-160m-seed4,arc_easy,step1000,2097152000,0.29,0.244,0.264,0.2516666666666667,0.25066666666666665,0.25066666666666665,0.05409382751584053,0.41451995328068736
floor_160m,pythia-160m-seed4,arc_easy,step2000,4194304000,0.335,0.246,0.234,0.2516666666666667,0.25066666666666665,0.25066666666666665,0.03440021107904613,0.535718128323555
floor_160m,pythia-160m-seed4,arc_easy,step3000,6291456000,0.335,0.258,0.264,0.2516666666666667,0.25066666666666665,0.25066666666666665,0.05486687692441046,0.8666137489080429
floor_160m,pythia-160m-seed4,arc_easy,step5000,10485760000,0.33,0.252,0.272,0.2516666666666667,0.25066666666666665,0.25066666666666665,0.05646574821695685,0.8534942622184754
floor_160m,pythia-160m-seed4,arc_easy,step7000,14680064000,0.36,0.248,0.224,0.2516666666666667,0.25066666666666665,0.25066666666666665,0.06368093363568186,0.8293934180736542
floor_160m,pythia-160m-seed4,arc_easy,step10000,20971520000,0.38,0.246,0.276,0.2516666666666667,0.25066666666666665,0.25066666666666665,0.09718518833816052,0.9556456589698792
floor_160m,pythia-160m-seed4,arc_easy,step15000,31457280000,0.385,0.244,0.238,0.2516666666666667,0.25066666666666665,0.25066666666666665,0.09085686512663961,0.9668071336746216
floor_160m,pythia-160m-seed4,arc_easy,step22000,46137344000,0.355,0.248,0.252,0.2516666666666667,0.25066666666666665,0.25066666666666665,0.08274555283412337,0.958002007484436
floor_160m,pythia-160m-seed4,arc_easy,step32000,67108864000,0.375,0.246,0.262,0.2516666666666667,0.25066666666666665,0.25066666666666665,0.06945326116681098,0.9677123634815216
floor_160m,pythia-160m-seed4,arc_easy,step46000,96468992000,0.41,0.262,0.252,0.2516666666666667,0.25066666666666665,0.25066666666666665,0.2560197147466242,0.9574810203313827
floor_160m,pythia-160m-seed4,arc_easy,step67000,140509184000,0.42,0.25,0.268,0.2516666666666667,0.25066666666666665,0.25066666666666665,0.16759324184060095,0.9773588066101074
floor_160m,pythia-160m-seed4,arc_easy,step98000,205520896000,0.43,0.242,0.266,0.2516666666666667,0.25066666666666665,0.25066666666666665,0.29894912699609993,0.9492185226678849
floor_160m,pythia-160m-seed4,arc_easy,step143000,299892736000,0.41,0.246,0.262,0.2516666666666667,0.25066666666666665,0.25066666666666665,0.24435468455031514,0.9578748047351837
floor_160m,pythia-160m-seed4,csqa,step512,1073741824,0.18,0.182,0.182,0.2,0.2,0.2,0.0556515892855823,0.1171913752257824
floor_160m,pythia-160m-seed4,csqa,step1000,2097152000,0.185,0.182,0.182,0.2,0.2,0.2,0.04383766327425837,0.27123196464776994
floor_160m,pythia-160m-seed4,csqa,step2000,4194304000,0.26,0.178,0.186,0.2,0.2,0.2,0.027696340057998897,0.49210154289007185
floor_160m,pythia-160m-seed4,csqa,step3000,6291456000,0.245,0.178,0.17,0.2,0.2,0.2,0.048511058747768405,0.8461265950202942
floor_160m,pythia-160m-seed4,csqa,step5000,10485760000,0.255,0.182,0.21,0.2,0.2,0.2,0.04517179001681507,0.8792384655475617
floor_160m,pythia-160m-seed4,csqa,step7000,14680064000,0.28,0.184,0.212,0.2,0.2,0.2,0.046609918971546,0.9158487497568131
floor_160m,pythia-160m-seed4,csqa,step10000,20971520000,0.27,0.178,0.206,0.2,0.2,0.2,0.061718094097450375,0.9602135096788407
floor_160m,pythia-160m-seed4,csqa,step15000,31457280000,0.29,0.18,0.188,0.2,0.2,0.2,0.07398540231958031,0.9584113209247589
floor_160m,pythia-160m-seed4,csqa,step22000,46137344000,0.29,0.18,0.218,0.2,0.2,0.2,0.060084810718894,0.9262627183198929
floor_160m,pythia-160m-seed4,csqa,step32000,67108864000,0.33,0.18,0.188,0.2,0.2,0.2,0.05715230446308851,0.9440188397169114
floor_160m,pythia-160m-seed4,csqa,step46000,96468992000,0.325,0.176,0.192,0.2,0.2,0.2,0.18376496506482362,0.9373714376688004
floor_160m,pythia-160m-seed4,csqa,step67000,140509184000,0.335,0.186,0.212,0.2,0.2,0.2,0.08394577538594604,0.971188427567482
floor_160m,pythia-160m-seed4,csqa,step98000,205520896000,0.32,0.182,0.21,0.2,0.2,0.2,0.1653133407831192,0.941906256198883
floor_160m,pythia-160m-seed4,csqa,step143000,299892736000,0.325,0.18,0.182,0.2,0.2,0.2,0.14258504091203214,0.9435759214162827
floor_160m,pythia-160m-seed4,hellaswag,step512,1073741824,0.265,0.238,0.238,0.25,0.25,0.25,0.034383522326126695,0.05334450538828969
floor_160m,pythia-160m-seed4,hellaswag,step1000,2097152000,0.255,0.25,0.244,0.25,0.25,0.25,0.04636730441078544,0.2979064673185349
floor_160m,pythia-160m-seed4,hellaswag,step2000,4194304000,0.26,0.242,0.234,0.25,0.25,0.25,0.024970703752711414,0.6595470524430275
floor_160m,pythia-160m-seed4,hellaswag,step3000,6291456000,0.28,0.232,0.214,0.25,0.25,0.25,0.0402595714405179,0.8453602974414826
floor_160m,pythia-160m-seed4,hellaswag,step5000,10485760000,0.27,0.244,0.246,0.25,0.25,0.25,0.05496528053842485,0.8927625805139542
floor_160m,pythia-160m-seed4,hellaswag,step7000,14680064000,0.27,0.24,0.256,0.25,0.25,0.25,0.06737217416428029,0.9108226943016052
floor_160m,pythia-160m-seed4,hellaswag,step10000,20971520000,0.265,0.238,0.222,0.25,0.25,0.25,0.09418085508514196,0.9528279646635055
floor_160m,pythia-160m-seed4,hellaswag,step15000,31457280000,0.275,0.236,0.23,0.25,0.25,0.25,0.0962379285171628,0.9464966465234756
floor_160m,pythia-160m-seed4,hellaswag,step22000,46137344000,0.28,0.24,0.252,0.25,0.25,0.25,0.06436379882600159,0.9358542501330376
floor_160m,pythia-160m-seed4,hellaswag,step32000,67108864000,0.29,0.24,0.24,0.25,0.25,0.25,0.06701270894892514,0.9598242380619049
floor_160m,pythia-160m-seed4,hellaswag,step46000,96468992000,0.28,0.238,0.23,0.25,0.25,0.25,0.14329751329496504,0.9488934241533279
floor_160m,pythia-160m-seed4,hellaswag,step67000,140509184000,0.305,0.236,0.268,0.25,0.25,0.25,0.12176648247241974,0.9728203347921371
floor_160m,pythia-160m-seed4,hellaswag,step98000,205520896000,0.295,0.24,0.272,0.25,0.25,0.25,0.17745019370317458,0.9526373480558396
floor_160m,pythia-160m-seed4,hellaswag,step143000,299892736000,0.285,0.238,0.25,0.25,0.25,0.25,0.1256321435160935,0.9583746411800385
floor_160m,pythia-160m-seed4,mmlu,step512,1073741824,0.285,0.216,0.216,0.25,0.25,0.25,0.06542299934709445,0.11192028591409325
floor_160m,pythia-160m-seed4,mmlu,step1000,2097152000,0.26,0.216,0.228,0.25,0.25,0.25,0.05185829684138298,0.4474185900837183
floor_160m,pythia-160m-seed4,mmlu,step2000,4194304000,0.23,0.214,0.244,0.25,0.25,0.25,0.03312266074959189,0.6393860171884298
floor_160m,pythia-160m-seed4,mmlu,step3000,6291456000,0.22,0.21,0.26,0.25,0.25,0.25,0.053353052418679,0.8176526538729668
floor_160m,pythia-160m-seed4,mmlu,step5000,10485760000,0.26,0.214,0.266,0.25,0.25,0.25,0.05616520345024765,0.8711785018444062
floor_160m,pythia-160m-seed4,mmlu,step7000,14680064000,0.25,0.218,0.254,0.25,0.25,0.25,0.057750797132961454,0.8691658893823624
floor_160m,pythia-160m-seed4,mmlu,step10000,20971520000,0.26,0.208,0.262,0.25,0.25,0.25,0.08483336967974901,0.9477754138708114
floor_160m,pythia-160m-seed4,mmlu,step15000,31457280000,0.28,0.212,0.266,0.25,0.25,0.25,0.0875148156248033,0.9462960900068283
floor_160m,pythia-160m-seed4,mmlu,step22000,46137344000,0.24,0.208,0.254,0.25,0.25,0.25,0.07606934151053428,0.9485932208299637
floor_160m,pythia-160m-seed4,mmlu,step32000,67108864000,0.225,0.21,0.262,0.25,0.25,0.25,0.06867027637455612,0.9567185045480728
floor_160m,pythia-160m-seed4,mmlu,step46000,96468992000,0.25,0.212,0.234,0.25,0.25,0.25,0.20803403917513788,0.9464812109470367
floor_160m,pythia-160m-seed4,mmlu,step67000,140509184000,0.23,0.208,0.246,0.25,0.25,0.25,0.1752049075048417,0.965892089009285
floor_160m,pythia-160m-seed4,mmlu,step98000,205520896000,0.23,0.22,0.268,0.25,0.25,0.25,0.25413133000768723,0.9365313295125961
floor_160m,pythia-160m-seed4,mmlu,step143000,299892736000,0.23,0.208,0.238,0.25,0.25,0.25,0.22398323254287242,0.9526822535991669
floor_160m,pythia-160m-seed4,piqa,step512,1073741824,0.525,0.49,0.49,0.5,0.5,0.5,0.03488834774959832,0.06477748973481356
floor_160m,pythia-160m-seed4,piqa,step1000,2097152000,0.56,0.484,0.51,0.5,0.5,0.5,0.022864995255135,0.45661585611104966
floor_160m,pythia-160m-seed4,piqa,step2000,4194304000,0.59,0.488,0.51,0.5,0.5,0.5,0.015879292963072656,0.6456695927381515
floor_160m,pythia-160m-seed4,piqa,step3000,6291456000,0.605,0.456,0.51,0.5,0.5,0.5,0.021132403682917356,0.8282008247375489
floor_160m,pythia-160m-seed4,piqa,step5000,10485760000,0.585,0.49,0.51,0.5,0.5,0.5,0.02689541992219165,0.9076321268081665
floor_160m,pythia-160m-seed4,piqa,step7000,14680064000,0.595,0.488,0.51,0.5,0.5,0.5,0.025695986963342875,0.8929903647899627
floor_160m,pythia-160m-seed4,piqa,step10000,20971520000,0.61,0.49,0.514,0.5,0.5,0.5,0.04362360551347956,0.9756980097293854
floor_160m,pythia-160m-seed4,piqa,step15000,31457280000,0.65,0.488,0.51,0.5,0.5,0.5,0.0546052101906389,0.9577358165979385
floor_160m,pythia-160m-seed4,piqa,step22000,46137344000,0.64,0.488,0.51,0.5,0.5,0.5,0.03938909819722176,0.9622745765447617
floor_160m,pythia-160m-seed4,piqa,step32000,67108864000,0.625,0.482,0.51,0.5,0.5,0.5,0.04485143700987101,0.9829062623977661
floor_160m,pythia-160m-seed4,piqa,step46000,96468992000,0.64,0.494,0.51,0.5,0.5,0.5,0.14675286380015315,0.9622707070112229
floor_160m,pythia-160m-seed4,piqa,step67000,140509184000,0.645,0.492,0.51,0.5,0.5,0.5,0.08739346243441105,0.9521826850175857
floor_160m,pythia-160m-seed4,piqa,step98000,205520896000,0.64,0.494,0.508,0.5,0.5,0.5,0.18041589469835162,0.9267133402824402
floor_160m,pythia-160m-seed4,piqa,step143000,299892736000,0.67,0.49,0.514,0.5,0.5,0.5,0.1414595537856221,0.8842844434976578
floor_160m,pythia-160m-seed5,arc_challenge,step512,1073741824,0.19,0.222,0.222,0.2504166666666667,0.2504,0.2504,0.09125802114605903,0.11561638196557761
floor_160m,pythia-160m-seed5,arc_challenge,step1000,2097152000,0.17,0.236,0.28,0.2504166666666667,0.2504,0.2504,0.13331260314118118,0.7817521038055419
floor_160m,pythia-160m-seed5,arc_challenge,step2000,4194304000,0.185,0.224,0.24,0.2504166666666667,0.2504,0.2504,0.05570115675032139,0.8515573786497116
floor_160m,pythia-160m-seed5,arc_challenge,step3000,6291456000,0.18,0.226,0.268,0.2504166666666667,0.2504,0.2504,0.06242315632663667,0.8544112236201763
floor_160m,pythia-160m-seed5,arc_challenge,step5000,10485760000,0.17,0.224,0.286,0.2504166666666667,0.2504,0.2504,0.08372777237184345,0.9303904280662537
floor_160m,pythia-160m-seed5,arc_challenge,step7000,14680064000,0.2,0.224,0.246,0.2504166666666667,0.2504,0.2504,0.08109357225894928,0.9446658552885056
floor_160m,pythia-160m-seed5,arc_challenge,step10000,20971520000,0.225,0.224,0.268,0.2504166666666667,0.2504,0.2504,0.06433463041111827,0.9266627570390701
floor_160m,pythia-160m-seed5,arc_challenge,step15000,31457280000,0.19,0.228,0.234,0.2504166666666667,0.2504,0.2504,0.057528193816542623,0.9268709201812744
floor_160m,pythia-160m-seed5,arc_challenge,step22000,46137344000,0.225,0.228,0.27,0.2504166666666667,0.2504,0.2504,0.08067369137518107,0.9570846992731095
floor_160m,pythia-160m-seed5,arc_challenge,step32000,67108864000,0.215,0.226,0.252,0.2504166666666667,0.2504,0.2504,0.12039016113243997,0.97392746925354
floor_160m,pythia-160m-seed5,arc_challenge,step46000,96468992000,0.205,0.23,0.236,0.2504166666666667,0.2504,0.2504,0.12215817268565297,0.9665955172777176
floor_160m,pythia-160m-seed5,arc_challenge,step67000,140509184000,0.2,0.228,0.258,0.2504166666666667,0.2504,0.2504,0.061473586209118365,0.956447323679924
floor_160m,pythia-160m-seed5,arc_challenge,step98000,205520896000,0.2,0.226,0.264,0.2504166666666667,0.2504,0.2504,0.1058235380873084,0.9712637188434601
floor_160m,pythia-160m-seed5,arc_challenge,step143000,299892736000,0.19,0.226,0.246,0.2504166666666667,0.2504,0.2504,0.10973625042662025,0.9681309425830841
floor_160m,pythia-160m-seed5,arc_easy,step512,1073741824,0.235,0.25,0.25,0.2516666666666667,0.25066666666666665,0.25066666666666665,0.10190212261676788,0.11111025647819042
floor_160m,pythia-160m-seed5,arc_easy,step1000,2097152000,0.3,0.246,0.254,0.2516666666666667,0.25066666666666665,0.25066666666666665,0.11676023039594292,0.6956939908266068
floor_160m,pythia-160m-seed5,arc_easy,step2000,4194304000,0.28,0.25,0.26,0.2516666666666667,0.25066666666666665,0.25066666666666665,0.05387438926100731,0.7907244260311127
floor_160m,pythia-160m-seed5,arc_easy,step3000,6291456000,0.32,0.248,0.232,0.2516666666666667,0.25066666666666665,0.25066666666666665,0.059896657038480045,0.8257807188332081
floor_160m,pythia-160m-seed5,arc_easy,step5000,10485760000,0.325,0.244,0.224,0.2516666666666667,0.25066666666666665,0.25066666666666665,0.08406058096513153,0.884998084127903
floor_160m,pythia-160m-seed5,arc_easy,step7000,14680064000,0.36,0.248,0.226,0.2516666666666667,0.25066666666666665,0.25066666666666665,0.07376474475115538,0.9152505244612694
floor_160m,pythia-160m-seed5,arc_easy,step10000,20971520000,0.32,0.248,0.234,0.2516666666666667,0.25066666666666665,0.25066666666666665,0.059691829565912485,0.8930892522335052
floor_160m,pythia-160m-seed5,arc_easy,step15000,31457280000,0.37,0.25,0.222,0.2516666666666667,0.25066666666666665,0.25066666666666665,0.05705666777305305,0.9185783600211144
floor_160m,pythia-160m-seed5,arc_easy,step22000,46137344000,0.38,0.244,0.234,0.2516666666666667,0.25066666666666665,0.25066666666666665,0.07109433801472187,0.944571238398552
floor_160m,pythia-160m-seed5,arc_easy,step32000,67108864000,0.375,0.248,0.244,0.2516666666666667,0.25066666666666665,0.25066666666666665,0.10007170747965574,0.9659153419733048
floor_160m,pythia-160m-seed5,arc_easy,step46000,96468992000,0.34,0.248,0.26,0.2516666666666667,0.25066666666666665,0.25066666666666665,0.09984634456224739,0.9621585000753403
floor_160m,pythia-160m-seed5,arc_easy,step67000,140509184000,0.385,0.246,0.246,0.2516666666666667,0.25066666666666665,0.25066666666666665,0.05848931721225381,0.9564349302053452
floor_160m,pythia-160m-seed5,arc_easy,step98000,205520896000,0.435,0.244,0.264,0.2516666666666667,0.25066666666666665,0.25066666666666665,0.09480697431042791,0.9735912050008774
floor_160m,pythia-160m-seed5,arc_easy,step143000,299892736000,0.46,0.248,0.256,0.2516666666666667,0.25066666666666665,0.25066666666666665,0.10283337072283029,0.9717606168985367
floor_160m,pythia-160m-seed5,csqa,step512,1073741824,0.2,0.182,0.182,0.2,0.2,0.2,0.08688504865765571,0.07550548297166824
floor_160m,pythia-160m-seed5,csqa,step1000,2097152000,0.21,0.182,0.206,0.2,0.2,0.2,0.06384971806872636,0.5480700080990791
floor_160m,pythia-160m-seed5,csqa,step2000,4194304000,0.21,0.184,0.19,0.2,0.2,0.2,0.0373270369451493,0.8132857109308242
floor_160m,pythia-160m-seed5,csqa,step3000,6291456000,0.245,0.182,0.192,0.2,0.2,0.2,0.04801206066738814,0.8746634986400604
floor_160m,pythia-160m-seed5,csqa,step5000,10485760000,0.24,0.18,0.18,0.2,0.2,0.2,0.050763301437720655,0.849065147638321
floor_160m,pythia-160m-seed5,csqa,step7000,14680064000,0.265,0.182,0.218,0.2,0.2,0.2,0.046778688879683616,0.8570237059593201
floor_160m,pythia-160m-seed5,csqa,step10000,20971520000,0.28,0.18,0.176,0.2,0.2,0.2,0.032570209899451585,0.910183014035225
floor_160m,pythia-160m-seed5,csqa,step15000,31457280000,0.285,0.182,0.182,0.2,0.2,0.2,0.04109447501413524,0.9215434871912003
floor_160m,pythia-160m-seed5,csqa,step22000,46137344000,0.295,0.18,0.196,0.2,0.2,0.2,0.044749155968427656,0.9312527124881744
floor_160m,pythia-160m-seed5,csqa,step32000,67108864000,0.305,0.182,0.19,0.2,0.2,0.2,0.05384390461351723,0.9354690458774567
floor_160m,pythia-160m-seed5,csqa,step46000,96468992000,0.33,0.178,0.184,0.2,0.2,0.2,0.05478995336405933,0.9395135446786881
floor_160m,pythia-160m-seed5,csqa,step67000,140509184000,0.33,0.18,0.18,0.2,0.2,0.2,0.033852892731316385,0.9518028519153595
floor_160m,pythia-160m-seed5,csqa,step98000,205520896000,0.33,0.182,0.176,0.2,0.2,0.2,0.04888489917386323,0.9632522245645523
floor_160m,pythia-160m-seed5,csqa,step143000,299892736000,0.285,0.176,0.172,0.2,0.2,0.2,0.05968157042935491,0.9486228423118591
floor_160m,pythia-160m-seed5,hellaswag,step512,1073741824,0.265,0.238,0.238,0.25,0.25,0.25,0.03958360187150538,0.04435494142957032
floor_160m,pythia-160m-seed5,hellaswag,step1000,2097152000,0.27,0.24,0.24,0.25,0.25,0.25,0.09765608228510246,0.689686071395874
floor_160m,pythia-160m-seed5,hellaswag,step2000,4194304000,0.25,0.238,0.238,0.25,0.25,0.25,0.034112919281236824,0.763505952835083
floor_160m,pythia-160m-seed5,hellaswag,step3000,6291456000,0.245,0.236,0.216,0.25,0.25,0.25,0.04928314717486501,0.8053195645511151
floor_160m,pythia-160m-seed5,hellaswag,step5000,10485760000,0.27,0.238,0.252,0.25,0.25,0.25,0.07260702887549997,0.8814178559184075
floor_160m,pythia-160m-seed5,hellaswag,step7000,14680064000,0.26,0.242,0.268,0.25,0.25,0.25,0.08110064884461463,0.9064953956604004
floor_160m,pythia-160m-seed5,hellaswag,step10000,20971520000,0.305,0.236,0.254,0.25,0.25,0.25,0.07306839302554727,0.9060813326835633
floor_160m,pythia-160m-seed5,hellaswag,step15000,31457280000,0.285,0.242,0.252,0.25,0.25,0.25,0.06408720211684704,0.9211052967309952
floor_160m,pythia-160m-seed5,hellaswag,step22000,46137344000,0.31,0.24,0.246,0.25,0.25,0.25,0.06967071918956935,0.9605183899402618
floor_160m,pythia-160m-seed5,hellaswag,step32000,67108864000,0.31,0.242,0.224,0.25,0.25,0.25,0.10948951375856995,0.9819062521457672
floor_160m,pythia-160m-seed5,hellaswag,step46000,96468992000,0.325,0.238,0.24,0.25,0.25,0.25,0.1172398502342403,0.9790485548973084
floor_160m,pythia-160m-seed5,hellaswag,step67000,140509184000,0.325,0.238,0.232,0.25,0.25,0.25,0.05073873739317059,0.95373282122612
floor_160m,pythia-160m-seed5,hellaswag,step98000,205520896000,0.32,0.242,0.254,0.25,0.25,0.25,0.09174418440274894,0.9761971189975739
floor_160m,pythia-160m-seed5,hellaswag,step143000,299892736000,0.3,0.238,0.236,0.25,0.25,0.25,0.07249490386433899,0.9824620815515518
floor_160m,pythia-160m-seed5,mmlu,step512,1073741824,0.25,0.212,0.21,0.25,0.25,0.25,0.07409835270792246,0.08449080941826105
floor_160m,pythia-160m-seed5,mmlu,step1000,2097152000,0.27,0.218,0.242,0.25,0.25,0.25,0.11616224654205143,0.6817945993244648
floor_160m,pythia-160m-seed5,mmlu,step2000,4194304000,0.235,0.21,0.274,0.25,0.25,0.25,0.057034079332835975,0.8004482171535492
floor_160m,pythia-160m-seed5,mmlu,step3000,6291456000,0.225,0.214,0.268,0.25,0.25,0.25,0.061935819203034044,0.8023500448465347
floor_160m,pythia-160m-seed5,mmlu,step5000,10485760000,0.245,0.21,0.282,0.25,0.25,0.25,0.07797632639482617,0.8655362306535244
floor_160m,pythia-160m-seed5,mmlu,step7000,14680064000,0.24,0.214,0.23,0.25,0.25,0.25,0.08014295331947506,0.8773302023857832
floor_160m,pythia-160m-seed5,mmlu,step10000,20971520000,0.23,0.212,0.264,0.25,0.25,0.25,0.06012232887838036,0.8371111145615577
floor_160m,pythia-160m-seed5,mmlu,step15000,31457280000,0.235,0.214,0.274,0.25,0.25,0.25,0.059750709790736434,0.908458554148674
floor_160m,pythia-160m-seed5,mmlu,step22000,46137344000,0.25,0.212,0.252,0.25,0.25,0.25,0.07560302410135046,0.9338533084392547
floor_160m,pythia-160m-seed5,mmlu,step32000,67108864000,0.23,0.208,0.282,0.25,0.25,0.25,0.09244838641490788,0.9531910740137101
floor_160m,pythia-160m-seed5,mmlu,step46000,96468992000,0.26,0.212,0.254,0.25,0.25,0.25,0.11727617266960443,0.9586095442771911
floor_160m,pythia-160m-seed5,mmlu,step67000,140509184000,0.23,0.214,0.226,0.25,0.25,0.25,0.050551934962160885,0.946059322476387
floor_160m,pythia-160m-seed5,mmlu,step98000,205520896000,0.26,0.214,0.228,0.25,0.25,0.25,0.08864793789107353,0.9568596340417862
floor_160m,pythia-160m-seed5,mmlu,step143000,299892736000,0.24,0.214,0.266,0.25,0.25,0.25,0.083196457343176,0.9669902797937393
floor_160m,pythia-160m-seed5,piqa,step512,1073741824,0.56,0.49,0.49,0.5,0.5,0.5,0.04172070543654263,0.040532349940389394
floor_160m,pythia-160m-seed5,piqa,step1000,2097152000,0.605,0.458,0.51,0.5,0.5,0.5,0.04948031737888232,0.7681731868982316
floor_160m,pythia-160m-seed5,piqa,step2000,4194304000,0.605,0.486,0.508,0.5,0.5,0.5,0.020393115195445715,0.7467211208343506
floor_160m,pythia-160m-seed5,piqa,step3000,6291456000,0.62,0.49,0.51,0.5,0.5,0.5,0.02693943904619664,0.8335896192789077
floor_160m,pythia-160m-seed5,piqa,step5000,10485760000,0.62,0.482,0.51,0.5,0.5,0.5,0.03631362085370347,0.9604839717149735
floor_160m,pythia-160m-seed5,piqa,step7000,14680064000,0.625,0.478,0.51,0.5,0.5,0.5,0.03023900466505438,0.9488717529773713
floor_160m,pythia-160m-seed5,piqa,step10000,20971520000,0.615,0.492,0.51,0.5,0.5,0.5,0.021869607059983538,0.9390678845643997
floor_160m,pythia-160m-seed5,piqa,step15000,31457280000,0.61,0.492,0.51,0.5,0.5,0.5,0.02961008113902062,0.9245181622505187
floor_160m,pythia-160m-seed5,piqa,step22000,46137344000,0.605,0.494,0.51,0.5,0.5,0.5,0.032344983756542205,0.9415706806182861
floor_160m,pythia-160m-seed5,piqa,step32000,67108864000,0.645,0.498,0.51,0.5,0.5,0.5,0.03924673138256185,0.949213964343071
floor_160m,pythia-160m-seed5,piqa,step46000,96468992000,0.61,0.496,0.496,0.5,0.5,0.5,0.04290728706168011,0.9709421899318695
floor_160m,pythia-160m-seed5,piqa,step67000,140509184000,0.66,0.504,0.508,0.5,0.5,0.5,0.022039651980623604,0.9758519662618637
floor_160m,pythia-160m-seed5,piqa,step98000,205520896000,0.655,0.494,0.484,0.5,0.5,0.5,0.03586231386428699,0.9576027295589447
floor_160m,pythia-160m-seed5,piqa,step143000,299892736000,0.67,0.49,0.462,0.5,0.5,0.5,0.031316497828345745,0.8706651964187622
floor_160m,pythia-160m-seed6,arc_challenge,step512,1073741824,0.225,0.222,0.222,0.2504166666666667,0.2504,0.2504,0.04989228020235896,0.048837168294936416
floor_160m,pythia-160m-seed6,arc_challenge,step1000,2097152000,0.19,0.246,0.248,0.2504166666666667,0.2504,0.2504,0.17631803593039513,0.8407444443106651
floor_160m,pythia-160m-seed6,arc_challenge,step2000,4194304000,0.18,0.224,0.26,0.2504166666666667,0.2504,0.2504,0.10214466104283929,0.8282024884819984
floor_160m,pythia-160m-seed6,arc_challenge,step3000,6291456000,0.19,0.228,0.276,0.2504166666666667,0.2504,0.2504,0.05298629650101066,0.731464195549488
floor_160m,pythia-160m-seed6,arc_challenge,step5000,10485760000,0.21,0.224,0.274,0.2504166666666667,0.2504,0.2504,0.0876903682127595,0.8923660796284676
floor_160m,pythia-160m-seed6,arc_challenge,step7000,14680064000,0.19,0.224,0.244,0.2504166666666667,0.2504,0.2504,0.08735661760903896,0.9086431370675564
floor_160m,pythia-160m-seed6,arc_challenge,step10000,20971520000,0.195,0.224,0.248,0.2504166666666667,0.2504,0.2504,0.07940779110137373,0.8848737092018127
floor_160m,pythia-160m-seed6,arc_challenge,step15000,31457280000,0.18,0.224,0.27,0.2504166666666667,0.2504,0.2504,0.08740426548197866,0.9411577256917953
floor_160m,pythia-160m-seed6,arc_challenge,step22000,46137344000,0.205,0.22,0.278,0.2504166666666667,0.2504,0.2504,0.10660316830128432,0.9565044442415237
floor_160m,pythia-160m-seed6,arc_challenge,step32000,67108864000,0.185,0.226,0.242,0.2504166666666667,0.2504,0.2504,0.08326079136505724,0.9589311088323593
floor_160m,pythia-160m-seed6,arc_challenge,step46000,96468992000,0.195,0.222,0.224,0.2504166666666667,0.2504,0.2504,0.1566558310352266,0.9714323327541351
floor_160m,pythia-160m-seed6,arc_challenge,step67000,140509184000,0.22,0.22,0.228,0.2504166666666667,0.2504,0.2504,0.10531838336586952,0.9689891214370727
floor_160m,pythia-160m-seed6,arc_challenge,step98000,205520896000,0.22,0.228,0.232,0.2504166666666667,0.2504,0.2504,0.16407300655543805,0.9760495924949646
floor_160m,pythia-160m-seed6,arc_challenge,step143000,299892736000,0.21,0.222,0.224,0.2504166666666667,0.2504,0.2504,0.21289283461496233,0.9702290251255036
floor_160m,pythia-160m-seed6,arc_easy,step512,1073741824,0.25,0.25,0.25,0.2516666666666667,0.25066666666666665,0.25066666666666665,0.05648198726959527,0.045381412342190744
floor_160m,pythia-160m-seed6,arc_easy,step1000,2097152000,0.27,0.244,0.276,0.2516666666666667,0.25066666666666665,0.25066666666666665,0.15853491250425578,0.895082579612732
floor_160m,pythia-160m-seed6,arc_easy,step2000,4194304000,0.3,0.25,0.268,0.2516666666666667,0.25066666666666665,0.25066666666666665,0.09157994769886137,0.8251456511616707
floor_160m,pythia-160m-seed6,arc_easy,step3000,6291456000,0.3,0.244,0.238,0.2516666666666667,0.25066666666666665,0.25066666666666665,0.04661618766374886,0.6123159289956093
floor_160m,pythia-160m-seed6,arc_easy,step5000,10485760000,0.355,0.246,0.242,0.2516666666666667,0.25066666666666665,0.25066666666666665,0.08154964620247483,0.9084808452129364
floor_160m,pythia-160m-seed6,arc_easy,step7000,14680064000,0.395,0.244,0.25,0.2516666666666667,0.25066666666666665,0.25066666666666665,0.08117798843979836,0.925481227517128
floor_160m,pythia-160m-seed6,arc_easy,step10000,20971520000,0.39,0.246,0.246,0.2516666666666667,0.25066666666666665,0.25066666666666665,0.08300093035772443,0.8566673377156258
floor_160m,pythia-160m-seed6,arc_easy,step15000,31457280000,0.395,0.248,0.228,0.2516666666666667,0.25066666666666665,0.25066666666666665,0.08429530731961131,0.9188692133426666
floor_160m,pythia-160m-seed6,arc_easy,step22000,46137344000,0.405,0.248,0.294,0.2516666666666667,0.25066666666666665,0.25066666666666665,0.10432709009945393,0.9440322141647339
floor_160m,pythia-160m-seed6,arc_easy,step32000,67108864000,0.425,0.264,0.264,0.2516666666666667,0.25066666666666665,0.25066666666666665,0.08249990594759583,0.944708932518959
floor_160m,pythia-160m-seed6,arc_easy,step46000,96468992000,0.45,0.242,0.24,0.2516666666666667,0.25066666666666665,0.25066666666666665,0.14264378524571658,0.9704271930456162
floor_160m,pythia-160m-seed6,arc_easy,step67000,140509184000,0.425,0.244,0.248,0.2516666666666667,0.25066666666666665,0.25066666666666665,0.09872909730672837,0.9659681516885757
floor_160m,pythia-160m-seed6,arc_easy,step98000,205520896000,0.44,0.252,0.234,0.2516666666666667,0.25066666666666665,0.25066666666666665,0.1423468814380467,0.9724261885881424
floor_160m,pythia-160m-seed6,arc_easy,step143000,299892736000,0.39,0.242,0.236,0.2516666666666667,0.25066666666666665,0.25066666666666665,0.20320134507492185,0.9648180174827575
floor_160m,pythia-160m-seed6,csqa,step512,1073741824,0.19,0.182,0.182,0.2,0.2,0.2,0.04252258150652051,0.040497157987207176
floor_160m,pythia-160m-seed6,csqa,step1000,2097152000,0.145,0.17,0.182,0.2,0.2,0.2,0.09545908168703318,0.7851040118932724
floor_160m,pythia-160m-seed6,csqa,step2000,4194304000,0.225,0.176,0.196,0.2,0.2,0.2,0.05442565535008907,0.6591850976347924
floor_160m,pythia-160m-seed6,csqa,step3000,6291456000,0.24,0.18,0.192,0.2,0.2,0.2,0.028919006082229318,0.45015490809082986
floor_160m,pythia-160m-seed6,csqa,step5000,10485760000,0.23,0.178,0.2,0.2,0.2,0.2,0.04705070992279798,0.83132657122612
floor_160m,pythia-160m-seed6,csqa,step7000,14680064000,0.265,0.178,0.174,0.2,0.2,0.2,0.050026452627032994,0.8762064089775086
floor_160m,pythia-160m-seed6,csqa,step10000,20971520000,0.265,0.18,0.194,0.2,0.2,0.2,0.05371338755264878,0.8700188645124436
floor_160m,pythia-160m-seed6,csqa,step15000,31457280000,0.32,0.174,0.204,0.2,0.2,0.2,0.05473065571114421,0.838388685464859
floor_160m,pythia-160m-seed6,csqa,step22000,46137344000,0.285,0.174,0.22,0.2,0.2,0.2,0.06750235774368048,0.880560660481453
floor_160m,pythia-160m-seed6,csqa,step32000,67108864000,0.395,0.194,0.198,0.2,0.2,0.2,0.05331694116070867,0.904890987277031
floor_160m,pythia-160m-seed6,csqa,step46000,96468992000,0.37,0.172,0.196,0.2,0.2,0.2,0.07000555729493499,0.926889837861061
floor_160m,pythia-160m-seed6,csqa,step67000,140509184000,0.355,0.18,0.182,0.2,0.2,0.2,0.06317070845514536,0.9059853714704513
floor_160m,pythia-160m-seed6,csqa,step98000,205520896000,0.355,0.174,0.182,0.2,0.2,0.2,0.0709737927876413,0.9587868815660476
floor_160m,pythia-160m-seed6,csqa,step143000,299892736000,0.32,0.178,0.182,0.2,0.2,0.2,0.11796759522333741,0.9387840480804444
floor_160m,pythia-160m-seed6,hellaswag,step512,1073741824,0.255,0.238,0.238,0.25,0.25,0.25,0.023230287220329045,0.030040433436632156
floor_160m,pythia-160m-seed6,hellaswag,step1000,2097152000,0.29,0.266,0.264,0.25,0.25,0.25,0.12255755208898336,0.8426622833013535
floor_160m,pythia-160m-seed6,hellaswag,step2000,4194304000,0.27,0.24,0.27,0.25,0.25,0.25,0.07057031506253407,0.7812169133424759
floor_160m,pythia-160m-seed6,hellaswag,step3000,6291456000,0.25,0.246,0.262,0.25,0.25,0.25,0.04864694706071168,0.8269132100343705
floor_160m,pythia-160m-seed6,hellaswag,step5000,10485760000,0.255,0.244,0.23,0.25,0.25,0.25,0.06561171392165124,0.8669611406326294
floor_160m,pythia-160m-seed6,hellaswag,step7000,14680064000,0.255,0.244,0.228,0.25,0.25,0.25,0.07543435660097748,0.8874792550802231
floor_160m,pythia-160m-seed6,hellaswag,step10000,20971520000,0.24,0.24,0.214,0.25,0.25,0.25,0.041525354543700814,0.8561311711072922
floor_160m,pythia-160m-seed6,hellaswag,step15000,31457280000,0.265,0.244,0.244,0.25,0.25,0.25,0.057889992935582994,0.8899844567775727
floor_160m,pythia-160m-seed6,hellaswag,step22000,46137344000,0.265,0.24,0.23,0.25,0.25,0.25,0.08058630614168942,0.954450590968132
floor_160m,pythia-160m-seed6,hellaswag,step32000,67108864000,0.29,0.242,0.258,0.25,0.25,0.25,0.06823663648590446,0.9145166482925415
floor_160m,pythia-160m-seed6,hellaswag,step46000,96468992000,0.295,0.25,0.26,0.25,0.25,0.25,0.09795561306271702,0.96714244389534
floor_160m,pythia-160m-seed6,hellaswag,step67000,140509184000,0.3,0.246,0.256,0.25,0.25,0.25,0.07986250158771872,0.9708013908863068
floor_160m,pythia-160m-seed6,hellaswag,step98000,205520896000,0.31,0.238,0.242,0.25,0.25,0.25,0.10559054578468204,0.9673175141811371
floor_160m,pythia-160m-seed6,hellaswag,step143000,299892736000,0.285,0.246,0.25,0.25,0.25,0.25,0.11467190612480044,0.9405547318458557
floor_160m,pythia-160m-seed6,mmlu,step512,1073741824,0.265,0.212,0.212,0.25,0.25,0.25,0.048213354835286736,0.05276865977048874
floor_160m,pythia-160m-seed6,mmlu,step1000,2097152000,0.255,0.212,0.244,0.25,0.25,0.25,0.14728085727617143,0.8685291105508804
floor_160m,pythia-160m-seed6,mmlu,step2000,4194304000,0.29,0.206,0.262,0.25,0.25,0.25,0.08459488337300718,0.8003211411833763
floor_160m,pythia-160m-seed6,mmlu,step3000,6291456000,0.235,0.208,0.278,0.25,0.25,0.25,0.045042289406992495,0.672206030100584
floor_160m,pythia-160m-seed6,mmlu,step5000,10485760000,0.2,0.208,0.264,0.25,0.25,0.25,0.07533649348653854,0.8256366074681282
floor_160m,pythia-160m-seed6,mmlu,step7000,14680064000,0.27,0.21,0.238,0.25,0.25,0.25,0.07582670210115612,0.8644464829564095
floor_160m,pythia-160m-seed6,mmlu,step10000,20971520000,0.225,0.214,0.264,0.25,0.25,0.25,0.07108394181448967,0.8596712882518769
floor_160m,pythia-160m-seed6,mmlu,step15000,31457280000,0.24,0.21,0.282,0.25,0.25,0.25,0.07531455597653985,0.9066324405670166
floor_160m,pythia-160m-seed6,mmlu,step22000,46137344000,0.275,0.224,0.246,0.25,0.25,0.25,0.09349094378575683,0.9207600295543671
floor_160m,pythia-160m-seed6,mmlu,step32000,67108864000,0.23,0.242,0.274,0.25,0.25,0.25,0.07169293910264969,0.9112256145477295
floor_160m,pythia-160m-seed6,mmlu,step46000,96468992000,0.245,0.226,0.278,0.25,0.25,0.25,0.13319216847419738,0.9540400030612946
floor_160m,pythia-160m-seed6,mmlu,step67000,140509184000,0.295,0.234,0.272,0.25,0.25,0.25,0.09821338598709553,0.9462816081047059
floor_160m,pythia-160m-seed6,mmlu,step98000,205520896000,0.235,0.22,0.27,0.25,0.25,0.25,0.1395968824699521,0.9601279631853104
floor_160m,pythia-160m-seed6,mmlu,step143000,299892736000,0.24,0.214,0.24,0.25,0.25,0.25,0.1758969249483198,0.9579621239900589
floor_160m,pythia-160m-seed6,piqa,step512,1073741824,0.575,0.49,0.49,0.5,0.5,0.5,0.024030095459893347,0.025800206819549202
floor_160m,pythia-160m-seed6,piqa,step1000,2097152000,0.585,0.476,0.51,0.5,0.5,0.5,0.041686732169240716,0.6986170678138733
floor_160m,pythia-160m-seed6,piqa,step2000,4194304000,0.58,0.486,0.51,0.5,0.5,0.5,0.034819131491240114,0.7184814412593842
floor_160m,pythia-160m-seed6,piqa,step3000,6291456000,0.6,0.49,0.5,0.5,0.5,0.5,0.020596757058054208,0.7127147608995438
floor_160m,pythia-160m-seed6,piqa,step5000,10485760000,0.64,0.488,0.51,0.5,0.5,0.5,0.03098584433598444,0.9098206606507301
floor_160m,pythia-160m-seed6,piqa,step7000,14680064000,0.61,0.49,0.512,0.5,0.5,0.5,0.02621123296348378,0.8983560115098953
floor_160m,pythia-160m-seed6,piqa,step10000,20971520000,0.615,0.488,0.514,0.5,0.5,0.5,0.02382902471208945,0.8393481357693672
floor_160m,pythia-160m-seed6,piqa,step15000,31457280000,0.63,0.49,0.512,0.5,0.5,0.5,0.032744997214060274,0.9196215229034423
floor_160m,pythia-160m-seed6,piqa,step22000,46137344000,0.665,0.496,0.508,0.5,0.5,0.5,0.04991558002727106,0.9598231399059296
floor_160m,pythia-160m-seed6,piqa,step32000,67108864000,0.675,0.502,0.512,0.5,0.5,0.5,0.054497510594315825,0.9330736123323441
floor_160m,pythia-160m-seed6,piqa,step46000,96468992000,0.63,0.486,0.51,0.5,0.5,0.5,0.04091210618615151,0.9764672663211823
floor_160m,pythia-160m-seed6,piqa,step67000,140509184000,0.64,0.514,0.508,0.5,0.5,0.5,0.04974823146825656,0.933126812338829
floor_160m,pythia-160m-seed6,piqa,step98000,205520896000,0.655,0.506,0.51,0.5,0.5,0.5,0.07310105170309543,0.9800265449285507
floor_160m,pythia-160m-seed6,piqa,step143000,299892736000,0.65,0.484,0.502,0.5,0.5,0.5,0.07123640349181369,0.959369744181633
floor_160m,pythia-160m-seed7,arc_challenge,step512,1073741824,0.23,0.222,0.222,0.2504166666666667,0.2504,0.2504,0.07691868907026947,0.10058214265853166
floor_160m,pythia-160m-seed7,arc_challenge,step1000,2097152000,0.22,0.234,0.238,0.2504166666666667,0.2504,0.2504,0.10814206335879863,0.3596777080893517
floor_160m,pythia-160m-seed7,arc_challenge,step2000,4194304000,0.19,0.224,0.266,0.2504166666666667,0.2504,0.2504,0.08606135898455977,0.5711794008016586
floor_160m,pythia-160m-seed7,arc_challenge,step3000,6291456000,0.17,0.222,0.278,0.2504166666666667,0.2504,0.2504,0.12816869664564728,0.7923598077893257
floor_160m,pythia-160m-seed7,arc_challenge,step5000,10485760000,0.18,0.224,0.246,0.2504166666666667,0.2504,0.2504,0.0773622541949153,0.7326092872619628
floor_160m,pythia-160m-seed7,arc_challenge,step7000,14680064000,0.18,0.224,0.282,0.2504166666666667,0.2504,0.2504,0.10016705301217735,0.8113432970643043
floor_160m,pythia-160m-seed7,arc_challenge,step10000,20971520000,0.19,0.224,0.292,0.2504166666666667,0.2504,0.2504,0.12665375147014857,0.8452251344323158
floor_160m,pythia-160m-seed7,arc_challenge,step15000,31457280000,0.23,0.23,0.248,0.2504166666666667,0.2504,0.2504,0.10684020222723484,0.9147781465053558
floor_160m,pythia-160m-seed7,arc_challenge,step22000,46137344000,0.215,0.224,0.284,0.2504166666666667,0.2504,0.2504,0.12073261632025242,0.9541917779445648
floor_160m,pythia-160m-seed7,arc_challenge,step32000,67108864000,0.22,0.23,0.222,0.2504166666666667,0.2504,0.2504,0.13497264846414328,0.9709608244895935
floor_160m,pythia-160m-seed7,arc_challenge,step46000,96468992000,0.21,0.228,0.22,0.2504166666666667,0.2504,0.2504,0.1179025577828288,0.9687909741401672
floor_160m,pythia-160m-seed7,arc_challenge,step67000,140509184000,0.22,0.242,0.258,0.2504166666666667,0.2504,0.2504,0.24873412288725377,0.9859557020664215
floor_160m,pythia-160m-seed7,arc_challenge,step98000,205520896000,0.21,0.236,0.272,0.2504166666666667,0.2504,0.2504,0.21343899516016246,0.988086192369461
floor_160m,pythia-160m-seed7,arc_challenge,step143000,299892736000,0.21,0.238,0.256,0.2504166666666667,0.2504,0.2504,0.13638673996925355,0.952829706788063
floor_160m,pythia-160m-seed7,arc_easy,step512,1073741824,0.245,0.25,0.25,0.2516666666666667,0.25066666666666665,0.25066666666666665,0.09352678478509188,0.11604509077966213
floor_160m,pythia-160m-seed7,arc_easy,step1000,2097152000,0.285,0.252,0.242,0.2516666666666667,0.25066666666666665,0.25066666666666665,0.09110492272302509,0.28571105712652206
floor_160m,pythia-160m-seed7,arc_easy,step2000,4194304000,0.335,0.252,0.24,0.2516666666666667,0.25066666666666665,0.25066666666666665,0.08395104327425361,0.6385348644852639
floor_160m,pythia-160m-seed7,arc_easy,step3000,6291456000,0.35,0.248,0.25,0.2516666666666667,0.25066666666666665,0.25066666666666665,0.11458441700786352,0.8847357043623925
floor_160m,pythia-160m-seed7,arc_easy,step5000,10485760000,0.36,0.25,0.278,0.2516666666666667,0.25066666666666665,0.25066666666666665,0.07187350241839886,0.7751225329041481
floor_160m,pythia-160m-seed7,arc_easy,step7000,14680064000,0.325,0.246,0.238,0.2516666666666667,0.25066666666666665,0.25066666666666665,0.09247304731421173,0.8794779894948006
floor_160m,pythia-160m-seed7,arc_easy,step10000,20971520000,0.345,0.242,0.236,0.2516666666666667,0.25066666666666665,0.25066666666666665,0.12242549198493362,0.8816154192090034
floor_160m,pythia-160m-seed7,arc_easy,step15000,31457280000,0.375,0.242,0.234,0.2516666666666667,0.25066666666666665,0.25066666666666665,0.10192286529392004,0.9127245138883591
floor_160m,pythia-160m-seed7,arc_easy,step22000,46137344000,0.38,0.244,0.276,0.2516666666666667,0.25066666666666665,0.25066666666666665,0.11391034005209803,0.9613131008148194
floor_160m,pythia-160m-seed7,arc_easy,step32000,67108864000,0.415,0.246,0.242,0.2516666666666667,0.25066666666666665,0.25066666666666665,0.12637802096828818,0.9663381695747375
floor_160m,pythia-160m-seed7,arc_easy,step46000,96468992000,0.405,0.24,0.252,0.2516666666666667,0.25066666666666665,0.25066666666666665,0.11064825307577848,0.9570228391885758
floor_160m,pythia-160m-seed7,arc_easy,step67000,140509184000,0.405,0.242,0.244,0.2516666666666667,0.25066666666666665,0.25066666666666665,0.22051674005389213,0.9747977772951126
floor_160m,pythia-160m-seed7,arc_easy,step98000,205520896000,0.36,0.244,0.242,0.2516666666666667,0.25066666666666665,0.25066666666666665,0.21063841472566128,0.9821773604154587
floor_160m,pythia-160m-seed7,arc_easy,step143000,299892736000,0.435,0.266,0.25,0.2516666666666667,0.25066666666666665,0.25066666666666665,0.1347973188329488,0.9533843138217926
floor_160m,pythia-160m-seed7,csqa,step512,1073741824,0.215,0.182,0.182,0.2,0.2,0.2,0.06773936104401947,0.055478673309087755
floor_160m,pythia-160m-seed7,csqa,step1000,2097152000,0.18,0.188,0.182,0.2,0.2,0.2,0.04665580602921546,0.188723699092865
floor_160m,pythia-160m-seed7,csqa,step2000,4194304000,0.28,0.18,0.182,0.2,0.2,0.2,0.05308584378659725,0.4061810676753521
floor_160m,pythia-160m-seed7,csqa,step3000,6291456000,0.25,0.18,0.232,0.2,0.2,0.2,0.06701642882823944,0.7690463082790375
floor_160m,pythia-160m-seed7,csqa,step5000,10485760000,0.265,0.18,0.2,0.2,0.2,0.2,0.04968081426573917,0.8028241754770279
floor_160m,pythia-160m-seed7,csqa,step7000,14680064000,0.265,0.178,0.184,0.2,0.2,0.2,0.053099988621193916,0.8672079205513
floor_160m,pythia-160m-seed7,csqa,step10000,20971520000,0.295,0.178,0.212,0.2,0.2,0.2,0.08421088363602758,0.90823468542099
floor_160m,pythia-160m-seed7,csqa,step15000,31457280000,0.34,0.18,0.214,0.2,0.2,0.2,0.06936839844286442,0.9091487965583801
floor_160m,pythia-160m-seed7,csqa,step22000,46137344000,0.315,0.178,0.202,0.2,0.2,0.2,0.07668794415146113,0.951030832529068
floor_160m,pythia-160m-seed7,csqa,step32000,67108864000,0.35,0.18,0.19,0.2,0.2,0.2,0.06859660733118653,0.9442643778324127
floor_160m,pythia-160m-seed7,csqa,step46000,96468992000,0.35,0.18,0.206,0.2,0.2,0.2,0.07094905758276582,0.9622476856708526
floor_160m,pythia-160m-seed7,csqa,step67000,140509184000,0.345,0.18,0.178,0.2,0.2,0.2,0.16362884423881768,0.9792823715209961
floor_160m,pythia-160m-seed7,csqa,step98000,205520896000,0.315,0.178,0.188,0.2,0.2,0.2,0.13735382813215255,0.978626946568489
floor_160m,pythia-160m-seed7,csqa,step143000,299892736000,0.37,0.182,0.21,0.2,0.2,0.2,0.07541372972726822,0.9602669396400452
floor_160m,pythia-160m-seed7,hellaswag,step512,1073741824,0.275,0.238,0.238,0.25,0.25,0.25,0.028432915849611162,0.03467208616435528
floor_160m,pythia-160m-seed7,hellaswag,step1000,2097152000,0.295,0.252,0.256,0.25,0.25,0.25,0.07324917884077876,0.4605191102027893
floor_160m,pythia-160m-seed7,hellaswag,step2000,4194304000,0.27,0.238,0.264,0.25,0.25,0.25,0.04885047533269972,0.6488897057175637
floor_160m,pythia-160m-seed7,hellaswag,step3000,6291456000,0.25,0.238,0.254,0.25,0.25,0.25,0.09245420704036951,0.8439310657978057
floor_160m,pythia-160m-seed7,hellaswag,step5000,10485760000,0.25,0.238,0.24,0.25,0.25,0.25,0.06746165721397847,0.7145301615595817
floor_160m,pythia-160m-seed7,hellaswag,step7000,14680064000,0.265,0.236,0.22,0.25,0.25,0.25,0.07682090031029656,0.7847572589516639
floor_160m,pythia-160m-seed7,hellaswag,step10000,20971520000,0.28,0.258,0.228,0.25,0.25,0.25,0.09731340302992612,0.8665410389304161
floor_160m,pythia-160m-seed7,hellaswag,step15000,31457280000,0.295,0.246,0.236,0.25,0.25,0.25,0.08928605009242892,0.9345682013034821
floor_160m,pythia-160m-seed7,hellaswag,step22000,46137344000,0.265,0.234,0.262,0.25,0.25,0.25,0.09431564438156784,0.9615411710739136
floor_160m,pythia-160m-seed7,hellaswag,step32000,67108864000,0.29,0.258,0.232,0.25,0.25,0.25,0.11183488306961954,0.974564219713211
floor_160m,pythia-160m-seed7,hellaswag,step46000,96468992000,0.29,0.24,0.226,0.25,0.25,0.25,0.07993498811684549,0.9735188384056092
floor_160m,pythia-160m-seed7,hellaswag,step67000,140509184000,0.315,0.246,0.25,0.25,0.25,0.25,0.172797778416425,0.9812714785337449
floor_160m,pythia-160m-seed7,hellaswag,step98000,205520896000,0.28,0.242,0.274,0.25,0.25,0.25,0.17209610609710216,0.9666372215747834
floor_160m,pythia-160m-seed7,hellaswag,step143000,299892736000,0.275,0.238,0.232,0.25,0.25,0.25,0.07835399457532913,0.9296537063121796
floor_160m,pythia-160m-seed7,mmlu,step512,1073741824,0.245,0.214,0.212,0.25,0.25,0.25,0.08154601673129946,0.09390880215540529
floor_160m,pythia-160m-seed7,mmlu,step1000,2097152000,0.26,0.214,0.244,0.25,0.25,0.25,0.08445030154380948,0.4022440791428089
floor_160m,pythia-160m-seed7,mmlu,step2000,4194304000,0.225,0.214,0.262,0.25,0.25,0.25,0.07676571232080459,0.624790381282568
floor_160m,pythia-160m-seed7,mmlu,step3000,6291456000,0.22,0.216,0.264,0.25,0.25,0.25,0.10127998357918114,0.7937444317936897
floor_160m,pythia-160m-seed7,mmlu,step5000,10485760000,0.215,0.212,0.272,0.25,0.25,0.25,0.0720983759816736,0.7488495681881905
floor_160m,pythia-160m-seed7,mmlu,step7000,14680064000,0.225,0.21,0.246,0.25,0.25,0.25,0.09525664791231975,0.7780662381052971
floor_160m,pythia-160m-seed7,mmlu,step10000,20971520000,0.245,0.208,0.248,0.25,0.25,0.25,0.11409913991764188,0.8095666976571083
floor_160m,pythia-160m-seed7,mmlu,step15000,31457280000,0.21,0.204,0.266,0.25,0.25,0.25,0.08833486175350845,0.879395944416523
floor_160m,pythia-160m-seed7,mmlu,step22000,46137344000,0.265,0.212,0.258,0.25,0.25,0.25,0.11682565870322287,0.9339200949668884
floor_160m,pythia-160m-seed7,mmlu,step32000,67108864000,0.24,0.208,0.238,0.25,0.25,0.25,0.13093619779869914,0.9462003939151764
floor_160m,pythia-160m-seed7,mmlu,step46000,96468992000,0.245,0.208,0.248,0.25,0.25,0.25,0.09315574517659843,0.944746482014656
floor_160m,pythia-160m-seed7,mmlu,step67000,140509184000,0.205,0.236,0.23,0.25,0.25,0.25,0.21743838719278574,0.9700910067558288
floor_160m,pythia-160m-seed7,mmlu,step98000,205520896000,0.255,0.214,0.256,0.25,0.25,0.25,0.192698978099972,0.9662267748117447
floor_160m,pythia-160m-seed7,mmlu,step143000,299892736000,0.225,0.226,0.268,0.25,0.25,0.25,0.12037300748936831,0.9322399291992187
floor_160m,pythia-160m-seed7,piqa,step512,1073741824,0.565,0.49,0.49,0.5,0.5,0.5,0.022467297723516823,0.019111960283480584
floor_160m,pythia-160m-seed7,piqa,step1000,2097152000,0.575,0.474,0.51,0.5,0.5,0.5,0.02492346840398386,0.3121077226698399
floor_160m,pythia-160m-seed7,piqa,step2000,4194304000,0.615,0.47,0.508,0.5,0.5,0.5,0.026132360644638537,0.5208146446049213
floor_160m,pythia-160m-seed7,piqa,step3000,6291456000,0.605,0.484,0.51,0.5,0.5,0.5,0.03951134234014898,0.830245612859726
floor_160m,pythia-160m-seed7,piqa,step5000,10485760000,0.64,0.488,0.514,0.5,0.5,0.5,0.033039193687727675,0.6973715758919716
floor_160m,pythia-160m-seed7,piqa,step7000,14680064000,0.605,0.484,0.48,0.5,0.5,0.5,0.03986962594185024,0.7565850347280503
floor_160m,pythia-160m-seed7,piqa,step10000,20971520000,0.665,0.488,0.512,0.5,0.5,0.5,0.06995852915756405,0.8521891441345215
floor_160m,pythia-160m-seed7,piqa,step15000,31457280000,0.64,0.486,0.51,0.5,0.5,0.5,0.07382718346081674,0.9328940358161927
floor_160m,pythia-160m-seed7,piqa,step22000,46137344000,0.645,0.49,0.51,0.5,0.5,0.5,0.09083302456513047,0.9486208862066269
floor_160m,pythia-160m-seed7,piqa,step32000,67108864000,0.65,0.478,0.508,0.5,0.5,0.5,0.06276625995710493,0.968080572605133
floor_160m,pythia-160m-seed7,piqa,step46000,96468992000,0.62,0.48,0.504,0.5,0.5,0.5,0.06138650976493955,0.9619846049547195
floor_160m,pythia-160m-seed7,piqa,step67000,140509184000,0.635,0.466,0.518,0.5,0.5,0.5,0.12074566714465618,0.969940267920494
floor_160m,pythia-160m-seed7,piqa,step98000,205520896000,0.665,0.488,0.51,0.5,0.5,0.5,0.11302372987568378,0.9814040334224701
floor_160m,pythia-160m-seed7,piqa,step143000,299892736000,0.635,0.496,0.514,0.5,0.5,0.5,0.053253295372240245,0.9675987854003906
floor_160m,pythia-160m-seed8,arc_challenge,step512,1073741824,0.23,0.222,0.222,0.2504166666666667,0.2504,0.2504,0.09279911578819156,0.1200275092497468
floor_160m,pythia-160m-seed8,arc_challenge,step1000,2097152000,0.18,0.236,0.238,0.2504166666666667,0.2504,0.2504,0.05808077843114734,0.43298968636989593
floor_160m,pythia-160m-seed8,arc_challenge,step2000,4194304000,0.2,0.246,0.248,0.2504166666666667,0.2504,0.2504,0.050595563190057875,0.626987544298172
floor_160m,pythia-160m-seed8,arc_challenge,step3000,6291456000,0.195,0.232,0.26,0.2504166666666667,0.2504,0.2504,0.05996356087364257,0.6628555387556553
floor_160m,pythia-160m-seed8,arc_challenge,step5000,10485760000,0.205,0.224,0.246,0.2504166666666667,0.2504,0.2504,0.12382685114443302,0.885817847430706
floor_160m,pythia-160m-seed8,arc_challenge,step7000,14680064000,0.22,0.222,0.296,0.2504166666666667,0.2504,0.2504,0.1269010609127581,0.9636763091683388
floor_160m,pythia-160m-seed8,arc_challenge,step10000,20971520000,0.205,0.244,0.276,0.2504166666666667,0.2504,0.2504,0.11450767782330513,0.9417235578298568
floor_160m,pythia-160m-seed8,arc_challenge,step15000,31457280000,0.235,0.224,0.264,0.2504166666666667,0.2504,0.2504,0.12231179489567875,0.957379519701004
floor_160m,pythia-160m-seed8,arc_challenge,step22000,46137344000,0.215,0.222,0.286,0.2504166666666667,0.2504,0.2504,0.1206729568913579,0.9763027120828629
floor_160m,pythia-160m-seed8,arc_challenge,step32000,67108864000,0.205,0.228,0.244,0.2504166666666667,0.2504,0.2504,0.1334655082859099,0.9716814508438111
floor_160m,pythia-160m-seed8,arc_challenge,step46000,96468992000,0.215,0.228,0.266,0.2504166666666667,0.2504,0.2504,0.13634511595964433,0.9797308735847473
floor_160m,pythia-160m-seed8,arc_challenge,step67000,140509184000,0.22,0.224,0.248,0.2504166666666667,0.2504,0.2504,0.134229890730232,0.9644048798084259
floor_160m,pythia-160m-seed8,arc_challenge,step98000,205520896000,0.215,0.228,0.28,0.2504166666666667,0.2504,0.2504,0.095552434515208,0.9670133332014084
floor_160m,pythia-160m-seed8,arc_challenge,step143000,299892736000,0.245,0.226,0.28,0.2504166666666667,0.2504,0.2504,0.15480224920064212,0.9733718408346176
floor_160m,pythia-160m-seed8,arc_easy,step512,1073741824,0.255,0.25,0.25,0.2516666666666667,0.25066666666666665,0.25066666666666665,0.10764256403595208,0.14262349970638752
floor_160m,pythia-160m-seed8,arc_easy,step1000,2097152000,0.275,0.244,0.262,0.2516666666666667,0.25066666666666665,0.25066666666666665,0.04988252026028931,0.5062353636920452
floor_160m,pythia-160m-seed8,arc_easy,step2000,4194304000,0.325,0.246,0.25,0.2516666666666667,0.25066666666666665,0.25066666666666665,0.04793851833604276,0.5327783828675747
floor_160m,pythia-160m-seed8,arc_easy,step3000,6291456000,0.315,0.254,0.226,0.2516666666666667,0.25066666666666665,0.25066666666666665,0.058663148391991854,0.6329753725528717
floor_160m,pythia-160m-seed8,arc_easy,step5000,10485760000,0.33,0.248,0.282,0.2516666666666667,0.25066666666666665,0.25066666666666665,0.11553474336862564,0.8749240626096726
floor_160m,pythia-160m-seed8,arc_easy,step7000,14680064000,0.355,0.248,0.25,0.2516666666666667,0.25066666666666665,0.25066666666666665,0.12216883942484856,0.9563163110017776
floor_160m,pythia-160m-seed8,arc_easy,step10000,20971520000,0.34,0.252,0.256,0.2516666666666667,0.25066666666666665,0.25066666666666665,0.1112254281975329,0.9490129851102829
floor_160m,pythia-160m-seed8,arc_easy,step15000,31457280000,0.35,0.25,0.236,0.2516666666666667,0.25066666666666665,0.25066666666666665,0.11734951741620898,0.9570472158193588
floor_160m,pythia-160m-seed8,arc_easy,step22000,46137344000,0.42,0.252,0.258,0.2516666666666667,0.25066666666666665,0.25066666666666665,0.11825306720659137,0.9727639080286026
floor_160m,pythia-160m-seed8,arc_easy,step32000,67108864000,0.4,0.244,0.248,0.2516666666666667,0.25066666666666665,0.25066666666666665,0.1377640613168478,0.9712990257740021
floor_160m,pythia-160m-seed8,arc_easy,step46000,96468992000,0.38,0.246,0.258,0.2516666666666667,0.25066666666666665,0.25066666666666665,0.12973790062963964,0.9764987249374389
floor_160m,pythia-160m-seed8,arc_easy,step67000,140509184000,0.375,0.25,0.31,0.2516666666666667,0.25066666666666665,0.25066666666666665,0.13156612652540206,0.9721800017356873
floor_160m,pythia-160m-seed8,arc_easy,step98000,205520896000,0.38,0.24,0.27,0.2516666666666667,0.25066666666666665,0.25066666666666665,0.0879976978264749,0.9670081664323806
floor_160m,pythia-160m-seed8,arc_easy,step143000,299892736000,0.41,0.248,0.278,0.2516666666666667,0.25066666666666665,0.25066666666666665,0.14595374171435832,0.9699545419216156
floor_160m,pythia-160m-seed8,csqa,step512,1073741824,0.18,0.184,0.182,0.2,0.2,0.2,0.08514425910264253,0.08421602975577117
floor_160m,pythia-160m-seed8,csqa,step1000,2097152000,0.205,0.176,0.182,0.2,0.2,0.2,0.025863430295605214,0.3330772539079189
floor_160m,pythia-160m-seed8,csqa,step2000,4194304000,0.225,0.188,0.218,0.2,0.2,0.2,0.036597884245216844,0.7039777958393096
floor_160m,pythia-160m-seed8,csqa,step3000,6291456000,0.2,0.184,0.21,0.2,0.2,0.2,0.06339853364601732,0.6328560336232185
floor_160m,pythia-160m-seed8,csqa,step5000,10485760000,0.245,0.178,0.17,0.2,0.2,0.2,0.08657152818515897,0.8450826581716537
floor_160m,pythia-160m-seed8,csqa,step7000,14680064000,0.25,0.178,0.198,0.2,0.2,0.2,0.08219175807759166,0.956725902557373
floor_160m,pythia-160m-seed8,csqa,step10000,20971520000,0.265,0.178,0.2,0.2,0.2,0.2,0.06673467566072941,0.890810972571373
floor_160m,pythia-160m-seed8,csqa,step15000,31457280000,0.285,0.176,0.196,0.2,0.2,0.2,0.0600855076238513,0.9077338112592697
floor_160m,pythia-160m-seed8,csqa,step22000,46137344000,0.295,0.172,0.222,0.2,0.2,0.2,0.05294437999650836,0.941458882689476
floor_160m,pythia-160m-seed8,csqa,step32000,67108864000,0.305,0.178,0.224,0.2,0.2,0.2,0.077772376883775,0.9568377966880799
floor_160m,pythia-160m-seed8,csqa,step46000,96468992000,0.335,0.176,0.18,0.2,0.2,0.2,0.07264978926256299,0.9521414606571198
floor_160m,pythia-160m-seed8,csqa,step67000,140509184000,0.32,0.18,0.182,0.2,0.2,0.2,0.06818469239398837,0.9371131807565689
floor_160m,pythia-160m-seed8,csqa,step98000,205520896000,0.325,0.182,0.182,0.2,0.2,0.2,0.04076091705262661,0.9373460503816604
floor_160m,pythia-160m-seed8,csqa,step143000,299892736000,0.34,0.18,0.192,0.2,0.2,0.2,0.07284900106117129,0.9533065972328186
floor_160m,pythia-160m-seed8,hellaswag,step512,1073741824,0.27,0.238,0.238,0.25,0.25,0.25,0.04090811195597053,0.052767091270536186
floor_160m,pythia-160m-seed8,hellaswag,step1000,2097152000,0.265,0.224,0.282,0.25,0.25,0.25,0.04899527613446116,0.45753273671865463
floor_160m,pythia-160m-seed8,hellaswag,step2000,4194304000,0.255,0.238,0.238,0.25,0.25,0.25,0.03527197960903868,0.7275096150040626
floor_160m,pythia-160m-seed8,hellaswag,step3000,6291456000,0.25,0.238,0.248,0.25,0.25,0.25,0.05535837946739048,0.768105667412281
floor_160m,pythia-160m-seed8,hellaswag,step5000,10485760000,0.275,0.232,0.222,0.25,0.25,0.25,0.11106599796935916,0.9358248931169509
floor_160m,pythia-160m-seed8,hellaswag,step7000,14680064000,0.275,0.238,0.228,0.25,0.25,0.25,0.0902834555581212,0.9725428440570831
floor_160m,pythia-160m-seed8,hellaswag,step10000,20971520000,0.28,0.246,0.226,0.25,0.25,0.25,0.07708273075520992,0.952017586350441
floor_160m,pythia-160m-seed8,hellaswag,step15000,31457280000,0.27,0.246,0.238,0.25,0.25,0.25,0.08051222240552307,0.948655553817749
floor_160m,pythia-160m-seed8,hellaswag,step22000,46137344000,0.29,0.246,0.264,0.25,0.25,0.25,0.07514185804594307,0.9756045647859574
floor_160m,pythia-160m-seed8,hellaswag,step32000,67108864000,0.28,0.244,0.236,0.25,0.25,0.25,0.07826442395895719,0.9770638954639435
floor_160m,pythia-160m-seed8,hellaswag,step46000,96468992000,0.27,0.242,0.24,0.25,0.25,0.25,0.08606009945273399,0.9822506440877914
floor_160m,pythia-160m-seed8,hellaswag,step67000,140509184000,0.29,0.238,0.238,0.25,0.25,0.25,0.08024006491713226,0.9727963881492615
floor_160m,pythia-160m-seed8,hellaswag,step98000,205520896000,0.31,0.24,0.208,0.25,0.25,0.25,0.056539850967004895,0.9689929382801056
floor_160m,pythia-160m-seed8,hellaswag,step143000,299892736000,0.305,0.242,0.258,0.25,0.25,0.25,0.07917113888077437,0.9730929100513458
floor_160m,pythia-160m-seed8,mmlu,step512,1073741824,0.29,0.216,0.212,0.25,0.25,0.25,0.07197865798324346,0.08725945830345154
floor_160m,pythia-160m-seed8,mmlu,step1000,2097152000,0.245,0.226,0.276,0.25,0.25,0.25,0.04838179621938616,0.46332929813861845
floor_160m,pythia-160m-seed8,mmlu,step2000,4194304000,0.285,0.22,0.242,0.25,0.25,0.25,0.0476310139587149,0.6756233705878257
floor_160m,pythia-160m-seed8,mmlu,step3000,6291456000,0.245,0.208,0.236,0.25,0.25,0.25,0.053352715991437434,0.6598397363424301
floor_160m,pythia-160m-seed8,mmlu,step5000,10485760000,0.245,0.214,0.276,0.25,0.25,0.25,0.11329716962203383,0.8610101620554924
floor_160m,pythia-160m-seed8,mmlu,step7000,14680064000,0.225,0.218,0.258,0.25,0.25,0.25,0.1271634820587933,0.9420095661878586
floor_160m,pythia-160m-seed8,mmlu,step10000,20971520000,0.23,0.218,0.26,0.25,0.25,0.25,0.10088138890266418,0.9147585329413414
floor_160m,pythia-160m-seed8,mmlu,step15000,31457280000,0.26,0.244,0.254,0.25,0.25,0.25,0.09748352003470064,0.9393399966955185
floor_160m,pythia-160m-seed8,mmlu,step22000,46137344000,0.28,0.238,0.254,0.25,0.25,0.25,0.10457832075096667,0.9586658937931061
floor_160m,pythia-160m-seed8,mmlu,step32000,67108864000,0.235,0.224,0.26,0.25,0.25,0.25,0.11270004102028906,0.9571345092058182
floor_160m,pythia-160m-seed8,mmlu,step46000,96468992000,0.275,0.214,0.254,0.25,0.25,0.25,0.11376333572342992,0.963569948554039
floor_160m,pythia-160m-seed8,mmlu,step67000,140509184000,0.275,0.212,0.266,0.25,0.25,0.25,0.103461869597435,0.9424603077769279
floor_160m,pythia-160m-seed8,mmlu,step98000,205520896000,0.27,0.216,0.284,0.25,0.25,0.25,0.0917295357901603,0.9536868951320648
floor_160m,pythia-160m-seed8,mmlu,step143000,299892736000,0.27,0.214,0.272,0.25,0.25,0.25,0.16207728365156798,0.9656290429830551
floor_160m,pythia-160m-seed8,piqa,step512,1073741824,0.555,0.49,0.49,0.5,0.5,0.5,0.04241872423980385,0.037157188430428506
floor_160m,pythia-160m-seed8,piqa,step1000,2097152000,0.59,0.454,0.51,0.5,0.5,0.5,0.01561131529416889,0.5983411604166031
floor_160m,pythia-160m-seed8,piqa,step2000,4194304000,0.605,0.52,0.51,0.5,0.5,0.5,0.029596328968182206,0.7116566237807274
floor_160m,pythia-160m-seed8,piqa,step3000,6291456000,0.595,0.484,0.506,0.5,0.5,0.5,0.038107102053239944,0.6993206965327263
floor_160m,pythia-160m-seed8,piqa,step5000,10485760000,0.59,0.492,0.51,0.5,0.5,0.5,0.056862735265865924,0.91274432015419
floor_160m,pythia-160m-seed8,piqa,step7000,14680064000,0.64,0.484,0.51,0.5,0.5,0.5,0.06244315288029611,0.9643123966455459
floor_160m,pythia-160m-seed8,piqa,step10000,20971520000,0.605,0.498,0.51,0.5,0.5,0.5,0.05948283650353551,0.955301060795784
floor_160m,pythia-160m-seed8,piqa,step15000,31457280000,0.62,0.52,0.512,0.5,0.5,0.5,0.05494281342253089,0.9434282604455948
floor_160m,pythia-160m-seed8,piqa,step22000,46137344000,0.625,0.492,0.51,0.5,0.5,0.5,0.06722739114798605,0.9607114704847336
floor_160m,pythia-160m-seed8,piqa,step32000,67108864000,0.655,0.474,0.512,0.5,0.5,0.5,0.05221274431049824,0.9531434742212296
floor_160m,pythia-160m-seed8,piqa,step46000,96468992000,0.615,0.484,0.51,0.5,0.5,0.5,0.05928661688603461,0.9663308489322663
floor_160m,pythia-160m-seed8,piqa,step67000,140509184000,0.635,0.48,0.51,0.5,0.5,0.5,0.059631011076271535,0.9585281602144241
floor_160m,pythia-160m-seed8,piqa,step98000,205520896000,0.645,0.484,0.508,0.5,0.5,0.5,0.031955809823703024,0.9382979273796082
floor_160m,pythia-160m-seed8,piqa,step143000,299892736000,0.64,0.484,0.508,0.5,0.5,0.5,0.060502667650580405,0.9401042034626007
floor_160m,pythia-160m-seed9,arc_challenge,step512,1073741824,0.235,0.222,0.222,0.2504166666666667,0.2504,0.2504,0.16183897431194783,0.18720311838388443
floor_160m,pythia-160m-seed9,arc_challenge,step1000,2097152000,0.21,0.22,0.282,0.2504166666666667,0.2504,0.2504,0.08117837094701827,0.6438467119336129
floor_160m,pythia-160m-seed9,arc_challenge,step2000,4194304000,0.185,0.226,0.24,0.2504166666666667,0.2504,0.2504,0.08090586596727371,0.7534185022711753
floor_160m,pythia-160m-seed9,arc_challenge,step3000,6291456000,0.19,0.242,0.268,0.2504166666666667,0.2504,0.2504,0.10449981557950377,0.9188525214791298
floor_160m,pythia-160m-seed9,arc_challenge,step5000,10485760000,0.2,0.232,0.242,0.2504166666666667,0.2504,0.2504,0.0725121484361589,0.9027848981618881
floor_160m,pythia-160m-seed9,arc_challenge,step7000,14680064000,0.185,0.224,0.236,0.2504166666666667,0.2504,0.2504,0.14071950813755393,0.9781949795484542
floor_160m,pythia-160m-seed9,arc_challenge,step10000,20971520000,0.185,0.222,0.23,0.2504166666666667,0.2504,0.2504,0.13584515177831052,0.9712573846578598
floor_160m,pythia-160m-seed9,arc_challenge,step15000,31457280000,0.22,0.224,0.282,0.2504166666666667,0.2504,0.2504,0.1325601852014661,0.9864067009687424
floor_160m,pythia-160m-seed9,arc_challenge,step22000,46137344000,0.2,0.226,0.278,0.2504166666666667,0.2504,0.2504,0.1640949323102832,0.9831456686556339
floor_160m,pythia-160m-seed9,arc_challenge,step32000,67108864000,0.215,0.224,0.248,0.2504166666666667,0.2504,0.2504,0.13281333410367369,0.9637037934064865
floor_160m,pythia-160m-seed9,arc_challenge,step46000,96468992000,0.19,0.226,0.264,0.2504166666666667,0.2504,0.2504,0.16164824486151338,0.964918777346611
floor_160m,pythia-160m-seed9,arc_challenge,step67000,140509184000,0.175,0.222,0.242,0.2504166666666667,0.2504,0.2504,0.21190502686426044,0.9540435609817505
floor_160m,pythia-160m-seed9,arc_challenge,step98000,205520896000,0.19,0.23,0.256,0.2504166666666667,0.2504,0.2504,0.14577218476310372,0.9544050531387329
floor_160m,pythia-160m-seed9,arc_challenge,step143000,299892736000,0.2,0.224,0.252,0.2504166666666667,0.2504,0.2504,0.19392244220525026,0.9389974238872528
floor_160m,pythia-160m-seed9,arc_easy,step512,1073741824,0.285,0.25,0.25,0.2516666666666667,0.25066666666666665,0.25066666666666665,0.17526735869050025,0.19844110697507858
floor_160m,pythia-160m-seed9,arc_easy,step1000,2097152000,0.285,0.254,0.248,0.2516666666666667,0.25066666666666665,0.25066666666666665,0.07994342868588865,0.6006546059250831
floor_160m,pythia-160m-seed9,arc_easy,step2000,4194304000,0.345,0.252,0.238,0.2516666666666667,0.25066666666666665,0.25066666666666665,0.07885263666510582,0.8210256715416908
floor_160m,pythia-160m-seed9,arc_easy,step3000,6291456000,0.315,0.26,0.246,0.2516666666666667,0.25066666666666665,0.25066666666666665,0.10528917311504483,0.9467038303613663
floor_160m,pythia-160m-seed9,arc_easy,step5000,10485760000,0.405,0.25,0.25,0.2516666666666667,0.25066666666666665,0.25066666666666665,0.06841149576194584,0.933537814617157
floor_160m,pythia-160m-seed9,arc_easy,step7000,14680064000,0.39,0.252,0.258,0.2516666666666667,0.25066666666666665,0.25066666666666665,0.13001753598079085,0.9756014758348465
floor_160m,pythia-160m-seed9,arc_easy,step10000,20971520000,0.355,0.248,0.264,0.2516666666666667,0.25066666666666665,0.25066666666666665,0.12762127413228155,0.9734265359640122
floor_160m,pythia-160m-seed9,arc_easy,step15000,31457280000,0.385,0.25,0.242,0.2516666666666667,0.25066666666666665,0.25066666666666665,0.12410687167569995,0.9829845079183579
floor_160m,pythia-160m-seed9,arc_easy,step22000,46137344000,0.455,0.248,0.25,0.2516666666666667,0.25066666666666665,0.25066666666666665,0.15485956381261348,0.9868404018878937
floor_160m,pythia-160m-seed9,arc_easy,step32000,67108864000,0.445,0.248,0.238,0.2516666666666667,0.25066666666666665,0.25066666666666665,0.11926975725963712,0.9646514573097229
floor_160m,pythia-160m-seed9,arc_easy,step46000,96468992000,0.42,0.248,0.258,0.2516666666666667,0.25066666666666665,0.25066666666666665,0.14644513552635907,0.9755410372018815
floor_160m,pythia-160m-seed9,arc_easy,step67000,140509184000,0.42,0.246,0.222,0.2516666666666667,0.25066666666666665,0.25066666666666665,0.18374544886499644,0.9566053819656372
floor_160m,pythia-160m-seed9,arc_easy,step98000,205520896000,0.42,0.238,0.25,0.2516666666666667,0.25066666666666665,0.25066666666666665,0.12973027424886824,0.9487383805513382
floor_160m,pythia-160m-seed9,arc_easy,step143000,299892736000,0.445,0.246,0.264,0.2516666666666667,0.25066666666666665,0.25066666666666665,0.1722671627253294,0.9478240872621536
floor_160m,pythia-160m-seed9,csqa,step512,1073741824,0.2,0.182,0.182,0.2,0.2,0.2,0.13856118810176848,0.1287076448351145
floor_160m,pythia-160m-seed9,csqa,step1000,2097152000,0.16,0.194,0.182,0.2,0.2,0.2,0.045795671915635466,0.48738197320699694
floor_160m,pythia-160m-seed9,csqa,step2000,4194304000,0.17,0.184,0.206,0.2,0.2,0.2,0.05624959287419915,0.7106088786125183
floor_160m,pythia-160m-seed9,csqa,step3000,6291456000,0.21,0.222,0.23,0.2,0.2,0.2,0.07659971165657044,0.839260290980339
floor_160m,pythia-160m-seed9,csqa,step5000,10485760000,0.26,0.186,0.232,0.2,0.2,0.2,0.04850406576879322,0.8469319758415222
floor_160m,pythia-160m-seed9,csqa,step7000,14680064000,0.27,0.18,0.188,0.2,0.2,0.2,0.07581472996436059,0.917737010717392
floor_160m,pythia-160m-seed9,csqa,step10000,20971520000,0.26,0.18,0.192,0.2,0.2,0.2,0.0748793535400182,0.8588263713121415
floor_160m,pythia-160m-seed9,csqa,step15000,31457280000,0.315,0.182,0.204,0.2,0.2,0.2,0.07132225139066577,0.9336534572839736
floor_160m,pythia-160m-seed9,csqa,step22000,46137344000,0.34,0.184,0.2,0.2,0.2,0.2,0.08536742522194982,0.9611626514196396
floor_160m,pythia-160m-seed9,csqa,step32000,67108864000,0.335,0.18,0.198,0.2,0.2,0.2,0.05334645917452872,0.9318758957386016
floor_160m,pythia-160m-seed9,csqa,step46000,96468992000,0.335,0.178,0.202,0.2,0.2,0.2,0.06522956873476506,0.9539078493118286
floor_160m,pythia-160m-seed9,csqa,step67000,140509184000,0.35,0.178,0.186,0.2,0.2,0.2,0.09028744739294052,0.94024052131176
floor_160m,pythia-160m-seed9,csqa,step98000,205520896000,0.335,0.176,0.172,0.2,0.2,0.2,0.06875175644829869,0.922893051981926
floor_160m,pythia-160m-seed9,csqa,step143000,299892736000,0.33,0.18,0.206,0.2,0.2,0.2,0.09409276517108082,0.9540651401281357
floor_160m,pythia-160m-seed9,hellaswag,step512,1073741824,0.255,0.238,0.238,0.25,0.25,0.25,0.07624470841512083,0.08367675387859344
floor_160m,pythia-160m-seed9,hellaswag,step1000,2097152000,0.29,0.236,0.252,0.25,0.25,0.25,0.04758923960244283,0.47701326209306716
floor_160m,pythia-160m-seed9,hellaswag,step2000,4194304000,0.235,0.238,0.234,0.25,0.25,0.25,0.051506282422691584,0.8165080118179321
floor_160m,pythia-160m-seed9,hellaswag,step3000,6291456000,0.265,0.24,0.236,0.25,0.25,0.25,0.07172320428304374,0.9122319588661194
floor_160m,pythia-160m-seed9,hellaswag,step5000,10485760000,0.25,0.238,0.238,0.25,0.25,0.25,0.05870520571153611,0.8612067971229553
floor_160m,pythia-160m-seed9,hellaswag,step7000,14680064000,0.235,0.232,0.232,0.25,0.25,0.25,0.12099579756613821,0.9446236010193825
floor_160m,pythia-160m-seed9,hellaswag,step10000,20971520000,0.25,0.236,0.22,0.25,0.25,0.25,0.1173472255486995,0.9651210904121399
floor_160m,pythia-160m-seed9,hellaswag,step15000,31457280000,0.255,0.238,0.216,0.25,0.25,0.25,0.10652367288060487,0.977045721411705
floor_160m,pythia-160m-seed9,hellaswag,step22000,46137344000,0.275,0.242,0.268,0.25,0.25,0.25,0.1090147689320147,0.9815301305055618
floor_160m,pythia-160m-seed9,hellaswag,step32000,67108864000,0.26,0.234,0.236,0.25,0.25,0.25,0.10797332439385354,0.9475984169244767
floor_160m,pythia-160m-seed9,hellaswag,step46000,96468992000,0.275,0.242,0.274,0.25,0.25,0.25,0.1270618750527501,0.9578644477128982
floor_160m,pythia-160m-seed9,hellaswag,step67000,140509184000,0.31,0.24,0.238,0.25,0.25,0.25,0.17428923336789012,0.9675867133140564
floor_160m,pythia-160m-seed9,hellaswag,step98000,205520896000,0.285,0.234,0.224,0.25,0.25,0.25,0.10765531230717898,0.9406469224691391
floor_160m,pythia-160m-seed9,hellaswag,step143000,299892736000,0.27,0.238,0.286,0.25,0.25,0.25,0.1225995815396309,0.9681835759878159
floor_160m,pythia-160m-seed9,mmlu,step512,1073741824,0.275,0.212,0.212,0.25,0.25,0.25,0.12908436749875546,0.14056883226335048
floor_160m,pythia-160m-seed9,mmlu,step1000,2097152000,0.245,0.21,0.25,0.25,0.25,0.25,0.06707238195370882,0.5617117255032062
floor_160m,pythia-160m-seed9,mmlu,step2000,4194304000,0.25,0.214,0.29,0.25,0.25,0.25,0.07839601367153227,0.7828551245331764
floor_160m,pythia-160m-seed9,mmlu,step3000,6291456000,0.26,0.224,0.274,0.25,0.25,0.25,0.0929540716279298,0.8509177097678184
floor_160m,pythia-160m-seed9,mmlu,step5000,10485760000,0.225,0.222,0.276,0.25,0.25,0.25,0.07608027580752968,0.8670574264526367
floor_160m,pythia-160m-seed9,mmlu,step7000,14680064000,0.22,0.22,0.268,0.25,0.25,0.25,0.1422488661147654,0.9587565289735794
floor_160m,pythia-160m-seed9,mmlu,step10000,20971520000,0.215,0.214,0.254,0.25,0.25,0.25,0.1189713257374242,0.9540890411138535
floor_160m,pythia-160m-seed9,mmlu,step15000,31457280000,0.25,0.212,0.262,0.25,0.25,0.25,0.11504855940490961,0.9770340589284897
floor_160m,pythia-160m-seed9,mmlu,step22000,46137344000,0.255,0.212,0.266,0.25,0.25,0.25,0.12681336819939315,0.9784950424432755
floor_160m,pythia-160m-seed9,mmlu,step32000,67108864000,0.23,0.212,0.254,0.25,0.25,0.25,0.11223297640495002,0.9465230046510696
floor_160m,pythia-160m-seed9,mmlu,step46000,96468992000,0.25,0.21,0.272,0.25,0.25,0.25,0.12666052782721818,0.9591620783805848
floor_160m,pythia-160m-seed9,mmlu,step67000,140509184000,0.26,0.214,0.272,0.25,0.25,0.25,0.15897113589197398,0.9464149749279023
floor_160m,pythia-160m-seed9,mmlu,step98000,205520896000,0.245,0.212,0.264,0.25,0.25,0.25,0.12483625887800008,0.9463749808073044
floor_160m,pythia-160m-seed9,mmlu,step143000,299892736000,0.255,0.21,0.254,0.25,0.25,0.25,0.15970522538200022,0.9536219606399536
floor_160m,pythia-160m-seed9,piqa,step512,1073741824,0.59,0.49,0.49,0.5,0.5,0.5,0.09324227607622743,0.10464225032925606
floor_160m,pythia-160m-seed9,piqa,step1000,2097152000,0.615,0.478,0.51,0.5,0.5,0.5,0.0280679073901847,0.7554799026846886
floor_160m,pythia-160m-seed9,piqa,step2000,4194304000,0.605,0.492,0.502,0.5,0.5,0.5,0.02896613179054111,0.7450993131995202
floor_160m,pythia-160m-seed9,piqa,step3000,6291456000,0.6,0.472,0.51,0.5,0.5,0.5,0.03656525438651442,0.9427083929777146
floor_160m,pythia-160m-seed9,piqa,step5000,10485760000,0.635,0.484,0.512,0.5,0.5,0.5,0.029884604500606655,0.9004789071083069
floor_160m,pythia-160m-seed9,piqa,step7000,14680064000,0.635,0.488,0.516,0.5,0.5,0.5,0.0435564145068638,0.9818498414754867
floor_160m,pythia-160m-seed9,piqa,step10000,20971520000,0.62,0.486,0.494,0.5,0.5,0.5,0.04235005598003045,0.9472899034023284
floor_160m,pythia-160m-seed9,piqa,step15000,31457280000,0.62,0.484,0.498,0.5,0.5,0.5,0.055666405843570826,0.9630818129777908
floor_160m,pythia-160m-seed9,piqa,step22000,46137344000,0.635,0.494,0.476,0.5,0.5,0.5,0.0594565803501755,0.9551007999181748
floor_160m,pythia-160m-seed9,piqa,step32000,67108864000,0.63,0.486,0.49,0.5,0.5,0.5,0.04404936572257429,0.9301309151649475
floor_160m,pythia-160m-seed9,piqa,step46000,96468992000,0.645,0.494,0.514,0.5,0.5,0.5,0.05153348989039659,0.9337793420553208
floor_160m,pythia-160m-seed9,piqa,step67000,140509184000,0.635,0.494,0.512,0.5,0.5,0.5,0.10148448142502457,0.9458290749788284
floor_160m,pythia-160m-seed9,piqa,step98000,205520896000,0.64,0.49,0.494,0.5,0.5,0.5,0.06577912702411413,0.9189755580425263
floor_160m,pythia-160m-seed9,piqa,step143000,299892736000,0.655,0.484,0.478,0.5,0.5,0.5,0.11341532290540636,0.9467827801704407
pythia_scale,pythia-1b,arc_challenge,step512,1073741824,0.22,0.222,0.222,0.2504166666666667,0.2504,0.2504,0.19456572441011669,0.36487950387597085
pythia_scale,pythia-1b,arc_challenge,step1000,2097152000,0.18,0.232,0.27,0.2504166666666667,0.2504,0.2504,0.12684292547777296,0.8457440308332443
pythia_scale,pythia-1b,arc_challenge,step2000,4194304000,0.16,0.226,0.244,0.2504166666666667,0.2504,0.2504,0.07260459512658417,0.6924942909777164
pythia_scale,pythia-1b,arc_challenge,step3000,6291456000,0.185,0.224,0.258,0.2504166666666667,0.2504,0.2504,0.16279865861684084,0.915364968240261
pythia_scale,pythia-1b,arc_challenge,step5000,10485760000,0.225,0.22,0.252,0.2504166666666667,0.2504,0.2504,0.22965065685659647,0.9842946017980576
pythia_scale,pythia-1b,arc_challenge,step7000,14680064000,0.205,0.226,0.248,0.2504166666666667,0.2504,0.2504,0.21112559678032994,0.9729387673139572
pythia_scale,pythia-1b,arc_challenge,step10000,20971520000,0.195,0.232,0.266,0.2504166666666667,0.2504,0.2504,0.2809712970294058,0.9790634906291962
pythia_scale,pythia-1b,arc_challenge,step15000,31457280000,0.23,0.226,0.262,0.2504166666666667,0.2504,0.2504,0.462235771112144,0.9830535796880722
pythia_scale,pythia-1b,arc_challenge,step22000,46137344000,0.21,0.224,0.25,0.2504166666666667,0.2504,0.2504,0.5900030375719071,0.984375170826912
pythia_scale,pythia-1b,arc_challenge,step32000,67108864000,0.21,0.234,0.254,0.2504166666666667,0.2504,0.2504,0.7197642984092235,0.9897381542921067
pythia_scale,pythia-1b,arc_challenge,step46000,96468992000,0.24,0.224,0.254,0.2504166666666667,0.2504,0.2504,0.6358988525271416,0.9830911852121353
pythia_scale,pythia-1b,arc_challenge,step67000,140509184000,0.24,0.234,0.238,0.2504166666666667,0.2504,0.2504,0.669490055590868,0.9797901811599732
pythia_scale,pythia-1b,arc_challenge,step98000,205520896000,0.275,0.23,0.232,0.2504166666666667,0.2504,0.2504,0.6968811818361282,0.9732359347343444
pythia_scale,pythia-1b,arc_challenge,step143000,299892736000,0.27,0.238,0.24,0.2504166666666667,0.2504,0.2504,0.7513304082751274,0.9795009520053863
pythia_scale,pythia-1b,arc_easy,step512,1073741824,0.245,0.25,0.25,0.2516666666666667,0.25066666666666665,0.25066666666666665,0.20613028403371572,0.4201534542441368
pythia_scale,pythia-1b,arc_easy,step1000,2097152000,0.285,0.254,0.258,0.2516666666666667,0.25066666666666665,0.25066666666666665,0.11946950293704868,0.7923713392019271
pythia_scale,pythia-1b,arc_easy,step2000,4194304000,0.355,0.248,0.266,0.2516666666666667,0.25066666666666665,0.25066666666666665,0.06835225703381002,0.6570528014600276
pythia_scale,pythia-1b,arc_easy,step3000,6291456000,0.385,0.25,0.226,0.2516666666666667,0.25066666666666665,0.25066666666666665,0.15257404785603285,0.9213232269287109
pythia_scale,pythia-1b,arc_easy,step5000,10485760000,0.395,0.252,0.252,0.2516666666666667,0.25066666666666665,0.25066666666666665,0.2074382357634604,0.9840289996862411
pythia_scale,pythia-1b,arc_easy,step7000,14680064000,0.42,0.248,0.256,0.2516666666666667,0.25066666666666665,0.25066666666666665,0.18658088677003978,0.9716721155643463
pythia_scale,pythia-1b,arc_easy,step10000,20971520000,0.455,0.234,0.258,0.2516666666666667,0.25066666666666665,0.25066666666666665,0.2657037021256983,0.9769155151844024
pythia_scale,pythia-1b,arc_easy,step15000,31457280000,0.44,0.248,0.262,0.2516666666666667,0.25066666666666665,0.25066666666666665,0.4179512441679835,0.9775760051012039
pythia_scale,pythia-1b,arc_easy,step22000,46137344000,0.5,0.25,0.264,0.2516666666666667,0.25066666666666665,0.25066666666666665,0.553667273953557,0.9784120734930039
pythia_scale,pythia-1b,arc_easy,step32000,67108864000,0.525,0.234,0.24,0.2516666666666667,0.25066666666666665,0.25066666666666665,0.6994104392528534,0.9790698780417443
pythia_scale,pythia-1b,arc_easy,step46000,96468992000,0.525,0.24,0.242,0.2516666666666667,0.25066666666666665,0.25066666666666665,0.6059669166058302,0.9860929870605468
pythia_scale,pythia-1b,arc_easy,step67000,140509184000,0.56,0.262,0.246,0.2516666666666667,0.25066666666666665,0.25066666666666665,0.6426958472281694,0.9834926815032959
pythia_scale,pythia-1b,arc_easy,step98000,205520896000,0.6,0.26,0.252,0.2516666666666667,0.25066666666666665,0.25066666666666665,0.6955282665491104,0.9813236374855041
pythia_scale,pythia-1b,arc_easy,step143000,299892736000,0.565,0.256,0.238,0.2516666666666667,0.25066666666666665,0.25066666666666665,0.7369660960435868,0.9820895487070084
pythia_scale,pythia-1b,csqa,step512,1073741824,0.175,0.182,0.182,0.2,0.2,0.2,0.16401019951701165,0.2766208316683769
pythia_scale,pythia-1b,csqa,step1000,2097152000,0.195,0.21,0.202,0.2,0.2,0.2,0.07527908919192851,0.7038694673776626
pythia_scale,pythia-1b,csqa,step2000,4194304000,0.26,0.172,0.19,0.2,0.2,0.2,0.048732100810855626,0.5389544684290886
pythia_scale,pythia-1b,csqa,step3000,6291456000,0.3,0.182,0.2,0.2,0.2,0.2,0.10946808845549821,0.7434768514633179
pythia_scale,pythia-1b,csqa,step5000,10485760000,0.325,0.168,0.226,0.2,0.2,0.2,0.18463900783658027,0.9447922321557999
pythia_scale,pythia-1b,csqa,step7000,14680064000,0.315,0.18,0.222,0.2,0.2,0.2,0.12269276707991958,0.91491186606884
pythia_scale,pythia-1b,csqa,step10000,20971520000,0.36,0.178,0.224,0.2,0.2,0.2,0.16559375923499464,0.9586175686120987
pythia_scale,pythia-1b,csqa,step15000,31457280000,0.405,0.182,0.196,0.2,0.2,0.2,0.20663233675062656,0.9836373978853226
pythia_scale,pythia-1b,csqa,step22000,46137344000,0.445,0.182,0.204,0.2,0.2,0.2,0.41118448090553283,0.974070462346077
pythia_scale,pythia-1b,csqa,step32000,67108864000,0.45,0.204,0.198,0.2,0.2,0.2,0.6252443487346172,0.9750790985822677
pythia_scale,pythia-1b,csqa,step46000,96468992000,0.425,0.178,0.186,0.2,0.2,0.2,0.4694407118856907,0.9626572575569153
pythia_scale,pythia-1b,csqa,step67000,140509184000,0.45,0.176,0.186,0.2,0.2,0.2,0.5178204972743988,0.9745812969207763
pythia_scale,pythia-1b,csqa,step98000,205520896000,0.485,0.18,0.192,0.2,0.2,0.2,0.6014145233631134,0.9684162565469742
pythia_scale,pythia-1b,csqa,step143000,299892736000,0.48,0.174,0.204,0.2,0.2,0.2,0.6763584705293179,0.9699115669727325
pythia_scale,pythia-1b,hellaswag,step512,1073741824,0.24,0.238,0.238,0.25,0.25,0.25,0.08687978599220514,0.19647236235439777
pythia_scale,pythia-1b,hellaswag,step1000,2097152000,0.255,0.244,0.256,0.25,0.25,0.25,0.1004269445091486,0.8274613468647003
pythia_scale,pythia-1b,hellaswag,step2000,4194304000,0.235,0.242,0.212,0.25,0.25,0.25,0.04855386966280639,0.7676766244918108
pythia_scale,pythia-1b,hellaswag,step3000,6291456000,0.245,0.24,0.248,0.25,0.25,0.25,0.09194810843747109,0.8687481617331505
pythia_scale,pythia-1b,hellaswag,step5000,10485760000,0.26,0.214,0.284,0.25,0.25,0.25,0.17906663775071502,0.974565468788147
pythia_scale,pythia-1b,hellaswag,step7000,14680064000,0.305,0.226,0.25,0.25,0.25,0.25,0.15992696840316056,0.957546444773674
pythia_scale,pythia-1b,hellaswag,step10000,20971520000,0.325,0.24,0.268,0.25,0.25,0.25,0.13917359495908022,0.9760189034938812
pythia_scale,pythia-1b,hellaswag,step15000,31457280000,0.35,0.232,0.234,0.25,0.25,0.25,0.16472801279835403,0.9823810398578644
pythia_scale,pythia-1b,hellaswag,step22000,46137344000,0.395,0.268,0.256,0.25,0.25,0.25,0.2811208065338433,0.9860468326807023
pythia_scale,pythia-1b,hellaswag,step32000,67108864000,0.39,0.248,0.268,0.25,0.25,0.25,0.44688689705729484,0.9882770545482635
pythia_scale,pythia-1b,hellaswag,step46000,96468992000,0.385,0.246,0.256,0.25,0.25,0.25,0.4119907453879714,0.9884469969272613
pythia_scale,pythia-1b,hellaswag,step67000,140509184000,0.4,0.24,0.254,0.25,0.25,0.25,0.4396610027253628,0.9874321721792221
pythia_scale,pythia-1b,hellaswag,step98000,205520896000,0.465,0.242,0.264,0.25,0.25,0.25,0.3311031581237912,0.9841266875267028
pythia_scale,pythia-1b,hellaswag,step143000,299892736000,0.46,0.25,0.256,0.25,0.25,0.25,0.3647607652693987,0.9859930191040039
pythia_scale,pythia-1b,mmlu,step512,1073741824,0.245,0.212,0.212,0.25,0.25,0.25,0.14524519196525215,0.29571622897684574
pythia_scale,pythia-1b,mmlu,step1000,2097152000,0.26,0.208,0.264,0.25,0.25,0.25,0.09858023214153945,0.7516354188323021
pythia_scale,pythia-1b,mmlu,step2000,4194304000,0.26,0.214,0.242,0.25,0.25,0.25,0.06274991353135556,0.6385311869978905
pythia_scale,pythia-1b,mmlu,step3000,6291456000,0.265,0.214,0.232,0.25,0.25,0.25,0.1305198687892407,0.8222327068448066
pythia_scale,pythia-1b,mmlu,step5000,10485760000,0.255,0.222,0.254,0.25,0.25,0.25,0.1743851875346154,0.9711617466211319
pythia_scale,pythia-1b,mmlu,step7000,14680064000,0.245,0.216,0.246,0.25,0.25,0.25,0.13602651538513602,0.949176686167717
pythia_scale,pythia-1b,mmlu,step10000,20971520000,0.26,0.214,0.242,0.25,0.25,0.25,0.1979904307583347,0.9656386742591858
pythia_scale,pythia-1b,mmlu,step15000,31457280000,0.265,0.224,0.244,0.25,0.25,0.25,0.3095271995924413,0.9757284567356109
pythia_scale,pythia-1b,mmlu,step22000,46137344000,0.27,0.222,0.256,0.25,0.25,0.25,0.4914067907854915,0.974028599023819
pythia_scale,pythia-1b,mmlu,step32000,67108864000,0.265,0.236,0.25,0.25,0.25,0.25,0.6336157290786505,0.9755072007179261
pythia_scale,pythia-1b,mmlu,step46000,96468992000,0.265,0.252,0.272,0.25,0.25,0.25,0.5810659270361066,0.976032930970192
pythia_scale,pythia-1b,mmlu,step67000,140509184000,0.245,0.21,0.258,0.25,0.25,0.25,0.616284887470305,0.9754319332838058
pythia_scale,pythia-1b,mmlu,step98000,205520896000,0.26,0.216,0.248,0.25,0.25,0.25,0.6240068296790123,0.974010613322258
pythia_scale,pythia-1b,mmlu,step143000,299892736000,0.25,0.226,0.262,0.25,0.25,0.25,0.6849506257995963,0.9799255690574646
pythia_scale,pythia-1b,piqa,step512,1073741824,0.56,0.49,0.49,0.5,0.5,0.5,0.11100115812569857,0.24042322681844233
pythia_scale,pythia-1b,piqa,step1000,2097152000,0.59,0.496,0.51,0.5,0.5,0.5,0.04406319470331073,0.9251886323690415
pythia_scale,pythia-1b,piqa,step2000,4194304000,0.6,0.5,0.51,0.5,0.5,0.5,0.03310066436883062,0.8084925612211228
pythia_scale,pythia-1b,piqa,step3000,6291456000,0.615,0.49,0.508,0.5,0.5,0.5,0.0709710825458169,0.8503001987934112
pythia_scale,pythia-1b,piqa,step5000,10485760000,0.62,0.474,0.512,0.5,0.5,0.5,0.1326900134012103,0.9601533391475677
pythia_scale,pythia-1b,piqa,step7000,14680064000,0.66,0.494,0.506,0.5,0.5,0.5,0.07202240475639701,0.9266869490146636
pythia_scale,pythia-1b,piqa,step10000,20971520000,0.69,0.486,0.51,0.5,0.5,0.5,0.08308357567340136,0.9255165544748306
pythia_scale,pythia-1b,piqa,step15000,31457280000,0.665,0.56,0.516,0.5,0.5,0.5,0.09293619031086564,0.9586007883548736
pythia_scale,pythia-1b,piqa,step22000,46137344000,0.685,0.51,0.51,0.5,0.5,0.5,0.24224816851131617,0.9373042196035385
pythia_scale,pythia-1b,piqa,step32000,67108864000,0.665,0.52,0.504,0.5,0.5,0.5,0.42242240349948407,0.9680691426992416
pythia_scale,pythia-1b,piqa,step46000,96468992000,0.685,0.52,0.512,0.5,0.5,0.5,0.27756255835108457,0.9274131301641464
pythia_scale,pythia-1b,piqa,step67000,140509184000,0.725,0.486,0.506,0.5,0.5,0.5,0.33585677133500574,0.9459699215888977
pythia_scale,pythia-1b,piqa,step98000,205520896000,0.7,0.494,0.492,0.5,0.5,0.5,0.36623018934577706,0.9220392081737518
pythia_scale,pythia-1b,piqa,step143000,299892736000,0.72,0.494,0.498,0.5,0.5,0.5,0.39276173412054777,0.9095102452039718
pythia_scale,pythia-2.8b,arc_challenge,step512,1073741824,0.245,0.222,0.222,0.2504166666666667,0.2504,0.2504,0.09267227263003587,0.09734868909418583
pythia_scale,pythia-2.8b,arc_challenge,step1000,2097152000,0.23,0.22,0.246,0.2504166666666667,0.2504,0.2504,0.05643976472504437,0.5584867931008339
pythia_scale,pythia-2.8b,arc_challenge,step2000,4194304000,0.195,0.224,0.244,0.2504166666666667,0.2504,0.2504,0.05310544950235635,0.8907387867569924
pythia_scale,pythia-2.8b,arc_challenge,step3000,6291456000,0.22,0.226,0.244,0.2504166666666667,0.2504,0.2504,0.11511355467140674,0.9751229791641235
pythia_scale,pythia-2.8b,arc_challenge,step5000,10485760000,0.215,0.214,0.25,0.2504166666666667,0.2504,0.2504,0.3608312686830759,0.9805891032218933
pythia_scale,pythia-2.8b,arc_challenge,step7000,14680064000,0.235,0.21,0.238,0.2504166666666667,0.2504,0.2504,0.4142528185248375,0.96540143430233
pythia_scale,pythia-2.8b,arc_challenge,step10000,20971520000,0.235,0.23,0.242,0.2504166666666667,0.2504,0.2504,0.6469724974930287,0.9790114061832428
pythia_scale,pythia-2.8b,arc_challenge,step15000,31457280000,0.285,0.264,0.25,0.2504166666666667,0.2504,0.2504,0.7385480760931968,0.9801646326780319
pythia_scale,pythia-2.8b,arc_challenge,step22000,46137344000,0.265,0.242,0.252,0.2504166666666667,0.2504,0.2504,0.659366760134697,0.982314403295517
pythia_scale,pythia-2.8b,arc_challenge,step32000,67108864000,0.315,0.238,0.24,0.2504166666666667,0.2504,0.2504,0.7590674236416817,0.986553857922554
pythia_scale,pythia-2.8b,arc_challenge,step46000,96468992000,0.31,0.234,0.26,0.2504166666666667,0.2504,0.2504,0.8455706228017807,0.9893495688438415
pythia_scale,pythia-2.8b,arc_challenge,step67000,140509184000,0.32,0.222,0.266,0.2504166666666667,0.2504,0.2504,0.7889458827972412,0.9858370852470398
pythia_scale,pythia-2.8b,arc_challenge,step98000,205520896000,0.32,0.252,0.226,0.2504166666666667,0.2504,0.2504,0.7222543622255325,0.992597575545311
pythia_scale,pythia-2.8b,arc_challenge,step143000,299892736000,0.345,0.248,0.222,0.2504166666666667,0.2504,0.2504,0.5804550450146199,0.9946222184896469
pythia_scale,pythia-2.8b,arc_easy,step512,1073741824,0.27,0.25,0.25,0.2516666666666667,0.25066666666666665,0.25066666666666665,0.10697410622611642,0.12803367750346661
pythia_scale,pythia-2.8b,arc_easy,step1000,2097152000,0.305,0.24,0.26,0.2516666666666667,0.25066666666666665,0.25066666666666665,0.05166677958704531,0.5752900035381318
pythia_scale,pythia-2.8b,arc_easy,step2000,4194304000,0.335,0.248,0.25,0.2516666666666667,0.25066666666666665,0.25066666666666665,0.05241393219027668,0.9108336336612701
pythia_scale,pythia-2.8b,arc_easy,step3000,6291456000,0.405,0.248,0.258,0.2516666666666667,0.25066666666666665,0.25066666666666665,0.1102242914121598,0.970356518149376
pythia_scale,pythia-2.8b,arc_easy,step5000,10485760000,0.44,0.264,0.256,0.2516666666666667,0.25066666666666665,0.25066666666666665,0.34149358961731197,0.966930235505104
pythia_scale,pythia-2.8b,arc_easy,step7000,14680064000,0.505,0.25,0.248,0.2516666666666667,0.25066666666666665,0.25066666666666665,0.37842079970240594,0.9567592364549636
pythia_scale,pythia-2.8b,arc_easy,step10000,20971520000,0.555,0.252,0.284,0.2516666666666667,0.25066666666666665,0.25066666666666665,0.6163506831228733,0.9700561004877091
pythia_scale,pythia-2.8b,arc_easy,step15000,31457280000,0.56,0.242,0.244,0.2516666666666667,0.25066666666666665,0.25066666666666665,0.6994829868972301,0.98516639149189
pythia_scale,pythia-2.8b,arc_easy,step22000,46137344000,0.6,0.228,0.234,0.2516666666666667,0.25066666666666665,0.25066666666666665,0.6226275508105755,0.9879575717449188
pythia_scale,pythia-2.8b,arc_easy,step32000,67108864000,0.625,0.254,0.24,0.2516666666666667,0.25066666666666665,0.25066666666666665,0.749102429151535,0.9901005538702011
pythia_scale,pythia-2.8b,arc_easy,step46000,96468992000,0.645,0.268,0.238,0.2516666666666667,0.25066666666666665,0.25066666666666665,0.8306794707179069,0.9914709962606431
pythia_scale,pythia-2.8b,arc_easy,step67000,140509184000,0.66,0.276,0.252,0.2516666666666667,0.25066666666666665,0.25066666666666665,0.7819213227033616,0.9857764102220535
pythia_scale,pythia-2.8b,arc_easy,step98000,205520896000,0.665,0.266,0.236,0.2516666666666667,0.25066666666666665,0.25066666666666665,0.7173308693766594,0.9896897121667861
pythia_scale,pythia-2.8b,arc_easy,step143000,299892736000,0.675,0.234,0.238,0.2516666666666667,0.25066666666666665,0.25066666666666665,0.5872144631743431,0.9916544897556305
pythia_scale,pythia-2.8b,csqa,step512,1073741824,0.205,0.182,0.182,0.2,0.2,0.2,0.07893149381503463,0.07254671416059136
pythia_scale,pythia-2.8b,csqa,step1000,2097152000,0.195,0.2,0.202,0.2,0.2,0.2,0.030299404483288526,0.4460253309607506
pythia_scale,pythia-2.8b,csqa,step2000,4194304000,0.265,0.182,0.206,0.2,0.2,0.2,0.03719574357569218,0.9051930694580078
pythia_scale,pythia-2.8b,csqa,step3000,6291456000,0.355,0.18,0.212,0.2,0.2,0.2,0.06028124453499913,0.9284671077728271
pythia_scale,pythia-2.8b,csqa,step5000,10485760000,0.365,0.188,0.198,0.2,0.2,0.2,0.21197555366158485,0.9293542909622192
pythia_scale,pythia-2.8b,csqa,step7000,14680064000,0.41,0.17,0.196,0.2,0.2,0.2,0.31861216482520105,0.9602244979143143
pythia_scale,pythia-2.8b,csqa,step10000,20971520000,0.435,0.192,0.216,0.2,0.2,0.2,0.6307666649520397,0.9825101062059403
pythia_scale,pythia-2.8b,csqa,step15000,31457280000,0.5,0.222,0.222,0.2,0.2,0.2,0.7154522806704045,0.9875168982744217
pythia_scale,pythia-2.8b,csqa,step22000,46137344000,0.485,0.172,0.172,0.2,0.2,0.2,0.6366535172462463,0.9847131572961807
pythia_scale,pythia-2.8b,csqa,step32000,67108864000,0.545,0.204,0.19,0.2,0.2,0.2,0.7750671374201774,0.9889621714353561
pythia_scale,pythia-2.8b,csqa,step46000,96468992000,0.545,0.188,0.196,0.2,0.2,0.2,0.8705493997335434,0.9920123609304428
pythia_scale,pythia-2.8b,csqa,step67000,140509184000,0.58,0.212,0.19,0.2,0.2,0.2,0.7790446087121964,0.9834692676067353
pythia_scale,pythia-2.8b,csqa,step98000,205520896000,0.56,0.2,0.222,0.2,0.2,0.2,0.6805967271327973,0.9895133910179138
pythia_scale,pythia-2.8b,csqa,step143000,299892736000,0.585,0.21,0.184,0.2,0.2,0.2,0.6101060895323753,0.9918198717832565
pythia_scale,pythia-2.8b,hellaswag,step512,1073741824,0.27,0.238,0.238,0.25,0.25,0.25,0.03487357522919774,0.043109477473422884
pythia_scale,pythia-2.8b,hellaswag,step1000,2097152000,0.26,0.252,0.264,0.25,0.25,0.25,0.06196572101674974,0.6133815412521362
pythia_scale,pythia-2.8b,hellaswag,step2000,4194304000,0.245,0.238,0.272,0.25,0.25,0.25,0.043105813940055665,0.947278287768364
pythia_scale,pythia-2.8b,hellaswag,step3000,6291456000,0.28,0.25,0.268,0.25,0.25,0.25,0.06378695052023978,0.9737784242630005
pythia_scale,pythia-2.8b,hellaswag,step5000,10485760000,0.295,0.238,0.284,0.25,0.25,0.25,0.22754640389606356,0.9782760370969772
pythia_scale,pythia-2.8b,hellaswag,step7000,14680064000,0.37,0.234,0.238,0.25,0.25,0.25,0.24853667905181645,0.9699004076719284
pythia_scale,pythia-2.8b,hellaswag,step10000,20971520000,0.39,0.262,0.274,0.25,0.25,0.25,0.31452709179371596,0.974848629117012
pythia_scale,pythia-2.8b,hellaswag,step15000,31457280000,0.445,0.24,0.272,0.25,0.25,0.25,0.3805424840077758,0.9867840651273727
pythia_scale,pythia-2.8b,hellaswag,step22000,46137344000,0.48,0.22,0.27,0.25,0.25,0.25,0.4857656947672367,0.9886017681360245
pythia_scale,pythia-2.8b,hellaswag,step32000,67108864000,0.495,0.214,0.23,0.25,0.25,0.25,0.4975307742655277,0.9902686219215393
pythia_scale,pythia-2.8b,hellaswag,step46000,96468992000,0.52,0.232,0.252,0.25,0.25,0.25,0.5813682223632932,0.9897734061479568
pythia_scale,pythia-2.8b,hellaswag,step67000,140509184000,0.545,0.23,0.23,0.25,0.25,0.25,0.39189678319171073,0.985362566947937
pythia_scale,pythia-2.8b,hellaswag,step98000,205520896000,0.585,0.232,0.256,0.25,0.25,0.25,0.32927082097902893,0.9882181661128998
pythia_scale,pythia-2.8b,hellaswag,step143000,299892736000,0.61,0.238,0.244,0.25,0.25,0.25,0.31126315468363464,0.994454540848732
pythia_scale,pythia-2.8b,mmlu,step512,1073741824,0.26,0.212,0.212,0.25,0.25,0.25,0.06878728155046701,0.08413384772464633
pythia_scale,pythia-2.8b,mmlu,step1000,2097152000,0.245,0.21,0.272,0.25,0.25,0.25,0.0509935134598054,0.5060519318431616
pythia_scale,pythia-2.8b,mmlu,step2000,4194304000,0.21,0.212,0.268,0.25,0.25,0.25,0.03955595042021014,0.8513081016242504
pythia_scale,pythia-2.8b,mmlu,step3000,6291456000,0.225,0.212,0.26,0.25,0.25,0.25,0.08680982593540103,0.9441367464065552
pythia_scale,pythia-2.8b,mmlu,step5000,10485760000,0.27,0.206,0.282,0.25,0.25,0.25,0.2638509824946523,0.9615655852556229
pythia_scale,pythia-2.8b,mmlu,step7000,14680064000,0.22,0.242,0.266,0.25,0.25,0.25,0.34020485895872116,0.9563321013450623
pythia_scale,pythia-2.8b,mmlu,step10000,20971520000,0.27,0.23,0.266,0.25,0.25,0.25,0.5368283893465996,0.971810795545578
pythia_scale,pythia-2.8b,mmlu,step15000,31457280000,0.27,0.26,0.252,0.25,0.25,0.25,0.5905743325129151,0.9781291733980179
pythia_scale,pythia-2.8b,mmlu,step22000,46137344000,0.315,0.244,0.262,0.25,0.25,0.25,0.562812097504735,0.9798680846691131
pythia_scale,pythia-2.8b,mmlu,step32000,67108864000,0.28,0.254,0.29,0.25,0.25,0.25,0.6856172764673829,0.985125371336937
pythia_scale,pythia-2.8b,mmlu,step46000,96468992000,0.285,0.254,0.28,0.25,0.25,0.25,0.7416004661396146,0.984587856888771
pythia_scale,pythia-2.8b,mmlu,step67000,140509184000,0.29,0.236,0.252,0.25,0.25,0.25,0.7222567950934171,0.9806531215906144
pythia_scale,pythia-2.8b,mmlu,step98000,205520896000,0.3,0.25,0.23,0.25,0.25,0.25,0.6496326122581959,0.986720703125
pythia_scale,pythia-2.8b,mmlu,step143000,299892736000,0.315,0.258,0.248,0.25,0.25,0.25,0.5814424085617066,0.9903848927021026
pythia_scale,pythia-2.8b,piqa,step512,1073741824,0.565,0.49,0.49,0.5,0.5,0.5,0.04351604100316763,0.053298831194639205
pythia_scale,pythia-2.8b,piqa,step1000,2097152000,0.6,0.546,0.51,0.5,0.5,0.5,0.018315192281268537,0.7058061659932137
pythia_scale,pythia-2.8b,piqa,step2000,4194304000,0.595,0.484,0.48,0.5,0.5,0.5,0.014766308473772369,0.868410985827446
pythia_scale,pythia-2.8b,piqa,step3000,6291456000,0.595,0.48,0.512,0.5,0.5,0.5,0.032960021497681735,0.9409458577632904
pythia_scale,pythia-2.8b,piqa,step5000,10485760000,0.675,0.484,0.496,0.5,0.5,0.5,0.18260941487550736,0.8823416820764541
pythia_scale,pythia-2.8b,piqa,step7000,14680064000,0.675,0.504,0.448,0.5,0.5,0.5,0.16739306885004043,0.8990695797204972
pythia_scale,pythia-2.8b,piqa,step10000,20971520000,0.675,0.496,0.476,0.5,0.5,0.5,0.3594252597168088,0.8981252126693725
pythia_scale,pythia-2.8b,piqa,step15000,31457280000,0.725,0.496,0.516,0.5,0.5,0.5,0.3491871082372963,0.9327066264152527
pythia_scale,pythia-2.8b,piqa,step22000,46137344000,0.74,0.478,0.508,0.5,0.5,0.5,0.42064224696159364,0.9713393329381943
pythia_scale,pythia-2.8b,piqa,step32000,67108864000,0.73,0.496,0.512,0.5,0.5,0.5,0.6295291482061147,0.9792628592252731
pythia_scale,pythia-2.8b,piqa,step46000,96468992000,0.715,0.482,0.512,0.5,0.5,0.5,0.6203470359742641,0.9732801593542099
pythia_scale,pythia-2.8b,piqa,step67000,140509184000,0.745,0.474,0.502,0.5,0.5,0.5,0.6458981946110726,0.9652551981210709
pythia_scale,pythia-2.8b,piqa,step98000,205520896000,0.745,0.492,0.506,0.5,0.5,0.5,0.5455373225882649,0.9665810869932174
pythia_scale,pythia-2.8b,piqa,step143000,299892736000,0.76,0.48,0.508,0.5,0.5,0.5,0.47136552342772486,0.9667604590654373
polypythia_410m,pythia-410m,arc_challenge,step512,1073741824,0.23,0.222,0.222,0.2504166666666667,0.2504,0.2504,0.03624976819939912,0.03730039527639747
polypythia_410m,pythia-410m,arc_challenge,step1000,2097152000,0.215,0.218,0.26,0.2504166666666667,0.2504,0.2504,0.05788442949578166,0.5088999785780907
polypythia_410m,pythia-410m,arc_challenge,step2000,4194304000,0.18,0.228,0.228,0.2504166666666667,0.2504,0.2504,0.09340373668260872,0.5094318555891514
polypythia_410m,pythia-410m,arc_challenge,step3000,6291456000,0.155,0.226,0.276,0.2504166666666667,0.2504,0.2504,0.06656186350435019,0.7591682915687561
polypythia_410m,pythia-410m,arc_challenge,step5000,10485760000,0.24,0.224,0.25,0.2504166666666667,0.2504,0.2504,0.1010166159234941,0.9491223177909851
polypythia_410m,pythia-410m,arc_challenge,step7000,14680064000,0.225,0.224,0.24,0.2504166666666667,0.2504,0.2504,0.0893191156052053,0.9481380953788757
polypythia_410m,pythia-410m,arc_challenge,step10000,20971520000,0.225,0.23,0.234,0.2504166666666667,0.2504,0.2504,0.13902712782099844,0.9521737244129181
polypythia_410m,pythia-410m,arc_challenge,step15000,31457280000,0.195,0.228,0.258,0.2504166666666667,0.2504,0.2504,0.24476444343477488,0.9789150528907776
polypythia_410m,pythia-410m,arc_challenge,step22000,46137344000,0.23,0.216,0.238,0.2504166666666667,0.2504,0.2504,0.25076118428632616,0.9689021226167679
polypythia_410m,pythia-410m,arc_challenge,step32000,67108864000,0.235,0.222,0.254,0.2504166666666667,0.2504,0.2504,0.5979495024085045,0.9804164612293244
polypythia_410m,pythia-410m,arc_challenge,step46000,96468992000,0.215,0.218,0.264,0.2504166666666667,0.2504,0.2504,0.334681807115674,0.9837692095041275
polypythia_410m,pythia-410m,arc_challenge,step67000,140509184000,0.26,0.22,0.268,0.2504166666666667,0.2504,0.2504,0.6243087481856346,0.9845519394874572
polypythia_410m,pythia-410m,arc_challenge,step98000,205520896000,0.235,0.22,0.22,0.2504166666666667,0.2504,0.2504,0.5802770077288151,0.9828758400678634
polypythia_410m,pythia-410m,arc_challenge,step143000,299892736000,0.255,0.22,0.244,0.2504166666666667,0.2504,0.2504,0.6180722903609276,0.9810088773965836
polypythia_410m,pythia-410m,arc_easy,step512,1073741824,0.235,0.25,0.25,0.2516666666666667,0.25066666666666665,0.25066666666666665,0.04343540821410716,0.044957413598895074
polypythia_410m,pythia-410m,arc_easy,step1000,2097152000,0.29,0.232,0.262,0.2516666666666667,0.25066666666666665,0.25066666666666665,0.05278247591666877,0.47245764622092246
polypythia_410m,pythia-410m,arc_easy,step2000,4194304000,0.3,0.252,0.244,0.2516666666666667,0.25066666666666665,0.25066666666666665,0.08373630313202739,0.5968615426421165
polypythia_410m,pythia-410m,arc_easy,step3000,6291456000,0.33,0.246,0.238,0.2516666666666667,0.25066666666666665,0.25066666666666665,0.06394260466098785,0.7377485748529434
polypythia_410m,pythia-410m,arc_easy,step5000,10485760000,0.39,0.248,0.258,0.2516666666666667,0.25066666666666665,0.25066666666666665,0.0941815708130598,0.945673462510109
polypythia_410m,pythia-410m,arc_easy,step7000,14680064000,0.39,0.25,0.268,0.2516666666666667,0.25066666666666665,0.25066666666666665,0.08438482623174787,0.9462400306463241
polypythia_410m,pythia-410m,arc_easy,step10000,20971520000,0.405,0.248,0.254,0.2516666666666667,0.25066666666666665,0.25066666666666665,0.12944066398218274,0.9560727648735047
polypythia_410m,pythia-410m,arc_easy,step15000,31457280000,0.405,0.248,0.258,0.2516666666666667,0.25066666666666665,0.25066666666666665,0.22005631223320962,0.9830411406755447
polypythia_410m,pythia-410m,arc_easy,step22000,46137344000,0.5,0.246,0.238,0.2516666666666667,0.25066666666666665,0.25066666666666665,0.21183576713502408,0.9717728686332703
polypythia_410m,pythia-410m,arc_easy,step32000,67108864000,0.485,0.248,0.24,0.2516666666666667,0.25066666666666665,0.25066666666666665,0.5528427809774875,0.9823285521268844
polypythia_410m,pythia-410m,arc_easy,step46000,96468992000,0.495,0.244,0.244,0.2516666666666667,0.25066666666666665,0.25066666666666665,0.28874300134927033,0.9816001844406128
polypythia_410m,pythia-410m,arc_easy,step67000,140509184000,0.52,0.262,0.242,0.2516666666666667,0.25066666666666665,0.25066666666666665,0.5868785883933306,0.9829023222923279
polypythia_410m,pythia-410m,arc_easy,step98000,205520896000,0.52,0.252,0.254,0.2516666666666667,0.25066666666666665,0.25066666666666665,0.5378835589289666,0.9819139609336853
polypythia_410m,pythia-410m,arc_easy,step143000,299892736000,0.535,0.266,0.252,0.2516666666666667,0.25066666666666665,0.25066666666666665,0.5925956480503082,0.9848285849094391
polypythia_410m,pythia-410m,csqa,step512,1073741824,0.185,0.182,0.182,0.2,0.2,0.2,0.03446438581869006,0.02787002582848072
polypythia_410m,pythia-410m,csqa,step1000,2097152000,0.195,0.18,0.186,0.2,0.2,0.2,0.03440411136485636,0.46147257125377655
polypythia_410m,pythia-410m,csqa,step2000,4194304000,0.22,0.182,0.184,0.2,0.2,0.2,0.0473071082495153,0.5409230170249939
polypythia_410m,pythia-410m,csqa,step3000,6291456000,0.31,0.184,0.196,0.2,0.2,0.2,0.04071691312454641,0.7828072917461395
polypythia_410m,pythia-410m,csqa,step5000,10485760000,0.335,0.182,0.162,0.2,0.2,0.2,0.05865436783060431,0.8967403807640075
polypythia_410m,pythia-410m,csqa,step7000,14680064000,0.34,0.182,0.166,0.2,0.2,0.2,0.06116646031104028,0.8257187190651893
polypythia_410m,pythia-410m,csqa,step10000,20971520000,0.35,0.178,0.19,0.2,0.2,0.2,0.09659621059522033,0.7290607184171677
polypythia_410m,pythia-410m,csqa,step15000,31457280000,0.375,0.186,0.18,0.2,0.2,0.2,0.1445377926081419,0.9305587630271912
polypythia_410m,pythia-410m,csqa,step22000,46137344000,0.4,0.182,0.218,0.2,0.2,0.2,0.14299200113117694,0.9462194154262543
polypythia_410m,pythia-410m,csqa,step32000,67108864000,0.425,0.192,0.182,0.2,0.2,0.2,0.4394254931807518,0.9587139443159104
polypythia_410m,pythia-410m,csqa,step46000,96468992000,0.4,0.19,0.182,0.2,0.2,0.2,0.28877266675978897,0.9659959132671356
polypythia_410m,pythia-410m,csqa,step67000,140509184000,0.405,0.184,0.182,0.2,0.2,0.2,0.5035794532969594,0.9645647369623184
polypythia_410m,pythia-410m,csqa,step98000,205520896000,0.44,0.184,0.182,0.2,0.2,0.2,0.42497242709994315,0.969126499414444
polypythia_410m,pythia-410m,csqa,step143000,299892736000,0.465,0.184,0.18,0.2,0.2,0.2,0.5880990191549063,0.970300765633583
polypythia_410m,pythia-410m,hellaswag,step512,1073741824,0.27,0.238,0.238,0.25,0.25,0.25,0.019743311483412983,0.022769010281190275
polypythia_410m,pythia-410m,hellaswag,step1000,2097152000,0.245,0.27,0.278,0.25,0.25,0.25,0.051128947026096286,0.5690885140895844
polypythia_410m,pythia-410m,hellaswag,step2000,4194304000,0.225,0.24,0.234,0.25,0.25,0.25,0.05074494616501033,0.5528014319837093
polypythia_410m,pythia-410m,hellaswag,step3000,6291456000,0.24,0.238,0.254,0.25,0.25,0.25,0.046701090762391685,0.9094145377278328
polypythia_410m,pythia-410m,hellaswag,step5000,10485760000,0.28,0.238,0.276,0.25,0.25,0.25,0.09649532087519765,0.981925747871399
polypythia_410m,pythia-410m,hellaswag,step7000,14680064000,0.295,0.242,0.274,0.25,0.25,0.25,0.06403336006216705,0.959852209687233
polypythia_410m,pythia-410m,hellaswag,step10000,20971520000,0.28,0.244,0.28,0.25,0.25,0.25,0.10554128486383706,0.953067573428154
polypythia_410m,pythia-410m,hellaswag,step15000,31457280000,0.285,0.24,0.28,0.25,0.25,0.25,0.10614639227488078,0.9825619237422943
polypythia_410m,pythia-410m,hellaswag,step22000,46137344000,0.305,0.24,0.286,0.25,0.25,0.25,0.10890608640015126,0.9790370786190032
polypythia_410m,pythia-410m,hellaswag,step32000,67108864000,0.32,0.238,0.302,0.25,0.25,0.25,0.37187391155958177,0.9790398180484772
polypythia_410m,pythia-410m,hellaswag,step46000,96468992000,0.35,0.244,0.248,0.25,0.25,0.25,0.140074172523804,0.9840424935817719
polypythia_410m,pythia-410m,hellaswag,step67000,140509184000,0.365,0.238,0.22,0.25,0.25,0.25,0.30786718061193824,0.9799103693962097
polypythia_410m,pythia-410m,hellaswag,step98000,205520896000,0.37,0.238,0.242,0.25,0.25,0.25,0.24332312354445457,0.988522962808609
polypythia_410m,pythia-410m,hellaswag,step143000,299892736000,0.395,0.24,0.264,0.25,0.25,0.25,0.3105662224367261,0.9855584805011749
polypythia_410m,pythia-410m,mmlu,step512,1073741824,0.27,0.212,0.212,0.25,0.25,0.25,0.040159380538389085,0.042512690229341385
polypythia_410m,pythia-410m,mmlu,step1000,2097152000,0.245,0.204,0.27,0.25,0.25,0.25,0.05113085205294192,0.47300040981173513
polypythia_410m,pythia-410m,mmlu,step2000,4194304000,0.25,0.216,0.252,0.25,0.25,0.25,0.09188097470242064,0.56295022341609
polypythia_410m,pythia-410m,mmlu,step3000,6291456000,0.245,0.212,0.274,0.25,0.25,0.25,0.06239022998791188,0.7441368525624276
polypythia_410m,pythia-410m,mmlu,step5000,10485760000,0.225,0.212,0.238,0.25,0.25,0.25,0.08888768203370273,0.9418278729915619
polypythia_410m,pythia-410m,mmlu,step7000,14680064000,0.195,0.212,0.228,0.25,0.25,0.25,0.08224047935009003,0.9253713850975036
polypythia_410m,pythia-410m,mmlu,step10000,20971520000,0.26,0.208,0.26,0.25,0.25,0.25,0.1261653867214918,0.9311105152368545
polypythia_410m,pythia-410m,mmlu,step15000,31457280000,0.255,0.214,0.252,0.25,0.25,0.25,0.19130559624917806,0.9744131170511245
polypythia_410m,pythia-410m,mmlu,step22000,46137344000,0.25,0.214,0.268,0.25,0.25,0.25,0.1976707780510187,0.9662537506818771
polypythia_410m,pythia-410m,mmlu,step32000,67108864000,0.275,0.222,0.254,0.25,0.25,0.25,0.5143590882271528,0.9782292243242264
polypythia_410m,pythia-410m,mmlu,step46000,96468992000,0.25,0.218,0.256,0.25,0.25,0.25,0.268308919031173,0.9734480288028717
polypythia_410m,pythia-410m,mmlu,step67000,140509184000,0.275,0.216,0.268,0.25,0.25,0.25,0.5139214161932468,0.9755989314317703
polypythia_410m,pythia-410m,mmlu,step98000,205520896000,0.27,0.214,0.242,0.25,0.25,0.25,0.45739959773328154,0.9752842059135437
polypythia_410m,pythia-410m,mmlu,step143000,299892736000,0.27,0.214,0.264,0.25,0.25,0.25,0.5093159967288375,0.9739621739387512
polypythia_410m,pythia-410m,piqa,step512,1073741824,0.545,0.49,0.49,0.5,0.5,0.5,0.018783910633996127,0.01650024695880711
polypythia_410m,pythia-410m,piqa,step1000,2097152000,0.575,0.49,0.51,0.5,0.5,0.5,0.022136644636280834,0.6543817629218102
polypythia_410m,pythia-410m,piqa,step2000,4194304000,0.57,0.49,0.51,0.5,0.5,0.5,0.0199193556047976,0.4637315830439329
polypythia_410m,pythia-410m,piqa,step3000,6291456000,0.6,0.51,0.51,0.5,0.5,0.5,0.020934008001815527,0.8349149751663208
polypythia_410m,pythia-410m,piqa,step5000,10485760000,0.6,0.492,0.508,0.5,0.5,0.5,0.032440418261568994,0.90569269323349
polypythia_410m,pythia-410m,piqa,step7000,14680064000,0.635,0.49,0.508,0.5,0.5,0.5,0.040658376939594745,0.912379876255989
polypythia_410m,pythia-410m,piqa,step10000,20971520000,0.64,0.52,0.506,0.5,0.5,0.5,0.08540146353840827,0.9245822231769562
polypythia_410m,pythia-410m,piqa,step15000,31457280000,0.655,0.504,0.516,0.5,0.5,0.5,0.12868910807929934,0.956018635392189
polypythia_410m,pythia-410m,piqa,step22000,46137344000,0.68,0.512,0.51,0.5,0.5,0.5,0.09891677476838232,0.9525237494707107
polypythia_410m,pythia-410m,piqa,step32000,67108864000,0.675,0.492,0.488,0.5,0.5,0.5,0.31646646777167914,0.9289008771181106
polypythia_410m,pythia-410m,piqa,step46000,96468992000,0.69,0.486,0.488,0.5,0.5,0.5,0.162218622289598,0.9184282149076461
polypythia_410m,pythia-410m,piqa,step67000,140509184000,0.665,0.486,0.52,0.5,0.5,0.5,0.3621864205673337,0.9476625196933747
polypythia_410m,pythia-410m,piqa,step98000,205520896000,0.68,0.492,0.506,0.5,0.5,0.5,0.2356341380160302,0.9457898217439652
polypythia_410m,pythia-410m,piqa,step143000,299892736000,0.695,0.5,0.514,0.5,0.5,0.5,0.3356335047334433,0.947926911830902
polypythia_410m,pythia-410m-seed1,arc_challenge,step512,1073741824,0.22,0.222,0.222,0.2504166666666667,0.2504,0.2504,0.047900769926607606,0.0448724752869457
polypythia_410m,pythia-410m-seed1,arc_challenge,step1000,2097152000,0.2,0.25,0.288,0.2504166666666667,0.2504,0.2504,0.04656532837077975,0.5341895707249641
polypythia_410m,pythia-410m-seed1,arc_challenge,step2000,4194304000,0.195,0.224,0.26,0.2504166666666667,0.2504,0.2504,0.06015566682070494,0.8857582529187202
polypythia_410m,pythia-410m-seed1,arc_challenge,step3000,6291456000,0.195,0.224,0.266,0.2504166666666667,0.2504,0.2504,0.07124764966964722,0.8588200936317444
polypythia_410m,pythia-410m-seed1,arc_challenge,step5000,10485760000,0.22,0.222,0.278,0.2504166666666667,0.2504,0.2504,0.10196734428405761,0.9648503152132034
polypythia_410m,pythia-410m-seed1,arc_challenge,step7000,14680064000,0.21,0.23,0.27,0.2504166666666667,0.2504,0.2504,0.07063347022235393,0.9556754785776138
polypythia_410m,pythia-410m-seed1,arc_challenge,step10000,20971520000,0.24,0.23,0.254,0.2504166666666667,0.2504,0.2504,0.16838288543373348,0.982570645570755
polypythia_410m,pythia-410m-seed1,arc_challenge,step15000,31457280000,0.23,0.24,0.272,0.2504166666666667,0.2504,0.2504,0.5105820070058107,0.9856621876955033
polypythia_410m,pythia-410m-seed1,arc_challenge,step22000,46137344000,0.185,0.222,0.29,0.2504166666666667,0.2504,0.2504,0.5155204606205225,0.9849871959686279
polypythia_410m,pythia-410m-seed1,arc_challenge,step32000,67108864000,0.27,0.228,0.288,0.2504166666666667,0.2504,0.2504,0.3997214277014136,0.9851354460716247
polypythia_410m,pythia-410m-seed1,arc_challenge,step46000,96468992000,0.25,0.222,0.234,0.2504166666666667,0.2504,0.2504,0.5853560650646686,0.9883494391441345
polypythia_410m,pythia-410m-seed1,arc_challenge,step67000,140509184000,0.24,0.224,0.256,0.2504166666666667,0.2504,0.2504,0.703741757273674,0.9902757270336151
polypythia_410m,pythia-410m-seed1,arc_challenge,step98000,205520896000,0.235,0.226,0.24,0.2504166666666667,0.2504,0.2504,0.7167309410572053,0.9884920580387115
polypythia_410m,pythia-410m-seed1,arc_challenge,step143000,299892736000,0.235,0.218,0.266,0.2504166666666667,0.2504,0.2504,0.7167310137152672,0.9864864263534546
polypythia_410m,pythia-410m-seed1,arc_easy,step512,1073741824,0.26,0.25,0.25,0.2516666666666667,0.25066666666666665,0.25066666666666665,0.0558580562826246,0.046791756544262174
polypythia_410m,pythia-410m-seed1,arc_easy,step1000,2097152000,0.3,0.216,0.242,0.2516666666666667,0.25066666666666665,0.25066666666666665,0.04913080598413944,0.44637127801775933
polypythia_410m,pythia-410m-seed1,arc_easy,step2000,4194304000,0.32,0.248,0.26,0.2516666666666667,0.25066666666666665,0.25066666666666665,0.054163581363856794,0.8136919531226158
polypythia_410m,pythia-410m-seed1,arc_easy,step3000,6291456000,0.35,0.246,0.244,0.2516666666666667,0.25066666666666665,0.25066666666666665,0.0703466926664114,0.8980308393239975
polypythia_410m,pythia-410m-seed1,arc_easy,step5000,10485760000,0.395,0.25,0.252,0.2516666666666667,0.25066666666666665,0.25066666666666665,0.10093411204963923,0.9677188540697098
polypythia_410m,pythia-410m-seed1,arc_easy,step7000,14680064000,0.45,0.248,0.232,0.2516666666666667,0.25066666666666665,0.25066666666666665,0.0682504667211324,0.954273652434349
polypythia_410m,pythia-410m-seed1,arc_easy,step10000,20971520000,0.45,0.252,0.252,0.2516666666666667,0.25066666666666665,0.25066666666666665,0.16063918717205525,0.9747961593866348
polypythia_410m,pythia-410m-seed1,arc_easy,step15000,31457280000,0.395,0.23,0.248,0.2516666666666667,0.25066666666666665,0.25066666666666665,0.4654384360611439,0.9765614589452744
polypythia_410m,pythia-410m-seed1,arc_easy,step22000,46137344000,0.43,0.236,0.266,0.2516666666666667,0.25066666666666665,0.25066666666666665,0.47925959815084934,0.9850280464887619
polypythia_410m,pythia-410m-seed1,arc_easy,step32000,67108864000,0.465,0.248,0.242,0.2516666666666667,0.25066666666666665,0.25066666666666665,0.3535429615527391,0.9798021034002304
polypythia_410m,pythia-410m-seed1,arc_easy,step46000,96468992000,0.455,0.248,0.244,0.2516666666666667,0.25066666666666665,0.25066666666666665,0.5389740290939808,0.9859164465665817
polypythia_410m,pythia-410m-seed1,arc_easy,step67000,140509184000,0.47,0.236,0.256,0.2516666666666667,0.25066666666666665,0.25066666666666665,0.6528664157092571,0.9883881914615631
polypythia_410m,pythia-410m-seed1,arc_easy,step98000,205520896000,0.495,0.242,0.25,0.2516666666666667,0.25066666666666665,0.25066666666666665,0.6819410035014153,0.9899706108570099
polypythia_410m,pythia-410m-seed1,arc_easy,step143000,299892736000,0.51,0.25,0.244,0.2516666666666667,0.25066666666666665,0.25066666666666665,0.6798300412893296,0.9842294013500213
polypythia_410m,pythia-410m-seed1,csqa,step512,1073741824,0.19,0.182,0.182,0.2,0.2,0.2,0.052083389673382045,0.03664627169072628
polypythia_410m,pythia-410m-seed1,csqa,step1000,2097152000,0.145,0.198,0.2,0.2,0.2,0.2,0.04388805681839585,0.4084392723143101
polypythia_410m,pythia-410m-seed1,csqa,step2000,4194304000,0.195,0.18,0.186,0.2,0.2,0.2,0.041940077925100926,0.748811081469059
polypythia_410m,pythia-410m-seed1,csqa,step3000,6291456000,0.275,0.18,0.186,0.2,0.2,0.2,0.050159340476617215,0.890221103310585
polypythia_410m,pythia-410m-seed1,csqa,step5000,10485760000,0.335,0.18,0.2,0.2,0.2,0.2,0.07604213212803006,0.9444414896965027
polypythia_410m,pythia-410m-seed1,csqa,step7000,14680064000,0.335,0.182,0.208,0.2,0.2,0.2,0.04626743741519749,0.9298167881965638
polypythia_410m,pythia-410m-seed1,csqa,step10000,20971520000,0.32,0.18,0.18,0.2,0.2,0.2,0.09731025851890444,0.9442020978927612
polypythia_410m,pythia-410m-seed1,csqa,step15000,31457280000,0.385,0.178,0.186,0.2,0.2,0.2,0.31908705058321357,0.9706080260276795
polypythia_410m,pythia-410m-seed1,csqa,step22000,46137344000,0.39,0.182,0.184,0.2,0.2,0.2,0.35106967148184776,0.9619793108701706
polypythia_410m,pythia-410m-seed1,csqa,step32000,67108864000,0.395,0.184,0.216,0.2,0.2,0.2,0.2754308354780078,0.9675840328931808
polypythia_410m,pythia-410m-seed1,csqa,step46000,96468992000,0.43,0.184,0.186,0.2,0.2,0.2,0.4850573204755783,0.96481367623806
polypythia_410m,pythia-410m-seed1,csqa,step67000,140509184000,0.42,0.194,0.184,0.2,0.2,0.2,0.603624774724245,0.9630875293016433
polypythia_410m,pythia-410m-seed1,csqa,step98000,205520896000,0.43,0.18,0.186,0.2,0.2,0.2,0.6427876566946507,0.9757190861701965
polypythia_410m,pythia-410m-seed1,csqa,step143000,299892736000,0.415,0.2,0.182,0.2,0.2,0.2,0.6734775897562504,0.9752355530261994
polypythia_410m,pythia-410m-seed1,hellaswag,step512,1073741824,0.285,0.238,0.238,0.25,0.25,0.25,0.02648214737139642,0.025920336738228796
polypythia_410m,pythia-410m-seed1,hellaswag,step1000,2097152000,0.26,0.268,0.244,0.25,0.25,0.25,0.04154793419316411,0.5078508183658123
polypythia_410m,pythia-410m-seed1,hellaswag,step2000,4194304000,0.24,0.238,0.238,0.25,0.25,0.25,0.05190412475913763,0.7706875129938126
polypythia_410m,pythia-410m-seed1,hellaswag,step3000,6291456000,0.24,0.24,0.228,0.25,0.25,0.25,0.05791414957679808,0.8483728829026222
polypythia_410m,pythia-410m-seed1,hellaswag,step5000,10485760000,0.255,0.242,0.28,0.25,0.25,0.25,0.07052366825239732,0.9611873522996902
polypythia_410m,pythia-410m-seed1,hellaswag,step7000,14680064000,0.285,0.236,0.23,0.25,0.25,0.25,0.037040830287151036,0.8827858486175537
polypythia_410m,pythia-410m-seed1,hellaswag,step10000,20971520000,0.315,0.238,0.24,0.25,0.25,0.25,0.08894125809147954,0.9574768397808074
polypythia_410m,pythia-410m-seed1,hellaswag,step15000,31457280000,0.305,0.236,0.234,0.25,0.25,0.25,0.20388929837942124,0.9638450853824615
polypythia_410m,pythia-410m-seed1,hellaswag,step22000,46137344000,0.305,0.238,0.232,0.25,0.25,0.25,0.2351467811986804,0.9830987216234207
polypythia_410m,pythia-410m-seed1,hellaswag,step32000,67108864000,0.325,0.238,0.218,0.25,0.25,0.25,0.22939491025358438,0.9783653198480606
polypythia_410m,pythia-410m-seed1,hellaswag,step46000,96468992000,0.365,0.238,0.23,0.25,0.25,0.25,0.35601613160967827,0.9875326966047286
polypythia_410m,pythia-410m-seed1,hellaswag,step67000,140509184000,0.365,0.238,0.234,0.25,0.25,0.25,0.4438337309509516,0.9896235110759735
polypythia_410m,pythia-410m-seed1,hellaswag,step98000,205520896000,0.38,0.24,0.244,0.25,0.25,0.25,0.46788332672417166,0.9841337832212448
polypythia_410m,pythia-410m-seed1,hellaswag,step143000,299892736000,0.375,0.238,0.23,0.25,0.25,0.25,0.41183952579647304,0.9865670267343521
polypythia_410m,pythia-410m-seed1,mmlu,step512,1073741824,0.245,0.212,0.212,0.25,0.25,0.25,0.03987921807356179,0.0368150583691895
polypythia_410m,pythia-410m-seed1,mmlu,step1000,2097152000,0.24,0.232,0.272,0.25,0.25,0.25,0.044901972603052856,0.44706156784296036
polypythia_410m,pythia-410m-seed1,mmlu,step2000,4194304000,0.25,0.214,0.24,0.25,0.25,0.25,0.05696313638612628,0.8059140339493751
polypythia_410m,pythia-410m-seed1,mmlu,step3000,6291456000,0.26,0.212,0.262,0.25,0.25,0.25,0.05516787090618163,0.8510781411528587
polypythia_410m,pythia-410m-seed1,mmlu,step5000,10485760000,0.215,0.214,0.26,0.25,0.25,0.25,0.0781568283047527,0.9449440766572952
polypythia_410m,pythia-410m-seed1,mmlu,step7000,14680064000,0.22,0.214,0.262,0.25,0.25,0.25,0.06573051520390435,0.928260391831398
polypythia_410m,pythia-410m-seed1,mmlu,step10000,20971520000,0.255,0.206,0.242,0.25,0.25,0.25,0.13981928757578135,0.9634454245567322
polypythia_410m,pythia-410m-seed1,mmlu,step15000,31457280000,0.21,0.214,0.278,0.25,0.25,0.25,0.3632848223373294,0.9719060695171357
polypythia_410m,pythia-410m-seed1,mmlu,step22000,46137344000,0.26,0.21,0.276,0.25,0.25,0.25,0.36585035563632845,0.9733057616949081
polypythia_410m,pythia-410m-seed1,mmlu,step32000,67108864000,0.265,0.218,0.264,0.25,0.25,0.25,0.2870122840069234,0.9738899477720261
polypythia_410m,pythia-410m-seed1,mmlu,step46000,96468992000,0.295,0.22,0.268,0.25,0.25,0.25,0.4478720520064235,0.9810046389102935
polypythia_410m,pythia-410m-seed1,mmlu,step67000,140509184000,0.265,0.208,0.254,0.25,0.25,0.25,0.5619158503711223,0.9848707419633865
polypythia_410m,pythia-410m-seed1,mmlu,step98000,205520896000,0.28,0.222,0.232,0.25,0.25,0.25,0.6219008498713374,0.984902347445488
polypythia_410m,pythia-410m-seed1,mmlu,step143000,299892736000,0.305,0.204,0.256,0.25,0.25,0.25,0.6499148723259568,0.9832525894641876
polypythia_410m,pythia-410m-seed1,piqa,step512,1073741824,0.57,0.49,0.49,0.5,0.5,0.5,0.01948353775124997,0.018463498782366514
polypythia_410m,pythia-410m-seed1,piqa,step1000,2097152000,0.585,0.506,0.51,0.5,0.5,0.5,0.025058687183540315,0.6911761514544487
polypythia_410m,pythia-410m-seed1,piqa,step2000,4194304000,0.6,0.486,0.51,0.5,0.5,0.5,0.028456700212787837,0.8040956112146378
polypythia_410m,pythia-410m-seed1,piqa,step3000,6291456000,0.59,0.492,0.51,0.5,0.5,0.5,0.036822013434022666,0.869305482327938
polypythia_410m,pythia-410m-seed1,piqa,step5000,10485760000,0.64,0.488,0.51,0.5,0.5,0.5,0.04363004923285917,0.9584327809810639
polypythia_410m,pythia-410m-seed1,piqa,step7000,14680064000,0.615,0.488,0.51,0.5,0.5,0.5,0.029282489241566508,0.9639118930101395
polypythia_410m,pythia-410m-seed1,piqa,step10000,20971520000,0.645,0.486,0.512,0.5,0.5,0.5,0.06043105836119503,0.9742809782028198
polypythia_410m,pythia-410m-seed1,piqa,step15000,31457280000,0.635,0.536,0.482,0.5,0.5,0.5,0.2879424404352903,0.9394703335762024
polypythia_410m,pythia-410m-seed1,piqa,step22000,46137344000,0.67,0.52,0.512,0.5,0.5,0.5,0.27682784912735225,0.9204101972579956
polypythia_410m,pythia-410m-seed1,piqa,step32000,67108864000,0.655,0.494,0.508,0.5,0.5,0.5,0.23426727053895594,0.9700977326631546
polypythia_410m,pythia-410m-seed1,piqa,step46000,96468992000,0.645,0.49,0.508,0.5,0.5,0.5,0.3999994556680322,0.9865780321359634
polypythia_410m,pythia-410m-seed1,piqa,step67000,140509184000,0.665,0.508,0.516,0.5,0.5,0.5,0.5424352120459079,0.963131358385086
polypythia_410m,pythia-410m-seed1,piqa,step98000,205520896000,0.66,0.47,0.5,0.5,0.5,0.5,0.4801445265226066,0.9647521920204163
polypythia_410m,pythia-410m-seed1,piqa,step143000,299892736000,0.69,0.486,0.466,0.5,0.5,0.5,0.5595697820112109,0.9572789194583893
polypythia_410m,pythia-410m-seed2,arc_challenge,step512,1073741824,0.24,0.222,0.222,0.2504166666666667,0.2504,0.2504,0.0494890163615346,0.04822994438931346
polypythia_410m,pythia-410m-seed2,arc_challenge,step1000,2097152000,0.21,0.224,0.27,0.2504166666666667,0.2504,0.2504,0.07113928818143904,0.4601745412349701
polypythia_410m,pythia-410m-seed2,arc_challenge,step2000,4194304000,0.19,0.234,0.288,0.2504166666666667,0.2504,0.2504,0.08761139572411776,0.7701870223283768
polypythia_410m,pythia-410m-seed2,arc_challenge,step3000,6291456000,0.215,0.23,0.268,0.2504166666666667,0.2504,0.2504,0.10081702165491879,0.7760904651880264
polypythia_410m,pythia-410m-seed2,arc_challenge,step5000,10485760000,0.19,0.226,0.244,0.2504166666666667,0.2504,0.2504,0.1300974814388901,0.978331659078598
polypythia_410m,pythia-410m-seed2,arc_challenge,step7000,14680064000,0.19,0.226,0.29,0.2504166666666667,0.2504,0.2504,0.1792927912697196,0.976369010090828
polypythia_410m,pythia-410m-seed2,arc_challenge,step10000,20971520000,0.195,0.236,0.294,0.2504166666666667,0.2504,0.2504,0.18199275759980083,0.9737337989807129
polypythia_410m,pythia-410m-seed2,arc_challenge,step15000,31457280000,0.205,0.24,0.236,0.2504166666666667,0.2504,0.2504,0.21906709804385902,0.9809340517520905
polypythia_410m,pythia-410m-seed2,arc_challenge,step22000,46137344000,0.23,0.244,0.24,0.2504166666666667,0.2504,0.2504,0.2720012820586562,0.9855286244153977
polypythia_410m,pythia-410m-seed2,arc_challenge,step32000,67108864000,0.185,0.23,0.244,0.2504166666666667,0.2504,0.2504,0.3645846219137311,0.9880188155174255
polypythia_410m,pythia-410m-seed2,arc_challenge,step46000,96468992000,0.27,0.212,0.246,0.2504166666666667,0.2504,0.2504,0.3952459415048361,0.9862810842990876
polypythia_410m,pythia-410m-seed2,arc_challenge,step67000,140509184000,0.27,0.23,0.248,0.2504166666666667,0.2504,0.2504,0.4446783832013607,0.9808600585460663
polypythia_410m,pythia-410m-seed2,arc_challenge,step98000,205520896000,0.26,0.23,0.252,0.2504166666666667,0.2504,0.2504,0.5247488173991441,0.9784347378015518
polypythia_410m,pythia-410m-seed2,arc_challenge,step143000,299892736000,0.25,0.232,0.262,0.2504166666666667,0.2504,0.2504,0.5250363163203001,0.9778312382698059
polypythia_410m,pythia-410m-seed2,arc_easy,step512,1073741824,0.255,0.25,0.25,0.2516666666666667,0.25066666666666665,0.25066666666666665,0.05676152003370225,0.04589562079682946
polypythia_410m,pythia-410m-seed2,arc_easy,step1000,2097152000,0.265,0.25,0.244,0.2516666666666667,0.25066666666666665,0.25066666666666665,0.06259052115306259,0.3288809455484152
polypythia_410m,pythia-410m-seed2,arc_easy,step2000,4194304000,0.325,0.242,0.26,0.2516666666666667,0.25066666666666665,0.25066666666666665,0.08243303686380386,0.8424460372924805
polypythia_410m,pythia-410m-seed2,arc_easy,step3000,6291456000,0.375,0.252,0.256,0.2516666666666667,0.25066666666666665,0.25066666666666665,0.09608275099843741,0.8861651818752289
polypythia_410m,pythia-410m-seed2,arc_easy,step5000,10485760000,0.415,0.25,0.252,0.2516666666666667,0.25066666666666665,0.25066666666666665,0.1235693255290389,0.9787470471858978
polypythia_410m,pythia-410m-seed2,arc_easy,step7000,14680064000,0.415,0.246,0.236,0.2516666666666667,0.25066666666666665,0.25066666666666665,0.1728628010340035,0.9663462834358215
polypythia_410m,pythia-410m-seed2,arc_easy,step10000,20971520000,0.405,0.25,0.25,0.2516666666666667,0.25066666666666665,0.25066666666666665,0.16473173550888895,0.9534704506397247
polypythia_410m,pythia-410m-seed2,arc_easy,step15000,31457280000,0.465,0.246,0.222,0.2516666666666667,0.25066666666666665,0.25066666666666665,0.2010823231190443,0.9739572359323502
polypythia_410m,pythia-410m-seed2,arc_easy,step22000,46137344000,0.465,0.242,0.262,0.2516666666666667,0.25066666666666665,0.25066666666666665,0.24507900210097433,0.9803634594678878
polypythia_410m,pythia-410m-seed2,arc_easy,step32000,67108864000,0.475,0.246,0.244,0.2516666666666667,0.25066666666666665,0.25066666666666665,0.3299588421881199,0.9857627762556076
polypythia_410m,pythia-410m-seed2,arc_easy,step46000,96468992000,0.49,0.206,0.268,0.2516666666666667,0.25066666666666665,0.25066666666666665,0.3632941269427538,0.9875394885540009
polypythia_410m,pythia-410m-seed2,arc_easy,step67000,140509184000,0.49,0.23,0.26,0.2516666666666667,0.25066666666666665,0.25066666666666665,0.3907979357168078,0.9863794269561768
polypythia_410m,pythia-410m-seed2,arc_easy,step98000,205520896000,0.49,0.22,0.268,0.2516666666666667,0.25066666666666665,0.25066666666666665,0.4723954064175487,0.982819756269455
polypythia_410m,pythia-410m-seed2,arc_easy,step143000,299892736000,0.515,0.194,0.276,0.2516666666666667,0.25066666666666665,0.25066666666666665,0.4710289910957217,0.9806357063055039
polypythia_410m,pythia-410m-seed2,csqa,step512,1073741824,0.2,0.182,0.182,0.2,0.2,0.2,0.04049867399409413,0.0312462025731802
polypythia_410m,pythia-410m-seed2,csqa,step1000,2097152000,0.155,0.182,0.182,0.2,0.2,0.2,0.03406093775294721,0.2958182585835457
polypythia_410m,pythia-410m-seed2,csqa,step2000,4194304000,0.22,0.186,0.194,0.2,0.2,0.2,0.05417216404899955,0.854204618871212
polypythia_410m,pythia-410m-seed2,csqa,step3000,6291456000,0.24,0.186,0.212,0.2,0.2,0.2,0.06325194944441319,0.9068520429134369
polypythia_410m,pythia-410m-seed2,csqa,step5000,10485760000,0.28,0.178,0.212,0.2,0.2,0.2,0.06764613023400307,0.9549403882026672
polypythia_410m,pythia-410m-seed2,csqa,step7000,14680064000,0.355,0.178,0.22,0.2,0.2,0.2,0.1056091828905046,0.9535912331342697
polypythia_410m,pythia-410m-seed2,csqa,step10000,20971520000,0.33,0.176,0.182,0.2,0.2,0.2,0.10235098245926201,0.9516690250635147
polypythia_410m,pythia-410m-seed2,csqa,step15000,31457280000,0.375,0.192,0.196,0.2,0.2,0.2,0.1445717851780355,0.9676320489645004
polypythia_410m,pythia-410m-seed2,csqa,step22000,46137344000,0.345,0.194,0.196,0.2,0.2,0.2,0.20197706086561085,0.9606983431577683
polypythia_410m,pythia-410m-seed2,csqa,step32000,67108864000,0.41,0.184,0.174,0.2,0.2,0.2,0.1718312885798514,0.9731129888296127
polypythia_410m,pythia-410m-seed2,csqa,step46000,96468992000,0.44,0.186,0.18,0.2,0.2,0.2,0.255643065340817,0.9848438777923584
polypythia_410m,pythia-410m-seed2,csqa,step67000,140509184000,0.42,0.184,0.182,0.2,0.2,0.2,0.3001191927343607,0.9894585938453674
polypythia_410m,pythia-410m-seed2,csqa,step98000,205520896000,0.46,0.216,0.182,0.2,0.2,0.2,0.3519597749114037,0.9755450996160507
polypythia_410m,pythia-410m-seed2,csqa,step143000,299892736000,0.47,0.212,0.18,0.2,0.2,0.2,0.3372231570929289,0.9815710498094559
polypythia_410m,pythia-410m-seed2,hellaswag,step512,1073741824,0.28,0.238,0.238,0.25,0.25,0.25,0.024905096433125436,0.02367954730056226
polypythia_410m,pythia-410m-seed2,hellaswag,step1000,2097152000,0.285,0.238,0.248,0.25,0.25,0.25,0.06374384051002562,0.5546444317102432
polypythia_410m,pythia-410m-seed2,hellaswag,step2000,4194304000,0.24,0.244,0.268,0.25,0.25,0.25,0.06111540627107024,0.8354023218750953
polypythia_410m,pythia-410m-seed2,hellaswag,step3000,6291456000,0.24,0.24,0.262,0.25,0.25,0.25,0.08282583956792951,0.9103803847432137
polypythia_410m,pythia-410m-seed2,hellaswag,step5000,10485760000,0.28,0.236,0.276,0.25,0.25,0.25,0.12456706046313047,0.9812699764966964
polypythia_410m,pythia-410m-seed2,hellaswag,step7000,14680064000,0.285,0.234,0.294,0.25,0.25,0.25,0.1146223501265049,0.9757482221126557
polypythia_410m,pythia-410m-seed2,hellaswag,step10000,20971520000,0.285,0.24,0.266,0.25,0.25,0.25,0.10399267365038395,0.9623561524152756
polypythia_410m,pythia-410m-seed2,hellaswag,step15000,31457280000,0.31,0.238,0.258,0.25,0.25,0.25,0.1274550913311541,0.9655784015655517
polypythia_410m,pythia-410m-seed2,hellaswag,step22000,46137344000,0.345,0.238,0.266,0.25,0.25,0.25,0.12692578795365989,0.9746147437095642
polypythia_410m,pythia-410m-seed2,hellaswag,step32000,67108864000,0.36,0.24,0.26,0.25,0.25,0.25,0.11291132202371955,0.9816351112127304
polypythia_410m,pythia-410m-seed2,hellaswag,step46000,96468992000,0.355,0.24,0.284,0.25,0.25,0.25,0.09949242837354541,0.9865328567028046
polypythia_410m,pythia-410m-seed2,hellaswag,step67000,140509184000,0.41,0.234,0.278,0.25,0.25,0.25,0.14863723434135317,0.9845368943214416
polypythia_410m,pythia-410m-seed2,hellaswag,step98000,205520896000,0.38,0.23,0.234,0.25,0.25,0.25,0.2017356864605099,0.9771196419000625
polypythia_410m,pythia-410m-seed2,hellaswag,step143000,299892736000,0.385,0.24,0.254,0.25,0.25,0.25,0.17081784188840538,0.9761388927698136
polypythia_410m,pythia-410m-seed2,mmlu,step512,1073741824,0.26,0.212,0.212,0.25,0.25,0.25,0.03986921401880682,0.036516419902443885
polypythia_410m,pythia-410m-seed2,mmlu,step1000,2097152000,0.21,0.214,0.214,0.25,0.25,0.25,0.06457060687430204,0.3842797833234072
polypythia_410m,pythia-410m-seed2,mmlu,step2000,4194304000,0.24,0.22,0.24,0.25,0.25,0.25,0.07730285336449742,0.783669638723135
polypythia_410m,pythia-410m-seed2,mmlu,step3000,6291456000,0.245,0.218,0.254,0.25,0.25,0.25,0.09122458491660655,0.7936070921421051
polypythia_410m,pythia-410m-seed2,mmlu,step5000,10485760000,0.235,0.212,0.238,0.25,0.25,0.25,0.12393362358212472,0.9584032377004623
polypythia_410m,pythia-410m-seed2,mmlu,step7000,14680064000,0.27,0.214,0.264,0.25,0.25,0.25,0.1657385520040989,0.9628269699811935
polypythia_410m,pythia-410m-seed2,mmlu,step10000,20971520000,0.225,0.216,0.258,0.25,0.25,0.25,0.14520877113752068,0.9543856649398804
polypythia_410m,pythia-410m-seed2,mmlu,step15000,31457280000,0.25,0.226,0.264,0.25,0.25,0.25,0.156212928827852,0.9678911492824555
polypythia_410m,pythia-410m-seed2,mmlu,step22000,46137344000,0.265,0.242,0.264,0.25,0.25,0.25,0.2143276084586978,0.9708970028162003
polypythia_410m,pythia-410m-seed2,mmlu,step32000,67108864000,0.285,0.218,0.22,0.25,0.25,0.25,0.2734900262132287,0.9792398358583451
polypythia_410m,pythia-410m-seed2,mmlu,step46000,96468992000,0.245,0.208,0.218,0.25,0.25,0.25,0.3499303063414991,0.9812574802637101
polypythia_410m,pythia-410m-seed2,mmlu,step67000,140509184000,0.265,0.248,0.226,0.25,0.25,0.25,0.33562057726085187,0.9840510323047638
polypythia_410m,pythia-410m-seed2,mmlu,step98000,205520896000,0.27,0.228,0.24,0.25,0.25,0.25,0.41531623651832345,0.9783490005731582
polypythia_410m,pythia-410m-seed2,mmlu,step143000,299892736000,0.275,0.246,0.23,0.25,0.25,0.25,0.4017217873185873,0.9777518908381462
polypythia_410m,pythia-410m-seed2,piqa,step512,1073741824,0.545,0.49,0.49,0.5,0.5,0.5,0.0226614537271671,0.0155564687801525
polypythia_410m,pythia-410m-seed2,piqa,step1000,2097152000,0.58,0.488,0.51,0.5,0.5,0.5,0.02750984787940979,0.5254162281751633
polypythia_410m,pythia-410m-seed2,piqa,step2000,4194304000,0.66,0.474,0.51,0.5,0.5,0.5,0.047737091347575186,0.8740581419467927
polypythia_410m,pythia-410m-seed2,piqa,step3000,6291456000,0.625,0.472,0.518,0.5,0.5,0.5,0.057122618272900584,0.8978552242517471
polypythia_410m,pythia-410m-seed2,piqa,step5000,10485760000,0.615,0.488,0.522,0.5,0.5,0.5,0.056633413514588025,0.9368897300958633
polypythia_410m,pythia-410m-seed2,piqa,step7000,14680064000,0.605,0.482,0.508,0.5,0.5,0.5,0.08704822685196996,0.9533130637407303
polypythia_410m,pythia-410m-seed2,piqa,step10000,20971520000,0.645,0.496,0.506,0.5,0.5,0.5,0.05508498008176684,0.9358551955223083
polypythia_410m,pythia-410m-seed2,piqa,step15000,31457280000,0.645,0.518,0.472,0.5,0.5,0.5,0.0688819739818573,0.947921452999115
polypythia_410m,pythia-410m-seed2,piqa,step22000,46137344000,0.655,0.494,0.49,0.5,0.5,0.5,0.08854300430975855,0.9390824873447419
polypythia_410m,pythia-410m-seed2,piqa,step32000,67108864000,0.655,0.486,0.486,0.5,0.5,0.5,0.08503599700145423,0.9602014915943146
polypythia_410m,pythia-410m-seed2,piqa,step46000,96468992000,0.665,0.496,0.464,0.5,0.5,0.5,0.06766775745432824,0.9508992444276809
polypythia_410m,pythia-410m-seed2,piqa,step67000,140509184000,0.675,0.482,0.478,0.5,0.5,0.5,0.12281792852468788,0.9232903143167496
polypythia_410m,pythia-410m-seed2,piqa,step98000,205520896000,0.69,0.514,0.514,0.5,0.5,0.5,0.23519433332420886,0.9427226989269256
polypythia_410m,pythia-410m-seed2,piqa,step143000,299892736000,0.69,0.5,0.512,0.5,0.5,0.5,0.2544736030809581,0.9397819563150406
polypythia_410m,pythia-410m-seed3,arc_challenge,step512,1073741824,0.235,0.222,0.222,0.2504166666666667,0.2504,0.2504,0.0406440085042268,0.038941311750561
polypythia_410m,pythia-410m-seed3,arc_challenge,step1000,2097152000,0.2,0.226,0.242,0.2504166666666667,0.2504,0.2504,0.08121668901667,0.7259484078288079
polypythia_410m,pythia-410m-seed3,arc_challenge,step2000,4194304000,0.175,0.224,0.242,0.2504166666666667,0.2504,0.2504,0.12499341500550508,0.8544702948927879
polypythia_410m,pythia-410m-seed3,arc_challenge,step3000,6291456000,0.215,0.224,0.24,0.2504166666666667,0.2504,0.2504,0.08084626959264278,0.9343501600027084
polypythia_410m,pythia-410m-seed3,arc_challenge,step5000,10485760000,0.205,0.228,0.246,0.2504166666666667,0.2504,0.2504,0.07156733553856612,0.9485467360019684
polypythia_410m,pythia-410m-seed3,arc_challenge,step7000,14680064000,0.2,0.224,0.278,0.2504166666666667,0.2504,0.2504,0.09706040652655065,0.9895383217334748
polypythia_410m,pythia-410m-seed3,arc_challenge,step10000,20971520000,0.205,0.226,0.24,0.2504166666666667,0.2504,0.2504,0.1069753432162106,0.9758008780479431
polypythia_410m,pythia-410m-seed3,arc_challenge,step15000,31457280000,0.215,0.23,0.256,0.2504166666666667,0.2504,0.2504,0.3862115299552679,0.9829362128973007
polypythia_410m,pythia-410m-seed3,arc_challenge,step22000,46137344000,0.23,0.23,0.228,0.2504166666666667,0.2504,0.2504,0.4622662591636181,0.9716380183696747
polypythia_410m,pythia-410m-seed3,arc_challenge,step32000,67108864000,0.26,0.224,0.236,0.2504166666666667,0.2504,0.2504,0.4261863137483597,0.9829882805347443
polypythia_410m,pythia-410m-seed3,arc_challenge,step46000,96468992000,0.24,0.224,0.226,0.2504166666666667,0.2504,0.2504,0.6798377373963594,0.9788295500278473
polypythia_410m,pythia-410m-seed3,arc_challenge,step67000,140509184000,0.235,0.22,0.238,0.2504166666666667,0.2504,0.2504,0.6095578606799245,0.9856555923223496
polypythia_410m,pythia-410m-seed3,arc_challenge,step98000,205520896000,0.22,0.246,0.256,0.2504166666666667,0.2504,0.2504,0.23559543453902007,0.9707439430952072
polypythia_410m,pythia-410m-seed3,arc_challenge,step143000,299892736000,0.2,0.236,0.262,0.2504166666666667,0.2504,0.2504,0.5140124306604266,0.9879666492938995
polypythia_410m,pythia-410m-seed3,arc_easy,step512,1073741824,0.265,0.25,0.25,0.2516666666666667,0.25066666666666665,0.25066666666666665,0.0455568897202611,0.04313181011378765
polypythia_410m,pythia-410m-seed3,arc_easy,step1000,2097152000,0.29,0.252,0.248,0.2516666666666667,0.25066666666666665,0.25066666666666665,0.06983454848453402,0.7145803119540215
polypythia_410m,pythia-410m-seed3,arc_easy,step2000,4194304000,0.285,0.25,0.266,0.2516666666666667,0.25066666666666665,0.25066666666666665,0.12109819477424026,0.8311560583710671
polypythia_410m,pythia-410m-seed3,arc_easy,step3000,6291456000,0.335,0.248,0.25,0.2516666666666667,0.25066666666666665,0.25066666666666665,0.07246156804263591,0.9047522432506084
polypythia_410m,pythia-410m-seed3,arc_easy,step5000,10485760000,0.325,0.246,0.256,0.2516666666666667,0.25066666666666665,0.25066666666666665,0.07317951280996203,0.9228237997293472
polypythia_410m,pythia-410m-seed3,arc_easy,step7000,14680064000,0.375,0.244,0.262,0.2516666666666667,0.25066666666666665,0.25066666666666665,0.09491242924891412,0.9820593008995057
polypythia_410m,pythia-410m-seed3,arc_easy,step10000,20971520000,0.44,0.242,0.252,0.2516666666666667,0.25066666666666665,0.25066666666666665,0.09970524555072188,0.9232927204370499
polypythia_410m,pythia-410m-seed3,arc_easy,step15000,31457280000,0.435,0.246,0.246,0.2516666666666667,0.25066666666666665,0.25066666666666665,0.33292033802717924,0.9775304452180863
polypythia_410m,pythia-410m-seed3,arc_easy,step22000,46137344000,0.475,0.246,0.238,0.2516666666666667,0.25066666666666665,0.25066666666666665,0.40483337127417324,0.9659866135120392
polypythia_410m,pythia-410m-seed3,arc_easy,step32000,67108864000,0.465,0.258,0.234,0.2516666666666667,0.25066666666666665,0.25066666666666665,0.3795238568857312,0.9837216067314148
polypythia_410m,pythia-410m-seed3,arc_easy,step46000,96468992000,0.45,0.26,0.248,0.2516666666666667,0.25066666666666665,0.25066666666666665,0.6298042047172785,0.9787759970426559
polypythia_410m,pythia-410m-seed3,arc_easy,step67000,140509184000,0.505,0.262,0.214,0.2516666666666667,0.25066666666666665,0.25066666666666665,0.5716364295035601,0.9871047310829163
polypythia_410m,pythia-410m-seed3,arc_easy,step98000,205520896000,0.4,0.228,0.262,0.2516666666666667,0.25066666666666665,0.25066666666666665,0.2158263450190425,0.9632114866971969
polypythia_410m,pythia-410m-seed3,arc_easy,step143000,299892736000,0.435,0.246,0.272,0.2516666666666667,0.25066666666666665,0.25066666666666665,0.4610409848764539,0.9876813975572586
polypythia_410m,pythia-410m-seed3,csqa,step512,1073741824,0.19,0.182,0.182,0.2,0.2,0.2,0.04187194562330842,0.03602000265941024
polypythia_410m,pythia-410m-seed3,csqa,step1000,2097152000,0.2,0.18,0.182,0.2,0.2,0.2,0.04389933204464615,0.6263363844156266
polypythia_410m,pythia-410m-seed3,csqa,step2000,4194304000,0.245,0.182,0.208,0.2,0.2,0.2,0.07935921043902636,0.8261442476511002
polypythia_410m,pythia-410m-seed3,csqa,step3000,6291456000,0.27,0.182,0.192,0.2,0.2,0.2,0.04662387010827661,0.9488713403940201
polypythia_410m,pythia-410m-seed3,csqa,step5000,10485760000,0.3,0.18,0.202,0.2,0.2,0.2,0.055265083514153955,0.8656647108793258
polypythia_410m,pythia-410m-seed3,csqa,step7000,14680064000,0.33,0.188,0.208,0.2,0.2,0.2,0.06716457588598132,0.9653052682876587
polypythia_410m,pythia-410m-seed3,csqa,step10000,20971520000,0.335,0.176,0.204,0.2,0.2,0.2,0.0800905230268836,0.9442961674928665
polypythia_410m,pythia-410m-seed3,csqa,step15000,31457280000,0.355,0.176,0.178,0.2,0.2,0.2,0.2057924977466464,0.9635524513721466
polypythia_410m,pythia-410m-seed3,csqa,step22000,46137344000,0.345,0.184,0.164,0.2,0.2,0.2,0.24592819435149432,0.9691296298503875
polypythia_410m,pythia-410m-seed3,csqa,step32000,67108864000,0.37,0.18,0.186,0.2,0.2,0.2,0.2724178785085678,0.9831773236989975
polypythia_410m,pythia-410m-seed3,csqa,step46000,96468992000,0.37,0.188,0.182,0.2,0.2,0.2,0.49830417320132253,0.9771565099954606
polypythia_410m,pythia-410m-seed3,csqa,step67000,140509184000,0.395,0.174,0.182,0.2,0.2,0.2,0.4305246064662933,0.9657886481285095
polypythia_410m,pythia-410m-seed3,csqa,step98000,205520896000,0.36,0.18,0.184,0.2,0.2,0.2,0.07973833867534995,0.9435039771795273
polypythia_410m,pythia-410m-seed3,csqa,step143000,299892736000,0.325,0.174,0.206,0.2,0.2,0.2,0.24326640366017818,0.9685542266368866
polypythia_410m,pythia-410m-seed3,hellaswag,step512,1073741824,0.29,0.238,0.238,0.25,0.25,0.25,0.022380450951866807,0.023424210233613848
polypythia_410m,pythia-410m-seed3,hellaswag,step1000,2097152000,0.225,0.238,0.282,0.25,0.25,0.25,0.05866559200920165,0.7680890680551529
polypythia_410m,pythia-410m-seed3,hellaswag,step2000,4194304000,0.255,0.234,0.258,0.25,0.25,0.25,0.0956898446381092,0.8323529290556908
polypythia_410m,pythia-410m-seed3,hellaswag,step3000,6291456000,0.265,0.238,0.252,0.25,0.25,0.25,0.07536194006539881,0.7950466556847096
polypythia_410m,pythia-410m-seed3,hellaswag,step5000,10485760000,0.285,0.25,0.276,0.25,0.25,0.25,0.05655408061761409,0.9296309776306152
polypythia_410m,pythia-410m-seed3,hellaswag,step7000,14680064000,0.29,0.248,0.206,0.25,0.25,0.25,0.09368567609600723,0.9911028003692627
polypythia_410m,pythia-410m-seed3,hellaswag,step10000,20971520000,0.3,0.246,0.28,0.25,0.25,0.25,0.09234003244154156,0.9763420741558075
polypythia_410m,pythia-410m-seed3,hellaswag,step15000,31457280000,0.32,0.226,0.242,0.25,0.25,0.25,0.223081107519567,0.9815987095832824
polypythia_410m,pythia-410m-seed3,hellaswag,step22000,46137344000,0.33,0.236,0.224,0.25,0.25,0.25,0.18782225406728684,0.9705205500125885
polypythia_410m,pythia-410m-seed3,hellaswag,step32000,67108864000,0.33,0.24,0.274,0.25,0.25,0.25,0.17319723535049708,0.9813428076505661
polypythia_410m,pythia-410m-seed3,hellaswag,step46000,96468992000,0.365,0.232,0.278,0.25,0.25,0.25,0.22729975483752787,0.9829630032777786
polypythia_410m,pythia-410m-seed3,hellaswag,step67000,140509184000,0.36,0.23,0.278,0.25,0.25,0.25,0.1804408982275054,0.9827608610391617
polypythia_410m,pythia-410m-seed3,hellaswag,step98000,205520896000,0.305,0.238,0.274,0.25,0.25,0.25,0.10061254967749118,0.96111563372612
polypythia_410m,pythia-410m-seed3,hellaswag,step143000,299892736000,0.33,0.23,0.284,0.25,0.25,0.25,0.23315225725620986,0.9868257238864898
polypythia_410m,pythia-410m-seed3,mmlu,step512,1073741824,0.245,0.212,0.212,0.25,0.25,0.25,0.03821117488387972,0.03857207599747926
polypythia_410m,pythia-410m-seed3,mmlu,step1000,2097152000,0.24,0.224,0.26,0.25,0.25,0.25,0.06389474838413298,0.6686253363490104
polypythia_410m,pythia-410m-seed3,mmlu,step2000,4194304000,0.265,0.216,0.264,0.25,0.25,0.25,0.11188414380326867,0.7771355088949203
polypythia_410m,pythia-410m-seed3,mmlu,step3000,6291456000,0.26,0.21,0.244,0.25,0.25,0.25,0.07150041408836842,0.8905924995541572
polypythia_410m,pythia-410m-seed3,mmlu,step5000,10485760000,0.205,0.22,0.27,0.25,0.25,0.25,0.06911485192738473,0.9129078484773636
polypythia_410m,pythia-410m-seed3,mmlu,step7000,14680064000,0.255,0.218,0.282,0.25,0.25,0.25,0.09320430593937636,0.9810919952392578
polypythia_410m,pythia-410m-seed3,mmlu,step10000,20971520000,0.275,0.216,0.234,0.25,0.25,0.25,0.10551653182506561,0.9534957631826401
polypythia_410m,pythia-410m-seed3,mmlu,step15000,31457280000,0.31,0.226,0.25,0.25,0.25,0.25,0.2674699586853385,0.9659179192781449
polypythia_410m,pythia-410m-seed3,mmlu,step22000,46137344000,0.235,0.214,0.244,0.25,0.25,0.25,0.3678582975268364,0.9542616599798203
polypythia_410m,pythia-410m-seed3,mmlu,step32000,67108864000,0.255,0.212,0.226,0.25,0.25,0.25,0.3371539481133223,0.9794303742647171
polypythia_410m,pythia-410m-seed3,mmlu,step46000,96468992000,0.25,0.226,0.248,0.25,0.25,0.25,0.5351849832162261,0.9729983409643174
polypythia_410m,pythia-410m-seed3,mmlu,step67000,140509184000,0.225,0.236,0.242,0.25,0.25,0.25,0.5055952910259366,0.9787569576501847
polypythia_410m,pythia-410m-seed3,mmlu,step98000,205520896000,0.215,0.234,0.276,0.25,0.25,0.25,0.18516532607004046,0.9582560378313064
polypythia_410m,pythia-410m-seed3,mmlu,step143000,299892736000,0.255,0.234,0.226,0.25,0.25,0.25,0.4505617827028036,0.9807018357515335
polypythia_410m,pythia-410m-seed3,piqa,step512,1073741824,0.585,0.49,0.49,0.5,0.5,0.5,0.019236209340393544,0.018408883581869304
polypythia_410m,pythia-410m-seed3,piqa,step1000,2097152000,0.555,0.488,0.51,0.5,0.5,0.5,0.034607791448011994,0.7484358841180802
polypythia_410m,pythia-410m-seed3,piqa,step2000,4194304000,0.605,0.49,0.51,0.5,0.5,0.5,0.062206803968176246,0.8965161107778549
polypythia_410m,pythia-410m-seed3,piqa,step3000,6291456000,0.595,0.488,0.51,0.5,0.5,0.5,0.054429326742887495,0.9112255194187164
polypythia_410m,pythia-410m-seed3,piqa,step5000,10485760000,0.595,0.496,0.506,0.5,0.5,0.5,0.03990067764557898,0.9270648567676544
polypythia_410m,pythia-410m-seed3,piqa,step7000,14680064000,0.62,0.468,0.51,0.5,0.5,0.5,0.04778280442021787,0.9733284742832183
polypythia_410m,pythia-410m-seed3,piqa,step10000,20971520000,0.62,0.492,0.492,0.5,0.5,0.5,0.05684193646162748,0.9178740054368972
polypythia_410m,pythia-410m-seed3,piqa,step15000,31457280000,0.63,0.53,0.5,0.5,0.5,0.5,0.15728332071378828,0.9406107968091965
polypythia_410m,pythia-410m-seed3,piqa,step22000,46137344000,0.68,0.49,0.504,0.5,0.5,0.5,0.12497970259189606,0.9273256714344025
polypythia_410m,pythia-410m-seed3,piqa,step32000,67108864000,0.645,0.494,0.516,0.5,0.5,0.5,0.14318756075203418,0.9450220230817795
polypythia_410m,pythia-410m-seed3,piqa,step46000,96468992000,0.675,0.494,0.526,0.5,0.5,0.5,0.34150636302679777,0.9260665925741196
polypythia_410m,pythia-410m-seed3,piqa,step67000,140509184000,0.695,0.486,0.508,0.5,0.5,0.5,0.23616780840978027,0.9584783954620362
polypythia_410m,pythia-410m-seed3,piqa,step98000,205520896000,0.63,0.518,0.5,0.5,0.5,0.5,0.06965944306459278,0.9243201510906219
polypythia_410m,pythia-410m-seed3,piqa,step143000,299892736000,0.695,0.524,0.5,0.5,0.5,0.5,0.2150454518608749,0.9539802271127701
polypythia_410m,pythia-410m-seed4,arc_challenge,step512,1073741824,0.225,0.222,0.222,0.2504166666666667,0.2504,0.2504,0.05571830202080309,0.03998482475057244
polypythia_410m,pythia-410m-seed4,arc_challenge,step1000,2097152000,0.21,0.232,0.288,0.2504166666666667,0.2504,0.2504,0.0535025333231315,0.7360303834080696
polypythia_410m,pythia-410m-seed4,arc_challenge,step2000,4194304000,0.155,0.236,0.272,0.2504166666666667,0.2504,0.2504,0.0633046609070152,0.778749175965786
polypythia_410m,pythia-410m-seed4,arc_challenge,step3000,6291456000,0.195,0.248,0.288,0.2504166666666667,0.2504,0.2504,0.10029392119124532,0.9410964916944504
polypythia_410m,pythia-410m-seed4,arc_challenge,step5000,10485760000,0.21,0.232,0.274,0.2504166666666667,0.2504,0.2504,0.08322319138795137,0.9178086771965027
polypythia_410m,pythia-410m-seed4,arc_challenge,step7000,14680064000,0.215,0.248,0.24,0.2504166666666667,0.2504,0.2504,0.07875891960598529,0.963066920042038
polypythia_410m,pythia-410m-seed4,arc_challenge,step10000,20971520000,0.235,0.232,0.25,0.2504166666666667,0.2504,0.2504,0.2065697162374854,0.9765248625278473
polypythia_410m,pythia-410m-seed4,arc_challenge,step15000,31457280000,0.2,0.232,0.218,0.2504166666666667,0.2504,0.2504,0.2694596110880375,0.9753528748750686
polypythia_410m,pythia-410m-seed4,arc_challenge,step22000,46137344000,0.225,0.238,0.314,0.2504166666666667,0.2504,0.2504,0.29899918741360304,0.9696845887899399
polypythia_410m,pythia-410m-seed4,arc_challenge,step32000,67108864000,0.215,0.226,0.238,0.2504166666666667,0.2504,0.2504,0.37945749301463366,0.9703447341918945
polypythia_410m,pythia-410m-seed4,arc_challenge,step46000,96468992000,0.225,0.228,0.236,0.2504166666666667,0.2504,0.2504,0.4677927140966058,0.9808470603227616
polypythia_410m,pythia-410m-seed4,arc_challenge,step67000,140509184000,0.235,0.216,0.276,0.2504166666666667,0.2504,0.2504,0.5464420370608568,0.9779012073278427
polypythia_410m,pythia-410m-seed4,arc_challenge,step98000,205520896000,0.26,0.24,0.292,0.2504166666666667,0.2504,0.2504,0.533726166792214,0.982887904882431
polypythia_410m,pythia-410m-seed4,arc_challenge,step143000,299892736000,0.2,0.226,0.278,0.2504166666666667,0.2504,0.2504,0.06604484939575195,0.9510071786642075
polypythia_410m,pythia-410m-seed4,arc_easy,step512,1073741824,0.235,0.25,0.25,0.2516666666666667,0.25066666666666665,0.25066666666666665,0.06250730009190739,0.04587839985638857
polypythia_410m,pythia-410m-seed4,arc_easy,step1000,2097152000,0.27,0.25,0.24,0.2516666666666667,0.25066666666666665,0.25066666666666665,0.056385480193421246,0.6545630007982254
polypythia_410m,pythia-410m-seed4,arc_easy,step2000,4194304000,0.335,0.242,0.25,0.2516666666666667,0.25066666666666665,0.25066666666666665,0.06345195887796581,0.7489397109746933
polypythia_410m,pythia-410m-seed4,arc_easy,step3000,6291456000,0.38,0.252,0.208,0.2516666666666667,0.25066666666666665,0.25066666666666665,0.09683703009411693,0.9588482086658477
polypythia_410m,pythia-410m-seed4,arc_easy,step5000,10485760000,0.39,0.242,0.246,0.2516666666666667,0.25066666666666665,0.25066666666666665,0.07772870020195842,0.9588918497562409
polypythia_410m,pythia-410m-seed4,arc_easy,step7000,14680064000,0.41,0.23,0.24,0.2516666666666667,0.25066666666666665,0.25066666666666665,0.06966662606783211,0.975680878520012
polypythia_410m,pythia-410m-seed4,arc_easy,step10000,20971520000,0.445,0.246,0.246,0.2516666666666667,0.25066666666666665,0.25066666666666665,0.1796396045796573,0.9825015397071838
polypythia_410m,pythia-410m-seed4,arc_easy,step15000,31457280000,0.485,0.248,0.234,0.2516666666666667,0.25066666666666665,0.25066666666666665,0.24274300446361302,0.9840913518667221
polypythia_410m,pythia-410m-seed4,arc_easy,step22000,46137344000,0.49,0.258,0.226,0.2516666666666667,0.25066666666666665,0.25066666666666665,0.2620384013131261,0.9800981670618057
polypythia_410m,pythia-410m-seed4,arc_easy,step32000,67108864000,0.49,0.248,0.252,0.2516666666666667,0.25066666666666665,0.25066666666666665,0.3395000475458801,0.9738533152341843
polypythia_410m,pythia-410m-seed4,arc_easy,step46000,96468992000,0.515,0.266,0.234,0.2516666666666667,0.25066666666666665,0.25066666666666665,0.4304534329976887,0.9868638192415238
polypythia_410m,pythia-410m-seed4,arc_easy,step67000,140509184000,0.52,0.248,0.266,0.2516666666666667,0.25066666666666665,0.25066666666666665,0.5071596886515617,0.9771020399332047
polypythia_410m,pythia-410m-seed4,arc_easy,step98000,205520896000,0.54,0.254,0.246,0.2516666666666667,0.25066666666666665,0.25066666666666665,0.4903883192539215,0.9859299966096878
polypythia_410m,pythia-410m-seed4,arc_easy,step143000,299892736000,0.35,0.252,0.246,0.2516666666666667,0.25066666666666665,0.25066666666666665,0.06831864391267299,0.9745557283163071
polypythia_410m,pythia-410m-seed4,csqa,step512,1073741824,0.19,0.182,0.182,0.2,0.2,0.2,0.050361652191728355,0.027026677586138248
polypythia_410m,pythia-410m-seed4,csqa,step1000,2097152000,0.2,0.186,0.184,0.2,0.2,0.2,0.03716144752129912,0.4087959055006504
polypythia_410m,pythia-410m-seed4,csqa,step2000,4194304000,0.23,0.198,0.238,0.2,0.2,0.2,0.0398890952821821,0.5768009472489357
polypythia_410m,pythia-410m-seed4,csqa,step3000,6291456000,0.265,0.216,0.23,0.2,0.2,0.2,0.057929669745266435,0.9372381820678711
polypythia_410m,pythia-410m-seed4,csqa,step5000,10485760000,0.27,0.178,0.226,0.2,0.2,0.2,0.05207768215239048,0.9244579066038132
polypythia_410m,pythia-410m-seed4,csqa,step7000,14680064000,0.32,0.176,0.216,0.2,0.2,0.2,0.03957204232178629,0.961557629942894
polypythia_410m,pythia-410m-seed4,csqa,step10000,20971520000,0.37,0.176,0.194,0.2,0.2,0.2,0.08255795156955718,0.9629290227890015
polypythia_410m,pythia-410m-seed4,csqa,step15000,31457280000,0.35,0.178,0.176,0.2,0.2,0.2,0.15910870319232345,0.9632037050724029
polypythia_410m,pythia-410m-seed4,csqa,step22000,46137344000,0.39,0.188,0.21,0.2,0.2,0.2,0.20940949782729149,0.9544738848209381
polypythia_410m,pythia-410m-seed4,csqa,step32000,67108864000,0.355,0.18,0.176,0.2,0.2,0.2,0.23406861785054206,0.9265272517204285
polypythia_410m,pythia-410m-seed4,csqa,step46000,96468992000,0.395,0.182,0.168,0.2,0.2,0.2,0.2699164443165064,0.9622995361089707
polypythia_410m,pythia-410m-seed4,csqa,step67000,140509184000,0.41,0.198,0.216,0.2,0.2,0.2,0.2268719009310007,0.925572758436203
polypythia_410m,pythia-410m-seed4,csqa,step98000,205520896000,0.455,0.196,0.192,0.2,0.2,0.2,0.24826155415177345,0.9403249205350875
polypythia_410m,pythia-410m-seed4,csqa,step143000,299892736000,0.27,0.178,0.206,0.2,0.2,0.2,0.05372809499129653,0.903809619307518
polypythia_410m,pythia-410m-seed4,hellaswag,step512,1073741824,0.28,0.238,0.238,0.25,0.25,0.25,0.026680715072900058,0.027926815520972013
polypythia_410m,pythia-410m-seed4,hellaswag,step1000,2097152000,0.23,0.24,0.238,0.25,0.25,0.25,0.031874706079252066,0.5853737397193909
polypythia_410m,pythia-410m-seed4,hellaswag,step2000,4194304000,0.25,0.24,0.24,0.25,0.25,0.25,0.04338529272843152,0.6729324707388877
polypythia_410m,pythia-410m-seed4,hellaswag,step3000,6291456000,0.255,0.24,0.238,0.25,0.25,0.25,0.066294016324915,0.9017902762591838
polypythia_410m,pythia-410m-seed4,hellaswag,step5000,10485760000,0.275,0.24,0.222,0.25,0.25,0.25,0.06861002296861261,0.919186567902565
polypythia_410m,pythia-410m-seed4,hellaswag,step7000,14680064000,0.29,0.248,0.29,0.25,0.25,0.25,0.06292471114266664,0.9626298863887787
polypythia_410m,pythia-410m-seed4,hellaswag,step10000,20971520000,0.28,0.238,0.292,0.25,0.25,0.25,0.09839042763598263,0.9527935889959336
polypythia_410m,pythia-410m-seed4,hellaswag,step15000,31457280000,0.315,0.238,0.286,0.25,0.25,0.25,0.13215843366459012,0.9765469211339951
polypythia_410m,pythia-410m-seed4,hellaswag,step22000,46137344000,0.32,0.242,0.29,0.25,0.25,0.25,0.16622812526300548,0.9666582255363464
polypythia_410m,pythia-410m-seed4,hellaswag,step32000,67108864000,0.32,0.238,0.272,0.25,0.25,0.25,0.1627695803306997,0.9622847023010254
polypythia_410m,pythia-410m-seed4,hellaswag,step46000,96468992000,0.37,0.234,0.296,0.25,0.25,0.25,0.148844500426203,0.9816119763851165
polypythia_410m,pythia-410m-seed4,hellaswag,step67000,140509184000,0.385,0.24,0.266,0.25,0.25,0.25,0.1374315694384277,0.9726800758838654
polypythia_410m,pythia-410m-seed4,hellaswag,step98000,205520896000,0.395,0.244,0.28,0.25,0.25,0.25,0.13629633577540518,0.978912247300148
polypythia_410m,pythia-410m-seed4,hellaswag,step143000,299892736000,0.27,0.238,0.242,0.25,0.25,0.25,0.060616481367498636,0.9483606725335121
polypythia_410m,pythia-410m-seed4,mmlu,step512,1073741824,0.275,0.212,0.212,0.25,0.25,0.25,0.04707393515110016,0.04287822837755084
polypythia_410m,pythia-410m-seed4,mmlu,step1000,2097152000,0.295,0.212,0.258,0.25,0.25,0.25,0.04466244349628687,0.5570621311664581
polypythia_410m,pythia-410m-seed4,mmlu,step2000,4194304000,0.195,0.222,0.28,0.25,0.25,0.25,0.05929220903571695,0.7051902341544628
polypythia_410m,pythia-410m-seed4,mmlu,step3000,6291456000,0.25,0.234,0.268,0.25,0.25,0.25,0.08174830874055625,0.9151565942764283
polypythia_410m,pythia-410m-seed4,mmlu,step5000,10485760000,0.245,0.21,0.28,0.25,0.25,0.25,0.07923034802125767,0.907152271091938
polypythia_410m,pythia-410m-seed4,mmlu,step7000,14680064000,0.23,0.222,0.262,0.25,0.25,0.25,0.05701135315001011,0.9501079576015472
polypythia_410m,pythia-410m-seed4,mmlu,step10000,20971520000,0.245,0.214,0.26,0.25,0.25,0.25,0.14928333307243882,0.9712467650175095
polypythia_410m,pythia-410m-seed4,mmlu,step15000,31457280000,0.29,0.218,0.246,0.25,0.25,0.25,0.22833235839754343,0.9695605535507202
polypythia_410m,pythia-410m-seed4,mmlu,step22000,46137344000,0.28,0.236,0.25,0.25,0.25,0.25,0.2780475072255358,0.9592464878559113
polypythia_410m,pythia-410m-seed4,mmlu,step32000,67108864000,0.28,0.222,0.238,0.25,0.25,0.25,0.28764083644375205,0.9599231754541397
polypythia_410m,pythia-410m-seed4,mmlu,step46000,96468992000,0.255,0.216,0.254,0.25,0.25,0.25,0.3534808919224888,0.9731471735239029
polypythia_410m,pythia-410m-seed4,mmlu,step67000,140509184000,0.275,0.254,0.274,0.25,0.25,0.25,0.40671818825230005,0.9637441238164902
polypythia_410m,pythia-410m-seed4,mmlu,step98000,205520896000,0.28,0.234,0.258,0.25,0.25,0.25,0.44949737952649593,0.9739901821613312
polypythia_410m,pythia-410m-seed4,mmlu,step143000,299892736000,0.205,0.216,0.254,0.25,0.25,0.25,0.06359445137530566,0.895277985394001
polypythia_410m,pythia-410m-seed4,piqa,step512,1073741824,0.585,0.49,0.49,0.5,0.5,0.5,0.025903142906725407,0.021866744240745903
polypythia_410m,pythia-410m-seed4,piqa,step1000,2097152000,0.545,0.5,0.506,0.5,0.5,0.5,0.031218783828429877,0.7350087473988534
polypythia_410m,pythia-410m-seed4,piqa,step2000,4194304000,0.62,0.456,0.506,0.5,0.5,0.5,0.040241849387995896,0.6768291028738022
polypythia_410m,pythia-410m-seed4,piqa,step3000,6291456000,0.59,0.498,0.51,0.5,0.5,0.5,0.05005919435760006,0.9400703608989716
polypythia_410m,pythia-410m-seed4,piqa,step5000,10485760000,0.605,0.502,0.52,0.5,0.5,0.5,0.038783299753442406,0.964568282365799
polypythia_410m,pythia-410m-seed4,piqa,step7000,14680064000,0.65,0.526,0.514,0.5,0.5,0.5,0.030486134910956024,0.9565843214988708
polypythia_410m,pythia-410m-seed4,piqa,step10000,20971520000,0.655,0.482,0.502,0.5,0.5,0.5,0.06320133920852095,0.9166141747236252
polypythia_410m,pythia-410m-seed4,piqa,step15000,31457280000,0.68,0.496,0.486,0.5,0.5,0.5,0.12774527075886727,0.8566585800647736
polypythia_410m,pythia-410m-seed4,piqa,step22000,46137344000,0.675,0.492,0.512,0.5,0.5,0.5,0.14359929597284646,0.8996916539669036
polypythia_410m,pythia-410m-seed4,piqa,step32000,67108864000,0.68,0.49,0.466,0.5,0.5,0.5,0.14583850595727563,0.8622893089056015
polypythia_410m,pythia-410m-seed4,piqa,step46000,96468992000,0.68,0.496,0.508,0.5,0.5,0.5,0.20146331340819598,0.9422032039165497
polypythia_410m,pythia-410m-seed4,piqa,step67000,140509184000,0.685,0.51,0.51,0.5,0.5,0.5,0.1975910922382027,0.9195357593297958
polypythia_410m,pythia-410m-seed4,piqa,step98000,205520896000,0.69,0.494,0.51,0.5,0.5,0.5,0.31466677417606115,0.9588014206886292
polypythia_410m,pythia-410m-seed4,piqa,step143000,299892736000,0.62,0.488,0.508,0.5,0.5,0.5,0.03995699559245259,0.8752850033044816
polypythia_410m,pythia-410m-seed5,arc_challenge,step512,1073741824,0.225,0.222,0.222,0.2504166666666667,0.2504,0.2504,0.02367627818789333,0.021246843677945434
polypythia_410m,pythia-410m-seed5,arc_challenge,step1000,2097152000,0.19,0.226,0.25,0.2504166666666667,0.2504,0.2504,0.12395138660073281,0.6522964347600937
polypythia_410m,pythia-410m-seed5,arc_challenge,step2000,4194304000,0.18,0.226,0.304,0.2504166666666667,0.2504,0.2504,0.07021580007299781,0.7235319150090218
polypythia_410m,pythia-410m-seed5,arc_challenge,step3000,6291456000,0.205,0.224,0.278,0.2504166666666667,0.2504,0.2504,0.09000917160883545,0.9470194525718689
polypythia_410m,pythia-410m-seed5,arc_challenge,step5000,10485760000,0.185,0.222,0.26,0.2504166666666667,0.2504,0.2504,0.13055778110027313,0.9708658941984176
polypythia_410m,pythia-410m-seed5,arc_challenge,step7000,14680064000,0.215,0.23,0.272,0.2504166666666667,0.2504,0.2504,0.1558556531779468,0.9744776495695114
polypythia_410m,pythia-410m-seed5,arc_challenge,step10000,20971520000,0.225,0.228,0.282,0.2504166666666667,0.2504,0.2504,0.12166503324359655,0.933477414548397
polypythia_410m,pythia-410m-seed5,arc_challenge,step15000,31457280000,0.23,0.234,0.228,0.2504166666666667,0.2504,0.2504,0.31336523228883745,0.9838268309831619
polypythia_410m,pythia-410m-seed5,arc_challenge,step22000,46137344000,0.235,0.248,0.244,0.2504166666666667,0.2504,0.2504,0.3321882126405835,0.9870383338928223
polypythia_410m,pythia-410m-seed5,arc_challenge,step32000,67108864000,0.235,0.226,0.252,0.2504166666666667,0.2504,0.2504,0.4782156863361597,0.9867893788814545
polypythia_410m,pythia-410m-seed5,arc_challenge,step46000,96468992000,0.215,0.236,0.226,0.2504166666666667,0.2504,0.2504,0.5814718197882175,0.985281615972519
polypythia_410m,pythia-410m-seed5,arc_challenge,step67000,140509184000,0.24,0.232,0.272,0.2504166666666667,0.2504,0.2504,0.6659477888345718,0.9854854761362076
polypythia_410m,pythia-410m-seed5,arc_challenge,step98000,205520896000,0.28,0.232,0.236,0.2504166666666667,0.2504,0.2504,0.6881233729422093,0.9821216261386871
polypythia_410m,pythia-410m-seed5,arc_challenge,step143000,299892736000,0.255,0.238,0.222,0.2504166666666667,0.2504,0.2504,0.6761890317797661,0.9773676623106002
polypythia_410m,pythia-410m-seed5,arc_easy,step512,1073741824,0.24,0.25,0.25,0.2516666666666667,0.25066666666666665,0.25066666666666665,0.025950307946652176,0.016374084489420057
polypythia_410m,pythia-410m-seed5,arc_easy,step1000,2097152000,0.28,0.24,0.248,0.2516666666666667,0.25066666666666665,0.25066666666666665,0.11929592046514154,0.5834588181078434
polypythia_410m,pythia-410m-seed5,arc_easy,step2000,4194304000,0.35,0.252,0.252,0.2516666666666667,0.25066666666666665,0.25066666666666665,0.0678806518651545,0.6645189194083214
polypythia_410m,pythia-410m-seed5,arc_easy,step3000,6291456000,0.35,0.248,0.26,0.2516666666666667,0.25066666666666665,0.25066666666666665,0.08407700677216053,0.9111730387806892
polypythia_410m,pythia-410m-seed5,arc_easy,step5000,10485760000,0.415,0.248,0.25,0.2516666666666667,0.25066666666666665,0.25066666666666665,0.1218755818977952,0.9462190443277358
polypythia_410m,pythia-410m-seed5,arc_easy,step7000,14680064000,0.435,0.262,0.258,0.2516666666666667,0.25066666666666665,0.25066666666666665,0.13326151344552636,0.9421883055567741
polypythia_410m,pythia-410m-seed5,arc_easy,step10000,20971520000,0.415,0.246,0.258,0.2516666666666667,0.25066666666666665,0.25066666666666665,0.1135334472283721,0.9021365392208099
polypythia_410m,pythia-410m-seed5,arc_easy,step15000,31457280000,0.45,0.244,0.286,0.2516666666666667,0.25066666666666665,0.25066666666666665,0.2786163441464305,0.9705336844921112
polypythia_410m,pythia-410m-seed5,arc_easy,step22000,46137344000,0.48,0.232,0.278,0.2516666666666667,0.25066666666666665,0.25066666666666665,0.3038459769040346,0.980108668088913
polypythia_410m,pythia-410m-seed5,arc_easy,step32000,67108864000,0.51,0.226,0.26,0.2516666666666667,0.25066666666666665,0.25066666666666665,0.4313170076161623,0.9851554933786392
polypythia_410m,pythia-410m-seed5,arc_easy,step46000,96468992000,0.47,0.242,0.252,0.2516666666666667,0.25066666666666665,0.25066666666666665,0.548971691608429,0.986762079834938
polypythia_410m,pythia-410m-seed5,arc_easy,step67000,140509184000,0.505,0.248,0.234,0.2516666666666667,0.25066666666666665,0.25066666666666665,0.6405679152011872,0.9888050585985184
polypythia_410m,pythia-410m-seed5,arc_easy,step98000,205520896000,0.505,0.266,0.23,0.2516666666666667,0.25066666666666665,0.25066666666666665,0.6319034281373024,0.9832326673269272
polypythia_410m,pythia-410m-seed5,arc_easy,step143000,299892736000,0.5,0.262,0.254,0.2516666666666667,0.25066666666666665,0.25066666666666665,0.6078207932263613,0.9758287513256073
polypythia_410m,pythia-410m-seed5,csqa,step512,1073741824,0.195,0.182,0.182,0.2,0.2,0.2,0.03237136198394001,0.029649002894759177
polypythia_410m,pythia-410m-seed5,csqa,step1000,2097152000,0.18,0.18,0.182,0.2,0.2,0.2,0.0974056797772646,0.5407657540440559
polypythia_410m,pythia-410m-seed5,csqa,step2000,4194304000,0.245,0.182,0.202,0.2,0.2,0.2,0.05307168525457382,0.7385790112614632
polypythia_410m,pythia-410m-seed5,csqa,step3000,6291456000,0.23,0.18,0.19,0.2,0.2,0.2,0.07113018469512462,0.8781216931343079
polypythia_410m,pythia-410m-seed5,csqa,step5000,10485760000,0.29,0.18,0.19,0.2,0.2,0.2,0.0738220772370696,0.9165221072435379
polypythia_410m,pythia-410m-seed5,csqa,step7000,14680064000,0.31,0.18,0.186,0.2,0.2,0.2,0.07437227949500085,0.8784736394882202
polypythia_410m,pythia-410m-seed5,csqa,step10000,20971520000,0.33,0.18,0.178,0.2,0.2,0.2,0.07970267774537206,0.6982603543400765
polypythia_410m,pythia-410m-seed5,csqa,step15000,31457280000,0.355,0.18,0.196,0.2,0.2,0.2,0.2213122727200389,0.9116814575195312
polypythia_410m,pythia-410m-seed5,csqa,step22000,46137344000,0.395,0.182,0.222,0.2,0.2,0.2,0.18382557367905974,0.9333747198581696
polypythia_410m,pythia-410m-seed5,csqa,step32000,67108864000,0.425,0.178,0.224,0.2,0.2,0.2,0.3247425397336483,0.972219611287117
polypythia_410m,pythia-410m-seed5,csqa,step46000,96468992000,0.42,0.196,0.182,0.2,0.2,0.2,0.4823649538010359,0.9660525692701339
polypythia_410m,pythia-410m-seed5,csqa,step67000,140509184000,0.43,0.186,0.198,0.2,0.2,0.2,0.5259716359674931,0.9756592344045639
polypythia_410m,pythia-410m-seed5,csqa,step98000,205520896000,0.425,0.182,0.18,0.2,0.2,0.2,0.5011105317175388,0.9724722259044647
polypythia_410m,pythia-410m-seed5,csqa,step143000,299892736000,0.44,0.186,0.182,0.2,0.2,0.2,0.4736428211629391,0.9649675214290618
polypythia_410m,pythia-410m-seed5,hellaswag,step512,1073741824,0.265,0.238,0.238,0.25,0.25,0.25,0.01626586161274463,0.01693114683032036
polypythia_410m,pythia-410m-seed5,hellaswag,step1000,2097152000,0.27,0.23,0.242,0.25,0.25,0.25,0.06952108607999981,0.4447867860496044
polypythia_410m,pythia-410m-seed5,hellaswag,step2000,4194304000,0.25,0.236,0.23,0.25,0.25,0.25,0.05521797308512032,0.5914450824558735
polypythia_410m,pythia-410m-seed5,hellaswag,step3000,6291456000,0.27,0.238,0.27,0.25,0.25,0.25,0.07908426293171943,0.9530702054500579
polypythia_410m,pythia-410m-seed5,hellaswag,step5000,10485760000,0.26,0.238,0.266,0.25,0.25,0.25,0.06673749357648194,0.9617803112268448
polypythia_410m,pythia-410m-seed5,hellaswag,step7000,14680064000,0.28,0.236,0.246,0.25,0.25,0.25,0.11646566097438335,0.9599838722944259
polypythia_410m,pythia-410m-seed5,hellaswag,step10000,20971520000,0.315,0.238,0.258,0.25,0.25,0.25,0.08557472044602037,0.9386043096780777
polypythia_410m,pythia-410m-seed5,hellaswag,step15000,31457280000,0.325,0.244,0.29,0.25,0.25,0.25,0.17504893665760757,0.9834305156469345
polypythia_410m,pythia-410m-seed5,hellaswag,step22000,46137344000,0.365,0.234,0.236,0.25,0.25,0.25,0.18147957915440202,0.974836839556694
polypythia_410m,pythia-410m-seed5,hellaswag,step32000,67108864000,0.34,0.24,0.264,0.25,0.25,0.25,0.31846496933326124,0.9830422784090043
polypythia_410m,pythia-410m-seed5,hellaswag,step46000,96468992000,0.365,0.248,0.222,0.25,0.25,0.25,0.3909100194722414,0.9815572501420975
polypythia_410m,pythia-410m-seed5,hellaswag,step67000,140509184000,0.395,0.25,0.258,0.25,0.25,0.25,0.26199652992933986,0.9834785811901092
polypythia_410m,pythia-410m-seed5,hellaswag,step98000,205520896000,0.41,0.26,0.274,0.25,0.25,0.25,0.3242820423264056,0.9746754851341247
polypythia_410m,pythia-410m-seed5,hellaswag,step143000,299892736000,0.395,0.228,0.222,0.25,0.25,0.25,0.3419207351915538,0.9731804726123809
polypythia_410m,pythia-410m-seed5,mmlu,step512,1073741824,0.27,0.212,0.212,0.25,0.25,0.25,0.024345489817671477,0.026440740790218114
polypythia_410m,pythia-410m-seed5,mmlu,step1000,2097152000,0.27,0.212,0.22,0.25,0.25,0.25,0.10891268711909652,0.547475076764822
polypythia_410m,pythia-410m-seed5,mmlu,step2000,4194304000,0.26,0.216,0.252,0.25,0.25,0.25,0.06938133376883343,0.6889552291035652
polypythia_410m,pythia-410m-seed5,mmlu,step3000,6291456000,0.255,0.218,0.29,0.25,0.25,0.25,0.08817629627883435,0.8939721286892891
polypythia_410m,pythia-410m-seed5,mmlu,step5000,10485760000,0.235,0.21,0.266,0.25,0.25,0.25,0.11545349047146737,0.9287884386181832
polypythia_410m,pythia-410m-seed5,mmlu,step7000,14680064000,0.24,0.224,0.252,0.25,0.25,0.25,0.12421259006857872,0.9458073471784592
polypythia_410m,pythia-410m-seed5,mmlu,step10000,20971520000,0.26,0.212,0.262,0.25,0.25,0.25,0.11125413799285888,0.9133473405539989
polypythia_410m,pythia-410m-seed5,mmlu,step15000,31457280000,0.245,0.214,0.26,0.25,0.25,0.25,0.258804991254583,0.9737834817171097
polypythia_410m,pythia-410m-seed5,mmlu,step22000,46137344000,0.24,0.214,0.254,0.25,0.25,0.25,0.26185883111879227,0.9729934163093567
polypythia_410m,pythia-410m-seed5,mmlu,step32000,67108864000,0.235,0.204,0.268,0.25,0.25,0.25,0.3629173767566681,0.9797963989973069
polypythia_410m,pythia-410m-seed5,mmlu,step46000,96468992000,0.25,0.204,0.262,0.25,0.25,0.25,0.486066161096096,0.9774448169469834
polypythia_410m,pythia-410m-seed5,mmlu,step67000,140509184000,0.265,0.224,0.264,0.25,0.25,0.25,0.518542208172381,0.9824543528556824
polypythia_410m,pythia-410m-seed5,mmlu,step98000,205520896000,0.25,0.23,0.236,0.25,0.25,0.25,0.5673380818888545,0.9794663676023483
polypythia_410m,pythia-410m-seed5,mmlu,step143000,299892736000,0.26,0.212,0.242,0.25,0.25,0.25,0.5775537626743317,0.9704347032308579
polypythia_410m,pythia-410m-seed5,piqa,step512,1073741824,0.55,0.49,0.49,0.5,0.5,0.5,0.01760164160048589,0.017774579382501543
polypythia_410m,pythia-410m-seed5,piqa,step1000,2097152000,0.59,0.502,0.51,0.5,0.5,0.5,0.05515723805874586,0.7255626789331436
polypythia_410m,pythia-410m-seed5,piqa,step2000,4194304000,0.6,0.49,0.508,0.5,0.5,0.5,0.04417498516477644,0.8374893600344658
polypythia_410m,pythia-410m-seed5,piqa,step3000,6291456000,0.605,0.488,0.51,0.5,0.5,0.5,0.03732667671656236,0.8979862713813782
polypythia_410m,pythia-410m-seed5,piqa,step5000,10485760000,0.605,0.484,0.512,0.5,0.5,0.5,0.06056616718322039,0.9555091446638108
polypythia_410m,pythia-410m-seed5,piqa,step7000,14680064000,0.61,0.49,0.51,0.5,0.5,0.5,0.0829338714554906,0.9646206035614013
polypythia_410m,pythia-410m-seed5,piqa,step10000,20971520000,0.66,0.488,0.54,0.5,0.5,0.5,0.057565921192988756,0.9436532472372055
polypythia_410m,pythia-410m-seed5,piqa,step15000,31457280000,0.63,0.49,0.51,0.5,0.5,0.5,0.08610221051238477,0.9548146384954452
polypythia_410m,pythia-410m-seed5,piqa,step22000,46137344000,0.645,0.5,0.51,0.5,0.5,0.5,0.10051745782420039,0.9367292114496231
polypythia_410m,pythia-410m-seed5,piqa,step32000,67108864000,0.67,0.49,0.474,0.5,0.5,0.5,0.2370938129425049,0.9414166662693023
polypythia_410m,pythia-410m-seed5,piqa,step46000,96468992000,0.675,0.492,0.46,0.5,0.5,0.5,0.31183789733052253,0.9054675750732422
polypythia_410m,pythia-410m-seed5,piqa,step67000,140509184000,0.675,0.482,0.51,0.5,0.5,0.5,0.3090884330458939,0.9326423953771591
polypythia_410m,pythia-410m-seed5,piqa,step98000,205520896000,0.685,0.504,0.51,0.5,0.5,0.5,0.28496297941356896,0.9314274669885635
polypythia_410m,pythia-410m-seed5,piqa,step143000,299892736000,0.705,0.484,0.504,0.5,0.5,0.5,0.32894516256451606,0.8940172768831253
polypythia_410m,pythia-410m-seed6,arc_challenge,step512,1073741824,0.24,0.222,0.222,0.2504166666666667,0.2504,0.2504,0.05520498901419341,0.04263428297452629
polypythia_410m,pythia-410m-seed6,arc_challenge,step1000,2097152000,0.195,0.234,0.234,0.2504166666666667,0.2504,0.2504,0.05216958453413099,0.43133288344740867
polypythia_410m,pythia-410m-seed6,arc_challenge,step2000,4194304000,0.205,0.234,0.262,0.2504166666666667,0.2504,0.2504,0.09020773302018642,0.7094613979160785
polypythia_410m,pythia-410m-seed6,arc_challenge,step3000,6291456000,0.185,0.23,0.27,0.2504166666666667,0.2504,0.2504,0.07411813685297966,0.8692840324640274
polypythia_410m,pythia-410m-seed6,arc_challenge,step5000,10485760000,0.2,0.224,0.26,0.2504166666666667,0.2504,0.2504,0.09198058587312698,0.9604524431228638
polypythia_410m,pythia-410m-seed6,arc_challenge,step7000,14680064000,0.19,0.224,0.246,0.2504166666666667,0.2504,0.2504,0.09774104096740484,0.9752133165597916
polypythia_410m,pythia-410m-seed6,arc_challenge,step10000,20971520000,0.21,0.224,0.252,0.2504166666666667,0.2504,0.2504,0.11149702958390116,0.9539422245025635
polypythia_410m,pythia-410m-seed6,arc_challenge,step15000,31457280000,0.215,0.228,0.254,0.2504166666666667,0.2504,0.2504,0.126798021864146,0.954381365776062
polypythia_410m,pythia-410m-seed6,arc_challenge,step22000,46137344000,0.255,0.23,0.268,0.2504166666666667,0.2504,0.2504,0.17707994287833573,0.9692941846847534
polypythia_410m,pythia-410m-seed6,arc_challenge,step32000,67108864000,0.215,0.228,0.248,0.2504166666666667,0.2504,0.2504,0.4034249763786793,0.9568844240903854
polypythia_410m,pythia-410m-seed6,arc_challenge,step46000,96468992000,0.23,0.222,0.244,0.2504166666666667,0.2504,0.2504,0.37859700034558774,0.97479833817482
polypythia_410m,pythia-410m-seed6,arc_challenge,step67000,140509184000,0.215,0.222,0.252,0.2504166666666667,0.2504,0.2504,0.4570739794969559,0.9788894324302674
polypythia_410m,pythia-410m-seed6,arc_challenge,step98000,205520896000,0.255,0.226,0.246,0.2504166666666667,0.2504,0.2504,0.6700000527799129,0.9846077642440796
polypythia_410m,pythia-410m-seed6,arc_challenge,step143000,299892736000,0.245,0.222,0.266,0.2504166666666667,0.2504,0.2504,0.5864431484043598,0.9753861268758773
polypythia_410m,pythia-410m-seed6,arc_easy,step512,1073741824,0.25,0.25,0.25,0.2516666666666667,0.25066666666666665,0.25066666666666665,0.06353187017142772,0.03576699380204081
polypythia_410m,pythia-410m-seed6,arc_easy,step1000,2097152000,0.275,0.254,0.244,0.2516666666666667,0.25066666666666665,0.25066666666666665,0.05675471062306315,0.3610126191675663
polypythia_410m,pythia-410m-seed6,arc_easy,step2000,4194304000,0.335,0.248,0.256,0.2516666666666667,0.25066666666666665,0.25066666666666665,0.08955531740561128,0.7107673831880092
polypythia_410m,pythia-410m-seed6,arc_easy,step3000,6291456000,0.365,0.252,0.244,0.2516666666666667,0.25066666666666665,0.25066666666666665,0.07643874568492175,0.8425745710134506
polypythia_410m,pythia-410m-seed6,arc_easy,step5000,10485760000,0.385,0.25,0.23,0.2516666666666667,0.25066666666666665,0.25066666666666665,0.08517471380904316,0.9508891583681106
polypythia_410m,pythia-410m-seed6,arc_easy,step7000,14680064000,0.375,0.246,0.258,0.2516666666666667,0.25066666666666665,0.25066666666666665,0.09253719190880656,0.9546712096333504
polypythia_410m,pythia-410m-seed6,arc_easy,step10000,20971520000,0.425,0.246,0.27,0.2516666666666667,0.25066666666666665,0.25066666666666665,0.10454121373221278,0.921560667693615
polypythia_410m,pythia-410m-seed6,arc_easy,step15000,31457280000,0.46,0.248,0.248,0.2516666666666667,0.25066666666666665,0.25066666666666665,0.11653945665434003,0.9429122813940048
polypythia_410m,pythia-410m-seed6,arc_easy,step22000,46137344000,0.46,0.246,0.246,0.2516666666666667,0.25066666666666665,0.25066666666666665,0.14725935023277997,0.9551747382879258
polypythia_410m,pythia-410m-seed6,arc_easy,step32000,67108864000,0.5,0.246,0.248,0.2516666666666667,0.25066666666666665,0.25066666666666665,0.34717284828424455,0.9481467949151993
polypythia_410m,pythia-410m-seed6,arc_easy,step46000,96468992000,0.52,0.25,0.25,0.2516666666666667,0.25066666666666665,0.25066666666666665,0.3448603063672781,0.9734496145248414
polypythia_410m,pythia-410m-seed6,arc_easy,step67000,140509184000,0.49,0.244,0.26,0.2516666666666667,0.25066666666666665,0.25066666666666665,0.4151527814492583,0.9800800075531005
polypythia_410m,pythia-410m-seed6,arc_easy,step98000,205520896000,0.53,0.252,0.252,0.2516666666666667,0.25066666666666665,0.25066666666666665,0.6508509850203991,0.9846780757904052
polypythia_410m,pythia-410m-seed6,arc_easy,step143000,299892736000,0.5,0.246,0.242,0.2516666666666667,0.25066666666666665,0.25066666666666665,0.5605653692483902,0.973702647805214
polypythia_410m,pythia-410m-seed6,csqa,step512,1073741824,0.205,0.182,0.182,0.2,0.2,0.2,0.04942606497555971,0.02761730054207146
polypythia_410m,pythia-410m-seed6,csqa,step1000,2097152000,0.2,0.18,0.182,0.2,0.2,0.2,0.03538491019699722,0.40589873042702673
polypythia_410m,pythia-410m-seed6,csqa,step2000,4194304000,0.2,0.182,0.2,0.2,0.2,0.2,0.05167921667173505,0.8145855630636215
polypythia_410m,pythia-410m-seed6,csqa,step3000,6291456000,0.25,0.182,0.192,0.2,0.2,0.2,0.06221360737085342,0.8867749273777008
polypythia_410m,pythia-410m-seed6,csqa,step5000,10485760000,0.305,0.18,0.208,0.2,0.2,0.2,0.05961635368317365,0.9280494412183762
polypythia_410m,pythia-410m-seed6,csqa,step7000,14680064000,0.305,0.18,0.184,0.2,0.2,0.2,0.07140131326019764,0.7903854475021362
polypythia_410m,pythia-410m-seed6,csqa,step10000,20971520000,0.345,0.178,0.19,0.2,0.2,0.2,0.07084674827754497,0.6496211097836494
polypythia_410m,pythia-410m-seed6,csqa,step15000,31457280000,0.375,0.18,0.186,0.2,0.2,0.2,0.0839116871021688,0.9010146176815033
polypythia_410m,pythia-410m-seed6,csqa,step22000,46137344000,0.375,0.182,0.21,0.2,0.2,0.2,0.0919348135702312,0.9409267344474792
polypythia_410m,pythia-410m-seed6,csqa,step32000,67108864000,0.42,0.182,0.22,0.2,0.2,0.2,0.27395595706254244,0.9398630691766738
polypythia_410m,pythia-410m-seed6,csqa,step46000,96468992000,0.405,0.176,0.184,0.2,0.2,0.2,0.2839382588788867,0.9704665194749832
polypythia_410m,pythia-410m-seed6,csqa,step67000,140509184000,0.44,0.178,0.178,0.2,0.2,0.2,0.3102573206350207,0.9569618510007858
polypythia_410m,pythia-410m-seed6,csqa,step98000,205520896000,0.45,0.182,0.178,0.2,0.2,0.2,0.5372647851407528,0.9747913230657578
polypythia_410m,pythia-410m-seed6,csqa,step143000,299892736000,0.425,0.18,0.174,0.2,0.2,0.2,0.4515651554912329,0.9693153443336486
polypythia_410m,pythia-410m-seed6,hellaswag,step512,1073741824,0.27,0.238,0.238,0.25,0.25,0.25,0.024239863557741045,0.02533920313604176
polypythia_410m,pythia-410m-seed6,hellaswag,step1000,2097152000,0.24,0.224,0.262,0.25,0.25,0.25,0.03175684409029782,0.43060476511716844
polypythia_410m,pythia-410m-seed6,hellaswag,step2000,4194304000,0.245,0.238,0.286,0.25,0.25,0.25,0.05476770734786987,0.7707770417332649
polypythia_410m,pythia-410m-seed6,hellaswag,step3000,6291456000,0.26,0.24,0.236,0.25,0.25,0.25,0.056426584351807835,0.8087064856439828
polypythia_410m,pythia-410m-seed6,hellaswag,step5000,10485760000,0.295,0.242,0.216,0.25,0.25,0.25,0.09210736916400492,0.9193351459503174
polypythia_410m,pythia-410m-seed6,hellaswag,step7000,14680064000,0.3,0.242,0.234,0.25,0.25,0.25,0.08525193131528795,0.9542689224481583
polypythia_410m,pythia-410m-seed6,hellaswag,step10000,20971520000,0.31,0.244,0.26,0.25,0.25,0.25,0.06879550058208406,0.936814768910408
polypythia_410m,pythia-410m-seed6,hellaswag,step15000,31457280000,0.31,0.244,0.244,0.25,0.25,0.25,0.06628816061327233,0.9658810737133026
polypythia_410m,pythia-410m-seed6,hellaswag,step22000,46137344000,0.32,0.24,0.264,0.25,0.25,0.25,0.07535759606584906,0.9801594543457032
polypythia_410m,pythia-410m-seed6,hellaswag,step32000,67108864000,0.355,0.238,0.27,0.25,0.25,0.25,0.1816398936882615,0.966601798415184
polypythia_410m,pythia-410m-seed6,hellaswag,step46000,96468992000,0.365,0.238,0.252,0.25,0.25,0.25,0.1409200671352446,0.9808369753360748
polypythia_410m,pythia-410m-seed6,hellaswag,step67000,140509184000,0.39,0.238,0.24,0.25,0.25,0.25,0.20540925023704767,0.9887406085729599
polypythia_410m,pythia-410m-seed6,hellaswag,step98000,205520896000,0.37,0.238,0.252,0.25,0.25,0.25,0.43876480267569423,0.9895174050331116
polypythia_410m,pythia-410m-seed6,hellaswag,step143000,299892736000,0.395,0.236,0.234,0.25,0.25,0.25,0.3503819528967142,0.9775003890991211
polypythia_410m,pythia-410m-seed6,mmlu,step512,1073741824,0.27,0.212,0.212,0.25,0.25,0.25,0.04708497854601592,0.04240672809630632
polypythia_410m,pythia-410m-seed6,mmlu,step1000,2097152000,0.225,0.214,0.246,0.25,0.25,0.25,0.048882255054079,0.4754645686596632
polypythia_410m,pythia-410m-seed6,mmlu,step2000,4194304000,0.25,0.212,0.256,0.25,0.25,0.25,0.0772198664713651,0.7189274058640003
polypythia_410m,pythia-410m-seed6,mmlu,step3000,6291456000,0.215,0.212,0.27,0.25,0.25,0.25,0.07154224099963903,0.8223117037117481
polypythia_410m,pythia-410m-seed6,mmlu,step5000,10485760000,0.235,0.21,0.248,0.25,0.25,0.25,0.08935446541570127,0.9227312695682048
polypythia_410m,pythia-410m-seed6,mmlu,step7000,14680064000,0.245,0.212,0.266,0.25,0.25,0.25,0.09306242590770125,0.9365277063250542
polypythia_410m,pythia-410m-seed6,mmlu,step10000,20971520000,0.215,0.21,0.264,0.25,0.25,0.25,0.09176192655786872,0.9122750507593155
polypythia_410m,pythia-410m-seed6,mmlu,step15000,31457280000,0.25,0.212,0.252,0.25,0.25,0.25,0.13103344349563123,0.9420363883972168
polypythia_410m,pythia-410m-seed6,mmlu,step22000,46137344000,0.255,0.224,0.266,0.25,0.25,0.25,0.1581681784130633,0.9600976340174675
polypythia_410m,pythia-410m-seed6,mmlu,step32000,67108864000,0.255,0.222,0.254,0.25,0.25,0.25,0.2848491126988083,0.9416874477863312
polypythia_410m,pythia-410m-seed6,mmlu,step46000,96468992000,0.265,0.212,0.258,0.25,0.25,0.25,0.27507816671021285,0.9673697389364243
polypythia_410m,pythia-410m-seed6,mmlu,step67000,140509184000,0.275,0.214,0.274,0.25,0.25,0.25,0.34923469949513675,0.9746947660446167
polypythia_410m,pythia-410m-seed6,mmlu,step98000,205520896000,0.29,0.22,0.276,0.25,0.25,0.25,0.4914126939568669,0.9795570282936096
polypythia_410m,pythia-410m-seed6,mmlu,step143000,299892736000,0.315,0.22,0.268,0.25,0.25,0.25,0.44846701150387525,0.968378160238266
polypythia_410m,pythia-410m-seed6,piqa,step512,1073741824,0.57,0.49,0.49,0.5,0.5,0.5,0.02290585465915501,0.01885934850759804
polypythia_410m,pythia-410m-seed6,piqa,step1000,2097152000,0.565,0.488,0.51,0.5,0.5,0.5,0.012504509659775067,0.5685854678153992
polypythia_410m,pythia-410m-seed6,piqa,step2000,4194304000,0.575,0.49,0.508,0.5,0.5,0.5,0.05199037546478212,0.649650796443224
polypythia_410m,pythia-410m-seed6,piqa,step3000,6291456000,0.595,0.486,0.508,0.5,0.5,0.5,0.04142090981639922,0.8953812549114227
polypythia_410m,pythia-410m-seed6,piqa,step5000,10485760000,0.63,0.49,0.51,0.5,0.5,0.5,0.04558002599701285,0.9177734526395798
polypythia_410m,pythia-410m-seed6,piqa,step7000,14680064000,0.61,0.49,0.508,0.5,0.5,0.5,0.05008423826098442,0.9090809482336044
polypythia_410m,pythia-410m-seed6,piqa,step10000,20971520000,0.61,0.484,0.498,0.5,0.5,0.5,0.04386163548473269,0.8966661678552628
polypythia_410m,pythia-410m-seed6,piqa,step15000,31457280000,0.67,0.488,0.514,0.5,0.5,0.5,0.04554424740932882,0.960992869734764
polypythia_410m,pythia-410m-seed6,piqa,step22000,46137344000,0.68,0.492,0.51,0.5,0.5,0.5,0.05542864479217678,0.9277107511758804
polypythia_410m,pythia-410m-seed6,piqa,step32000,67108864000,0.675,0.492,0.468,0.5,0.5,0.5,0.15989417138695716,0.9251534777879715
polypythia_410m,pythia-410m-seed6,piqa,step46000,96468992000,0.65,0.488,0.498,0.5,0.5,0.5,0.18103977144509553,0.9125982841253281
polypythia_410m,pythia-410m-seed6,piqa,step67000,140509184000,0.675,0.488,0.506,0.5,0.5,0.5,0.2874888286292553,0.8953693732023239
polypythia_410m,pythia-410m-seed6,piqa,step98000,205520896000,0.685,0.488,0.522,0.5,0.5,0.5,0.39000287373363973,0.9174524829387665
polypythia_410m,pythia-410m-seed6,piqa,step143000,299892736000,0.7,0.488,0.502,0.5,0.5,0.5,0.43848628817498686,0.9350241445302964
polypythia_410m,pythia-410m-seed7,arc_challenge,step512,1073741824,0.255,0.222,0.222,0.2504166666666667,0.2504,0.2504,0.0886961436867714,0.08058205787837505
polypythia_410m,pythia-410m-seed7,arc_challenge,step1000,2097152000,0.195,0.222,0.226,0.2504166666666667,0.2504,0.2504,0.08344517121277749,0.7305721409916878
polypythia_410m,pythia-410m-seed7,arc_challenge,step2000,4194304000,0.185,0.228,0.286,0.2504166666666667,0.2504,0.2504,0.052022561755031345,0.8943624171614647
polypythia_410m,pythia-410m-seed7,arc_challenge,step3000,6291456000,0.21,0.23,0.268,0.2504166666666667,0.2504,0.2504,0.07172508155554533,0.9372084897756576
polypythia_410m,pythia-410m-seed7,arc_challenge,step5000,10485760000,0.19,0.226,0.252,0.2504166666666667,0.2504,0.2504,0.1230888191126287,0.9508822549581528
polypythia_410m,pythia-410m-seed7,arc_challenge,step7000,14680064000,0.205,0.226,0.256,0.2504166666666667,0.2504,0.2504,0.1481921636611223,0.974700814962387
polypythia_410m,pythia-410m-seed7,arc_challenge,step10000,20971520000,0.21,0.222,0.24,0.2504166666666667,0.2504,0.2504,0.1872584967762232,0.97461767745018
polypythia_410m,pythia-410m-seed7,arc_challenge,step15000,31457280000,0.22,0.228,0.26,0.2504166666666667,0.2504,0.2504,0.39234821434319017,0.9779181398153305
polypythia_410m,pythia-410m-seed7,arc_challenge,step22000,46137344000,0.21,0.23,0.24,0.2504166666666667,0.2504,0.2504,0.3586822983920574,0.9747219635248184
polypythia_410m,pythia-410m-seed7,arc_challenge,step32000,67108864000,0.245,0.242,0.236,0.2504166666666667,0.2504,0.2504,0.4281204222664237,0.9818570902347564
polypythia_410m,pythia-410m-seed7,arc_challenge,step46000,96468992000,0.235,0.256,0.236,0.2504166666666667,0.2504,0.2504,0.4077436931580305,0.9681256700754166
polypythia_410m,pythia-410m-seed7,arc_challenge,step67000,140509184000,0.255,0.214,0.26,0.2504166666666667,0.2504,0.2504,0.6704939616620541,0.9783099291324615
polypythia_410m,pythia-410m-seed7,arc_challenge,step98000,205520896000,0.245,0.244,0.26,0.2504166666666667,0.2504,0.2504,0.6339718873202801,0.9791378160715103
polypythia_410m,pythia-410m-seed7,arc_challenge,step143000,299892736000,0.255,0.244,0.25,0.2504166666666667,0.2504,0.2504,0.5993344978094101,0.9802086218595505
polypythia_410m,pythia-410m-seed7,arc_easy,step512,1073741824,0.255,0.25,0.25,0.2516666666666667,0.25066666666666665,0.25066666666666665,0.10065032839030028,0.09205039842426777
polypythia_410m,pythia-410m-seed7,arc_easy,step1000,2097152000,0.28,0.258,0.25,0.2516666666666667,0.25066666666666665,0.25066666666666665,0.07922190141677857,0.6874478979706764
polypythia_410m,pythia-410m-seed7,arc_easy,step2000,4194304000,0.335,0.244,0.244,0.2516666666666667,0.25066666666666665,0.25066666666666665,0.05029712917469442,0.8479662387371063
polypythia_410m,pythia-410m-seed7,arc_easy,step3000,6291456000,0.38,0.248,0.24,0.2516666666666667,0.25066666666666665,0.25066666666666665,0.0661559004969895,0.9389843573570251
polypythia_410m,pythia-410m-seed7,arc_easy,step5000,10485760000,0.4,0.246,0.24,0.2516666666666667,0.25066666666666665,0.25066666666666665,0.11116060782968998,0.9424791177511215
polypythia_410m,pythia-410m-seed7,arc_easy,step7000,14680064000,0.405,0.242,0.238,0.2516666666666667,0.25066666666666665,0.25066666666666665,0.13784859157167376,0.963338212132454
polypythia_410m,pythia-410m-seed7,arc_easy,step10000,20971520000,0.445,0.234,0.25,0.2516666666666667,0.25066666666666665,0.25066666666666665,0.1905590544268489,0.9526243150234223
polypythia_410m,pythia-410m-seed7,arc_easy,step15000,31457280000,0.47,0.23,0.248,0.2516666666666667,0.25066666666666665,0.25066666666666665,0.3521299218684435,0.9716498274803161
polypythia_410m,pythia-410m-seed7,arc_easy,step22000,46137344000,0.465,0.234,0.24,0.2516666666666667,0.25066666666666665,0.25066666666666665,0.3107407546192408,0.9678345775604248
polypythia_410m,pythia-410m-seed7,arc_easy,step32000,67108864000,0.45,0.238,0.246,0.2516666666666667,0.25066666666666665,0.25066666666666665,0.3860017876774073,0.9815484805107116
polypythia_410m,pythia-410m-seed7,arc_easy,step46000,96468992000,0.465,0.268,0.248,0.2516666666666667,0.25066666666666665,0.25066666666666665,0.35198257564753294,0.9681327248811722
polypythia_410m,pythia-410m-seed7,arc_easy,step67000,140509184000,0.48,0.226,0.256,0.2516666666666667,0.25066666666666665,0.25066666666666665,0.6362911697626114,0.9809677672386169
polypythia_410m,pythia-410m-seed7,arc_easy,step98000,205520896000,0.5,0.244,0.252,0.2516666666666667,0.25066666666666665,0.25066666666666665,0.5827971271127462,0.980840748667717
polypythia_410m,pythia-410m-seed7,arc_easy,step143000,299892736000,0.505,0.248,0.252,0.2516666666666667,0.25066666666666665,0.25066666666666665,0.56399187707901,0.984627649307251
polypythia_410m,pythia-410m-seed7,csqa,step512,1073741824,0.185,0.182,0.182,0.2,0.2,0.2,0.09556469266861677,0.07042588410526514
polypythia_410m,pythia-410m-seed7,csqa,step1000,2097152000,0.185,0.178,0.182,0.2,0.2,0.2,0.06204153360426426,0.5861931005716324
polypythia_410m,pythia-410m-seed7,csqa,step2000,4194304000,0.25,0.18,0.202,0.2,0.2,0.2,0.03542371375672519,0.7720706956386566
polypythia_410m,pythia-410m-seed7,csqa,step3000,6291456000,0.26,0.176,0.198,0.2,0.2,0.2,0.046541192755103114,0.8632017123699188
polypythia_410m,pythia-410m-seed7,csqa,step5000,10485760000,0.295,0.182,0.182,0.2,0.2,0.2,0.06568521577538923,0.9086642324924469
polypythia_410m,pythia-410m-seed7,csqa,step7000,14680064000,0.345,0.18,0.178,0.2,0.2,0.2,0.08924584528803825,0.9613600789308548
polypythia_410m,pythia-410m-seed7,csqa,step10000,20971520000,0.36,0.18,0.184,0.2,0.2,0.2,0.1118609567284584,0.9514212923049927
polypythia_410m,pythia-410m-seed7,csqa,step15000,31457280000,0.365,0.182,0.174,0.2,0.2,0.2,0.19393906930834054,0.9545508089065552
polypythia_410m,pythia-410m-seed7,csqa,step22000,46137344000,0.395,0.178,0.206,0.2,0.2,0.2,0.19540753020346166,0.967442864894867
polypythia_410m,pythia-410m-seed7,csqa,step32000,67108864000,0.405,0.192,0.208,0.2,0.2,0.2,0.22101260320097207,0.9728271304368973
polypythia_410m,pythia-410m-seed7,csqa,step46000,96468992000,0.41,0.188,0.176,0.2,0.2,0.2,0.2523357051387429,0.959889098405838
polypythia_410m,pythia-410m-seed7,csqa,step67000,140509184000,0.44,0.208,0.198,0.2,0.2,0.2,0.4726569681167603,0.9759072217941284
polypythia_410m,pythia-410m-seed7,csqa,step98000,205520896000,0.44,0.194,0.192,0.2,0.2,0.2,0.46863356575369836,0.9693838210105896
polypythia_410m,pythia-410m-seed7,csqa,step143000,299892736000,0.445,0.208,0.194,0.2,0.2,0.2,0.4505645728558302,0.9576732970476151
polypythia_410m,pythia-410m-seed7,hellaswag,step512,1073741824,0.285,0.238,0.238,0.25,0.25,0.25,0.041142367020249364,0.04199283277243376
polypythia_410m,pythia-410m-seed7,hellaswag,step1000,2097152000,0.26,0.25,0.272,0.25,0.25,0.25,0.052627702670171854,0.7997950893640519
polypythia_410m,pythia-410m-seed7,hellaswag,step2000,4194304000,0.27,0.242,0.286,0.25,0.25,0.25,0.04484049641154707,0.8569730228185654
polypythia_410m,pythia-410m-seed7,hellaswag,step3000,6291456000,0.255,0.234,0.27,0.25,0.25,0.25,0.0652324880277738,0.9015021693706512
polypythia_410m,pythia-410m-seed7,hellaswag,step5000,10485760000,0.32,0.236,0.254,0.25,0.25,0.25,0.09065597121976315,0.9549066734313965
polypythia_410m,pythia-410m-seed7,hellaswag,step7000,14680064000,0.285,0.24,0.258,0.25,0.25,0.25,0.1271618033037521,0.9730768722295761
polypythia_410m,pythia-410m-seed7,hellaswag,step10000,20971520000,0.275,0.236,0.272,0.25,0.25,0.25,0.07964607259817422,0.9659714604616165
polypythia_410m,pythia-410m-seed7,hellaswag,step15000,31457280000,0.29,0.246,0.268,0.25,0.25,0.25,0.1424425809737295,0.970751817703247
polypythia_410m,pythia-410m-seed7,hellaswag,step22000,46137344000,0.31,0.254,0.274,0.25,0.25,0.25,0.18395679692551495,0.9683362427949905
polypythia_410m,pythia-410m-seed7,hellaswag,step32000,67108864000,0.335,0.232,0.27,0.25,0.25,0.25,0.1686631160750985,0.9751452469825744
polypythia_410m,pythia-410m-seed7,hellaswag,step46000,96468992000,0.36,0.248,0.232,0.25,0.25,0.25,0.20982551421411336,0.9700955746173858
polypythia_410m,pythia-410m-seed7,hellaswag,step67000,140509184000,0.4,0.244,0.238,0.25,0.25,0.25,0.3026308684647083,0.9790963045358658
polypythia_410m,pythia-410m-seed7,hellaswag,step98000,205520896000,0.405,0.248,0.264,0.25,0.25,0.25,0.28366263408586384,0.9756704503297806
polypythia_410m,pythia-410m-seed7,hellaswag,step143000,299892736000,0.42,0.24,0.274,0.25,0.25,0.25,0.2948904753178358,0.9830898518562317
polypythia_410m,pythia-410m-seed7,mmlu,step512,1073741824,0.215,0.212,0.212,0.25,0.25,0.25,0.0735899817943573,0.07272192629054189
polypythia_410m,pythia-410m-seed7,mmlu,step1000,2097152000,0.255,0.214,0.25,0.25,0.25,0.25,0.0868701504636556,0.6837333643734456
polypythia_410m,pythia-410m-seed7,mmlu,step2000,4194304000,0.275,0.208,0.278,0.25,0.25,0.25,0.05332316816272214,0.8026016280651093
polypythia_410m,pythia-410m-seed7,mmlu,step3000,6291456000,0.265,0.216,0.292,0.25,0.25,0.25,0.06648139523528517,0.900323238492012
polypythia_410m,pythia-410m-seed7,mmlu,step5000,10485760000,0.275,0.21,0.27,0.25,0.25,0.25,0.09671156044583767,0.9263581930398941
polypythia_410m,pythia-410m-seed7,mmlu,step7000,14680064000,0.28,0.212,0.278,0.25,0.25,0.25,0.1238317918498069,0.9481806229352951
polypythia_410m,pythia-410m-seed7,mmlu,step10000,20971520000,0.29,0.204,0.24,0.25,0.25,0.25,0.16090306635200977,0.9489123244285583
polypythia_410m,pythia-410m-seed7,mmlu,step15000,31457280000,0.23,0.258,0.258,0.25,0.25,0.25,0.2939912993516773,0.9588442567586899
polypythia_410m,pythia-410m-seed7,mmlu,step22000,46137344000,0.25,0.238,0.204,0.25,0.25,0.25,0.2802010891379323,0.9586467554569245
polypythia_410m,pythia-410m-seed7,mmlu,step32000,67108864000,0.25,0.208,0.23,0.25,0.25,0.25,0.3729947089254856,0.9694502084255219
polypythia_410m,pythia-410m-seed7,mmlu,step46000,96468992000,0.255,0.248,0.228,0.25,0.25,0.25,0.3221259603910148,0.9615527938604355
polypythia_410m,pythia-410m-seed7,mmlu,step67000,140509184000,0.265,0.224,0.264,0.25,0.25,0.25,0.5350240786224604,0.9740371088981629
polypythia_410m,pythia-410m-seed7,mmlu,step98000,205520896000,0.31,0.248,0.23,0.25,0.25,0.25,0.5071576000452042,0.966802431344986
polypythia_410m,pythia-410m-seed7,mmlu,step143000,299892736000,0.28,0.21,0.256,0.25,0.25,0.25,0.48247516982629896,0.9707256466150284
polypythia_410m,pythia-410m-seed7,piqa,step512,1073741824,0.585,0.49,0.49,0.5,0.5,0.5,0.053239681124687195,0.05068259847536683
polypythia_410m,pythia-410m-seed7,piqa,step1000,2097152000,0.575,0.47,0.514,0.5,0.5,0.5,0.019257672561798243,0.6514362711906433
polypythia_410m,pythia-410m-seed7,piqa,step2000,4194304000,0.605,0.502,0.51,0.5,0.5,0.5,0.022015030549839137,0.7947348421216011
polypythia_410m,pythia-410m-seed7,piqa,step3000,6291456000,0.59,0.494,0.51,0.5,0.5,0.5,0.02457140512764454,0.8858032417297363
polypythia_410m,pythia-410m-seed7,piqa,step5000,10485760000,0.625,0.484,0.518,0.5,0.5,0.5,0.03625073285540566,0.8921068472862244
polypythia_410m,pythia-410m-seed7,piqa,step7000,14680064000,0.6,0.484,0.51,0.5,0.5,0.5,0.05151942887576297,0.9729626746177673
polypythia_410m,pythia-410m-seed7,piqa,step10000,20971520000,0.62,0.526,0.476,0.5,0.5,0.5,0.06915135107003152,0.927986869096756
polypythia_410m,pythia-410m-seed7,piqa,step15000,31457280000,0.625,0.498,0.5,0.5,0.5,0.5,0.21300725455582142,0.9456127378940582
polypythia_410m,pythia-410m-seed7,piqa,step22000,46137344000,0.645,0.464,0.51,0.5,0.5,0.5,0.23791295229271053,0.9482974532842636
polypythia_410m,pythia-410m-seed7,piqa,step32000,67108864000,0.665,0.51,0.51,0.5,0.5,0.5,0.2665382673665881,0.95642469227314
polypythia_410m,pythia-410m-seed7,piqa,step46000,96468992000,0.665,0.49,0.48,0.5,0.5,0.5,0.31024656604230405,0.9500917581319809
polypythia_410m,pythia-410m-seed7,piqa,step67000,140509184000,0.66,0.498,0.51,0.5,0.5,0.5,0.42808840338885784,0.9561885902881623
polypythia_410m,pythia-410m-seed7,piqa,step98000,205520896000,0.665,0.496,0.504,0.5,0.5,0.5,0.4247226517498493,0.9348865871429444
polypythia_410m,pythia-410m-seed7,piqa,step143000,299892736000,0.685,0.46,0.486,0.5,0.5,0.5,0.39821453500166537,0.9155202195644379
polypythia_410m,pythia-410m-seed8,arc_challenge,step512,1073741824,0.245,0.222,0.222,0.2504166666666667,0.2504,0.2504,0.050312965387478474,0.049691072262823585
polypythia_410m,pythia-410m-seed8,arc_challenge,step1000,2097152000,0.18,0.234,0.216,0.2504166666666667,0.2504,0.2504,0.14276771540753544,0.6441581901907921
polypythia_410m,pythia-410m-seed8,arc_challenge,step2000,4194304000,0.18,0.224,0.252,0.2504166666666667,0.2504,0.2504,0.08322664745151996,0.5326118067800999
polypythia_410m,pythia-410m-seed8,arc_challenge,step3000,6291456000,0.22,0.222,0.258,0.2504166666666667,0.2504,0.2504,0.08917301398515701,0.698423840880394
polypythia_410m,pythia-410m-seed8,arc_challenge,step5000,10485760000,0.22,0.224,0.244,0.2504166666666667,0.2504,0.2504,0.12256342697702348,0.9005471984744072
polypythia_410m,pythia-410m-seed8,arc_challenge,step7000,14680064000,0.205,0.228,0.246,0.2504166666666667,0.2504,0.2504,0.12068473149091005,0.9572592245340348
polypythia_410m,pythia-410m-seed8,arc_challenge,step10000,20971520000,0.2,0.226,0.28,0.2504166666666667,0.2504,0.2504,0.21546834142878651,0.9538703931570053
polypythia_410m,pythia-410m-seed8,arc_challenge,step15000,31457280000,0.205,0.254,0.26,0.2504166666666667,0.2504,0.2504,0.4574270765185356,0.9756534729003906
polypythia_410m,pythia-410m-seed8,arc_challenge,step22000,46137344000,0.225,0.23,0.228,0.2504166666666667,0.2504,0.2504,0.4518484329283238,0.9790253903865814
polypythia_410m,pythia-410m-seed8,arc_challenge,step32000,67108864000,0.21,0.226,0.222,0.2504166666666667,0.2504,0.2504,0.4990891027152538,0.9764719710350037
polypythia_410m,pythia-410m-seed8,arc_challenge,step46000,96468992000,0.22,0.224,0.244,0.2504166666666667,0.2504,0.2504,0.4842117548324168,0.981643800497055
polypythia_410m,pythia-410m-seed8,arc_challenge,step67000,140509184000,0.255,0.216,0.26,0.2504166666666667,0.2504,0.2504,0.6451215573698282,0.9838997132778168
polypythia_410m,pythia-410m-seed8,arc_challenge,step98000,205520896000,0.245,0.206,0.26,0.2504166666666667,0.2504,0.2504,0.726802089035511,0.9854277281761169
polypythia_410m,pythia-410m-seed8,arc_challenge,step143000,299892736000,0.27,0.208,0.244,0.2504166666666667,0.2504,0.2504,0.7465046200305223,0.9800829746723175
polypythia_410m,pythia-410m-seed8,arc_easy,step512,1073741824,0.255,0.25,0.25,0.2516666666666667,0.25066666666666665,0.25066666666666665,0.05788220686092973,0.05644890695437789
polypythia_410m,pythia-410m-seed8,arc_easy,step1000,2097152000,0.285,0.242,0.258,0.2516666666666667,0.25066666666666665,0.25066666666666665,0.13551703575626015,0.701604172706604
polypythia_410m,pythia-410m-seed8,arc_easy,step2000,4194304000,0.3,0.246,0.236,0.2516666666666667,0.25066666666666665,0.25066666666666665,0.08216996276751161,0.5235810991823673
polypythia_410m,pythia-410m-seed8,arc_easy,step3000,6291456000,0.345,0.248,0.254,0.2516666666666667,0.25066666666666665,0.25066666666666665,0.08921561737917363,0.7343413208127022
polypythia_410m,pythia-410m-seed8,arc_easy,step5000,10485760000,0.41,0.248,0.252,0.2516666666666667,0.25066666666666665,0.25066666666666665,0.11530338675156236,0.8712604434490204
polypythia_410m,pythia-410m-seed8,arc_easy,step7000,14680064000,0.405,0.248,0.252,0.2516666666666667,0.25066666666666665,0.25066666666666665,0.10740160644799471,0.9567962718605996
polypythia_410m,pythia-410m-seed8,arc_easy,step10000,20971520000,0.45,0.248,0.252,0.2516666666666667,0.25066666666666665,0.25066666666666665,0.19726654712855815,0.9557583209276199
polypythia_410m,pythia-410m-seed8,arc_easy,step15000,31457280000,0.435,0.26,0.234,0.2516666666666667,0.25066666666666665,0.25066666666666665,0.423992637835443,0.9816022663116455
polypythia_410m,pythia-410m-seed8,arc_easy,step22000,46137344000,0.47,0.244,0.226,0.2516666666666667,0.25066666666666665,0.25066666666666665,0.4067605662494898,0.9803615682125092
polypythia_410m,pythia-410m-seed8,arc_easy,step32000,67108864000,0.46,0.26,0.224,0.2516666666666667,0.25066666666666665,0.25066666666666665,0.45052589263021947,0.9767841643095017
polypythia_410m,pythia-410m-seed8,arc_easy,step46000,96468992000,0.475,0.246,0.23,0.2516666666666667,0.25066666666666665,0.25066666666666665,0.43742084431275724,0.9838054419755936
polypythia_410m,pythia-410m-seed8,arc_easy,step67000,140509184000,0.48,0.248,0.246,0.2516666666666667,0.25066666666666665,0.25066666666666665,0.6024186292886734,0.9824255932569503
polypythia_410m,pythia-410m-seed8,arc_easy,step98000,205520896000,0.465,0.244,0.24,0.2516666666666667,0.25066666666666665,0.25066666666666665,0.6734614102393389,0.980290986418724
polypythia_410m,pythia-410m-seed8,arc_easy,step143000,299892736000,0.51,0.246,0.24,0.2516666666666667,0.25066666666666665,0.25066666666666665,0.7048312930315733,0.9730281646251678
polypythia_410m,pythia-410m-seed8,csqa,step512,1073741824,0.195,0.182,0.182,0.2,0.2,0.2,0.052114745367318395,0.046132064044475556
polypythia_410m,pythia-410m-seed8,csqa,step1000,2097152000,0.17,0.192,0.182,0.2,0.2,0.2,0.07583808684535324,0.5454157297611236
polypythia_410m,pythia-410m-seed8,csqa,step2000,4194304000,0.24,0.182,0.208,0.2,0.2,0.2,0.06261761008203029,0.560328861117363
polypythia_410m,pythia-410m-seed8,csqa,step3000,6291456000,0.21,0.18,0.202,0.2,0.2,0.2,0.04691086759977043,0.549181274086237
polypythia_410m,pythia-410m-seed8,csqa,step5000,10485760000,0.295,0.176,0.192,0.2,0.2,0.2,0.05876270127296448,0.8008251013755798
polypythia_410m,pythia-410m-seed8,csqa,step7000,14680064000,0.345,0.18,0.194,0.2,0.2,0.2,0.062185489228926596,0.9075957494974136
polypythia_410m,pythia-410m-seed8,csqa,step10000,20971520000,0.375,0.186,0.236,0.2,0.2,0.2,0.12361263865046203,0.8864475235939026
polypythia_410m,pythia-410m-seed8,csqa,step15000,31457280000,0.365,0.186,0.222,0.2,0.2,0.2,0.35790833728015425,0.9474633897542953
polypythia_410m,pythia-410m-seed8,csqa,step22000,46137344000,0.375,0.182,0.182,0.2,0.2,0.2,0.231228194758296,0.967640128493309
polypythia_410m,pythia-410m-seed8,csqa,step32000,67108864000,0.36,0.182,0.182,0.2,0.2,0.2,0.3235010293200612,0.9805435112714768
polypythia_410m,pythia-410m-seed8,csqa,step46000,96468992000,0.375,0.184,0.18,0.2,0.2,0.2,0.2816357479393482,0.9664383262395859
polypythia_410m,pythia-410m-seed8,csqa,step67000,140509184000,0.45,0.186,0.182,0.2,0.2,0.2,0.44069961248338224,0.9437311044931411
polypythia_410m,pythia-410m-seed8,csqa,step98000,205520896000,0.44,0.186,0.178,0.2,0.2,0.2,0.5168068309575319,0.965958200097084
polypythia_410m,pythia-410m-seed8,csqa,step143000,299892736000,0.46,0.184,0.174,0.2,0.2,0.2,0.6476648938953876,0.9713065069913864
polypythia_410m,pythia-410m-seed8,hellaswag,step512,1073741824,0.27,0.238,0.238,0.25,0.25,0.25,0.022206697933375836,0.024700690492987634
polypythia_410m,pythia-410m-seed8,hellaswag,step1000,2097152000,0.29,0.266,0.28,0.25,0.25,0.25,0.08714497434627265,0.5996242985725403
polypythia_410m,pythia-410m-seed8,hellaswag,step2000,4194304000,0.225,0.236,0.234,0.25,0.25,0.25,0.07285774182900787,0.7542095664739609
polypythia_410m,pythia-410m-seed8,hellaswag,step3000,6291456000,0.26,0.24,0.232,0.25,0.25,0.25,0.06447457956895232,0.8638900319337844
polypythia_410m,pythia-410m-seed8,hellaswag,step5000,10485760000,0.25,0.238,0.246,0.25,0.25,0.25,0.10000466893427074,0.9489504274129867
polypythia_410m,pythia-410m-seed8,hellaswag,step7000,14680064000,0.285,0.24,0.242,0.25,0.25,0.25,0.08146262446185575,0.9649363366365433
polypythia_410m,pythia-410m-seed8,hellaswag,step10000,20971520000,0.295,0.238,0.258,0.25,0.25,0.25,0.10912978673540055,0.9542285978794098
polypythia_410m,pythia-410m-seed8,hellaswag,step15000,31457280000,0.335,0.262,0.254,0.25,0.25,0.25,0.20535445587337017,0.9757596247196197
polypythia_410m,pythia-410m-seed8,hellaswag,step22000,46137344000,0.315,0.238,0.22,0.25,0.25,0.25,0.12772830276284367,0.9754826856851577
polypythia_410m,pythia-410m-seed8,hellaswag,step32000,67108864000,0.32,0.238,0.234,0.25,0.25,0.25,0.17859146334789694,0.985271106004715
polypythia_410m,pythia-410m-seed8,hellaswag,step46000,96468992000,0.37,0.24,0.266,0.25,0.25,0.25,0.18030460982304067,0.9755262671709061
polypythia_410m,pythia-410m-seed8,hellaswag,step67000,140509184000,0.37,0.242,0.232,0.25,0.25,0.25,0.2938209550157189,0.985318405032158
polypythia_410m,pythia-410m-seed8,hellaswag,step98000,205520896000,0.375,0.238,0.286,0.25,0.25,0.25,0.2733048704713583,0.9894106961488723
polypythia_410m,pythia-410m-seed8,hellaswag,step143000,299892736000,0.39,0.236,0.284,0.25,0.25,0.25,0.2729175585601479,0.9886705566644669
polypythia_410m,pythia-410m-seed8,mmlu,step512,1073741824,0.28,0.212,0.212,0.25,0.25,0.25,0.04510105669498444,0.047927534526214004
polypythia_410m,pythia-410m-seed8,mmlu,step1000,2097152000,0.27,0.218,0.256,0.25,0.25,0.25,0.12847197287529707,0.6281661171615124
polypythia_410m,pythia-410m-seed8,mmlu,step2000,4194304000,0.26,0.214,0.264,0.25,0.25,0.25,0.07760352099686861,0.5855531367659569
polypythia_410m,pythia-410m-seed8,mmlu,step3000,6291456000,0.24,0.22,0.27,0.25,0.25,0.25,0.07691078207269311,0.7116707895100117
polypythia_410m,pythia-410m-seed8,mmlu,step5000,10485760000,0.23,0.212,0.25,0.25,0.25,0.25,0.09873933999985457,0.9079707138538361
polypythia_410m,pythia-410m-seed8,mmlu,step7000,14680064000,0.245,0.208,0.234,0.25,0.25,0.25,0.10474406362511218,0.9410973672866821
polypythia_410m,pythia-410m-seed8,mmlu,step10000,20971520000,0.245,0.212,0.232,0.25,0.25,0.25,0.15959358894079922,0.930804156422615
polypythia_410m,pythia-410m-seed8,mmlu,step15000,31457280000,0.245,0.23,0.24,0.25,0.25,0.25,0.3021724265888333,0.9662810505628586
polypythia_410m,pythia-410m-seed8,mmlu,step22000,46137344000,0.225,0.206,0.246,0.25,0.25,0.25,0.30713424676656725,0.9690328443050384
polypythia_410m,pythia-410m-seed8,mmlu,step32000,67108864000,0.235,0.208,0.246,0.25,0.25,0.25,0.3950570405982435,0.9748304964900016
polypythia_410m,pythia-410m-seed8,mmlu,step46000,96468992000,0.25,0.212,0.238,0.25,0.25,0.25,0.403314226411283,0.9802576824426651
polypythia_410m,pythia-410m-seed8,mmlu,step67000,140509184000,0.27,0.218,0.252,0.25,0.25,0.25,0.499761707700789,0.9783608072996139
polypythia_410m,pythia-410m-seed8,mmlu,step98000,205520896000,0.285,0.216,0.258,0.25,0.25,0.25,0.5954156161695718,0.9808212584257125
polypythia_410m,pythia-410m-seed8,mmlu,step143000,299892736000,0.295,0.23,0.254,0.25,0.25,0.25,0.6074361395798623,0.9768495669364929
polypythia_410m,pythia-410m-seed8,piqa,step512,1073741824,0.575,0.49,0.49,0.5,0.5,0.5,0.02288343335594982,0.02835965592227876
polypythia_410m,pythia-410m-seed8,piqa,step1000,2097152000,0.575,0.464,0.512,0.5,0.5,0.5,0.04222775170579553,0.6674477282166481
polypythia_410m,pythia-410m-seed8,piqa,step2000,4194304000,0.615,0.488,0.492,0.5,0.5,0.5,0.044360796267166734,0.5928408257961273
polypythia_410m,pythia-410m-seed8,piqa,step3000,6291456000,0.625,0.494,0.512,0.5,0.5,0.5,0.03369019078835845,0.7004291937947273
polypythia_410m,pythia-410m-seed8,piqa,step5000,10485760000,0.645,0.488,0.522,0.5,0.5,0.5,0.03363431421527639,0.878400197327137
polypythia_410m,pythia-410m-seed8,piqa,step7000,14680064000,0.645,0.484,0.516,0.5,0.5,0.5,0.02695979279419407,0.9011599849462509
polypythia_410m,pythia-410m-seed8,piqa,step10000,20971520000,0.665,0.484,0.516,0.5,0.5,0.5,0.055734302912838755,0.910541561126709
polypythia_410m,pythia-410m-seed8,piqa,step15000,31457280000,0.63,0.474,0.506,0.5,0.5,0.5,0.2087036858033389,0.8685419558286667
polypythia_410m,pythia-410m-seed8,piqa,step22000,46137344000,0.645,0.488,0.478,0.5,0.5,0.5,0.14162999551184474,0.9347985488176346
polypythia_410m,pythia-410m-seed8,piqa,step32000,67108864000,0.675,0.504,0.47,0.5,0.5,0.5,0.19291549013741313,0.9840811195373536
polypythia_410m,pythia-410m-seed8,piqa,step46000,96468992000,0.67,0.486,0.516,0.5,0.5,0.5,0.2378951040916145,0.9559398984909058
polypythia_410m,pythia-410m-seed8,piqa,step67000,140509184000,0.685,0.492,0.494,0.5,0.5,0.5,0.328649345703423,0.9788236100673675
polypythia_410m,pythia-410m-seed8,piqa,step98000,205520896000,0.675,0.498,0.484,0.5,0.5,0.5,0.32937247755005955,0.9772795299291611
polypythia_410m,pythia-410m-seed8,piqa,step143000,299892736000,0.685,0.484,0.472,0.5,0.5,0.5,0.3962355440147221,0.9743133698701858
polypythia_410m,pythia-410m-seed9,arc_challenge,step512,1073741824,0.235,0.222,0.222,0.2504166666666667,0.2504,0.2504,0.058461064476519824,0.05255558148771525
polypythia_410m,pythia-410m-seed9,arc_challenge,step1000,2097152000,0.205,0.246,0.288,0.2504166666666667,0.2504,0.2504,0.063920887760818,0.6505769489407539
polypythia_410m,pythia-410m-seed9,arc_challenge,step2000,4194304000,0.165,0.222,0.266,0.2504166666666667,0.2504,0.2504,0.056138501703739165,0.7057348823547364
polypythia_410m,pythia-410m-seed9,arc_challenge,step3000,6291456000,0.185,0.224,0.276,0.2504166666666667,0.2504,0.2504,0.06998401804827153,0.877557937502861
polypythia_410m,pythia-410m-seed9,arc_challenge,step5000,10485760000,0.22,0.226,0.284,0.2504166666666667,0.2504,0.2504,0.08119689398817719,0.9336398525238037
polypythia_410m,pythia-410m-seed9,arc_challenge,step7000,14680064000,0.2,0.232,0.278,0.2504166666666667,0.2504,0.2504,0.11864876129478216,0.9562708140611649
polypythia_410m,pythia-410m-seed9,arc_challenge,step10000,20971520000,0.21,0.222,0.254,0.2504166666666667,0.2504,0.2504,0.15691743589565157,0.9811767528057098
polypythia_410m,pythia-410m-seed9,arc_challenge,step15000,31457280000,0.225,0.226,0.25,0.2504166666666667,0.2504,0.2504,0.24751204643398522,0.9778804968595505
polypythia_410m,pythia-410m-seed9,arc_challenge,step22000,46137344000,0.235,0.228,0.256,0.2504166666666667,0.2504,0.2504,0.19096887167543172,0.9912990151643754
polypythia_410m,pythia-410m-seed9,arc_challenge,step32000,67108864000,0.24,0.226,0.28,0.2504166666666667,0.2504,0.2504,0.2212746002562344,0.9804577270746231
polypythia_410m,pythia-410m-seed9,arc_challenge,step46000,96468992000,0.23,0.236,0.26,0.2504166666666667,0.2504,0.2504,0.16439457726851106,0.9765979615449906
polypythia_410m,pythia-410m-seed9,arc_challenge,step67000,140509184000,0.225,0.222,0.268,0.2504166666666667,0.2504,0.2504,0.34617846916988493,0.9809561941623688
polypythia_410m,pythia-410m-seed9,arc_challenge,step98000,205520896000,0.225,0.242,0.26,0.2504166666666667,0.2504,0.2504,0.5082764566019178,0.9802891756296158
polypythia_410m,pythia-410m-seed9,arc_challenge,step143000,299892736000,0.23,0.244,0.266,0.2504166666666667,0.2504,0.2504,0.48442162697017194,0.9734096945524215
polypythia_410m,pythia-410m-seed9,arc_easy,step512,1073741824,0.265,0.25,0.25,0.2516666666666667,0.25066666666666665,0.25066666666666665,0.06777057726681232,0.05526381092146039
polypythia_410m,pythia-410m-seed9,arc_easy,step1000,2097152000,0.3,0.252,0.276,0.2516666666666667,0.25066666666666665,0.25066666666666665,0.05898588070087135,0.521617232978344
polypythia_410m,pythia-410m-seed9,arc_easy,step2000,4194304000,0.33,0.248,0.246,0.2516666666666667,0.25066666666666665,0.25066666666666665,0.05399239522591233,0.6979663674235344
polypythia_410m,pythia-410m-seed9,arc_easy,step3000,6291456000,0.31,0.25,0.214,0.2516666666666667,0.25066666666666665,0.25066666666666665,0.07212204587087036,0.8716797053217887
polypythia_410m,pythia-410m-seed9,arc_easy,step5000,10485760000,0.365,0.244,0.256,0.2516666666666667,0.25066666666666665,0.25066666666666665,0.07462314697541296,0.935510566830635
polypythia_410m,pythia-410m-seed9,arc_easy,step7000,14680064000,0.405,0.248,0.25,0.2516666666666667,0.25066666666666665,0.25066666666666665,0.11645720192417502,0.9699318253993988
polypythia_410m,pythia-410m-seed9,arc_easy,step10000,20971520000,0.415,0.252,0.252,0.2516666666666667,0.25066666666666665,0.25066666666666665,0.13677363386750221,0.9847190803289414
polypythia_410m,pythia-410m-seed9,arc_easy,step15000,31457280000,0.445,0.246,0.234,0.2516666666666667,0.25066666666666665,0.25066666666666665,0.2149550260528922,0.9860818547010421
polypythia_410m,pythia-410m-seed9,arc_easy,step22000,46137344000,0.44,0.246,0.244,0.2516666666666667,0.25066666666666665,0.25066666666666665,0.16096920511685311,0.9913254956007004
polypythia_410m,pythia-410m-seed9,arc_easy,step32000,67108864000,0.455,0.25,0.248,0.2516666666666667,0.25066666666666665,0.25066666666666665,0.1915907583013177,0.9843667377233505
polypythia_410m,pythia-410m-seed9,arc_easy,step46000,96468992000,0.49,0.242,0.234,0.2516666666666667,0.25066666666666665,0.25066666666666665,0.13554186481237412,0.9808026659488678
polypythia_410m,pythia-410m-seed9,arc_easy,step67000,140509184000,0.455,0.238,0.248,0.2516666666666667,0.25066666666666665,0.25066666666666665,0.3031351584121585,0.9853434524536133
polypythia_410m,pythia-410m-seed9,arc_easy,step98000,205520896000,0.475,0.24,0.262,0.2516666666666667,0.25066666666666665,0.25066666666666665,0.47688142709434034,0.9823348212242127
polypythia_410m,pythia-410m-seed9,arc_easy,step143000,299892736000,0.505,0.244,0.226,0.2516666666666667,0.25066666666666665,0.25066666666666665,0.46959826746210453,0.9734075198173523
polypythia_410m,pythia-410m-seed9,csqa,step512,1073741824,0.18,0.182,0.182,0.2,0.2,0.2,0.060255208265036345,0.045570533826947215
polypythia_410m,pythia-410m-seed9,csqa,step1000,2097152000,0.17,0.188,0.192,0.2,0.2,0.2,0.04928646098636091,0.41994638442993165
polypythia_410m,pythia-410m-seed9,csqa,step2000,4194304000,0.245,0.192,0.212,0.2,0.2,0.2,0.034482595844194296,0.807539906680584
polypythia_410m,pythia-410m-seed9,csqa,step3000,6291456000,0.3,0.18,0.188,0.2,0.2,0.2,0.041025100238621236,0.7902464071512222
polypythia_410m,pythia-410m-seed9,csqa,step5000,10485760000,0.31,0.182,0.182,0.2,0.2,0.2,0.04413260966539383,0.8276032392978668
polypythia_410m,pythia-410m-seed9,csqa,step7000,14680064000,0.325,0.182,0.18,0.2,0.2,0.2,0.06844855842739343,0.9414448671340943
polypythia_410m,pythia-410m-seed9,csqa,step10000,20971520000,0.365,0.184,0.178,0.2,0.2,0.2,0.06625115845166146,0.8995590043067933
polypythia_410m,pythia-410m-seed9,csqa,step15000,31457280000,0.37,0.18,0.19,0.2,0.2,0.2,0.14042912182584405,0.9469487119913101
polypythia_410m,pythia-410m-seed9,csqa,step22000,46137344000,0.415,0.182,0.21,0.2,0.2,0.2,0.08825921102426947,0.9340650548934937
polypythia_410m,pythia-410m-seed9,csqa,step32000,67108864000,0.39,0.182,0.182,0.2,0.2,0.2,0.13548113149777055,0.9356914346218109
polypythia_410m,pythia-410m-seed9,csqa,step46000,96468992000,0.42,0.18,0.176,0.2,0.2,0.2,0.08582475775107741,0.9625862238407135
polypythia_410m,pythia-410m-seed9,csqa,step67000,140509184000,0.435,0.178,0.182,0.2,0.2,0.2,0.1642084949091077,0.9714368044137954
polypythia_410m,pythia-410m-seed9,csqa,step98000,205520896000,0.45,0.174,0.182,0.2,0.2,0.2,0.3174358982592821,0.9673778096437454
polypythia_410m,pythia-410m-seed9,csqa,step143000,299892736000,0.42,0.176,0.182,0.2,0.2,0.2,0.2725161535963416,0.9629063764810563
polypythia_410m,pythia-410m-seed9,hellaswag,step512,1073741824,0.285,0.238,0.238,0.25,0.25,0.25,0.029239421976730226,0.03851509873569012
polypythia_410m,pythia-410m-seed9,hellaswag,step1000,2097152000,0.26,0.25,0.282,0.25,0.25,0.25,0.06246120151132345,0.7374961274266243
polypythia_410m,pythia-410m-seed9,hellaswag,step2000,4194304000,0.245,0.24,0.24,0.25,0.25,0.25,0.04577161243464798,0.792447984457016
polypythia_410m,pythia-410m-seed9,hellaswag,step3000,6291456000,0.255,0.242,0.254,0.25,0.25,0.25,0.052475811602547766,0.8810039039254188
polypythia_410m,pythia-410m-seed9,hellaswag,step5000,10485760000,0.285,0.242,0.256,0.25,0.25,0.25,0.05371530704339966,0.9411035168170929
polypythia_410m,pythia-410m-seed9,hellaswag,step7000,14680064000,0.27,0.236,0.25,0.25,0.25,0.25,0.09366046016104519,0.9598104504346847
polypythia_410m,pythia-410m-seed9,hellaswag,step10000,20971520000,0.295,0.238,0.256,0.25,0.25,0.25,0.1338317640312016,0.960645883321762
polypythia_410m,pythia-410m-seed9,hellaswag,step15000,31457280000,0.315,0.238,0.286,0.25,0.25,0.25,0.19636843046545982,0.9820982577800751
polypythia_410m,pythia-410m-seed9,hellaswag,step22000,46137344000,0.36,0.246,0.268,0.25,0.25,0.25,0.19944283074885608,0.9818055180311203
polypythia_410m,pythia-410m-seed9,hellaswag,step32000,67108864000,0.355,0.238,0.23,0.25,0.25,0.25,0.1934239742718637,0.971712412238121
polypythia_410m,pythia-410m-seed9,hellaswag,step46000,96468992000,0.35,0.24,0.282,0.25,0.25,0.25,0.12074107535462826,0.9764120609760284
polypythia_410m,pythia-410m-seed9,hellaswag,step67000,140509184000,0.37,0.244,0.28,0.25,0.25,0.25,0.17091682386863977,0.9715142233371734
polypythia_410m,pythia-410m-seed9,hellaswag,step98000,205520896000,0.385,0.242,0.226,0.25,0.25,0.25,0.20220399304665626,0.9813074827194214
polypythia_410m,pythia-410m-seed9,hellaswag,step143000,299892736000,0.39,0.236,0.282,0.25,0.25,0.25,0.1499388492628932,0.9784985375404358
polypythia_410m,pythia-410m-seed9,mmlu,step512,1073741824,0.245,0.212,0.212,0.25,0.25,0.25,0.05529542930983007,0.05910354362986982
polypythia_410m,pythia-410m-seed9,mmlu,step1000,2097152000,0.23,0.222,0.276,0.25,0.25,0.25,0.06344044062681496,0.6118913885056972
polypythia_410m,pythia-410m-seed9,mmlu,step2000,4194304000,0.26,0.21,0.276,0.25,0.25,0.25,0.052299503319663924,0.6674797328710556
polypythia_410m,pythia-410m-seed9,mmlu,step3000,6291456000,0.24,0.208,0.26,0.25,0.25,0.25,0.06920619544945657,0.7361657480746507
polypythia_410m,pythia-410m-seed9,mmlu,step5000,10485760000,0.23,0.216,0.254,0.25,0.25,0.25,0.07046868626400829,0.8869056185483932
polypythia_410m,pythia-410m-seed9,mmlu,step7000,14680064000,0.255,0.212,0.26,0.25,0.25,0.25,0.10907535439543425,0.9460509973764419
polypythia_410m,pythia-410m-seed9,mmlu,step10000,20971520000,0.245,0.216,0.252,0.25,0.25,0.25,0.1316272999551147,0.9661205776929855
polypythia_410m,pythia-410m-seed9,mmlu,step15000,31457280000,0.245,0.206,0.248,0.25,0.25,0.25,0.21777718840166926,0.9706865297555923
polypythia_410m,pythia-410m-seed9,mmlu,step22000,46137344000,0.26,0.216,0.266,0.25,0.25,0.25,0.220177521311678,0.9813215914964676
polypythia_410m,pythia-410m-seed9,mmlu,step32000,67108864000,0.24,0.21,0.256,0.25,0.25,0.25,0.23621268155798317,0.9705001248121261
polypythia_410m,pythia-410m-seed9,mmlu,step46000,96468992000,0.25,0.212,0.264,0.25,0.25,0.25,0.16371040329523384,0.9681275743246078
polypythia_410m,pythia-410m-seed9,mmlu,step67000,140509184000,0.27,0.222,0.262,0.25,0.25,0.25,0.2880631189327687,0.9729544960260391
polypythia_410m,pythia-410m-seed9,mmlu,step98000,205520896000,0.27,0.22,0.244,0.25,0.25,0.25,0.4124088908806443,0.9739782117605209
polypythia_410m,pythia-410m-seed9,mmlu,step143000,299892736000,0.295,0.228,0.23,0.25,0.25,0.25,0.3883928093612194,0.9625616287589073
polypythia_410m,pythia-410m-seed9,piqa,step512,1073741824,0.545,0.49,0.49,0.5,0.5,0.5,0.025299576345831156,0.0255263513866812
polypythia_410m,pythia-410m-seed9,piqa,step1000,2097152000,0.58,0.466,0.51,0.5,0.5,0.5,0.03075734581146389,0.7334810107350349
polypythia_410m,pythia-410m-seed9,piqa,step2000,4194304000,0.58,0.482,0.514,0.5,0.5,0.5,0.025806657006032765,0.8741980459690094
polypythia_410m,pythia-410m-seed9,piqa,step3000,6291456000,0.58,0.49,0.512,0.5,0.5,0.5,0.030503319792449475,0.8698182354569435
polypythia_410m,pythia-410m-seed9,piqa,step5000,10485760000,0.615,0.492,0.51,0.5,0.5,0.5,0.025427147834328933,0.9053834114074707
polypythia_410m,pythia-410m-seed9,piqa,step7000,14680064000,0.655,0.482,0.502,0.5,0.5,0.5,0.048197224639356134,0.8868613263368607
polypythia_410m,pythia-410m-seed9,piqa,step10000,20971520000,0.645,0.484,0.494,0.5,0.5,0.5,0.06465407422930002,0.9037299696207046
polypythia_410m,pythia-410m-seed9,piqa,step15000,31457280000,0.64,0.498,0.514,0.5,0.5,0.5,0.15858292077481748,0.9498083381652832
polypythia_410m,pythia-410m-seed9,piqa,step22000,46137344000,0.67,0.482,0.51,0.5,0.5,0.5,0.06755883022584021,0.9577745158672333
polypythia_410m,pythia-410m-seed9,piqa,step32000,67108864000,0.685,0.486,0.504,0.5,0.5,0.5,0.10367998700775206,0.9360721359252929
polypythia_410m,pythia-410m-seed9,piqa,step46000,96468992000,0.695,0.472,0.51,0.5,0.5,0.5,0.11567687164153903,0.9171960400342941
polypythia_410m,pythia-410m-seed9,piqa,step67000,140509184000,0.675,0.484,0.51,0.5,0.5,0.5,0.17919738419726491,0.9419993225336075
polypythia_410m,pythia-410m-seed9,piqa,step98000,205520896000,0.66,0.478,0.51,0.5,0.5,0.5,0.40290059813857076,0.9644457522630692
polypythia_410m,pythia-410m-seed9,piqa,step143000,299892736000,0.68,0.466,0.508,0.5,0.5,0.5,0.21648838152736424,0.9653430149555207
pythia_scale,pythia-6.9b,arc_challenge,step512,1073741824,0.22,0.222,0.222,0.2504166666666667,0.2504,0.2504,0.1782242803052068,0.16045569385588168
pythia_scale,pythia-6.9b,arc_challenge,step1000,2097152000,0.205,0.234,0.25,0.2504166666666667,0.2504,0.2504,0.08108945474773645,0.6117032003998757
pythia_scale,pythia-6.9b,arc_challenge,step2000,4194304000,0.215,0.226,0.272,0.2504166666666667,0.2504,0.2504,0.06337802067957818,0.7997795709371567
pythia_scale,pythia-6.9b,arc_challenge,step3000,6291456000,0.22,0.226,0.25,0.2504166666666667,0.2504,0.2504,0.13692636981979012,0.958153155207634
pythia_scale,pythia-6.9b,arc_challenge,step5000,10485760000,0.23,0.236,0.264,0.2504166666666667,0.2504,0.2504,0.212243893712759,0.964596782207489
pythia_scale,pythia-6.9b,arc_challenge,step7000,14680064000,0.26,0.226,0.258,0.2504166666666667,0.2504,0.2504,0.28651308836787936,0.9705991095304489
pythia_scale,pythia-6.9b,arc_challenge,step10000,20971520000,0.26,0.236,0.256,0.2504166666666667,0.2504,0.2504,0.4143962627202272,0.9883865212202072
pythia_scale,pythia-6.9b,arc_challenge,step15000,31457280000,0.27,0.25,0.268,0.2504166666666667,0.2504,0.2504,0.7383914720714092,0.9890513544082642
pythia_scale,pythia-6.9b,arc_challenge,step22000,46137344000,0.295,0.212,0.256,0.2504166666666667,0.2504,0.2504,0.6598273818194866,0.9883152656555175
pythia_scale,pythia-6.9b,arc_challenge,step32000,67108864000,0.31,0.248,0.246,0.2504166666666667,0.2504,0.2504,0.761392013669014,0.9842278831005097
pythia_scale,pythia-6.9b,arc_challenge,step46000,96468992000,0.31,0.262,0.254,0.2504166666666667,0.2504,0.2504,0.7709042566716671,0.9817670801877976
pythia_scale,pythia-6.9b,arc_challenge,step67000,140509184000,0.35,0.26,0.252,0.2504166666666667,0.2504,0.2504,0.791249844610691,0.9862614743709565
pythia_scale,pythia-6.9b,arc_challenge,step98000,205520896000,0.345,0.24,0.252,0.2504166666666667,0.2504,0.2504,0.7510505255162716,0.9906038666963577
pythia_scale,pythia-6.9b,arc_challenge,step143000,299892736000,0.36,0.24,0.292,0.2504166666666667,0.2504,0.2504,0.7382663111388683,0.9963468087911606
pythia_scale,pythia-6.9b,arc_easy,step512,1073741824,0.255,0.25,0.25,0.2516666666666667,0.25066666666666665,0.25066666666666665,0.19682335449755192,0.1802121878117323
pythia_scale,pythia-6.9b,arc_easy,step1000,2097152000,0.29,0.244,0.244,0.2516666666666667,0.25066666666666665,0.25066666666666665,0.0822579520381987,0.4655389029085636
pythia_scale,pythia-6.9b,arc_easy,step2000,4194304000,0.325,0.246,0.252,0.2516666666666667,0.25066666666666665,0.25066666666666665,0.06686115337163209,0.8138207771778107
pythia_scale,pythia-6.9b,arc_easy,step3000,6291456000,0.365,0.248,0.272,0.2516666666666667,0.25066666666666665,0.25066666666666665,0.12695298513025047,0.9603082572221756
pythia_scale,pythia-6.9b,arc_easy,step5000,10485760000,0.42,0.25,0.286,0.2516666666666667,0.25066666666666665,0.25066666666666665,0.1899573270753026,0.9578825389146804
pythia_scale,pythia-6.9b,arc_easy,step7000,14680064000,0.505,0.254,0.274,0.2516666666666667,0.25066666666666665,0.25066666666666665,0.25237100961059333,0.9622831783294677
pythia_scale,pythia-6.9b,arc_easy,step10000,20971520000,0.545,0.234,0.256,0.2516666666666667,0.25066666666666665,0.25066666666666665,0.3583836598098278,0.9834152076244355
pythia_scale,pythia-6.9b,arc_easy,step15000,31457280000,0.525,0.24,0.248,0.2516666666666667,0.25066666666666665,0.25066666666666665,0.7048856705129146,0.9870121055841445
pythia_scale,pythia-6.9b,arc_easy,step22000,46137344000,0.595,0.216,0.254,0.2516666666666667,0.25066666666666665,0.25066666666666665,0.6557605810165406,0.9860595755577087
pythia_scale,pythia-6.9b,arc_easy,step32000,67108864000,0.64,0.214,0.238,0.2516666666666667,0.25066666666666665,0.25066666666666665,0.7463223652243615,0.9859467003345489
pythia_scale,pythia-6.9b,arc_easy,step46000,96468992000,0.61,0.264,0.254,0.2516666666666667,0.25066666666666665,0.25066666666666665,0.7711196246147156,0.9884993788003922
pythia_scale,pythia-6.9b,arc_easy,step67000,140509184000,0.67,0.258,0.266,0.2516666666666667,0.25066666666666665,0.25066666666666665,0.7831235030889511,0.9873093605041504
pythia_scale,pythia-6.9b,arc_easy,step98000,205520896000,0.66,0.25,0.264,0.2516666666666667,0.25066666666666665,0.25066666666666665,0.7598850189447403,0.9897191488742828
pythia_scale,pythia-6.9b,arc_easy,step143000,299892736000,0.695,0.256,0.258,0.2516666666666667,0.25066666666666665,0.25066666666666665,0.7456750031709671,0.9954854202270508
pythia_scale,pythia-6.9b,csqa,step512,1073741824,0.215,0.182,0.182,0.2,0.2,0.2,0.19372753950953484,0.15523676846921444
pythia_scale,pythia-6.9b,csqa,step1000,2097152000,0.205,0.18,0.192,0.2,0.2,0.2,0.05789977306872606,0.5158894454836845
pythia_scale,pythia-6.9b,csqa,step2000,4194304000,0.235,0.18,0.164,0.2,0.2,0.2,0.042861829116940496,0.5958144642114639
pythia_scale,pythia-6.9b,csqa,step3000,6291456000,0.305,0.18,0.19,0.2,0.2,0.2,0.08486053801514208,0.9406856900453567
pythia_scale,pythia-6.9b,csqa,step5000,10485760000,0.36,0.17,0.18,0.2,0.2,0.2,0.1384339981637895,0.8985250806808471
pythia_scale,pythia-6.9b,csqa,step7000,14680064000,0.395,0.176,0.174,0.2,0.2,0.2,0.16228568503260613,0.9143312529325486
pythia_scale,pythia-6.9b,csqa,step10000,20971520000,0.46,0.182,0.194,0.2,0.2,0.2,0.23053920971229672,0.9666553460359574
pythia_scale,pythia-6.9b,csqa,step15000,31457280000,0.47,0.184,0.21,0.2,0.2,0.2,0.639231262281537,0.9775049028396606
pythia_scale,pythia-6.9b,csqa,step22000,46137344000,0.525,0.184,0.196,0.2,0.2,0.2,0.5103581193983555,0.9841836564540863
pythia_scale,pythia-6.9b,csqa,step32000,67108864000,0.57,0.176,0.18,0.2,0.2,0.2,0.691501501172781,0.9834371693134308
pythia_scale,pythia-6.9b,csqa,step46000,96468992000,0.555,0.194,0.196,0.2,0.2,0.2,0.679274532020092,0.9821066462993622
pythia_scale,pythia-6.9b,csqa,step67000,140509184000,0.59,0.208,0.194,0.2,0.2,0.2,0.7398416954278946,0.9833659539222718
pythia_scale,pythia-6.9b,csqa,step98000,205520896000,0.595,0.176,0.206,0.2,0.2,0.2,0.6474916936457157,0.9885618183612823
pythia_scale,pythia-6.9b,csqa,step143000,299892736000,0.64,0.2,0.212,0.2,0.2,0.2,0.6708809537887573,0.9945786530971528
pythia_scale,pythia-6.9b,hellaswag,step512,1073741824,0.315,0.238,0.238,0.25,0.25,0.25,0.08760541247576475,0.09106857813149691
pythia_scale,pythia-6.9b,hellaswag,step1000,2097152000,0.275,0.248,0.238,0.25,0.25,0.25,0.03743865913338959,0.4316160191297531
pythia_scale,pythia-6.9b,hellaswag,step2000,4194304000,0.235,0.24,0.274,0.25,0.25,0.25,0.04074430272355676,0.8681564913988113
pythia_scale,pythia-6.9b,hellaswag,step3000,6291456000,0.27,0.238,0.25,0.25,0.25,0.25,0.11483931356668473,0.9534265142679215
pythia_scale,pythia-6.9b,hellaswag,step5000,10485760000,0.28,0.234,0.23,0.25,0.25,0.25,0.19479367678985,0.9763105632066726
pythia_scale,pythia-6.9b,hellaswag,step7000,14680064000,0.31,0.246,0.28,0.25,0.25,0.25,0.23548623510450126,0.9732321733236313
pythia_scale,pythia-6.9b,hellaswag,step10000,20971520000,0.38,0.246,0.278,0.25,0.25,0.25,0.23845765827596188,0.9733413696289063
pythia_scale,pythia-6.9b,hellaswag,step15000,31457280000,0.45,0.24,0.248,0.25,0.25,0.25,0.5180489028841258,0.9892250504493714
pythia_scale,pythia-6.9b,hellaswag,step22000,46137344000,0.475,0.27,0.224,0.25,0.25,0.25,0.31929313149303196,0.9841583671569825
pythia_scale,pythia-6.9b,hellaswag,step32000,67108864000,0.535,0.222,0.272,0.25,0.25,0.25,0.378668419547379,0.9870201301574707
pythia_scale,pythia-6.9b,hellaswag,step46000,96468992000,0.585,0.264,0.272,0.25,0.25,0.25,0.42127346329391,0.9883715159893036
pythia_scale,pythia-6.9b,hellaswag,step67000,140509184000,0.6,0.234,0.27,0.25,0.25,0.25,0.33396461796574295,0.9858248105049133
pythia_scale,pythia-6.9b,hellaswag,step98000,205520896000,0.65,0.236,0.238,0.25,0.25,0.25,0.2633687797011808,0.9875327118635178
pythia_scale,pythia-6.9b,hellaswag,step143000,299892736000,0.65,0.23,0.224,0.25,0.25,0.25,0.3000969819892198,0.9925366748571396
pythia_scale,pythia-6.9b,mmlu,step512,1073741824,0.255,0.212,0.212,0.25,0.25,0.25,0.16452166859805584,0.149498770698905
pythia_scale,pythia-6.9b,mmlu,step1000,2097152000,0.25,0.208,0.234,0.25,0.25,0.25,0.07262033962644637,0.47637577369809153
pythia_scale,pythia-6.9b,mmlu,step2000,4194304000,0.195,0.21,0.292,0.25,0.25,0.25,0.053829226728063076,0.7223814182579518
pythia_scale,pythia-6.9b,mmlu,step3000,6291456000,0.245,0.218,0.272,0.25,0.25,0.25,0.12147482289001346,0.9234339332580567
pythia_scale,pythia-6.9b,mmlu,step5000,10485760000,0.265,0.23,0.27,0.25,0.25,0.25,0.22364366824179888,0.9605322015285492
pythia_scale,pythia-6.9b,mmlu,step7000,14680064000,0.265,0.216,0.258,0.25,0.25,0.25,0.23734102619811892,0.9516070252656936
pythia_scale,pythia-6.9b,mmlu,step10000,20971520000,0.3,0.226,0.268,0.25,0.25,0.25,0.3466018459787592,0.9728045411109925
pythia_scale,pythia-6.9b,mmlu,step15000,31457280000,0.265,0.262,0.25,0.25,0.25,0.25,0.6230998151600361,0.981242099404335
pythia_scale,pythia-6.9b,mmlu,step22000,46137344000,0.275,0.266,0.266,0.25,0.25,0.25,0.5464277751967311,0.975707948923111
pythia_scale,pythia-6.9b,mmlu,step32000,67108864000,0.31,0.258,0.25,0.25,0.25,0.25,0.6695352014154196,0.981108876824379
pythia_scale,pythia-6.9b,mmlu,step46000,96468992000,0.285,0.258,0.242,0.25,0.25,0.25,0.6832423079907894,0.9792532671689987
pythia_scale,pythia-6.9b,mmlu,step67000,140509184000,0.34,0.274,0.254,0.25,0.25,0.25,0.7281030495166778,0.9868518135547638
pythia_scale,pythia-6.9b,mmlu,step98000,205520896000,0.335,0.264,0.25,0.25,0.25,0.25,0.696466715388,0.9874540199041366
pythia_scale,pythia-6.9b,mmlu,step143000,299892736000,0.365,0.262,0.256,0.25,0.25,0.25,0.7019336020089686,0.9942574642896652
pythia_scale,pythia-6.9b,piqa,step512,1073741824,0.56,0.49,0.49,0.5,0.5,0.5,0.14495619332045317,0.0958330565392971
pythia_scale,pythia-6.9b,piqa,step1000,2097152000,0.575,0.496,0.496,0.5,0.5,0.5,0.03111123853549361,0.3503510721027851
pythia_scale,pythia-6.9b,piqa,step2000,4194304000,0.595,0.516,0.51,0.5,0.5,0.5,0.023083832470234482,0.7183524897694588
pythia_scale,pythia-6.9b,piqa,step3000,6291456000,0.62,0.484,0.506,0.5,0.5,0.5,0.04876225811336189,0.9135689924955368
pythia_scale,pythia-6.9b,piqa,step5000,10485760000,0.655,0.522,0.508,0.5,0.5,0.5,0.10820465187262744,0.9112252371311188
pythia_scale,pythia-6.9b,piqa,step7000,14680064000,0.695,0.48,0.49,0.5,0.5,0.5,0.13223528537899257,0.9413431497812271
pythia_scale,pythia-6.9b,piqa,step10000,20971520000,0.68,0.494,0.51,0.5,0.5,0.5,0.19344514464586973,0.9182865289449692
pythia_scale,pythia-6.9b,piqa,step15000,31457280000,0.69,0.504,0.51,0.5,0.5,0.5,0.4009274762198329,0.9359617785215378
pythia_scale,pythia-6.9b,piqa,step22000,46137344000,0.72,0.528,0.508,0.5,0.5,0.5,0.2846731035746634,0.9167040028572082
pythia_scale,pythia-6.9b,piqa,step32000,67108864000,0.73,0.5,0.506,0.5,0.5,0.5,0.4606637833192945,0.9243511773347854
pythia_scale,pythia-6.9b,piqa,step46000,96468992000,0.755,0.51,0.512,0.5,0.5,0.5,0.48332761803269386,0.9363433071374894
pythia_scale,pythia-6.9b,piqa,step67000,140509184000,0.735,0.52,0.51,0.5,0.5,0.5,0.5402174182832241,0.950494494318962
pythia_scale,pythia-6.9b,piqa,step98000,205520896000,0.77,0.478,0.514,0.5,0.5,0.5,0.4734859352260828,0.9256059333086014
pythia_scale,pythia-6.9b,piqa,step143000,299892736000,0.765,0.492,0.512,0.5,0.5,0.5,0.41614915037155153,0.9461103930473328
