run,token,sig,own,cross
ai-evaluation-science-swe-audit-concordance,500,1,True,0.75
ai-evaluation-science-swe-audit-concordance,500,1,True,0.75
ai-evaluation-science-swe-audit-concordance,16%,2,True,1.0
ai-evaluation-science-swe-audit-concordance,2%,1,True,1.0
ai-evaluation-science-swe-audit-concordance,500,1,True,0.75
ai-evaluation-science-swe-audit-concordance,39%,2,True,0.9375
ai-evaluation-science-swe-audit-concordance,11%,2,True,1.0
ai-evaluation-science-swe-audit-concordance,1.6%,2,True,0.9375
ai-evaluation-science-swe-audit-concordance,197,3,True,0.3125
ai-evaluation-science-swe-audit-concordance,39.4%,3,True,0.5
ai-evaluation-science-swe-audit-concordance,2.0%,2,True,1.0
ai-evaluation-science-swe-audit-concordance,2.4%,2,True,0.875
ai-evaluation-science-swe-audit-concordance,2.4%,2,True,0.875
ai-evaluation-science-swe-audit-concordance,175,3,True,0.375
ai-evaluation-science-swe-audit-concordance,6.4%,2,True,0.6875
ai-evaluation-science-swe-audit-concordance,0.20,2,True,0.9375
ai-evaluation-science-swe-audit-concordance,95%,2,True,1.0
ai-evaluation-science-swe-audit-concordance,0.15,2,True,1.0
ai-evaluation-science-swe-audit-concordance,0.02,1,True,0.8125
ai-evaluation-science-swe-audit-concordance,0.26,2,True,0.8125
ai-evaluation-science-swe-audit-concordance,19.7,3,True,0.1875
ai-evaluation-science-swe-audit-concordance,14.2,3,True,0.25
ai-evaluation-science-swe-audit-concordance,48.0,3,True,0.5625
ai-evaluation-science-swe-audit-concordance,95%,2,True,1.0
ai-evaluation-science-swe-audit-concordance,0.04,1,True,1.0
ai-evaluation-science-swe-audit-concordance,0.01,1,True,1.0
ai-evaluation-science-swe-audit-concordance,0.08,1,True,0.9375
ai-evaluation-science-swe-audit-concordance,197,3,True,0.3125
ai-evaluation-science-swe-audit-concordance,0.03,1,True,1.0
ai-evaluation-science-swe-audit-concordance,0.00,1,True,1.0
ai-evaluation-science-swe-audit-concordance,0.07,1,True,0.875
ai-evaluation-science-swe-audit-concordance,197,3,True,0.3125
ai-evaluation-science-swe-audit-concordance,0.04,1,True,1.0
ai-evaluation-science-swe-audit-concordance,0.01,1,True,1.0
ai-evaluation-science-swe-audit-concordance,0.08,1,True,0.9375
ai-evaluation-science-swe-audit-concordance,197,3,True,0.3125
ai-evaluation-science-swe-audit-concordance,0.35,2,True,0.75
ai-evaluation-science-swe-audit-concordance,0.09,1,True,1.0
ai-evaluation-science-swe-audit-concordance,0.60,2,True,0.8125
ai-evaluation-science-swe-audit-concordance,0.26,2,True,0.8125
ai-evaluation-science-swe-audit-concordance,−0.02,1,True,0.8125
ai-evaluation-science-swe-audit-concordance,0.49,2,True,0.875
ai-evaluation-science-swe-audit-concordance,0.32,2,True,0.875
ai-evaluation-science-swe-audit-concordance,0.07,1,True,0.875
ai-evaluation-science-swe-audit-concordance,0.56,2,True,0.875
ai-evaluation-science-swe-audit-concordance,0.15,2,True,1.0
ai-evaluation-science-swe-audit-concordance,0.97,2,True,0.8125
ai-evaluation-science-swe-audit-concordance,2%,1,True,1.0
ai-evaluation-science-swe-audit-concordance,0.95,2,True,0.8125
ai-evaluation-science-swe-audit-concordance,0.97,2,True,0.8125
ai-evaluation-science-swe-audit-concordance,0.12,2,True,1.0
ai-evaluation-science-swe-audit-concordance,39.4%,3,True,0.5
ai-evaluation-science-swe-audit-concordance,19.7,3,True,0.1875
ai-evaluation-science-swe-audit-concordance,14.2,3,True,0.25
ai-evaluation-science-swe-audit-concordance,48.0,3,True,0.5625
ai-evaluation-science-swe-audit-concordance,0.15,2,True,1.0
ai-evaluation-science-swe-audit-concordance,10.6%,3,True,0.6875
ai-evaluation-science-swe-audit-concordance,5.3,2,True,0.25
ai-evaluation-science-swe-audit-concordance,3.6,2,True,0.3125
ai-evaluation-science-swe-audit-concordance,12.8,3,True,0.25
ai-evaluation-science-swe-audit-concordance,0.17,2,True,0.9375
ai-evaluation-science-swe-audit-concordance,1.6%,2,True,0.9375
ai-evaluation-science-swe-audit-concordance,1.5,2,True,0.8125
ai-evaluation-science-swe-audit-concordance,1.2,2,True,0.8125
ai-evaluation-science-swe-audit-concordance,4.8,2,True,0.5
ai-evaluation-science-swe-audit-concordance,0.18,2,True,0.875
ai-evaluation-science-swe-audit-concordance,1.6,2,True,0.6875
ai-evaluation-science-swe-audit-concordance,2.4%,2,True,0.875
ai-evaluation-science-swe-audit-concordance,"1,699",4,True,0.0625
ai-evaluation-science-swe-audit-concordance,17%,2,True,0.9375
ai-evaluation-science-swe-audit-concordance,94%,2,True,1.0
ai-evaluation-science-swe-audit-concordance,61%,2,True,0.9375
ai-evaluation-science-swe-audit-concordance,9.8,2,True,0.1875
ai-evaluation-science-swe-audit-concordance,27%,2,True,1.0
ai-evaluation-science-swe-audit-concordance,0.62,2,True,0.75
ai-evaluation-science-swe-audit-concordance,83%,2,True,0.9375
ai-evaluation-science-swe-audit-concordance,0.26,2,True,0.8125
ai-evaluation-science-swe-audit-concordance,0.32,2,True,0.875
ai-evaluation-science-swe-audit-concordance,0.29,2,True,0.9375
ai-evaluation-science-swe-audit-concordance,0.35,2,True,0.75
ai-evaluation-science-swe-audit-concordance,2%,1,True,1.0
ai-evaluation-science-swe-audit-concordance,95%,2,True,1.0
ai-evaluation-science-swe-audit-concordance,0.7,1,True,0.9375
ai-evaluation-science-swe-audit-concordance,8%,1,True,1.0
ai-evaluation-science-swe-audit-concordance,4%,1,True,1.0
ai-evaluation-science-swe-audit-concordance,4551,4,True,0.0625
ai-evaluation-science-swe-audit-concordance,4604,4,True,0.0625
ai-evaluation-science-swe-audit-concordance,10356,5,True,0.0
ai-evaluation-science-swe-audit-concordance,4551,4,True,0.0625
ai-evaluation-science-swe-audit-concordance,197,3,True,0.3125
ai-evaluation-science-swe-audit-concordance,0.67,2,True,0.875
ai-evaluation-science-swe-audit-concordance,0.78,2,True,0.8125
ai-evaluation-science-swe-audit-concordance,0.70,2,True,0.875
ai-evaluation-science-swe-audit-concordance,0.95,2,True,0.8125
ai-evaluation-science-swe-audit-concordance,0.98,2,True,0.875
ai-evaluation-science-swe-audit-concordance,0.95,2,True,0.8125
ai-evaluation-science-swe-audit-concordance,0.97,2,True,0.8125
ai-evaluation-science-swe-audit-concordance,0.97,2,True,0.8125
ai-evaluation-science-swe-audit-concordance,0.95,2,True,0.8125
ai-evaluation-science-swe-audit-concordance,0.98,2,True,0.875
ai-evaluation-science-swe-audit-concordance,0.97,2,True,0.8125
ai-evaluation-science-swe-audit-concordance,0.95,2,True,0.8125
ai-evaluation-science-swe-audit-concordance,0.67,2,True,0.875
ai-evaluation-science-swe-audit-concordance,0.70,2,True,0.875
ai-evaluation-science-swe-audit-concordance,0.02,1,True,0.8125
ai-evaluation-science-swe-audit-concordance,0.83,2,True,0.8125
ai-evaluation-science-swe-audit-concordance,0.83,2,True,0.8125
ai-evaluation-science-swe-audit-concordance,0.6,1,True,1.0
ai-evaluation-science-swe-audit-concordance,135,3,True,0.5
ai-evaluation-science-swe-audit-concordance,182,3,True,0.1875
ai-evaluation-science-swe-audit-concordance,59.4%,3,False,0.625
ai-evaluation-science-swe-audit-concordance,27.6%,3,False,0.5625
astronomy-gwtc4-q-chieff-copula-stress-test,4.0,2,True,1.0
astronomy-gwtc4-q-chieff-copula-stress-test,153,3,True,0.3125
astronomy-gwtc4-q-chieff-copula-stress-test,153,3,True,0.3125
astronomy-gwtc4-q-chieff-copula-stress-test,4.0,2,True,1.0
astronomy-gwtc4-q-chieff-copula-stress-test,153,3,True,0.3125
astronomy-gwtc4-q-chieff-copula-stress-test,−0.20,2,True,0.9375
astronomy-gwtc4-q-chieff-copula-stress-test,+0.33,2,True,0.8125
astronomy-gwtc4-q-chieff-copula-stress-test,0.08,1,True,0.9375
astronomy-gwtc4-q-chieff-copula-stress-test,−0.217,3,True,0.5
astronomy-gwtc4-q-chieff-copula-stress-test,0.010,2,True,0.8125
astronomy-gwtc4-q-chieff-copula-stress-test,−0.237,3,True,0.5625
astronomy-gwtc4-q-chieff-copula-stress-test,2.5%,2,True,0.9375
astronomy-gwtc4-q-chieff-copula-stress-test,10%,1,True,1.0
astronomy-gwtc4-q-chieff-copula-stress-test,−0.11,2,True,0.9375
astronomy-gwtc4-q-chieff-copula-stress-test,−0.03,1,True,1.0
astronomy-gwtc4-q-chieff-copula-stress-test,880,2,False,0.0625
astronomy-gwtc4-q-chieff-copula-stress-test,−0.11,2,True,0.9375
astronomy-gwtc4-q-chieff-copula-stress-test,−0.106,3,True,0.625
astronomy-gwtc4-q-chieff-copula-stress-test,0.19,2,True,0.75
astronomy-gwtc4-q-chieff-copula-stress-test,0.4,1,True,0.9375
astronomy-gwtc4-q-chieff-copula-stress-test,+0.17,2,True,0.9375
astronomy-gwtc4-q-chieff-copula-stress-test,0.33,2,True,0.8125
astronomy-gwtc4-q-chieff-copula-stress-test,66%,2,True,0.875
astronomy-gwtc4-q-chieff-copula-stress-test,0.995,3,True,0.5
astronomy-gwtc4-q-chieff-copula-stress-test,+3.4,2,True,0.4375
astronomy-gwtc4-q-chieff-copula-stress-test,0.80,2,True,0.875
astronomy-gwtc4-q-chieff-copula-stress-test,−1.0,2,True,1.0
astronomy-gwtc4-q-chieff-copula-stress-test,+0.17,2,True,0.9375
astronomy-gwtc4-q-chieff-copula-stress-test,−0.03,1,True,1.0
astronomy-gwtc4-q-chieff-copula-stress-test,+0.07,1,True,0.875
astronomy-gwtc4-q-chieff-copula-stress-test,0.22,2,True,1.0
astronomy-gwtc4-q-chieff-copula-stress-test,0.43,2,True,0.9375
astronomy-gwtc4-q-chieff-copula-stress-test,0.1,1,True,1.0
astronomy-gwtc4-q-chieff-copula-stress-test,0.77,2,True,0.8125
astronomy-gwtc4-q-chieff-copula-stress-test,0.62,2,True,0.75
astronomy-gwtc4-q-chieff-copula-stress-test,0.75,2,True,0.875
astronomy-gwtc4-q-chieff-copula-stress-test,0.64,2,True,0.75
astronomy-gwtc4-q-chieff-copula-stress-test,0.64,2,True,0.75
astronomy-gwtc4-q-chieff-copula-stress-test,0.55,2,True,0.6875
astronomy-gwtc4-q-chieff-copula-stress-test,−0.106,3,True,0.625
astronomy-gwtc4-q-chieff-copula-stress-test,−0.219,3,True,0.5625
astronomy-gwtc4-q-chieff-copula-stress-test,−0.5,1,True,0.9375
astronomy-gwtc4-q-chieff-copula-stress-test,2.5%,2,True,0.9375
astronomy-gwtc4-q-chieff-copula-stress-test,−0.4,1,True,0.9375
astronomy-gwtc4-q-chieff-copula-stress-test,−0.6,1,True,1.0
astronomy-gwtc4-q-chieff-copula-stress-test,−0.14,2,True,0.9375
astronomy-gwtc4-q-chieff-copula-stress-test,3.0,2,True,1.0
astronomy-gwtc4-q-chieff-copula-stress-test,0.98,2,True,0.875
astronomy-gwtc4-q-chieff-copula-stress-test,4.0,2,True,1.0
astronomy-gwtc4-q-chieff-copula-stress-test,6.5,2,True,0.3125
astronomy-gwtc4-q-chieff-copula-stress-test,0.82,2,True,0.8125
astronomy-gwtc4-q-chieff-copula-stress-test,0.95,2,True,0.8125
astronomy-gwtc4-q-chieff-copula-stress-test,99%,2,True,0.8125
astronomy-gwtc4-q-chieff-copula-stress-test,−2.1,2,True,0.8125
astronomy-gwtc4-q-chieff-copula-stress-test,+2.4,2,True,0.4375
astronomy-gwtc4-q-chieff-copula-stress-test,−2.9,2,True,0.4375
astronomy-gwtc4-q-chieff-copula-stress-test,92%,2,True,0.9375
astronomy-gwtc4-q-chieff-copula-stress-test,4.0,2,True,1.0
astronomy-gwtc4-q-chieff-copula-stress-test,153,3,True,0.3125
astronomy-gwtc4-q-chieff-copula-stress-test,1%,1,True,1.0
astronomy-gwtc4-q-chieff-copula-stress-test,3.0,2,True,1.0
astronomy-gwtc4-q-chieff-copula-stress-test,0.99,2,True,0.75
astronomy-gwtc4-q-chieff-copula-stress-test,1.07,3,True,0.625
astronomy-gwtc4-q-chieff-copula-stress-test,"10,000",1,True,0.125
astronomy-gwtc4-q-chieff-copula-stress-test,4.4,2,True,0.3125
astronomy-gwtc4-q-chieff-copula-stress-test,4.4,2,True,0.3125
astronomy-gwtc4-q-chieff-copula-stress-test,5%,1,True,1.0
astronomy-gwtc4-q-chieff-copula-stress-test,5%,1,True,1.0
astronomy-gwtc4-q-chieff-copula-stress-test,0.995,3,True,0.5
astronomy-gwtc4-q-chieff-copula-stress-test,0.830,3,True,0.625
astronomy-gwtc4-q-chieff-copula-stress-test,0.82,2,True,0.8125
astronomy-gwtc4-q-chieff-copula-stress-test,0.95,2,True,0.8125
astronomy-gwtc4-q-chieff-copula-stress-test,0.802,3,True,0.4375
astronomy-gwtc4-q-chieff-copula-stress-test,0.889,3,True,0.3125
astronomy-gwtc4-q-chieff-copula-stress-test,9.7,2,True,0.0625
astronomy-gwtc4-q-chieff-copula-stress-test,56%,2,True,1.0
astronomy-gwtc4-q-chieff-copula-stress-test,2.5,2,True,0.625
astronomy-gwtc4-q-chieff-copula-stress-test,+3.44,3,True,0.0625
astronomy-gwtc4-q-chieff-copula-stress-test,−0.98,2,True,0.875
astronomy-gwtc4-q-chieff-copula-stress-test,+1.84,3,True,0.3125
astronomy-gwtc4-q-chieff-copula-stress-test,+0.84,2,True,0.75
astronomy-gwtc4-q-chieff-copula-stress-test,+2.88,3,True,0.1875
astronomy-gwtc4-q-chieff-copula-stress-test,−0.93,2,True,0.8125
astronomy-gwtc4-q-chieff-copula-stress-test,+0.03,1,True,1.0
astronomy-gwtc4-q-chieff-copula-stress-test,0.985,3,True,0.1875
astronomy-gwtc4-q-chieff-copula-stress-test,0.985,3,True,0.1875
astronomy-gwtc4-q-chieff-copula-stress-test,0.995,3,True,0.5
astronomy-gwtc4-q-chieff-copula-stress-test,0.80,2,True,0.875
astronomy-gwtc4-q-chieff-copula-stress-test,0.84,2,True,0.75
astronomy-gwtc4-q-chieff-copula-stress-test,0.88,2,True,0.6875
astronomy-gwtc4-q-chieff-copula-stress-test,0.94,2,True,0.875
astronomy-gwtc4-q-chieff-copula-stress-test,0.77,2,True,0.8125
astronomy-gwtc4-q-chieff-copula-stress-test,0.87,2,True,0.8125
astronomy-gwtc4-q-chieff-copula-stress-test,0.830,3,True,0.625
astronomy-gwtc4-q-chieff-copula-stress-test,0.676,3,True,0.25
astronomy-gwtc4-q-chieff-copula-stress-test,0.01,1,True,1.0
astronomy-gwtc4-q-chieff-copula-stress-test,0.15,2,True,1.0
astronomy-gwtc4-q-chieff-copula-stress-test,0.08,1,True,0.9375
astronomy-gwtc4-q-chieff-copula-stress-test,−0.53,2,True,0.75
astronomy-gwtc4-q-chieff-copula-stress-test,+0.25,2,True,0.875
astronomy-gwtc4-q-chieff-copula-stress-test,0.3,1,True,1.0
astronomy-gwtc4-q-chieff-copula-stress-test,0.9,1,True,1.0
astronomy-gwtc4-q-chieff-copula-stress-test,4.4,2,True,0.3125
astronomy-gwtc4-q-chieff-copula-stress-test,−0.86,2,True,0.8125
astronomy-gwtc4-q-chieff-copula-stress-test,66%,2,True,0.875
astronomy-gwtc4-q-chieff-copula-stress-test,153,3,True,0.3125
astronomy-gwtc4-q-chieff-copula-stress-test,−2.10,3,True,0.4375
astronomy-gwtc4-q-chieff-copula-stress-test,−2.07,3,True,0.25
astronomy-gwtc4-q-chieff-copula-stress-test,−4567.24,5,True,0.0
astronomy-gwtc4-q-chieff-copula-stress-test,−4567.09,5,True,0.0
astronomy-gwtc4-q-chieff-copula-stress-test,−0.51,2,True,0.6875
astronomy-gwtc4-q-chieff-copula-stress-test,90%,1,True,0.9375
astronomy-gwtc4-q-chieff-copula-stress-test,−3.9,2,True,0.4375
astronomy-gwtc4-q-chieff-copula-stress-test,+2.7,2,True,0.5
astronomy-gwtc4-q-chieff-copula-stress-test,0.60,2,True,0.8125
astronomy-gwtc4-q-chieff-copula-stress-test,−2.1,2,True,0.8125
astronomy-gwtc4-q-chieff-copula-stress-test,+2.4,2,True,0.4375
astronomy-gwtc4-q-chieff-copula-stress-test,−2.9,2,True,0.4375
astronomy-gwtc4-q-chieff-copula-stress-test,0.92,2,True,0.875
astronomy-gwtc4-q-chieff-copula-stress-test,−0.98,2,True,0.875
astronomy-gwtc4-q-chieff-copula-stress-test,−0.84,2,True,0.75
astronomy-gwtc4-q-chieff-copula-stress-test,−0.09,1,True,1.0
astronomy-gwtc4-q-chieff-copula-stress-test,90%,1,True,0.9375
astronomy-gwtc4-q-chieff-copula-stress-test,−0.53,2,True,0.75
astronomy-gwtc4-q-chieff-copula-stress-test,+0.37,2,True,0.8125
astronomy-gwtc4-q-chieff-copula-stress-test,0.61,2,True,0.875
astronomy-gwtc4-q-chieff-copula-stress-test,0.48,2,True,0.6875
astronomy-gwtc4-q-chieff-copula-stress-test,0.52,2,True,0.875
astronomy-gwtc4-q-chieff-copula-stress-test,81%,2,True,1.0
astronomy-gwtc4-q-chieff-copula-stress-test,2.17,3,True,0.0625
astronomy-gwtc4-q-chieff-copula-stress-test,0.59,2,True,0.75
astronomy-gwtc4-q-chieff-copula-stress-test,0.59,2,True,0.75
astronomy-gwtc4-q-chieff-copula-stress-test,41%,2,True,0.875
astronomy-gwtc4-q-chieff-copula-stress-test,0.96,2,True,0.75
astronomy-gwtc4-q-chieff-copula-stress-test,0.72,2,True,0.875
astronomy-gwtc4-q-chieff-copula-stress-test,1.19,3,True,0.5625
astronomy-gwtc4-q-chieff-copula-stress-test,0.46,2,True,0.75
astronomy-gwtc4-q-chieff-copula-stress-test,0.55,2,True,0.6875
astronomy-gwtc4-q-chieff-copula-stress-test,70%,1,True,1.0
astronomy-gwtc4-q-chieff-copula-stress-test,0.89,2,True,0.625
astronomy-gwtc4-q-chieff-copula-stress-test,0.67,2,True,0.875
astronomy-gwtc4-q-chieff-copula-stress-test,1.16,3,True,0.5625
astronomy-gwtc4-q-chieff-copula-stress-test,0.44,2,True,0.8125
astronomy-gwtc4-q-chieff-copula-stress-test,0.55,2,True,0.6875
astronomy-gwtc4-q-chieff-copula-stress-test,69%,2,True,0.875
astronomy-gwtc4-q-chieff-copula-stress-test,200,1,True,0.5
astronomy-gwtc4-q-chieff-copula-stress-test,240,2,True,0.1875
astronomy-gwtc4-q-chieff-copula-stress-test,95%,2,True,1.0
astronomy-gwtc4-q-chieff-copula-stress-test,−0.217,3,True,0.5
astronomy-gwtc4-q-chieff-copula-stress-test,−0.074,2,True,0.5
astronomy-gwtc4-q-chieff-copula-stress-test,−0.206,3,True,0.3125
astronomy-gwtc4-q-chieff-copula-stress-test,+0.025,2,True,0.5
astronomy-gwtc4-q-chieff-copula-stress-test,0.010,2,True,0.8125
astronomy-gwtc4-q-chieff-copula-stress-test,0.015,2,True,0.625
astronomy-gwtc4-q-chieff-copula-stress-test,−0.106,3,True,0.625
astronomy-gwtc4-q-chieff-copula-stress-test,−0.052,2,True,0.6875
astronomy-gwtc4-q-chieff-copula-stress-test,−0.173,3,True,0.375
astronomy-gwtc4-q-chieff-copula-stress-test,+0.050,2,True,0.6875
astronomy-gwtc4-q-chieff-copula-stress-test,0.190,3,True,0.6875
astronomy-gwtc4-q-chieff-copula-stress-test,0.380,3,True,0.25
astronomy-gwtc4-q-chieff-copula-stress-test,−0.057,2,True,0.5625
astronomy-gwtc4-q-chieff-copula-stress-test,−0.007,1,True,0.8125
astronomy-gwtc4-q-chieff-copula-stress-test,−0.102,3,True,0.5625
astronomy-gwtc4-q-chieff-copula-stress-test,+0.094,2,True,0.4375
astronomy-gwtc4-q-chieff-copula-stress-test,0.190,3,True,0.6875
astronomy-gwtc4-q-chieff-copula-stress-test,0.410,3,True,0.5
astronomy-gwtc4-q-chieff-copula-stress-test,−0.102,3,True,0.5625
astronomy-gwtc4-q-chieff-copula-stress-test,−0.063,2,True,0.5625
astronomy-gwtc4-q-chieff-copula-stress-test,−0.168,3,True,0.5625
astronomy-gwtc4-q-chieff-copula-stress-test,+0.049,2,True,0.625
astronomy-gwtc4-q-chieff-copula-stress-test,0.185,3,True,0.5
astronomy-gwtc4-q-chieff-copula-stress-test,0.475,3,True,0.3125
astronomy-gwtc4-q-chieff-copula-stress-test,2.5%,2,True,0.9375
astronomy-gwtc4-q-chieff-copula-stress-test,10%,1,True,1.0
astronomy-gwtc4-q-chieff-copula-stress-test,−0.217,3,True,0.5
astronomy-gwtc4-q-chieff-copula-stress-test,−0.074,2,True,0.5
astronomy-gwtc4-q-chieff-copula-stress-test,1.0%,2,True,1.0
astronomy-gwtc4-q-chieff-copula-stress-test,−0.4,1,True,0.9375
astronomy-gwtc4-q-chieff-copula-stress-test,−0.110,3,True,0.8125
astronomy-gwtc4-q-chieff-copula-stress-test,2.5%,2,True,0.9375
astronomy-gwtc4-q-chieff-copula-stress-test,−0.6,1,True,1.0
astronomy-gwtc4-q-chieff-copula-stress-test,−0.123,3,True,0.5625
astronomy-gwtc4-q-chieff-copula-stress-test,0%,1,True,1.0
astronomy-gwtc4-q-chieff-copula-stress-test,−0.088,2,True,0.5625
astronomy-gwtc4-q-chieff-copula-stress-test,0%,1,True,1.0
astronomy-gwtc4-q-chieff-copula-stress-test,−0.144,3,True,0.75
astronomy-gwtc4-q-chieff-copula-stress-test,10%,1,True,1.0
astronomy-gwtc4-q-chieff-copula-stress-test,−0.217,3,True,0.5
astronomy-gwtc4-q-chieff-copula-stress-test,5%,1,True,1.0
astronomy-gwtc4-q-chieff-copula-stress-test,5%,1,True,1.0
astronomy-gwtc4-q-chieff-copula-stress-test,+0.17,2,True,0.9375
astronomy-gwtc4-q-chieff-copula-stress-test,0.02,1,True,0.8125
astronomy-gwtc4-q-chieff-copula-stress-test,+0.00,1,True,1.0
astronomy-gwtc4-q-chieff-copula-stress-test,−0.31,2,True,0.9375
astronomy-gwtc4-q-chieff-copula-stress-test,+0.35,2,True,0.75
astronomy-gwtc4-q-chieff-copula-stress-test,0.33,2,True,0.8125
astronomy-gwtc4-q-chieff-copula-stress-test,0.48,2,True,0.6875
astronomy-gwtc4-q-chieff-copula-stress-test,0.63,2,True,0.8125
astronomy-gwtc4-q-chieff-copula-stress-test,0.56,2,True,0.875
astronomy-gwtc4-q-chieff-copula-stress-test,−0.86,2,True,0.8125
astronomy-gwtc4-q-chieff-copula-stress-test,−0.66,2,True,0.75
astronomy-gwtc4-q-chieff-copula-stress-test,0.66,2,True,0.75
astronomy-gwtc4-q-chieff-copula-stress-test,0.33,2,True,0.8125
astronomy-gwtc4-q-chieff-copula-stress-test,45%,2,True,0.9375
astronomy-gwtc4-q-chieff-copula-stress-test,−0.6,1,True,1.0
astronomy-gwtc4-q-chieff-copula-stress-test,20%,1,True,1.0
astronomy-gwtc4-q-chieff-copula-stress-test,2.5%,2,True,0.9375
astronomy-gwtc4-q-chieff-copula-stress-test,−0.4,1,True,0.9375
astronomy-gwtc4-q-chieff-copula-stress-test,−0.6,1,True,1.0
astronomy-gwtc4-q-chieff-copula-stress-test,12.5%,3,True,0.75
astronomy-gwtc4-q-chieff-copula-stress-test,32.5%,3,True,0.4375
astronomy-gwtc4-q-chieff-copula-stress-test,0.25,2,True,0.875
astronomy-gwtc4-q-chieff-copula-stress-test,0.65,2,True,0.8125
astronomy-gwtc4-q-chieff-copula-stress-test,−0.14,2,True,0.9375
astronomy-gwtc4-q-chieff-copula-stress-test,−0.015,2,True,0.625
astronomy-gwtc4-q-chieff-copula-stress-test,0.09,1,True,1.0
astronomy-gwtc4-q-chieff-copula-stress-test,153,3,True,0.3125
astronomy-gwtc4-q-chieff-copula-stress-test,+0.17,2,True,0.9375
astronomy-gwtc4-q-chieff-copula-stress-test,+0.07,1,True,0.875
astronomy-gwtc4-q-chieff-copula-stress-test,−0.217,3,True,0.5
astronomy-gwtc4-q-chieff-copula-stress-test,−0.03,1,True,1.0
astronomy-gwtc4-q-chieff-copula-stress-test,−0.36,2,True,0.8125
astronomy-gwtc4-q-chieff-copula-stress-test,−0.254,3,True,0.4375
astronomy-gwtc4-q-chieff-copula-stress-test,+0.07,1,True,0.875
astronomy-gwtc4-q-chieff-copula-stress-test,−0.05,1,True,1.0
astronomy-gwtc4-q-chieff-copula-stress-test,−0.175,3,True,0.3125
astronomy-gwtc4-q-chieff-copula-stress-test,4.4,2,True,0.3125
astronomy-gwtc4-q-chieff-copula-stress-test,0.02,1,True,0.8125
astronomy-gwtc4-q-chieff-copula-stress-test,0.21,2,True,0.9375
astronomy-gwtc4-q-chieff-copula-stress-test,0.22,2,True,1.0
astronomy-gwtc4-q-chieff-copula-stress-test,68%,2,True,0.8125
astronomy-gwtc4-q-chieff-copula-stress-test,4.4,2,True,0.3125
astronomy-gwtc4-q-chieff-copula-stress-test,0.43,2,True,0.9375
astronomy-gwtc4-q-chieff-copula-stress-test,0.2,1,True,1.0
astronomy-gwtc4-q-chieff-copula-stress-test,4.0,2,True,1.0
astronomy-gwtc4-q-chieff-copula-stress-test,0.61,2,True,0.875
astronomy-gwtc4-q-chieff-copula-stress-test,91%,2,True,0.9375
astronomy-gwtc4-q-chieff-copula-stress-test,0.55,2,True,0.6875
astronomy-gwtc4-q-chieff-copula-stress-test,79%,2,True,1.0
astronomy-gwtc4-q-chieff-copula-stress-test,−0.20,2,True,0.9375
astronomy-gwtc4-q-chieff-copula-stress-test,0.010,2,True,0.8125
astronomy-gwtc4-q-chieff-copula-stress-test,200,1,True,0.5
astronomy-gwtc4-q-chieff-copula-stress-test,2.5%,2,True,0.9375
astronomy-gwtc4-q-chieff-copula-stress-test,10%,1,True,1.0
astronomy-gwtc4-q-chieff-copula-stress-test,5%,1,True,1.0
astronomy-gwtc4-q-chieff-copula-stress-test,0.19,2,True,0.75
astronomy-gwtc4-q-chieff-copula-stress-test,0.33,2,True,0.8125
astronomy-gwtc4-q-chieff-copula-stress-test,0.66,2,True,0.75
astronomy-gwtc4-q-chieff-copula-stress-test,0.4,1,True,0.9375
astronomy-gwtc4-q-chieff-copula-stress-test,−0.4,1,True,0.9375
astronomy-gwtc4-q-chieff-copula-stress-test,+0.17,2,True,0.9375
astronomy-gwtc4-q-chieff-copula-stress-test,−0.03,1,True,1.0
astronomy-gwtc4-q-chieff-copula-stress-test,−0.14,2,True,0.9375
astronomy-gwtc4-q-chieff-copula-stress-test,4.0,2,True,1.0
astronomy-gwtc4-q-chieff-copula-stress-test,4.0,2,True,1.0
astronomy-gwtc4-q-chieff-copula-stress-test,0.07,1,True,0.875
astronomy-gwtc4-q-chieff-copula-stress-test,0.012,2,True,0.625
astronomy-gwtc4-q-chieff-copula-stress-test,0.15,2,True,1.0
astronomy-gwtc4-q-chieff-copula-stress-test,0.99,2,True,0.75
astronomy-gwtc4-q-chieff-copula-stress-test,1.6,2,True,0.6875
auckland-nz-crl-structural-uplift-prereg,5.5,2,True,0.1875
auckland-nz-crl-structural-uplift-prereg,37%,2,True,0.9375
auckland-nz-crl-structural-uplift-prereg,0.22,2,True,1.0
auckland-nz-crl-structural-uplift-prereg,0.266,3,True,0.375
auckland-nz-crl-structural-uplift-prereg,20%,1,True,1.0
auckland-nz-crl-structural-uplift-prereg,0.253,3,True,0.5
auckland-nz-crl-structural-uplift-prereg,507,3,True,0.25
auckland-nz-crl-structural-uplift-prereg,60%,1,True,1.0
auckland-nz-crl-structural-uplift-prereg,0.2230,4,True,0.3125
auckland-nz-crl-structural-uplift-prereg,0.2206,4,True,0.1875
auckland-nz-crl-structural-uplift-prereg,0.2217,4,True,0.1875
auckland-nz-crl-structural-uplift-prereg,0.2218,4,True,0.1875
auckland-nz-crl-structural-uplift-prereg,507,3,True,0.25
auckland-nz-crl-structural-uplift-prereg,-5.7%,2,True,0.6875
auckland-nz-crl-structural-uplift-prereg,+4.4%,2,True,0.8125
auckland-nz-crl-structural-uplift-prereg,0.20,2,True,0.9375
auckland-nz-crl-structural-uplift-prereg,0.10,2,True,0.9375
auckland-nz-crl-structural-uplift-prereg,0.2661,4,True,0.1875
auckland-nz-crl-structural-uplift-prereg,+20%,1,True,1.0
auckland-nz-crl-structural-uplift-prereg,0.20,2,True,0.9375
auckland-nz-crl-structural-uplift-prereg,0.2534,4,True,0.125
auckland-nz-crl-structural-uplift-prereg,0.2534,4,True,0.125
auckland-nz-crl-structural-uplift-prereg,0.2661,4,True,0.1875
auckland-nz-crl-structural-uplift-prereg,"64,000",2,False,0.0
auckland-nz-crl-structural-uplift-prereg,"288,400",4,False,0.0
auckland-nz-crl-structural-uplift-prereg,−2.7%,2,True,0.8125
auckland-nz-crl-structural-uplift-prereg,+15.2%,3,True,0.75
auckland-nz-crl-structural-uplift-prereg,−1.6%,2,True,0.9375
auckland-nz-crl-structural-uplift-prereg,+11.7%,3,True,0.5625
auckland-nz-crl-structural-uplift-prereg,0.2246,4,False,0.125
auckland-nz-crl-structural-uplift-prereg,0.3065,4,False,0.125
auckland-nz-crl-structural-uplift-prereg,+36.5%,3,True,0.4375
auckland-nz-crl-structural-uplift-prereg,"55,400",3,False,0.0
auckland-nz-crl-structural-uplift-prereg,"85,100",3,False,0.0
auckland-nz-crl-structural-uplift-prereg,+53.7%,3,False,0.4375
auckland-nz-crl-structural-uplift-prereg,"246,600",4,False,0.0
auckland-nz-crl-structural-uplift-prereg,"277,600",4,False,0.0
auckland-nz-crl-structural-uplift-prereg,+12.6%,3,True,0.6875
auckland-nz-crl-structural-uplift-prereg,55%,2,True,0.8125
auckland-nz-crl-structural-uplift-prereg,55%,2,True,0.8125
auckland-nz-crl-structural-uplift-prereg,0.20,2,True,0.9375
auckland-nz-crl-structural-uplift-prereg,800,1,True,0.125
auckland-nz-crl-structural-uplift-prereg,177,3,False,0.375
auckland-nz-crl-structural-uplift-prereg,59%,2,True,0.9375
auckland-nz-crl-structural-uplift-prereg,19.7,3,False,0.25
auckland-nz-crl-structural-uplift-prereg,33.3,3,False,0.1875
auckland-nz-crl-structural-uplift-prereg,400,1,True,0.3125
auckland-nz-crl-structural-uplift-prereg,39%,2,True,0.9375
auckland-nz-crl-structural-uplift-prereg,800,1,True,0.125
auckland-nz-crl-structural-uplift-prereg,"1,200",2,True,0.1875
auckland-nz-crl-structural-uplift-prereg,800,1,True,0.125
auckland-nz-crl-structural-uplift-prereg,"1,200",2,True,0.1875
auckland-nz-crl-structural-uplift-prereg,0.307,3,True,0.3125
auckland-nz-crl-structural-uplift-prereg,0.2515,4,True,0.1875
auckland-nz-crl-structural-uplift-prereg,0.2534,4,True,0.125
auckland-nz-equity-adjustor-waitlist-did,120,2,True,0.3125
auckland-nz-equity-adjustor-waitlist-did,120,2,True,0.3125
auckland-nz-equity-adjustor-waitlist-did,+7.2,2,True,0.3125
auckland-nz-equity-adjustor-waitlist-did,0.0625,3,True,0.25
auckland-nz-equity-adjustor-waitlist-did,+5.5,2,True,0.1875
auckland-nz-equity-adjustor-waitlist-did,+4.8,2,True,0.5
auckland-nz-equity-adjustor-waitlist-did,−4.7,2,True,0.1875
auckland-nz-equity-adjustor-waitlist-did,+4.8,2,True,0.5
auckland-nz-equity-adjustor-waitlist-did,+7.3,2,True,0.3125
auckland-nz-equity-adjustor-waitlist-did,+7.1,2,True,0.25
auckland-nz-equity-adjustor-waitlist-did,+7.6,2,True,0.1875
auckland-nz-equity-adjustor-waitlist-did,+3.1,2,True,0.5
auckland-nz-equity-adjustor-waitlist-did,5%,1,True,1.0
auckland-nz-equity-adjustor-waitlist-did,0.06,1,True,1.0
auckland-nz-equity-adjustor-waitlist-did,+7.6,2,True,0.1875
auckland-nz-equity-adjustor-waitlist-did,+8.2,2,True,0.125
auckland-nz-equity-adjustor-waitlist-did,3.5,2,True,0.75
auckland-nz-equity-adjustor-waitlist-did,7.2,2,True,0.3125
auckland-nz-equity-adjustor-waitlist-did,0.6,1,True,1.0
auckland-nz-equity-adjustor-waitlist-did,15%,2,True,1.0
auckland-nz-equity-adjustor-waitlist-did,70%,1,True,1.0
auckland-nz-equity-adjustor-waitlist-did,+3.3,2,True,0.5625
auckland-nz-equity-adjustor-waitlist-did,+3.2,2,True,0.5
auckland-nz-equity-adjustor-waitlist-did,+1.8,2,True,0.8125
auckland-nz-equity-adjustor-waitlist-did,+1.0,2,True,1.0
auckland-nz-equity-adjustor-waitlist-did,+3.2,2,True,0.5
auckland-nz-equity-adjustor-waitlist-did,+0.7,1,True,0.9375
auckland-nz-equity-adjustor-waitlist-did,+2.5,2,True,0.625
auckland-nz-equity-adjustor-waitlist-did,+4.0,2,True,1.0
auckland-nz-equity-adjustor-waitlist-did,+0.4,1,True,0.9375
auckland-nz-equity-adjustor-waitlist-did,+5.4,2,True,0.1875
auckland-nz-equity-adjustor-waitlist-did,1.7,2,True,0.625
auckland-nz-equity-adjustor-waitlist-did,1.5,2,True,0.8125
auckland-nz-equity-adjustor-waitlist-did,1.3,2,True,0.75
auckland-nz-equity-adjustor-waitlist-did,1.15,3,True,0.4375
auckland-nz-equity-adjustor-waitlist-did,1.17,3,True,0.5625
auckland-nz-equity-adjustor-waitlist-did,1.33,3,True,0.5
auckland-nz-equity-adjustor-waitlist-did,1.09,3,True,0.625
auckland-nz-equity-adjustor-waitlist-did,1.54,3,True,0.375
auckland-nz-equity-adjustor-waitlist-did,2.09,3,True,0.1875
auckland-nz-equity-adjustor-waitlist-did,1.15,3,True,0.4375
auckland-nz-equity-adjustor-waitlist-did,0.99,2,True,0.75
auckland-nz-equity-adjustor-waitlist-did,1.73,3,True,0.5
auckland-nz-equity-adjustor-waitlist-did,2.70,3,True,0.25
auckland-nz-equity-adjustor-waitlist-did,1.17,3,True,0.5625
auckland-nz-equity-adjustor-waitlist-did,1.03,3,True,0.625
auckland-nz-equity-adjustor-waitlist-did,1.52,3,True,0.375
auckland-nz-equity-adjustor-waitlist-did,2.01,3,True,0.3125
auckland-nz-equity-adjustor-waitlist-did,1.33,3,True,0.5
auckland-nz-equity-adjustor-waitlist-did,1.11,3,True,0.6875
auckland-nz-equity-adjustor-waitlist-did,1.32,3,True,0.4375
auckland-nz-equity-adjustor-waitlist-did,1.55,3,True,0.375
auckland-nz-equity-adjustor-waitlist-did,1.09,3,True,0.625
auckland-nz-equity-adjustor-waitlist-did,0.98,2,True,0.875
auckland-nz-equity-adjustor-waitlist-did,+3.1,2,True,0.5
auckland-nz-equity-adjustor-waitlist-did,100,1,False,0.8125
auckland-nz-equity-adjustor-waitlist-did,+3.0,2,True,1.0
auckland-nz-equity-adjustor-waitlist-did,+4.7,2,True,0.1875
auckland-nz-equity-adjustor-waitlist-did,+5.5,2,True,0.1875
auckland-nz-speed-limit-reversal-crashes,830,2,False,0.0625
auckland-nz-speed-limit-reversal-crashes,3%,1,True,1.0
auckland-nz-speed-limit-reversal-crashes,16%,2,True,1.0
auckland-nz-speed-limit-reversal-crashes,27%,2,True,1.0
auckland-nz-speed-limit-reversal-crashes,830,2,False,0.0625
auckland-nz-speed-limit-reversal-crashes,250,2,True,0.25
auckland-nz-speed-limit-reversal-crashes,20%,1,True,1.0
auckland-nz-speed-limit-reversal-crashes,256,3,True,0.3125
auckland-nz-speed-limit-reversal-crashes,"1,184,764",5,False,0.0
auckland-nz-speed-limit-reversal-crashes,100,1,True,0.75
auckland-nz-speed-limit-reversal-crashes,"10,983",5,False,0.0
auckland-nz-speed-limit-reversal-crashes,860,2,False,0.0625
auckland-nz-speed-limit-reversal-crashes,397,3,False,0.125
auckland-nz-speed-limit-reversal-crashes,100,1,True,0.75
auckland-nz-speed-limit-reversal-crashes,349,3,False,0.25
auckland-nz-speed-limit-reversal-crashes,100,1,True,0.75
auckland-nz-speed-limit-reversal-crashes,"10,629",5,False,0.0
auckland-nz-speed-limit-reversal-crashes,828,3,True,0.0625
auckland-nz-speed-limit-reversal-crashes,99.3%,3,True,0.5
auckland-nz-speed-limit-reversal-crashes,89.6%,3,False,0.4375
auckland-nz-speed-limit-reversal-crashes,"2,888",4,True,0.0
auckland-nz-speed-limit-reversal-crashes,0.025,2,True,0.5
auckland-nz-speed-limit-reversal-crashes,1.10,3,True,0.625
auckland-nz-speed-limit-reversal-crashes,1.10,3,True,0.625
auckland-nz-speed-limit-reversal-crashes,95%,2,True,1.0
auckland-nz-speed-limit-reversal-crashes,1.03,3,True,0.625
auckland-nz-speed-limit-reversal-crashes,0.84,2,True,0.75
auckland-nz-speed-limit-reversal-crashes,1.27,3,True,0.375
auckland-nz-speed-limit-reversal-crashes,252,3,True,0.3125
auckland-nz-speed-limit-reversal-crashes,1.02,3,True,0.5625
auckland-nz-speed-limit-reversal-crashes,0.69,2,True,0.8125
auckland-nz-speed-limit-reversal-crashes,1.50,3,True,0.5625
auckland-nz-speed-limit-reversal-crashes,1.13,3,True,0.4375
auckland-nz-speed-limit-reversal-crashes,1.02,3,True,0.5625
auckland-nz-speed-limit-reversal-crashes,1.26,3,True,0.5
auckland-nz-speed-limit-reversal-crashes,787,3,True,0.0625
auckland-nz-speed-limit-reversal-crashes,1.07,3,True,0.625
auckland-nz-speed-limit-reversal-crashes,0.65,2,True,0.8125
auckland-nz-speed-limit-reversal-crashes,1.76,3,True,0.3125
auckland-nz-speed-limit-reversal-crashes,1.03,3,True,0.625
auckland-nz-speed-limit-reversal-crashes,0.69,2,True,0.8125
auckland-nz-speed-limit-reversal-crashes,1.55,3,True,0.375
auckland-nz-speed-limit-reversal-crashes,100,1,True,0.75
auckland-nz-speed-limit-reversal-crashes,1.02,3,True,0.5625
auckland-nz-speed-limit-reversal-crashes,0.61,2,True,0.875
auckland-nz-speed-limit-reversal-crashes,1.72,3,True,0.3125
auckland-nz-speed-limit-reversal-crashes,100,1,True,0.75
auckland-nz-speed-limit-reversal-crashes,1.02,3,True,0.5625
auckland-nz-speed-limit-reversal-crashes,0.75,2,True,0.875
auckland-nz-speed-limit-reversal-crashes,1.39,3,True,0.625
auckland-nz-speed-limit-reversal-crashes,0.98,2,True,0.875
auckland-nz-speed-limit-reversal-crashes,0.76,2,True,0.8125
auckland-nz-speed-limit-reversal-crashes,1.25,3,True,0.5625
auckland-nz-speed-limit-reversal-crashes,118,3,True,0.4375
auckland-nz-speed-limit-reversal-crashes,1.12,3,True,0.5
auckland-nz-speed-limit-reversal-crashes,0.79,2,True,0.875
auckland-nz-speed-limit-reversal-crashes,1.58,3,True,0.375
auckland-nz-speed-limit-reversal-crashes,134,3,True,0.3125
auckland-nz-speed-limit-reversal-crashes,1.11,3,True,0.6875
auckland-nz-speed-limit-reversal-crashes,0.77,2,True,0.8125
auckland-nz-speed-limit-reversal-crashes,1.59,3,True,0.3125
auckland-nz-speed-limit-reversal-crashes,126,3,True,0.3125
auckland-nz-speed-limit-reversal-crashes,0.95,2,True,0.8125
auckland-nz-speed-limit-reversal-crashes,0.73,2,True,0.75
auckland-nz-speed-limit-reversal-crashes,1.24,3,True,0.5
auckland-nz-speed-limit-reversal-crashes,128,3,True,0.4375
auckland-nz-speed-limit-reversal-crashes,1.12,3,True,0.5
auckland-nz-speed-limit-reversal-crashes,0.86,2,True,0.8125
auckland-nz-speed-limit-reversal-crashes,1.47,3,True,0.375
auckland-nz-speed-limit-reversal-crashes,124,3,True,0.375
auckland-nz-speed-limit-reversal-crashes,10%,1,True,1.0
auckland-nz-speed-limit-reversal-crashes,0.91,2,True,0.8125
auckland-nz-speed-limit-reversal-crashes,1.03,3,True,0.625
auckland-nz-speed-limit-reversal-crashes,1.03,3,True,0.625
auckland-nz-speed-limit-reversal-crashes,1.02,3,True,0.5625
auckland-nz-speed-limit-reversal-crashes,0.99,2,True,0.75
auckland-nz-speed-limit-reversal-crashes,1.03,3,True,0.625
auckland-nz-speed-limit-reversal-crashes,1.02,3,True,0.5625
auckland-nz-speed-limit-reversal-crashes,1.01,3,True,0.5625
auckland-nz-speed-limit-reversal-crashes,0.91,2,True,0.8125
auckland-nz-speed-limit-reversal-crashes,0.76,2,True,0.8125
auckland-nz-speed-limit-reversal-crashes,1.19,3,True,0.5625
auckland-nz-speed-limit-reversal-crashes,0.044,2,True,0.6875
auckland-nz-speed-limit-reversal-crashes,135,3,True,0.5
auckland-nz-speed-limit-reversal-crashes,250,2,True,0.25
auckland-nz-speed-limit-reversal-crashes,270,2,True,0.5
auckland-nz-speed-limit-reversal-crashes,1.33,3,True,0.5
auckland-nz-speed-limit-reversal-crashes,80%,1,True,1.0
auckland-nz-speed-limit-reversal-crashes,0.105,3,True,0.75
auckland-nz-speed-limit-reversal-crashes,+10%,1,True,1.0
auckland-nz-speed-limit-reversal-crashes,15%,2,True,1.0
auckland-nz-speed-limit-reversal-crashes,+19%,2,True,0.9375
auckland-nz-speed-limit-reversal-crashes,38%,2,True,1.0
auckland-nz-speed-limit-reversal-crashes,1.23,3,True,0.5
auckland-nz-speed-limit-reversal-crashes,200,1,True,0.5
auckland-nz-speed-limit-reversal-crashes,1.00,3,True,1.0
auckland-nz-speed-limit-reversal-crashes,1.05,3,True,0.5
auckland-nz-speed-limit-reversal-crashes,13%,2,True,1.0
auckland-nz-speed-limit-reversal-crashes,1.13,3,True,0.4375
auckland-nz-speed-limit-reversal-crashes,95%,2,True,1.0
auckland-nz-speed-limit-reversal-crashes,1.02,3,True,0.5625
auckland-nz-speed-limit-reversal-crashes,1.26,3,True,0.5
auckland-nz-speed-limit-reversal-crashes,1.08,3,True,0.625
auckland-nz-speed-limit-reversal-crashes,0.98,2,True,0.875
auckland-nz-speed-limit-reversal-crashes,1.20,3,True,0.5625
auckland-nz-speed-limit-reversal-crashes,1.09,3,True,0.625
auckland-nz-speed-limit-reversal-crashes,0.97,2,True,0.8125
auckland-nz-speed-limit-reversal-crashes,1.22,3,True,0.375
auckland-nz-speed-limit-reversal-crashes,1.05,3,True,0.5
auckland-nz-speed-limit-reversal-crashes,0.92,2,True,0.875
auckland-nz-speed-limit-reversal-crashes,1.20,3,True,0.5625
auckland-nz-speed-limit-reversal-crashes,1.07,3,True,0.625
auckland-nz-speed-limit-reversal-crashes,0.96,2,True,0.75
auckland-nz-speed-limit-reversal-crashes,1.19,3,True,0.5625
auckland-nz-speed-limit-reversal-crashes,1.18,3,True,0.625
auckland-nz-speed-limit-reversal-crashes,7%,1,True,1.0
auckland-nz-speed-limit-reversal-crashes,11%,2,True,1.0
auckland-nz-speed-limit-reversal-crashes,72%,2,True,0.9375
auckland-nz-speed-limit-reversal-crashes,7.7%,2,True,0.625
auckland-nz-speed-limit-reversal-crashes,1.01,3,True,0.5625
auckland-nz-speed-limit-reversal-crashes,184,3,True,0.25
auckland-nz-speed-limit-reversal-crashes,1.2,2,True,0.8125
auckland-nz-upzoning-canopy-lidar-did,1.3,2,True,0.75
auckland-nz-upzoning-canopy-lidar-did,0.8,1,True,1.0
auckland-nz-upzoning-canopy-lidar-did,0.4,1,True,0.9375
auckland-nz-upzoning-canopy-lidar-did,"6,822",4,False,0.0
auckland-nz-upzoning-canopy-lidar-did,133,3,False,0.3125
auckland-nz-upzoning-canopy-lidar-did,90%,1,True,0.9375
auckland-nz-upzoning-canopy-lidar-did,10%,1,True,1.0
auckland-nz-upzoning-canopy-lidar-did,"163,285",5,True,0.0
auckland-nz-upzoning-canopy-lidar-did,"160,193",5,True,0.0
auckland-nz-upzoning-canopy-lidar-did,"51,511",5,True,0.0
auckland-nz-upzoning-canopy-lidar-did,"28,258",5,True,0.0
auckland-nz-upzoning-canopy-lidar-did,525,3,True,0.1875
auckland-nz-upzoning-canopy-lidar-did,−1.0,2,True,1.0
auckland-nz-upzoning-canopy-lidar-did,0.5,1,True,0.9375
auckland-nz-upzoning-canopy-lidar-did,−1.0,2,True,1.0
auckland-nz-upzoning-canopy-lidar-did,95%,2,True,1.0
auckland-nz-upzoning-canopy-lidar-did,−1.32,3,True,0.4375
auckland-nz-upzoning-canopy-lidar-did,−1.65,3,True,0.375
auckland-nz-upzoning-canopy-lidar-did,−0.98,2,True,0.875
auckland-nz-upzoning-canopy-lidar-did,+0.83,2,True,0.8125
auckland-nz-upzoning-canopy-lidar-did,+0.49,2,True,0.875
auckland-nz-upzoning-canopy-lidar-did,+1.17,3,True,0.5625
auckland-nz-upzoning-canopy-lidar-did,0.5,1,True,0.9375
auckland-nz-upzoning-canopy-lidar-did,−1.37,3,True,0.3125
auckland-nz-upzoning-canopy-lidar-did,+0.83,2,True,0.8125
auckland-nz-upzoning-canopy-lidar-did,−3.0,2,True,1.0
auckland-nz-upzoning-canopy-lidar-did,95%,2,True,1.0
auckland-nz-upzoning-canopy-lidar-did,−1.32,3,True,0.4375
auckland-nz-upzoning-canopy-lidar-did,−1.65,3,True,0.375
auckland-nz-upzoning-canopy-lidar-did,−0.98,2,True,0.875
auckland-nz-upzoning-canopy-lidar-did,+0.83,2,True,0.8125
auckland-nz-upzoning-canopy-lidar-did,+0.49,2,True,0.875
auckland-nz-upzoning-canopy-lidar-did,+1.17,3,True,0.5625
auckland-nz-upzoning-canopy-lidar-did,−0.48,2,True,0.6875
auckland-nz-upzoning-canopy-lidar-did,−0.88,2,True,0.6875
auckland-nz-upzoning-canopy-lidar-did,−0.08,1,True,0.9375
auckland-nz-upzoning-canopy-lidar-did,0.00,1,True,1.0
auckland-nz-upzoning-canopy-lidar-did,−0.40,2,True,0.8125
auckland-nz-upzoning-canopy-lidar-did,+0.41,2,True,0.8125
auckland-nz-upzoning-canopy-lidar-did,−0.42,2,True,0.8125
auckland-nz-upzoning-canopy-lidar-did,−0.74,2,True,0.8125
auckland-nz-upzoning-canopy-lidar-did,−0.09,1,True,1.0
auckland-nz-upzoning-canopy-lidar-did,−0.41,2,True,0.8125
auckland-nz-upzoning-canopy-lidar-did,−0.82,2,True,0.8125
auckland-nz-upzoning-canopy-lidar-did,0.00,1,True,1.0
auckland-nz-upzoning-canopy-lidar-did,−1.11,3,True,0.6875
auckland-nz-upzoning-canopy-lidar-did,−0.46,2,True,0.75
auckland-nz-upzoning-canopy-lidar-did,−1.57,3,True,0.4375
auckland-nz-upzoning-canopy-lidar-did,+0.75,2,True,0.875
auckland-nz-upzoning-canopy-lidar-did,+0.59,2,True,0.75
auckland-nz-upzoning-canopy-lidar-did,+1.35,3,True,0.375
auckland-nz-upzoning-canopy-lidar-did,−0.37,2,True,0.8125
auckland-nz-upzoning-canopy-lidar-did,−0.74,2,True,0.8125
auckland-nz-upzoning-canopy-lidar-did,0.00,1,True,1.0
auckland-nz-upzoning-canopy-lidar-did,+0.28,2,True,0.875
auckland-nz-upzoning-canopy-lidar-did,−0.04,1,True,1.0
auckland-nz-upzoning-canopy-lidar-did,+0.60,2,True,0.8125
auckland-nz-upzoning-canopy-lidar-did,−0.03,1,True,1.0
auckland-nz-upzoning-canopy-lidar-did,−0.46,2,True,0.75
auckland-nz-upzoning-canopy-lidar-did,+0.40,2,True,0.8125
auckland-nz-upzoning-canopy-lidar-did,−0.22,2,True,1.0
auckland-nz-upzoning-canopy-lidar-did,−0.57,2,True,0.75
auckland-nz-upzoning-canopy-lidar-did,+0.12,2,True,1.0
auckland-nz-upzoning-canopy-lidar-did,+0.04,1,True,1.0
auckland-nz-upzoning-canopy-lidar-did,−0.25,2,True,0.875
auckland-nz-upzoning-canopy-lidar-did,+0.32,2,True,0.875
auckland-nz-upzoning-canopy-lidar-did,−0.02,1,True,0.8125
auckland-nz-upzoning-canopy-lidar-did,−0.46,2,True,0.75
auckland-nz-upzoning-canopy-lidar-did,+0.41,2,True,0.8125
auckland-nz-upzoning-canopy-lidar-did,+0.75,2,True,0.875
auckland-nz-upzoning-canopy-lidar-did,−0.4,1,True,0.9375
auckland-nz-upzoning-canopy-lidar-did,0.0,1,True,1.0
auckland-nz-upzoning-canopy-lidar-did,−0.84,2,True,0.75
auckland-nz-upzoning-canopy-lidar-did,−0.25,2,True,0.875
auckland-nz-upzoning-canopy-lidar-did,−0.11,2,True,0.9375
auckland-nz-upzoning-canopy-lidar-did,+0.01,1,True,1.0
auckland-nz-upzoning-canopy-lidar-did,−0.33,2,True,0.8125
auckland-nz-upzoning-canopy-lidar-did,+0.34,2,True,0.875
auckland-nz-upzoning-canopy-lidar-did,−2.46,3,True,0.1875
auckland-nz-upzoning-canopy-lidar-did,−3.70,3,True,0.1875
auckland-nz-upzoning-canopy-lidar-did,−1.21,3,True,0.5
auckland-nz-upzoning-canopy-lidar-did,−6.5,2,True,0.3125
auckland-nz-upzoning-canopy-lidar-did,−8.1,2,True,0.4375
auckland-nz-upzoning-canopy-lidar-did,−7.3,2,True,0.3125
auckland-nz-upzoning-canopy-lidar-did,10.8%,3,True,0.625
auckland-nz-upzoning-canopy-lidar-did,5.4%,2,True,0.5
auckland-nz-upzoning-canopy-lidar-did,−0.33,2,True,0.8125
auckland-nz-upzoning-canopy-lidar-did,−0.28,2,True,0.875
auckland-nz-upzoning-canopy-lidar-did,−0.05,1,True,1.0
auckland-nz-upzoning-canopy-lidar-did,21.8%,3,False,0.375
auckland-nz-upzoning-canopy-lidar-did,20.3%,3,False,0.6875
auckland-nz-upzoning-canopy-lidar-did,18.1%,3,True,0.5625
auckland-nz-upzoning-canopy-lidar-did,100,1,True,0.75
auckland-nz-upzoning-canopy-lidar-did,+0.13,2,True,1.0
auckland-nz-upzoning-canopy-lidar-did,−0.43,2,True,0.9375
auckland-nz-upzoning-canopy-lidar-did,+0.69,2,True,0.8125
auckland-nz-upzoning-canopy-lidar-did,900,1,True,0.1875
auckland-nz-upzoning-canopy-lidar-did,1.3%,2,True,0.875
auckland-nz-upzoning-canopy-lidar-did,5.9%,2,True,0.6875
auckland-nz-upzoning-canopy-lidar-did,0.1,1,True,1.0
auckland-nz-upzoning-canopy-lidar-did,900,1,True,0.1875
auckland-nz-wastewater-testing-gap-deprivation,14%,2,True,1.0
auckland-nz-wastewater-testing-gap-deprivation,35%,2,True,0.875
auckland-nz-wastewater-testing-gap-deprivation,17%,2,True,0.9375
auckland-nz-wastewater-testing-gap-deprivation,25%,2,True,1.0
auckland-nz-wastewater-testing-gap-deprivation,134,3,True,0.3125
auckland-nz-wastewater-testing-gap-deprivation,907,3,True,0.125
auckland-nz-wastewater-testing-gap-deprivation,"1,190",3,True,0.0
auckland-nz-wastewater-testing-gap-deprivation,"100,000",1,False,0.125
auckland-nz-wastewater-testing-gap-deprivation,"4,291",4,True,0.0
auckland-nz-wastewater-testing-gap-deprivation,0.85,2,True,0.75
auckland-nz-wastewater-testing-gap-deprivation,0.85,2,True,0.75
auckland-nz-wastewater-testing-gap-deprivation,95%,2,True,1.0
auckland-nz-wastewater-testing-gap-deprivation,0.86,2,True,0.8125
auckland-nz-wastewater-testing-gap-deprivation,0.68,2,True,0.6875
auckland-nz-wastewater-testing-gap-deprivation,1.09,3,True,0.625
auckland-nz-wastewater-testing-gap-deprivation,0.86,2,True,0.8125
auckland-nz-wastewater-testing-gap-deprivation,0.64,2,True,0.75
auckland-nz-wastewater-testing-gap-deprivation,1.17,3,True,0.5625
auckland-nz-wastewater-testing-gap-deprivation,0.86,2,True,0.8125
auckland-nz-wastewater-testing-gap-deprivation,0.64,2,True,0.75
auckland-nz-wastewater-testing-gap-deprivation,1.13,3,True,0.4375
auckland-nz-wastewater-testing-gap-deprivation,0.90,2,True,0.8125
auckland-nz-wastewater-testing-gap-deprivation,0.67,2,True,0.875
auckland-nz-wastewater-testing-gap-deprivation,1.21,3,True,0.5
auckland-nz-wastewater-testing-gap-deprivation,0.87,2,True,0.8125
auckland-nz-wastewater-testing-gap-deprivation,0.69,2,True,0.8125
auckland-nz-wastewater-testing-gap-deprivation,1.10,3,True,0.625
auckland-nz-wastewater-testing-gap-deprivation,0.83,2,True,0.8125
auckland-nz-wastewater-testing-gap-deprivation,0.89,2,True,0.625
auckland-nz-wastewater-testing-gap-deprivation,1.03,3,True,0.625
auckland-nz-wastewater-testing-gap-deprivation,1.12,3,True,0.5
auckland-nz-wastewater-testing-gap-deprivation,−0.10,2,True,0.9375
auckland-nz-wastewater-testing-gap-deprivation,−0.56,2,True,0.875
auckland-nz-wastewater-testing-gap-deprivation,0.37,2,True,0.8125
auckland-nz-wastewater-testing-gap-deprivation,35%,2,True,0.875
auckland-nz-wastewater-testing-gap-deprivation,17%,2,True,0.9375
auckland-nz-wastewater-testing-gap-deprivation,15%,2,True,1.0
auckland-nz-wastewater-testing-gap-deprivation,0.86,2,True,0.8125
auckland-nz-wastewater-testing-gap-deprivation,0.94,2,True,0.875
auckland-nz-wastewater-testing-gap-deprivation,1.03,3,True,0.625
auckland-nz-wastewater-testing-gap-deprivation,0.91,2,True,0.8125
auckland-nz-wastewater-testing-gap-deprivation,0.86,2,True,0.8125
auckland-nz-wastewater-testing-gap-deprivation,0.85,2,True,0.75
auckland-nz-wastewater-testing-gap-deprivation,0.90,2,True,0.8125
auckland-nz-wastewater-testing-gap-deprivation,19%,2,True,0.9375
auckland-nz-wastewater-testing-gap-deprivation,0.83,2,True,0.8125
auckland-nz-wastewater-testing-gap-deprivation,0.95,2,True,0.8125
auckland-nz-wastewater-testing-gap-deprivation,0.83,2,True,0.8125
auckland-nz-wastewater-testing-gap-deprivation,0.89,2,True,0.625
auckland-nz-wastewater-testing-gap-deprivation,1.00,3,True,1.0
auckland-nz-wastewater-testing-gap-deprivation,500,1,True,0.75
auckland-nz-wastewater-testing-gap-deprivation,0.89,2,True,0.625
auckland-nz-wastewater-testing-gap-deprivation,0.79,2,True,0.875
auckland-nz-wastewater-testing-gap-deprivation,0.63,2,True,0.8125
auckland-nz-wastewater-testing-gap-deprivation,1.00,3,True,1.0
auckland-nz-wastewater-testing-gap-deprivation,0.80,2,True,0.875
auckland-nz-wastewater-testing-gap-deprivation,0.95,2,True,0.8125
auckland-nz-wastewater-testing-gap-deprivation,0.82,2,True,0.8125
auckland-nz-wastewater-testing-gap-deprivation,0.94,2,True,0.875
auckland-nz-wastewater-testing-gap-deprivation,27%,2,True,1.0
auckland-nz-wastewater-testing-gap-deprivation,15%,2,True,1.0
auckland-nz-wastewater-testing-gap-deprivation,29%,2,True,1.0
auckland-nz-wastewater-testing-gap-deprivation,0.71,2,True,0.75
auckland-nz-wastewater-testing-gap-deprivation,80%,1,True,1.0
auckland-nz-wastewater-testing-gap-deprivation,15%,2,True,1.0
auckland-nz-wastewater-testing-gap-deprivation,25%,2,True,1.0
auckland-nz-wastewater-testing-gap-deprivation,0.84,2,True,0.75
bioinformatics-vep-acmg-calibration-drift,"159,531",5,False,0.0
bioinformatics-vep-acmg-calibration-drift,"160,000",2,False,0.0
bioinformatics-vep-acmg-calibration-drift,"59,000",2,False,0.125
bioinformatics-vep-acmg-calibration-drift,7%,1,True,1.0
bioinformatics-vep-acmg-calibration-drift,22%,2,True,1.0
bioinformatics-vep-acmg-calibration-drift,0.932,3,True,0.5
bioinformatics-vep-acmg-calibration-drift,"44,721",5,False,0.0
bioinformatics-vep-acmg-calibration-drift,"114,810",5,False,0.0
bioinformatics-vep-acmg-calibration-drift,1.25,3,True,0.5625
bioinformatics-vep-acmg-calibration-drift,0.96,2,True,0.75
bioinformatics-vep-acmg-calibration-drift,1.73,3,True,0.5
bioinformatics-vep-acmg-calibration-drift,2.41,3,True,0.25
bioinformatics-vep-acmg-calibration-drift,3.99,3,True,0.0625
bioinformatics-vep-acmg-calibration-drift,5.79,3,True,0.125
bioinformatics-vep-acmg-calibration-drift,1.8,2,True,0.8125
bioinformatics-vep-acmg-calibration-drift,1.4,2,True,0.75
bioinformatics-vep-acmg-calibration-drift,2.5,2,True,0.625
bioinformatics-vep-acmg-calibration-drift,2.41,3,True,0.25
bioinformatics-vep-acmg-calibration-drift,135,3,True,0.5
bioinformatics-vep-acmg-calibration-drift,"59,000",2,False,0.125
bioinformatics-vep-acmg-calibration-drift,9%,1,True,1.0
bioinformatics-vep-acmg-calibration-drift,25%,2,True,1.0
bioinformatics-vep-acmg-calibration-drift,10%,1,True,1.0
bioinformatics-vep-acmg-calibration-drift,"11,834",5,False,0.0
bioinformatics-vep-acmg-calibration-drift,0.0441,3,True,0.3125
bioinformatics-vep-acmg-calibration-drift,2.406,4,True,0.0625
bioinformatics-vep-acmg-calibration-drift,2.41,3,True,0.25
bioinformatics-vep-acmg-calibration-drift,5.79,3,True,0.125
bioinformatics-vep-acmg-calibration-drift,13.9,3,True,0.1875
bioinformatics-vep-acmg-calibration-drift,33.5,3,True,0.0625
bioinformatics-vep-acmg-calibration-drift,"9,114",4,False,0.0
bioinformatics-vep-acmg-calibration-drift,"36,755",5,True,0.0
bioinformatics-vep-acmg-calibration-drift,"199,144",5,False,0.0
bioinformatics-vep-acmg-calibration-drift,1%,1,True,1.0
bioinformatics-vep-acmg-calibration-drift,100%,1,True,1.0
bioinformatics-vep-acmg-calibration-drift,"13,286",5,True,0.0
bioinformatics-vep-acmg-calibration-drift,"17,822",5,True,0.0
bioinformatics-vep-acmg-calibration-drift,"14,582",5,True,0.0
bioinformatics-vep-acmg-calibration-drift,"3,181",4,True,0.0625
bioinformatics-vep-acmg-calibration-drift,"6,156",4,True,0.0
bioinformatics-vep-acmg-calibration-drift,"23,459",5,True,0.0
bioinformatics-vep-acmg-calibration-drift,"7,023",4,True,0.0
bioinformatics-vep-acmg-calibration-drift,"5,302",4,True,0.0
bioinformatics-vep-acmg-calibration-drift,"6,612",4,True,0.0
bioinformatics-vep-acmg-calibration-drift,"2,512",4,True,0.125
bioinformatics-vep-acmg-calibration-drift,"8,338",4,True,0.0
bioinformatics-vep-acmg-calibration-drift,"9,282",4,True,0.125
bioinformatics-vep-acmg-calibration-drift,"2,859",4,True,0.0
bioinformatics-vep-acmg-calibration-drift,"8,123",4,True,0.0
bioinformatics-vep-acmg-calibration-drift,"34,959",5,True,0.0
bioinformatics-vep-acmg-calibration-drift,"10,446",5,True,0.0
bioinformatics-vep-acmg-calibration-drift,"9,565",4,True,0.0
bioinformatics-vep-acmg-calibration-drift,"22,584",5,True,0.0
bioinformatics-vep-acmg-calibration-drift,"7,723",4,True,0.0
bioinformatics-vep-acmg-calibration-drift,"8,510",3,True,0.0
bioinformatics-vep-acmg-calibration-drift,"30,591",5,True,0.0
bioinformatics-vep-acmg-calibration-drift,"10,456",5,True,0.0
bioinformatics-vep-acmg-calibration-drift,"5,272",4,True,0.0
bioinformatics-vep-acmg-calibration-drift,"11,097",5,True,0.0
bioinformatics-vep-acmg-calibration-drift,"5,714",4,True,0.0
bioinformatics-vep-acmg-calibration-drift,"44,721",5,False,0.0
bioinformatics-vep-acmg-calibration-drift,"114,810",5,False,0.0
bioinformatics-vep-acmg-calibration-drift,"15,011",5,False,0.0
bioinformatics-vep-acmg-calibration-drift,1.2%,2,True,0.9375
bioinformatics-vep-acmg-calibration-drift,0.932,3,True,0.5
bioinformatics-vep-acmg-calibration-drift,"13,618",5,True,0.0
bioinformatics-vep-acmg-calibration-drift,205,3,True,0.25
bioinformatics-vep-acmg-calibration-drift,168,3,True,0.3125
bioinformatics-vep-acmg-calibration-drift,139,3,True,0.375
bioinformatics-vep-acmg-calibration-drift,206,3,True,0.25
bioinformatics-vep-acmg-calibration-drift,33.5,3,True,0.0625
bioinformatics-vep-acmg-calibration-drift,0.879,3,True,0.375
bioinformatics-vep-acmg-calibration-drift,0.931,3,True,0.4375
bioinformatics-vep-acmg-calibration-drift,"7,555",4,True,0.0
bioinformatics-vep-acmg-calibration-drift,380,2,True,0.1875
bioinformatics-vep-acmg-calibration-drift,13.9,3,True,0.1875
bioinformatics-vep-acmg-calibration-drift,0.773,3,True,0.3125
bioinformatics-vep-acmg-calibration-drift,0.878,3,False,0.375
bioinformatics-vep-acmg-calibration-drift,"8,363",4,True,0.0
bioinformatics-vep-acmg-calibration-drift,"1,129",4,True,0.0
bioinformatics-vep-acmg-calibration-drift,18.7,3,True,0.125
bioinformatics-vep-acmg-calibration-drift,16.1,3,True,0.1875
bioinformatics-vep-acmg-calibration-drift,22.0,3,True,0.9375
bioinformatics-vep-acmg-calibration-drift,5.79,3,True,0.125
bioinformatics-vep-acmg-calibration-drift,0.644,3,True,0.4375
bioinformatics-vep-acmg-calibration-drift,0.772,3,False,0.5
bioinformatics-vep-acmg-calibration-drift,"5,760",3,True,0.0
bioinformatics-vep-acmg-calibration-drift,"2,354",4,True,0.0625
bioinformatics-vep-acmg-calibration-drift,6.2,2,True,0.1875
bioinformatics-vep-acmg-calibration-drift,5.5,2,True,0.1875
bioinformatics-vep-acmg-calibration-drift,7.0,2,True,1.0
bioinformatics-vep-acmg-calibration-drift,2.41,3,True,0.25
bioinformatics-vep-acmg-calibration-drift,0.184,3,False,0.5625
bioinformatics-vep-acmg-calibration-drift,0.290,3,True,0.75
bioinformatics-vep-acmg-calibration-drift,"1,029",4,True,0.0625
bioinformatics-vep-acmg-calibration-drift,"15,524",5,True,0.0
bioinformatics-vep-acmg-calibration-drift,0.17,2,True,0.9375
bioinformatics-vep-acmg-calibration-drift,0.15,2,True,1.0
bioinformatics-vep-acmg-calibration-drift,0.19,2,True,0.75
bioinformatics-vep-acmg-calibration-drift,0.42,2,True,0.8125
bioinformatics-vep-acmg-calibration-drift,0.053,2,True,0.625
bioinformatics-vep-acmg-calibration-drift,0.183,3,True,0.4375
bioinformatics-vep-acmg-calibration-drift,622,3,True,0.0
bioinformatics-vep-acmg-calibration-drift,"39,153",5,True,0.0
bioinformatics-vep-acmg-calibration-drift,0.040,2,True,0.75
bioinformatics-vep-acmg-calibration-drift,0.036,2,True,0.6875
bioinformatics-vep-acmg-calibration-drift,0.045,2,True,0.6875
bioinformatics-vep-acmg-calibration-drift,0.17,2,True,0.9375
bioinformatics-vep-acmg-calibration-drift,0.017,2,True,0.625
bioinformatics-vep-acmg-calibration-drift,0.052,2,True,0.6875
bioinformatics-vep-acmg-calibration-drift,"25,711",5,True,0.0
bioinformatics-vep-acmg-calibration-drift,0.007,1,True,0.8125
bioinformatics-vep-acmg-calibration-drift,0.006,1,True,0.75
bioinformatics-vep-acmg-calibration-drift,0.009,1,True,0.75
bioinformatics-vep-acmg-calibration-drift,0.072,2,True,0.625
bioinformatics-vep-acmg-calibration-drift,0.990,3,True,0.6875
bioinformatics-vep-acmg-calibration-drift,"13,698",5,True,0.0
bioinformatics-vep-acmg-calibration-drift,425,3,True,0.1875
bioinformatics-vep-acmg-calibration-drift,33.5,3,True,0.0625
bioinformatics-vep-acmg-calibration-drift,0.972,3,True,0.5
bioinformatics-vep-acmg-calibration-drift,0.989,3,True,0.5
bioinformatics-vep-acmg-calibration-drift,"5,164",4,True,0.0
bioinformatics-vep-acmg-calibration-drift,464,3,True,0.125
bioinformatics-vep-acmg-calibration-drift,13.9,3,True,0.1875
bioinformatics-vep-acmg-calibration-drift,0.906,3,True,0.4375
bioinformatics-vep-acmg-calibration-drift,0.971,3,True,0.5
bioinformatics-vep-acmg-calibration-drift,"6,988",4,True,0.0
bioinformatics-vep-acmg-calibration-drift,"1,151",4,True,0.0
bioinformatics-vep-acmg-calibration-drift,15.9,3,True,0.125
bioinformatics-vep-acmg-calibration-drift,14.5,3,True,0.25
bioinformatics-vep-acmg-calibration-drift,17.6,3,True,0.0625
bioinformatics-vep-acmg-calibration-drift,5.79,3,True,0.125
bioinformatics-vep-acmg-calibration-drift,0.792,3,True,0.375
bioinformatics-vep-acmg-calibration-drift,0.905,3,False,0.3125
bioinformatics-vep-acmg-calibration-drift,"4,941",4,True,0.0
bioinformatics-vep-acmg-calibration-drift,"1,564",4,True,0.0
bioinformatics-vep-acmg-calibration-drift,8.3,2,True,0.125
bioinformatics-vep-acmg-calibration-drift,7.5,2,True,0.125
bioinformatics-vep-acmg-calibration-drift,9.2,2,True,0.25
bioinformatics-vep-acmg-calibration-drift,2.41,3,True,0.25
bioinformatics-vep-acmg-calibration-drift,0.100,3,True,0.75
bioinformatics-vep-acmg-calibration-drift,0.169,3,True,0.5625
bioinformatics-vep-acmg-calibration-drift,"1,271",4,True,0.0
bioinformatics-vep-acmg-calibration-drift,"20,166",5,True,0.0
bioinformatics-vep-acmg-calibration-drift,0.17,2,True,0.9375
bioinformatics-vep-acmg-calibration-drift,0.15,2,True,1.0
bioinformatics-vep-acmg-calibration-drift,0.18,2,True,0.875
bioinformatics-vep-acmg-calibration-drift,0.42,2,True,0.8125
bioinformatics-vep-acmg-calibration-drift,0.071,2,True,0.75
bioinformatics-vep-acmg-calibration-drift,0.099,2,True,0.5
bioinformatics-vep-acmg-calibration-drift,468,3,True,0.1875
bioinformatics-vep-acmg-calibration-drift,"32,271",5,True,0.0
bioinformatics-vep-acmg-calibration-drift,0.038,2,True,0.625
bioinformatics-vep-acmg-calibration-drift,0.034,2,True,0.5
bioinformatics-vep-acmg-calibration-drift,0.042,2,True,0.6875
bioinformatics-vep-acmg-calibration-drift,0.17,2,True,0.9375
bioinformatics-vep-acmg-calibration-drift,0.070,2,True,0.6875
bioinformatics-vep-acmg-calibration-drift,118,3,True,0.4375
bioinformatics-vep-acmg-calibration-drift,"37,838",5,True,0.0
bioinformatics-vep-acmg-calibration-drift,0.008,1,True,0.6875
bioinformatics-vep-acmg-calibration-drift,0.007,1,True,0.8125
bioinformatics-vep-acmg-calibration-drift,0.010,2,True,0.8125
bioinformatics-vep-acmg-calibration-drift,0.072,2,True,0.625
bioinformatics-vep-acmg-calibration-drift,0.38,2,True,0.8125
bioinformatics-vep-acmg-calibration-drift,0.35,2,True,0.75
bioinformatics-vep-acmg-calibration-drift,0.42,2,True,0.8125
bioinformatics-vep-acmg-calibration-drift,0.42,2,True,0.8125
bioinformatics-vep-acmg-calibration-drift,0.54,2,True,0.8125
bioinformatics-vep-acmg-calibration-drift,0.47,2,True,0.625
bioinformatics-vep-acmg-calibration-drift,0.62,2,True,0.75
bioinformatics-vep-acmg-calibration-drift,0.644,3,True,0.4375
bioinformatics-vep-acmg-calibration-drift,0.662,3,True,0.375
bioinformatics-vep-acmg-calibration-drift,4.0,2,True,1.0
bioinformatics-vep-acmg-calibration-drift,3.4,2,True,0.4375
bioinformatics-vep-acmg-calibration-drift,4.7,2,True,0.1875
bioinformatics-vep-acmg-calibration-drift,2.41,3,True,0.25
bioinformatics-vep-acmg-calibration-drift,0.932,3,True,0.5
bioinformatics-vep-acmg-calibration-drift,0.950,3,True,0.5625
bioinformatics-vep-acmg-calibration-drift,124,3,True,0.375
bioinformatics-vep-acmg-calibration-drift,33.5,3,True,0.0625
bioinformatics-vep-acmg-calibration-drift,0.990,3,True,0.6875
bioinformatics-vep-acmg-calibration-drift,0.994,3,True,0.375
bioinformatics-vep-acmg-calibration-drift,33.5,3,True,0.0625
bioinformatics-vep-acmg-calibration-drift,3.3,2,True,0.5625
bioinformatics-vep-acmg-calibration-drift,2.9,2,True,0.4375
bioinformatics-vep-acmg-calibration-drift,3.7,2,True,0.3125
bioinformatics-vep-acmg-calibration-drift,118,3,True,0.4375
bioinformatics-vep-acmg-calibration-drift,3.99,3,True,0.0625
bioinformatics-vep-acmg-calibration-drift,3.01,3,True,0.1875
bioinformatics-vep-acmg-calibration-drift,5.66,3,True,0.0625
bioinformatics-vep-acmg-calibration-drift,9.3,2,True,0.1875
bioinformatics-vep-acmg-calibration-drift,6.0,2,True,1.0
bioinformatics-vep-acmg-calibration-drift,17.8,3,True,0.3125
bioinformatics-vep-acmg-calibration-drift,1.84,3,True,0.3125
bioinformatics-vep-acmg-calibration-drift,1.39,3,True,0.625
bioinformatics-vep-acmg-calibration-drift,2.58,3,True,0.25
bioinformatics-vep-acmg-calibration-drift,6.3,2,True,0.1875
bioinformatics-vep-acmg-calibration-drift,4.6,2,True,0.25
bioinformatics-vep-acmg-calibration-drift,9.7,2,True,0.0625
bioinformatics-vep-acmg-calibration-drift,32.5,3,True,0.1875
bioinformatics-vep-acmg-calibration-drift,19.7,3,True,0.1875
bioinformatics-vep-acmg-calibration-drift,67.1,3,True,0.125
bioinformatics-vep-acmg-calibration-drift,5.7,2,True,0.25
bioinformatics-vep-acmg-calibration-drift,4.1,2,True,0.25
bioinformatics-vep-acmg-calibration-drift,9.0,2,True,0.9375
bioinformatics-vep-acmg-calibration-drift,7.9,2,True,0.25
bioinformatics-vep-acmg-calibration-drift,5.2,2,True,0.1875
bioinformatics-vep-acmg-calibration-drift,14.9,3,True,0.1875
bioinformatics-vep-acmg-calibration-drift,2.9,2,True,0.4375
bioinformatics-vep-acmg-calibration-drift,2.0,2,True,1.0
bioinformatics-vep-acmg-calibration-drift,4.3,2,True,0.25
bioinformatics-vep-acmg-calibration-drift,13.5,3,True,0.125
bioinformatics-vep-acmg-calibration-drift,8.4,2,True,0.1875
bioinformatics-vep-acmg-calibration-drift,29.1,3,True,0.1875
bioinformatics-vep-acmg-calibration-drift,12.5,3,True,0.1875
bioinformatics-vep-acmg-calibration-drift,8.5,2,True,0.25
bioinformatics-vep-acmg-calibration-drift,21.6,3,True,0.0625
bioinformatics-vep-acmg-calibration-drift,2.41,3,True,0.25
bioinformatics-vep-acmg-calibration-drift,5.79,3,True,0.125
bioinformatics-vep-acmg-calibration-drift,13.9,3,True,0.1875
bioinformatics-vep-acmg-calibration-drift,33.5,3,True,0.0625
bioinformatics-vep-acmg-calibration-drift,1.26,3,True,0.5
bioinformatics-vep-acmg-calibration-drift,0.95,2,True,0.8125
bioinformatics-vep-acmg-calibration-drift,1.77,3,True,0.25
bioinformatics-vep-acmg-calibration-drift,1.8,2,True,0.8125
bioinformatics-vep-acmg-calibration-drift,1.4,2,True,0.75
bioinformatics-vep-acmg-calibration-drift,2.5,2,True,0.625
bioinformatics-vep-acmg-calibration-drift,6.3,2,True,0.1875
bioinformatics-vep-acmg-calibration-drift,3.9,2,True,0.4375
bioinformatics-vep-acmg-calibration-drift,11.0,3,True,0.9375
bioinformatics-vep-acmg-calibration-drift,0.05,1,True,1.0
bioinformatics-vep-acmg-calibration-drift,0.02,1,True,0.8125
bioinformatics-vep-acmg-calibration-drift,7.1,2,True,0.25
bioinformatics-vep-acmg-calibration-drift,20.6,3,True,0.1875
bioinformatics-vep-acmg-calibration-drift,181,3,True,0.3125
bioinformatics-vep-acmg-calibration-drift,0.20,2,True,0.9375
bioinformatics-vep-acmg-calibration-drift,0.05,1,True,1.0
bioinformatics-vep-acmg-calibration-drift,6.4,2,True,0.3125
bioinformatics-vep-acmg-calibration-drift,19.4,3,True,0.125
bioinformatics-vep-acmg-calibration-drift,175,3,True,0.375
bioinformatics-vep-acmg-calibration-drift,0.18,2,True,0.875
bioinformatics-vep-acmg-calibration-drift,0.04,1,True,1.0
bioinformatics-vep-acmg-calibration-drift,3.3,2,True,0.5625
bioinformatics-vep-acmg-calibration-drift,9.4,2,True,0.3125
bioinformatics-vep-acmg-calibration-drift,0.08,1,True,0.9375
bioinformatics-vep-acmg-calibration-drift,0.03,1,True,1.0
bioinformatics-vep-acmg-calibration-drift,2.41,3,True,0.25
bioinformatics-vep-acmg-calibration-drift,5.79,3,True,0.125
bioinformatics-vep-acmg-calibration-drift,13.9,3,True,0.1875
bioinformatics-vep-acmg-calibration-drift,33.5,3,True,0.0625
bioinformatics-vep-acmg-calibration-drift,0.42,2,True,0.8125
bioinformatics-vep-acmg-calibration-drift,0.17,2,True,0.9375
bioinformatics-vep-acmg-calibration-drift,1.70,3,True,0.3125
bioinformatics-vep-acmg-calibration-drift,2.14,3,True,0.3125
bioinformatics-vep-acmg-calibration-drift,0.29,2,True,0.9375
bioinformatics-vep-acmg-calibration-drift,0.10,2,True,0.9375
bioinformatics-vep-acmg-calibration-drift,90%,1,True,0.9375
bioinformatics-vep-acmg-calibration-drift,135,3,True,0.5
bioinformatics-vep-acmg-calibration-drift,+1.15,3,True,0.4375
bioinformatics-vep-acmg-calibration-drift,+0.89,2,True,0.625
bioinformatics-vep-acmg-calibration-drift,+1.41,3,True,0.4375
bioinformatics-vep-acmg-calibration-drift,+0.41,2,True,0.8125
bioinformatics-vep-acmg-calibration-drift,+0.22,2,True,1.0
bioinformatics-vep-acmg-calibration-drift,+0.61,2,True,0.875
bioinformatics-vep-acmg-calibration-drift,+0.62,2,True,0.75
bioinformatics-vep-acmg-calibration-drift,+0.39,2,True,0.875
bioinformatics-vep-acmg-calibration-drift,+0.85,2,True,0.75
bioinformatics-vep-acmg-calibration-drift,0.85,2,True,0.75
bioinformatics-vep-acmg-calibration-drift,0.89,2,True,0.625
bioinformatics-vep-acmg-calibration-drift,0.879,3,True,0.375
bioinformatics-vep-acmg-calibration-drift,171,3,True,0.25
bioinformatics-vep-acmg-calibration-drift,225,3,True,0.3125
bioinformatics-vep-acmg-calibration-drift,"15,532",5,True,0.0
bioinformatics-vep-acmg-calibration-drift,"62,034",5,True,0.0
bioinformatics-vep-acmg-calibration-drift,54%,2,True,0.9375
bioinformatics-vep-acmg-calibration-drift,3.2,2,True,0.5
bioinformatics-vep-acmg-calibration-drift,1.3,2,True,0.75
bioinformatics-vep-acmg-calibration-drift,1.0,2,True,1.0
bioinformatics-vep-acmg-calibration-drift,1.7,2,True,0.625
bioinformatics-vep-acmg-calibration-drift,1.5,2,True,0.8125
bioinformatics-vep-acmg-calibration-drift,0.81,2,True,0.8125
bioinformatics-vep-acmg-calibration-drift,0.66,2,True,0.75
bioinformatics-vep-acmg-calibration-drift,0.99,2,True,0.75
bioinformatics-vep-acmg-calibration-drift,1.9,2,True,0.5625
bioinformatics-vep-acmg-calibration-drift,0.88,2,True,0.6875
bioinformatics-vep-acmg-calibration-drift,"98,906",5,True,0.0
bioinformatics-vep-acmg-calibration-drift,60%,1,True,1.0
bioinformatics-vep-acmg-calibration-drift,"59,178",5,True,0.0
bioinformatics-vep-acmg-calibration-drift,26%,2,True,1.0
bioinformatics-vep-acmg-calibration-drift,7%,1,True,1.0
bioinformatics-vep-acmg-calibration-drift,0.057,2,True,0.5625
bioinformatics-vep-acmg-calibration-drift,74%,2,True,1.0
bioinformatics-vep-acmg-calibration-drift,13.4,3,True,0.0625
bioinformatics-vep-acmg-calibration-drift,11.4,3,True,0.1875
bioinformatics-vep-acmg-calibration-drift,16.0,3,True,1.0
bioinformatics-vep-acmg-calibration-drift,13.9,3,True,0.1875
bioinformatics-vep-acmg-calibration-drift,38.2,3,True,0.0625
bioinformatics-vep-acmg-calibration-drift,32.0,3,True,0.875
bioinformatics-vep-acmg-calibration-drift,46.1,3,True,0.125
bioinformatics-vep-acmg-calibration-drift,33.5,3,True,0.0625
bioinformatics-vep-acmg-calibration-drift,1.73,3,True,0.5
bioinformatics-vep-acmg-calibration-drift,1.27,3,True,0.375
bioinformatics-vep-acmg-calibration-drift,2.36,3,True,0.25
bioinformatics-vep-acmg-calibration-drift,86%,2,True,0.8125
bioinformatics-vep-acmg-calibration-drift,100%,1,True,1.0
bioinformatics-vep-acmg-calibration-drift,3%,1,True,1.0
bioinformatics-vep-acmg-calibration-drift,0.3%,1,True,1.0
bioinformatics-vep-acmg-calibration-drift,16%,2,True,1.0
bioinformatics-vep-acmg-calibration-drift,10%,1,True,1.0
bioinformatics-vep-acmg-calibration-drift,106,3,True,0.4375
bioinformatics-vep-acmg-calibration-drift,104,3,True,0.375
bioinformatics-vep-acmg-calibration-drift,"159,531",5,False,0.0
bioinformatics-vep-acmg-calibration-drift,10%,1,True,1.0
bioinformatics-vep-acmg-calibration-drift,99.3%,3,True,0.5
cheminformatics-drug-discovery-cliff-noise-ceiling,"28,569",5,True,0.0
cheminformatics-drug-discovery-cliff-noise-ceiling,"28,569",5,True,0.0
cheminformatics-drug-discovery-cliff-noise-ceiling,99.8%,3,True,0.5
cheminformatics-drug-discovery-cliff-noise-ceiling,0.50,2,True,0.8125
cheminformatics-drug-discovery-cliff-noise-ceiling,0.37,2,True,0.8125
cheminformatics-drug-discovery-cliff-noise-ceiling,25%,2,True,1.0
cheminformatics-drug-discovery-cliff-noise-ceiling,0.8,1,True,1.0
cheminformatics-drug-discovery-cliff-noise-ceiling,74.8%,3,True,0.4375
cheminformatics-drug-discovery-cliff-noise-ceiling,69.6,3,True,0.125
cheminformatics-drug-discovery-cliff-noise-ceiling,79.0,3,True,0.4375
cheminformatics-drug-discovery-cliff-noise-ceiling,77%,2,True,0.875
cheminformatics-drug-discovery-cliff-noise-ceiling,71%,2,True,0.9375
cheminformatics-drug-discovery-cliff-noise-ceiling,100%,1,True,1.0
cheminformatics-drug-discovery-cliff-noise-ceiling,40%,1,True,0.9375
cheminformatics-drug-discovery-cliff-noise-ceiling,0.136,3,True,0.5
cheminformatics-drug-discovery-cliff-noise-ceiling,0.441,3,True,0.375
cheminformatics-drug-discovery-cliff-noise-ceiling,0.32,2,True,0.875
cheminformatics-drug-discovery-cliff-noise-ceiling,0.56,2,True,0.875
cheminformatics-drug-discovery-cliff-noise-ceiling,50%,1,True,1.0
cheminformatics-drug-discovery-cliff-noise-ceiling,115%,3,True,0.625
cheminformatics-drug-discovery-cliff-noise-ceiling,152,3,True,0.5625
cheminformatics-drug-discovery-cliff-noise-ceiling,171%,3,True,0.4375
cheminformatics-drug-discovery-cliff-noise-ceiling,137,3,True,0.3125
cheminformatics-drug-discovery-cliff-noise-ceiling,229,3,True,0.3125
cheminformatics-drug-discovery-cliff-noise-ceiling,104%,3,True,0.75
cheminformatics-drug-discovery-cliff-noise-ceiling,0.9,1,True,1.0
cheminformatics-drug-discovery-cliff-noise-ceiling,0.5,1,True,0.9375
cheminformatics-drug-discovery-cliff-noise-ceiling,0.6,1,True,1.0
cheminformatics-drug-discovery-cliff-noise-ceiling,615,3,True,0.1875
cheminformatics-drug-discovery-cliff-noise-ceiling,"3,657",4,True,0.0
cheminformatics-drug-discovery-cliff-noise-ceiling,99.8%,3,True,0.5
cheminformatics-drug-discovery-cliff-noise-ceiling,"127,827",5,False,0.0
cheminformatics-drug-discovery-cliff-noise-ceiling,"28,569",5,True,0.0
cheminformatics-drug-discovery-cliff-noise-ceiling,256,3,True,0.3125
cheminformatics-drug-discovery-cliff-noise-ceiling,99.7%,3,True,0.5
cheminformatics-drug-discovery-cliff-noise-ceiling,49.6%,3,True,0.25
cheminformatics-drug-discovery-cliff-noise-ceiling,68.9%,3,True,0.25
cheminformatics-drug-discovery-cliff-noise-ceiling,90%,1,True,0.9375
cheminformatics-drug-discovery-cliff-noise-ceiling,0.503,3,True,0.375
cheminformatics-drug-discovery-cliff-noise-ceiling,"2,155",4,True,0.0
cheminformatics-drug-discovery-cliff-noise-ceiling,80%,1,True,1.0
cheminformatics-drug-discovery-cliff-noise-ceiling,88%,2,True,0.75
cheminformatics-drug-discovery-cliff-noise-ceiling,0.367,3,True,0.3125
cheminformatics-drug-discovery-cliff-noise-ceiling,365,3,True,0.25
cheminformatics-drug-discovery-cliff-noise-ceiling,69%,2,True,0.875
cheminformatics-drug-discovery-cliff-noise-ceiling,79%,2,True,1.0
cheminformatics-drug-discovery-cliff-noise-ceiling,95%,2,True,1.0
cheminformatics-drug-discovery-cliff-noise-ceiling,96%,2,True,0.8125
cheminformatics-drug-discovery-cliff-noise-ceiling,69%,2,True,0.875
cheminformatics-drug-discovery-cliff-noise-ceiling,79%,2,True,1.0
cheminformatics-drug-discovery-cliff-noise-ceiling,90%,1,True,0.9375
cheminformatics-drug-discovery-cliff-noise-ceiling,17.8%,3,True,0.5625
cheminformatics-drug-discovery-cliff-noise-ceiling,0.3,1,True,1.0
cheminformatics-drug-discovery-cliff-noise-ceiling,77.1%,3,True,0.3125
cheminformatics-drug-discovery-cliff-noise-ceiling,15.8%,3,True,0.625
cheminformatics-drug-discovery-cliff-noise-ceiling,71.4%,3,True,0.5625
cheminformatics-drug-discovery-cliff-noise-ceiling,100%,1,True,1.0
cheminformatics-drug-discovery-cliff-noise-ceiling,100%,1,True,1.0
cheminformatics-drug-discovery-cliff-noise-ceiling,0.74,2,True,0.8125
cheminformatics-drug-discovery-cliff-noise-ceiling,"1,287",4,True,0.0625
cheminformatics-drug-discovery-cliff-noise-ceiling,824,3,True,0.1875
cheminformatics-drug-discovery-cliff-noise-ceiling,1.45,3,True,0.4375
cheminformatics-drug-discovery-cliff-noise-ceiling,0.7,1,True,0.9375
cheminformatics-drug-discovery-cliff-noise-ceiling,0.67,2,True,0.875
cheminformatics-drug-discovery-cliff-noise-ceiling,0.91,2,True,0.8125
cheminformatics-drug-discovery-cliff-noise-ceiling,0.81,2,True,0.8125
cheminformatics-drug-discovery-cliff-noise-ceiling,135,3,True,0.5
cheminformatics-drug-discovery-cliff-noise-ceiling,0.244,3,True,0.3125
cheminformatics-drug-discovery-cliff-noise-ceiling,171%,3,True,0.4375
cheminformatics-drug-discovery-cliff-noise-ceiling,137,3,True,0.3125
cheminformatics-drug-discovery-cliff-noise-ceiling,229,3,True,0.3125
cheminformatics-drug-discovery-cliff-noise-ceiling,1.03,3,True,0.625
cheminformatics-drug-discovery-cliff-noise-ceiling,166,3,True,0.3125
cheminformatics-drug-discovery-cliff-noise-ceiling,0.2,1,True,1.0
cheminformatics-drug-discovery-cliff-noise-ceiling,0.137,3,True,0.75
cheminformatics-drug-discovery-cliff-noise-ceiling,96%,2,True,0.8125
cheminformatics-drug-discovery-cliff-noise-ceiling,0.60,2,True,0.8125
cheminformatics-drug-discovery-cliff-noise-ceiling,0.3,1,True,1.0
cheminformatics-drug-discovery-cliff-noise-ceiling,0.148,3,True,0.625
cheminformatics-drug-discovery-cliff-noise-ceiling,104%,3,True,0.75
cheminformatics-drug-discovery-cliff-noise-ceiling,0.67,2,True,0.875
cheminformatics-drug-discovery-cliff-noise-ceiling,0.39,2,True,0.875
cheminformatics-drug-discovery-cliff-noise-ceiling,0.64,2,True,0.75
cheminformatics-drug-discovery-cliff-noise-ceiling,0.69,2,True,0.8125
cheminformatics-drug-discovery-cliff-noise-ceiling,−0.002,1,True,0.6875
cheminformatics-drug-discovery-cliff-noise-ceiling,−1.22,3,True,0.375
cheminformatics-drug-discovery-cliff-noise-ceiling,−2.23,3,True,0.25
cheminformatics-drug-discovery-cliff-noise-ceiling,−0.24,2,True,0.8125
cheminformatics-drug-discovery-cliff-noise-ceiling,0.32,2,True,0.875
cheminformatics-drug-discovery-cliff-noise-ceiling,0.56,2,True,0.875
cheminformatics-drug-discovery-cliff-noise-ceiling,0.44,2,True,0.8125
cheminformatics-drug-discovery-cliff-noise-ceiling,0.091,2,True,0.5625
cheminformatics-drug-discovery-cliff-noise-ceiling,0.5,1,True,0.9375
cheminformatics-drug-discovery-cliff-noise-ceiling,1.5,2,True,0.8125
cheminformatics-drug-discovery-cliff-noise-ceiling,0.3,1,True,1.0
cheminformatics-drug-discovery-cliff-noise-ceiling,77%,2,True,0.875
cheminformatics-drug-discovery-cliff-noise-ceiling,69%,2,True,0.875
cheminformatics-drug-discovery-cliff-noise-ceiling,79%,2,True,1.0
cheminformatics-drug-discovery-cliff-noise-ceiling,9%,1,True,1.0
climate-earth-ai-humid-heat-attribution,150,2,False,0.5
climate-earth-ai-humid-heat-attribution,1.5,2,True,0.8125
climate-earth-ai-humid-heat-attribution,55%,2,True,0.8125
climate-earth-ai-humid-heat-attribution,1.75,3,True,0.1875
climate-earth-ai-humid-heat-attribution,50%,1,True,1.0
climate-earth-ai-humid-heat-attribution,1850,3,True,0.0625
climate-earth-ai-humid-heat-attribution,234,3,True,0.375
climate-earth-ai-humid-heat-attribution,0.5,1,True,0.9375
climate-earth-ai-humid-heat-attribution,1.5,2,True,0.8125
climate-earth-ai-humid-heat-attribution,1.21,3,True,0.5
climate-earth-ai-humid-heat-attribution,1.06,3,True,0.5625
climate-earth-ai-humid-heat-attribution,1.38,3,True,0.375
climate-earth-ai-humid-heat-attribution,1.05,3,True,0.5
climate-earth-ai-humid-heat-attribution,0.85,2,True,0.75
climate-earth-ai-humid-heat-attribution,1.22,3,True,0.375
climate-earth-ai-humid-heat-attribution,1.25,3,True,0.5625
climate-earth-ai-humid-heat-attribution,1.07,3,True,0.625
climate-earth-ai-humid-heat-attribution,1.49,3,True,0.375
climate-earth-ai-humid-heat-attribution,1.32,3,True,0.4375
climate-earth-ai-humid-heat-attribution,1.01,3,True,0.5625
climate-earth-ai-humid-heat-attribution,1.66,3,True,0.1875
climate-earth-ai-humid-heat-attribution,1.40,3,True,0.5625
climate-earth-ai-humid-heat-attribution,1.05,3,True,0.5
climate-earth-ai-humid-heat-attribution,1.76,3,True,0.3125
climate-earth-ai-humid-heat-attribution,4.37,3,True,0.1875
climate-earth-ai-humid-heat-attribution,0.5,1,True,0.9375
climate-earth-ai-humid-heat-attribution,+1.52,3,True,0.375
climate-earth-ai-humid-heat-attribution,+0.83,2,True,0.8125
climate-earth-ai-humid-heat-attribution,−1.49,3,True,0.375
climate-earth-ai-humid-heat-attribution,0.01,1,True,1.0
climate-earth-ai-humid-heat-attribution,0.99,2,True,0.75
climate-earth-ai-humid-heat-attribution,0.63,2,True,0.8125
climate-earth-ai-humid-heat-attribution,1.68,3,True,0.25
climate-earth-ai-humid-heat-attribution,0.80,2,True,0.875
climate-earth-ai-humid-heat-attribution,−1.75,3,True,0.1875
climate-earth-ai-humid-heat-attribution,1.5,2,True,0.8125
climate-earth-ai-humid-heat-attribution,5%,1,True,1.0
climate-earth-ai-humid-heat-attribution,30%,1,True,1.0
climate-earth-ai-humid-heat-attribution,55%,2,True,0.8125
climate-earth-ai-humid-heat-attribution,0.25,2,True,0.875
climate-earth-ai-humid-heat-attribution,33.8,3,True,0.1875
climate-earth-ai-humid-heat-attribution,33.2,3,True,0.0625
climate-earth-ai-humid-heat-attribution,32.9,3,True,0.1875
climate-earth-ai-humid-heat-attribution,31.8,3,True,0.125
climate-earth-ai-humid-heat-attribution,30.2,3,True,0.125
climate-earth-ai-humid-heat-attribution,29.3,3,True,0.125
climate-earth-ai-humid-heat-attribution,22.3,3,True,0.1875
climate-earth-ai-humid-heat-attribution,76.7,3,True,0.1875
climate-earth-ai-humid-heat-attribution,29.4,3,True,0.125
climate-earth-ai-humid-heat-attribution,21.7,3,True,0.1875
climate-earth-ai-humid-heat-attribution,1.17,3,True,0.5625
climate-earth-ai-humid-heat-attribution,1.5,2,True,0.8125
climate-earth-ai-humid-heat-attribution,2.3,2,True,0.625
climate-earth-ai-humid-heat-attribution,1.5,2,True,0.8125
climate-earth-ai-humid-heat-attribution,2.2,2,True,0.75
climate-earth-ai-humid-heat-attribution,4.0,2,True,1.0
climate-earth-ai-humid-heat-attribution,0.4,1,True,0.9375
climate-earth-ai-humid-heat-attribution,1850,3,True,0.0625
climate-earth-ai-humid-heat-attribution,17%,2,True,0.9375
climate-earth-ai-humid-heat-attribution,850,2,True,0.125
climate-earth-ai-humid-heat-attribution,925,3,True,0.0
climate-earth-ai-humid-heat-attribution,1%,1,True,1.0
climate-earth-ai-humid-heat-attribution,8%,1,True,1.0
climate-earth-ai-humid-heat-attribution,4.37,3,True,0.1875
climate-earth-ai-humid-heat-attribution,0.21,2,True,0.9375
climate-earth-ai-humid-heat-attribution,0.93,2,True,0.8125
climate-earth-ai-humid-heat-attribution,0.02,1,True,0.8125
climate-earth-ai-humid-heat-attribution,0.5,1,True,0.9375
climate-earth-ai-humid-heat-attribution,4.5,2,True,0.4375
climate-earth-ai-humid-heat-attribution,1.0,2,True,1.0
climate-earth-ai-humid-heat-attribution,2.6,2,True,0.5625
climate-earth-ai-humid-heat-attribution,1.75,3,True,0.1875
climate-earth-ai-humid-heat-attribution,−0.3,1,True,1.0
climate-earth-ai-humid-heat-attribution,1.05,3,True,0.5
climate-earth-ai-humid-heat-attribution,1.31,3,True,0.4375
climate-earth-ai-humid-heat-attribution,1.25,3,True,0.5625
climate-earth-ai-humid-heat-attribution,1.07,3,True,0.625
climate-earth-ai-humid-heat-attribution,1.49,3,True,0.375
climate-earth-ai-humid-heat-attribution,1.07,3,True,0.625
climate-earth-ai-humid-heat-attribution,1.41,3,True,0.4375
climate-earth-ai-humid-heat-attribution,1.32,3,True,0.4375
climate-earth-ai-humid-heat-attribution,1.01,3,True,0.5625
climate-earth-ai-humid-heat-attribution,1.66,3,True,0.1875
climate-earth-ai-humid-heat-attribution,1.21,3,True,0.5
climate-earth-ai-humid-heat-attribution,1.06,3,True,0.5625
climate-earth-ai-humid-heat-attribution,1.38,3,True,0.375
climate-earth-ai-humid-heat-attribution,1.5,2,True,0.8125
climate-earth-ai-humid-heat-attribution,1.40,3,True,0.5625
climate-earth-ai-humid-heat-attribution,1.05,3,True,0.5
climate-earth-ai-humid-heat-attribution,1.76,3,True,0.3125
climate-earth-ai-humid-heat-attribution,1.55,3,True,0.375
climate-earth-ai-humid-heat-attribution,1.30,3,True,0.625
climate-earth-ai-humid-heat-attribution,1.84,3,True,0.3125
climate-earth-ai-humid-heat-attribution,1.16,3,True,0.5625
climate-earth-ai-humid-heat-attribution,1.27,3,True,0.375
climate-earth-ai-humid-heat-attribution,0.01,1,True,1.0
climate-earth-ai-humid-heat-attribution,+0.5,1,True,0.9375
climate-earth-ai-humid-heat-attribution,+2.6,2,True,0.5625
climate-earth-ai-humid-heat-attribution,0.80,2,True,0.875
climate-earth-ai-humid-heat-attribution,0.55,2,True,0.6875
climate-earth-ai-humid-heat-attribution,1.25,3,True,0.5625
climate-earth-ai-humid-heat-attribution,0.99,2,True,0.75
climate-earth-ai-humid-heat-attribution,0.8,1,True,1.0
climate-earth-ai-humid-heat-attribution,2.3,2,True,0.625
climate-earth-ai-humid-heat-attribution,0.8,1,True,1.0
climate-earth-ai-humid-heat-attribution,1.4,2,True,0.75
climate-earth-ai-humid-heat-attribution,99.5%,3,True,0.5
climate-earth-ai-humid-heat-attribution,1.5,2,True,0.8125
climate-earth-ai-humid-heat-attribution,1850,3,True,0.0625
climate-earth-ai-humid-heat-attribution,5%,1,True,1.0
climate-earth-ai-humid-heat-attribution,32%,2,True,1.0
climate-earth-ai-humid-heat-attribution,55%,2,True,0.8125
climate-earth-ai-humid-heat-attribution,50%,1,True,1.0
climate-earth-ai-humid-heat-attribution,1.75,3,True,0.1875
climate-earth-record-margin-obs,1.8,2,True,0.8125
climate-earth-record-margin-obs,20%,1,True,1.0
climate-earth-record-margin-obs,270,2,True,0.5
climate-earth-record-margin-obs,69%,2,True,0.875
climate-earth-record-margin-obs,25%,2,True,1.0
climate-earth-record-margin-obs,83%,2,True,0.9375
climate-earth-record-margin-obs,100%,1,True,1.0
climate-earth-record-margin-obs,95%,2,True,1.0
climate-earth-record-margin-obs,1.19,3,True,0.5625
climate-earth-record-margin-obs,0.64,2,True,0.75
climate-earth-record-margin-obs,1.98,3,True,0.3125
climate-earth-record-margin-obs,1.38,3,True,0.375
climate-earth-record-margin-obs,0.60,2,True,0.8125
climate-earth-record-margin-obs,2.53,3,True,0.1875
climate-earth-record-margin-obs,1.92,3,True,0.125
climate-earth-record-margin-obs,1.00,3,True,1.0
climate-earth-record-margin-obs,3.15,3,True,0.1875
climate-earth-record-margin-obs,1.78,3,True,0.1875
climate-earth-record-margin-obs,1.17,3,True,0.5625
climate-earth-record-margin-obs,2.48,3,True,0.25
climate-earth-record-margin-obs,0.80,2,True,0.875
climate-earth-record-margin-obs,0.45,2,True,0.875
climate-earth-record-margin-obs,1.34,3,True,0.375
climate-earth-record-margin-obs,0.80,2,True,0.875
climate-earth-record-margin-obs,0.59,2,True,0.75
climate-earth-record-margin-obs,1.02,3,True,0.5625
climate-earth-record-margin-obs,+0.002,1,True,0.6875
climate-earth-record-margin-obs,−0.041,2,True,0.625
climate-earth-record-margin-obs,+0.036,2,True,0.6875
climate-earth-record-margin-obs,0.77,2,True,0.8125
climate-earth-record-margin-obs,0.37,2,True,0.8125
climate-earth-record-margin-obs,1.63,3,True,0.375
climate-earth-record-margin-obs,20%,1,True,1.0
climate-earth-record-margin-obs,1.67,3,True,0.375
climate-earth-record-margin-obs,1.27,3,True,0.375
climate-earth-record-margin-obs,2.20,3,True,0.5
climate-earth-record-margin-obs,300,1,True,0.3125
climate-earth-record-margin-obs,350%,2,True,0.625
climate-earth-record-margin-obs,"4,020",3,False,0.0
climate-earth-record-margin-obs,90%,1,True,0.9375
climate-earth-record-margin-obs,80%,1,True,1.0
climate-earth-record-margin-obs,0.015,2,True,0.625
climate-earth-record-margin-obs,270,2,True,0.5
climate-earth-record-margin-obs,"1,394",4,True,0.0
climate-earth-record-margin-obs,159,3,False,0.4375
climate-earth-record-margin-obs,148,3,False,0.4375
climate-earth-record-margin-obs,1.23,3,True,0.5
climate-earth-record-margin-obs,1.27,3,True,0.375
climate-earth-record-margin-obs,0.91,2,True,0.8125
climate-earth-record-margin-obs,1.16,3,True,0.5625
climate-earth-record-margin-obs,0.99,2,True,0.75
climate-earth-record-margin-obs,0.96,2,True,0.75
climate-earth-record-margin-obs,1.02,3,True,0.5625
climate-earth-record-margin-obs,1.02,3,True,0.5625
climate-earth-record-margin-obs,0.93,2,True,0.8125
climate-earth-record-margin-obs,1.12,3,True,0.5
climate-earth-record-margin-obs,0.99,2,True,0.75
climate-earth-record-margin-obs,0.97,2,True,0.8125
climate-earth-record-margin-obs,1.01,3,True,0.5625
climate-earth-record-margin-obs,0.98,2,True,0.875
climate-earth-record-margin-obs,0.92,2,True,0.875
climate-earth-record-margin-obs,1.05,3,True,0.5
climate-earth-record-margin-obs,1.05,3,True,0.5
climate-earth-record-margin-obs,1.02,3,True,0.5625
climate-earth-record-margin-obs,1.08,3,True,0.625
climate-earth-record-margin-obs,1.03,3,True,0.625
climate-earth-record-margin-obs,0.97,2,True,0.8125
climate-earth-record-margin-obs,1.11,3,True,0.6875
climate-earth-record-margin-obs,0.80,2,True,0.875
climate-earth-record-margin-obs,0.45,2,True,0.875
climate-earth-record-margin-obs,1.34,3,True,0.375
climate-earth-record-margin-obs,3.65%,3,True,0.4375
climate-earth-record-margin-obs,3.28%,3,True,0.4375
climate-earth-record-margin-obs,4.55%,3,True,0.4375
climate-earth-record-margin-obs,1.11,3,True,0.6875
climate-earth-record-margin-obs,0.80,2,True,0.875
climate-earth-record-margin-obs,1.46,3,True,0.375
climate-earth-record-margin-obs,0.80,2,True,0.875
climate-earth-record-margin-obs,0.59,2,True,0.75
climate-earth-record-margin-obs,1.02,3,True,0.5625
climate-earth-record-margin-obs,0.07%,1,True,0.875
climate-earth-record-margin-obs,0.04%,1,True,1.0
climate-earth-record-margin-obs,0.07%,1,True,0.875
climate-earth-record-margin-obs,1.49,3,True,0.375
climate-earth-record-margin-obs,0.30,2,True,0.9375
climate-earth-record-margin-obs,4.17,3,True,0.0625
climate-earth-record-margin-obs,0.98,2,True,0.875
climate-earth-record-margin-obs,0.20,2,True,0.9375
climate-earth-record-margin-obs,2.65,3,True,0.25
climate-earth-record-margin-obs,0.63%,2,True,0.9375
climate-earth-record-margin-obs,0.45%,2,True,0.9375
climate-earth-record-margin-obs,0.69%,2,True,0.9375
climate-earth-record-margin-obs,1.38,3,True,0.375
climate-earth-record-margin-obs,0.60,2,True,0.8125
climate-earth-record-margin-obs,2.53,3,True,0.1875
climate-earth-record-margin-obs,0.91,2,True,0.8125
climate-earth-record-margin-obs,0.40,2,True,0.8125
climate-earth-record-margin-obs,1.59,3,True,0.3125
climate-earth-record-margin-obs,0.57%,2,True,0.9375
climate-earth-record-margin-obs,0.49%,2,True,0.9375
climate-earth-record-margin-obs,0.63%,2,True,0.9375
climate-earth-record-margin-obs,1.16,3,True,0.5625
climate-earth-record-margin-obs,0.46,2,True,0.75
climate-earth-record-margin-obs,2.14,3,True,0.3125
climate-earth-record-margin-obs,0.91,2,True,0.8125
climate-earth-record-margin-obs,0.37,2,True,0.8125
climate-earth-record-margin-obs,1.65,3,True,0.375
climate-earth-record-margin-obs,0.78%,2,True,0.875
climate-earth-record-margin-obs,0.40%,2,True,0.875
climate-earth-record-margin-obs,1.03%,3,True,0.8125
climate-earth-record-margin-obs,1.92,3,True,0.125
climate-earth-record-margin-obs,1.00,3,True,1.0
climate-earth-record-margin-obs,3.15,3,True,0.1875
climate-earth-record-margin-obs,0.75,2,True,0.875
climate-earth-record-margin-obs,0.40,2,True,0.8125
climate-earth-record-margin-obs,1.22,3,True,0.375
climate-earth-record-margin-obs,5.80%,3,True,0.3125
climate-earth-record-margin-obs,3.26%,3,True,0.625
climate-earth-record-margin-obs,6.36%,3,True,0.25
climate-earth-record-margin-obs,1.78,3,True,0.1875
climate-earth-record-margin-obs,1.17,3,True,0.5625
climate-earth-record-margin-obs,2.48,3,True,0.25
climate-earth-record-margin-obs,0.91,2,True,0.8125
climate-earth-record-margin-obs,0.60,2,True,0.8125
climate-earth-record-margin-obs,1.26,3,True,0.5
climate-earth-record-margin-obs,0.48%,2,True,0.8125
climate-earth-record-margin-obs,0.51%,2,True,0.8125
climate-earth-record-margin-obs,0.57%,2,True,0.9375
climate-earth-record-margin-obs,0.93,2,True,0.8125
climate-earth-record-margin-obs,0.34,2,True,0.875
climate-earth-record-margin-obs,2.01,3,True,0.3125
climate-earth-record-margin-obs,0.84,2,True,0.75
climate-earth-record-margin-obs,0.31,2,True,0.9375
climate-earth-record-margin-obs,1.75,3,True,0.1875
climate-earth-record-margin-obs,2.69%,3,True,0.4375
climate-earth-record-margin-obs,3.29%,3,True,0.5
climate-earth-record-margin-obs,3.75%,3,True,0.25
climate-earth-record-margin-obs,0.82,2,True,0.8125
climate-earth-record-margin-obs,0.47,2,True,0.625
climate-earth-record-margin-obs,1.23,3,True,0.5
climate-earth-record-margin-obs,0.72,2,True,0.875
climate-earth-record-margin-obs,0.41,2,True,0.8125
climate-earth-record-margin-obs,1.07,3,True,0.625
climate-earth-record-margin-obs,4.5,2,True,0.4375
climate-earth-record-margin-obs,1.78,3,True,0.1875
climate-earth-record-margin-obs,1.17,3,True,0.5625
climate-earth-record-margin-obs,2.48,3,True,0.25
climate-earth-record-margin-obs,1.06,3,True,0.5625
climate-earth-record-margin-obs,1.92,3,True,0.125
climate-earth-record-margin-obs,1.00,3,True,1.0
climate-earth-record-margin-obs,0.47,2,True,0.625
climate-earth-record-margin-obs,−0.01,1,True,1.0
climate-earth-record-margin-obs,1.19,3,True,0.5625
climate-earth-record-margin-obs,1.38,3,True,0.375
climate-earth-record-margin-obs,1.16,3,True,0.5625
climate-earth-record-margin-obs,1.1,2,True,0.875
climate-earth-record-margin-obs,20%,1,True,1.0
climate-earth-record-margin-obs,0.80,2,True,0.875
climate-earth-record-margin-obs,0.59,2,True,0.75
climate-earth-record-margin-obs,1.02,3,True,0.5625
climate-earth-record-margin-obs,0.77,2,True,0.8125
climate-earth-record-margin-obs,0.57,2,True,0.75
climate-earth-record-margin-obs,0.98,2,True,0.875
climate-earth-record-margin-obs,4.5,2,True,0.4375
climate-earth-record-margin-obs,1.67,3,True,0.375
climate-earth-record-margin-obs,1.27,3,True,0.375
climate-earth-record-margin-obs,2.20,3,True,0.5
climate-earth-record-margin-obs,1.02,3,True,0.5625
climate-earth-record-margin-obs,0.82,2,True,0.8125
climate-earth-record-margin-obs,1.26,3,True,0.5
climate-earth-record-margin-obs,0.91,2,True,0.8125
climate-earth-record-margin-obs,0.60,2,True,0.8125
climate-earth-record-margin-obs,1.26,3,True,0.5
climate-earth-record-margin-obs,28%,2,True,0.9375
climate-earth-record-margin-obs,13%,2,True,1.0
climate-earth-record-margin-obs,0.67,2,True,0.875
climate-earth-record-margin-obs,0.89,2,True,0.625
climate-earth-record-margin-obs,+0.002,1,True,0.6875
climate-earth-record-margin-obs,−0.041,2,True,0.625
climate-earth-record-margin-obs,+0.036,2,True,0.6875
climate-earth-record-margin-obs,0.04,1,True,1.0
climate-earth-record-margin-obs,0.003,1,True,0.75
climate-earth-record-margin-obs,+0.010,2,True,0.8125
climate-earth-record-margin-obs,0.007,1,True,0.8125
climate-earth-record-margin-obs,0.014,2,True,0.6875
climate-earth-record-margin-obs,1.00,3,True,1.0
climate-earth-record-margin-obs,0.63,2,True,0.8125
climate-earth-record-margin-obs,1.51,3,True,0.4375
climate-earth-record-margin-obs,+0.78,2,True,0.8125
climate-earth-record-margin-obs,+0.24,2,True,0.8125
climate-earth-record-margin-obs,1.27,3,True,0.375
climate-earth-record-margin-obs,0.79,2,True,0.875
climate-earth-record-margin-obs,0.79,2,True,0.875
climate-earth-record-margin-obs,0.77,2,True,0.8125
climate-earth-record-margin-obs,0.57,2,True,0.75
climate-earth-record-margin-obs,0.98,2,True,0.875
climate-earth-record-margin-obs,1.77,3,True,0.25
climate-earth-record-margin-obs,1.16,3,True,0.5625
climate-earth-record-margin-obs,2.46,3,True,0.1875
climate-earth-record-margin-obs,1.8,2,True,0.8125
climate-earth-record-margin-obs,25%,2,True,1.0
climate-earth-record-margin-obs,1.6,2,True,0.6875
climate-earth-record-margin-obs,3.6,2,False,0.375
climate-earth-record-margin-obs,69%,2,True,0.875
climate-earth-record-margin-obs,−0.01,1,True,1.0
climate-earth-record-margin-obs,0.47,2,True,0.625
climate-earth-record-margin-obs,0.13,2,True,1.0
climate-earth-record-margin-obs,0.31,2,True,0.9375
climate-earth-record-margin-obs,4.2,2,True,0.3125
climate-earth-record-margin-obs,100%,1,True,1.0
climate-earth-record-margin-obs,4.5,2,True,0.4375
climate-earth-record-margin-obs,0.50,2,True,0.8125
climate-earth-record-margin-obs,4.3,2,False,0.3125
climate-earth-record-margin-obs,4.5,2,True,0.4375
comp-social-science-temp-accounts-vandalism,28%,2,True,0.9375
comp-social-science-temp-accounts-vandalism,20%,1,True,1.0
comp-social-science-temp-accounts-vandalism,35.4,3,True,0.125
comp-social-science-temp-accounts-vandalism,184,3,False,0.3125
comp-social-science-temp-accounts-vandalism,95%,2,True,1.0
comp-social-science-temp-accounts-vandalism,+10%,1,True,1.0
comp-social-science-temp-accounts-vandalism,+2.0,2,True,1.0
comp-social-science-temp-accounts-vandalism,−2.9,2,True,0.4375
comp-social-science-temp-accounts-vandalism,+5.3,2,True,0.25
comp-social-science-temp-accounts-vandalism,+7.2%,2,True,0.75
comp-social-science-temp-accounts-vandalism,−10.3%,3,True,0.625
comp-social-science-temp-accounts-vandalism,+18.9%,3,True,0.375
comp-social-science-temp-accounts-vandalism,+2.7,2,True,0.5
comp-social-science-temp-accounts-vandalism,−0.2,1,True,1.0
comp-social-science-temp-accounts-vandalism,+5.7,2,True,0.25
comp-social-science-temp-accounts-vandalism,+9.4%,2,True,0.625
comp-social-science-temp-accounts-vandalism,+0.04,1,True,1.0
comp-social-science-temp-accounts-vandalism,−4.8,2,True,0.5
comp-social-science-temp-accounts-vandalism,+3.0,2,True,1.0
comp-social-science-temp-accounts-vandalism,+0.1%,1,True,1.0
comp-social-science-temp-accounts-vandalism,−17.8%,3,True,0.5625
comp-social-science-temp-accounts-vandalism,+11.0%,3,True,1.0
comp-social-science-temp-accounts-vandalism,−0.28,2,True,0.875
comp-social-science-temp-accounts-vandalism,−0.73,2,True,0.75
comp-social-science-temp-accounts-vandalism,+0.16,2,True,0.9375
comp-social-science-temp-accounts-vandalism,−10.9%,3,True,0.6875
comp-social-science-temp-accounts-vandalism,−27.9%,3,True,0.5625
comp-social-science-temp-accounts-vandalism,+6.4%,2,True,0.6875
comp-social-science-temp-accounts-vandalism,−3.0%,2,True,1.0
comp-social-science-temp-accounts-vandalism,−9.3%,2,True,0.75
comp-social-science-temp-accounts-vandalism,+7.3%,2,True,0.625
comp-social-science-temp-accounts-vandalism,+10.6%,3,True,0.6875
comp-social-science-temp-accounts-vandalism,+1.3%,2,True,0.875
comp-social-science-temp-accounts-vandalism,+20.7%,3,True,0.5625
comp-social-science-temp-accounts-vandalism,+2.1%,2,True,1.0
comp-social-science-temp-accounts-vandalism,+9.9%,2,True,0.5625
comp-social-science-temp-accounts-vandalism,+1.3,2,True,0.75
comp-social-science-temp-accounts-vandalism,−1.2,2,False,0.875
comp-social-science-temp-accounts-vandalism,+4.1,2,False,0.3125
comp-social-science-temp-accounts-vandalism,20%,1,True,1.0
comp-social-science-temp-accounts-vandalism,128,3,True,0.4375
comp-social-science-temp-accounts-vandalism,"608,902",5,False,0.0
comp-social-science-temp-accounts-vandalism,"608,878",5,False,0.0
comp-social-science-temp-accounts-vandalism,6.8,2,True,0.1875
comp-social-science-temp-accounts-vandalism,"17,000",2,False,0.0625
comp-social-science-temp-accounts-vandalism,1%,1,True,1.0
comp-social-science-temp-accounts-vandalism,100%,1,True,1.0
comp-social-science-temp-accounts-vandalism,27.7%,3,True,0.5625
comp-social-science-temp-accounts-vandalism,2.6%,2,True,0.875
comp-social-science-temp-accounts-vandalism,+2.0,2,True,1.0
comp-social-science-temp-accounts-vandalism,−2.9,2,True,0.4375
comp-social-science-temp-accounts-vandalism,+5.3,2,True,0.25
comp-social-science-temp-accounts-vandalism,+7.2%,2,True,0.75
comp-social-science-temp-accounts-vandalism,−10.3%,3,True,0.625
comp-social-science-temp-accounts-vandalism,+18.9%,3,True,0.375
comp-social-science-temp-accounts-vandalism,−2.3,2,True,0.625
comp-social-science-temp-accounts-vandalism,+2.2,2,True,0.75
comp-social-science-temp-accounts-vandalism,+3.5,2,True,0.75
comp-social-science-temp-accounts-vandalism,+2.1,2,True,0.8125
comp-social-science-temp-accounts-vandalism,+9.4%,2,True,0.625
comp-social-science-temp-accounts-vandalism,−0.06,1,True,1.0
comp-social-science-temp-accounts-vandalism,+2.0,2,True,1.0
comp-social-science-temp-accounts-vandalism,+0.1%,1,True,1.0
comp-social-science-temp-accounts-vandalism,−17.8%,3,True,0.5625
comp-social-science-temp-accounts-vandalism,+11.0%,3,True,1.0
comp-social-science-temp-accounts-vandalism,0.001,1,True,0.875
comp-social-science-temp-accounts-vandalism,96%,2,True,0.8125
comp-social-science-temp-accounts-vandalism,5%,1,True,1.0
comp-social-science-temp-accounts-vandalism,13%,2,True,1.0
comp-social-science-temp-accounts-vandalism,5%,1,True,1.0
comp-social-science-temp-accounts-vandalism,0.21,2,True,0.9375
comp-social-science-temp-accounts-vandalism,+6.8%,2,True,0.5625
comp-social-science-temp-accounts-vandalism,+7.0%,2,True,1.0
comp-social-science-temp-accounts-vandalism,−8.7%,2,True,0.5
comp-social-science-temp-accounts-vandalism,+20.6%,3,True,0.4375
comp-social-science-temp-accounts-vandalism,+8.0%,2,True,1.0
comp-social-science-temp-accounts-vandalism,+5.2%,2,True,0.75
comp-social-science-temp-accounts-vandalism,+9.9%,2,True,0.5625
comp-social-science-temp-accounts-vandalism,+2.1%,2,True,1.0
comp-social-science-temp-accounts-vandalism,+1.3,2,True,0.75
comp-social-science-temp-accounts-vandalism,−1.2,2,False,0.875
comp-social-science-temp-accounts-vandalism,+4.1,2,False,0.3125
comp-social-science-temp-accounts-vandalism,10%,1,True,1.0
comp-social-science-temp-accounts-vandalism,10%,1,True,1.0
comp-social-science-temp-accounts-vandalism,47%,2,True,0.9375
comp-social-science-temp-accounts-vandalism,+2.1%,2,True,1.0
comp-social-science-temp-accounts-vandalism,−0.28,2,True,0.875
comp-social-science-temp-accounts-vandalism,−0.73,2,True,0.75
comp-social-science-temp-accounts-vandalism,+0.16,2,True,0.9375
comp-social-science-temp-accounts-vandalism,−10.9%,3,True,0.6875
comp-social-science-temp-accounts-vandalism,−27.9%,3,True,0.5625
comp-social-science-temp-accounts-vandalism,+6.4%,2,True,0.6875
comp-social-science-temp-accounts-vandalism,−3.0%,2,True,1.0
comp-social-science-temp-accounts-vandalism,−9.3%,2,True,0.75
comp-social-science-temp-accounts-vandalism,+7.3%,2,True,0.625
comp-social-science-temp-accounts-vandalism,+10.6%,3,True,0.6875
comp-social-science-temp-accounts-vandalism,+1.3%,2,True,0.875
comp-social-science-temp-accounts-vandalism,+20.7%,3,True,0.5625
comp-social-science-temp-accounts-vandalism,20%,1,True,1.0
comp-social-science-temp-accounts-vandalism,+2.7,2,True,0.5
comp-social-science-temp-accounts-vandalism,47%,2,True,0.9375
extra-open-neuroimaging-reanalysis-metaanalytic-prior-shrinkage,200,1,True,0.5
extra-open-neuroimaging-reanalysis-metaanalytic-prior-shrinkage,100,1,False,0.8125
extra-open-neuroimaging-reanalysis-metaanalytic-prior-shrinkage,40%,1,True,0.9375
extra-open-neuroimaging-reanalysis-metaanalytic-prior-shrinkage,10%,1,True,1.0
extra-open-neuroimaging-reanalysis-metaanalytic-prior-shrinkage,"13,000",2,False,0.0
extra-open-neuroimaging-reanalysis-metaanalytic-prior-shrinkage,"1,695",4,False,0.0625
extra-open-neuroimaging-reanalysis-metaanalytic-prior-shrinkage,197,3,True,0.3125
extra-open-neuroimaging-reanalysis-metaanalytic-prior-shrinkage,220,2,True,0.5
extra-open-neuroimaging-reanalysis-metaanalytic-prior-shrinkage,500,1,True,0.75
extra-open-neuroimaging-reanalysis-metaanalytic-prior-shrinkage,0.67,2,True,0.875
extra-open-neuroimaging-reanalysis-metaanalytic-prior-shrinkage,0.81,2,True,0.8125
extra-open-neuroimaging-reanalysis-metaanalytic-prior-shrinkage,0.76,2,True,0.8125
extra-open-neuroimaging-reanalysis-metaanalytic-prior-shrinkage,0.84,2,True,0.75
extra-open-neuroimaging-reanalysis-metaanalytic-prior-shrinkage,0.76,2,True,0.8125
extra-open-neuroimaging-reanalysis-metaanalytic-prior-shrinkage,0.74,2,True,0.8125
extra-open-neuroimaging-reanalysis-metaanalytic-prior-shrinkage,0.78,2,True,0.8125
extra-open-neuroimaging-reanalysis-metaanalytic-prior-shrinkage,0.04,1,True,1.0
extra-open-neuroimaging-reanalysis-metaanalytic-prior-shrinkage,0.13,2,True,1.0
extra-open-neuroimaging-reanalysis-metaanalytic-prior-shrinkage,1.5,2,True,0.8125
extra-open-neuroimaging-reanalysis-metaanalytic-prior-shrinkage,3.4,2,True,0.4375
extra-open-neuroimaging-reanalysis-metaanalytic-prior-shrinkage,+0.01,1,True,1.0
extra-open-neuroimaging-reanalysis-metaanalytic-prior-shrinkage,+0.05,1,True,1.0
extra-open-neuroimaging-reanalysis-metaanalytic-prior-shrinkage,0.31,2,True,0.9375
extra-open-neuroimaging-reanalysis-metaanalytic-prior-shrinkage,0.33,2,True,0.8125
extra-open-neuroimaging-reanalysis-metaanalytic-prior-shrinkage,0.96,2,True,0.75
extra-open-neuroimaging-reanalysis-metaanalytic-prior-shrinkage,1.08,3,True,0.625
extra-open-neuroimaging-reanalysis-metaanalytic-prior-shrinkage,1.63,3,True,0.375
extra-open-neuroimaging-reanalysis-metaanalytic-prior-shrinkage,0.67,2,True,0.875
extra-open-neuroimaging-reanalysis-metaanalytic-prior-shrinkage,1.07,3,True,0.625
extra-open-neuroimaging-reanalysis-metaanalytic-prior-shrinkage,1.00,3,True,1.0
extra-open-neuroimaging-reanalysis-metaanalytic-prior-shrinkage,1.39,3,True,0.625
extra-open-neuroimaging-reanalysis-metaanalytic-prior-shrinkage,1.10,3,True,0.625
extra-open-neuroimaging-reanalysis-metaanalytic-prior-shrinkage,39%,2,True,0.9375
extra-open-neuroimaging-reanalysis-metaanalytic-prior-shrinkage,0.14,2,True,0.9375
extra-open-neuroimaging-reanalysis-metaanalytic-prior-shrinkage,128,3,True,0.4375
extra-open-neuroimaging-reanalysis-metaanalytic-prior-shrinkage,2.0,2,True,1.0
extra-open-neuroimaging-reanalysis-metaanalytic-prior-shrinkage,0.75,2,True,0.875
extra-open-neuroimaging-reanalysis-metaanalytic-prior-shrinkage,330,2,True,0.25
extra-open-neuroimaging-reanalysis-metaanalytic-prior-shrinkage,"1,695",4,False,0.0625
extra-open-neuroimaging-reanalysis-metaanalytic-prior-shrinkage,"1,698",4,False,0.0625
extra-open-neuroimaging-reanalysis-metaanalytic-prior-shrinkage,90%,1,True,0.9375
extra-open-neuroimaging-reanalysis-metaanalytic-prior-shrinkage,0.5,1,True,0.9375
extra-open-neuroimaging-reanalysis-metaanalytic-prior-shrinkage,"22,460",4,True,0.0
extra-open-neuroimaging-reanalysis-metaanalytic-prior-shrinkage,"24,558",5,True,0.0
extra-open-neuroimaging-reanalysis-metaanalytic-prior-shrinkage,204,3,True,0.3125
extra-open-neuroimaging-reanalysis-metaanalytic-prior-shrinkage,0.20,2,True,0.9375
extra-open-neuroimaging-reanalysis-metaanalytic-prior-shrinkage,207,3,True,0.375
extra-open-neuroimaging-reanalysis-metaanalytic-prior-shrinkage,0.38,2,True,0.8125
extra-open-neuroimaging-reanalysis-metaanalytic-prior-shrinkage,205,3,True,0.25
extra-open-neuroimaging-reanalysis-metaanalytic-prior-shrinkage,0.22,2,True,1.0
extra-open-neuroimaging-reanalysis-metaanalytic-prior-shrinkage,202,3,True,0.3125
extra-open-neuroimaging-reanalysis-metaanalytic-prior-shrinkage,0.50,2,True,0.8125
extra-open-neuroimaging-reanalysis-metaanalytic-prior-shrinkage,197,3,True,0.3125
extra-open-neuroimaging-reanalysis-metaanalytic-prior-shrinkage,0.14,2,True,0.9375
extra-open-neuroimaging-reanalysis-metaanalytic-prior-shrinkage,220,2,True,0.5
extra-open-neuroimaging-reanalysis-metaanalytic-prior-shrinkage,−0.26,2,True,0.8125
extra-open-neuroimaging-reanalysis-metaanalytic-prior-shrinkage,220,2,True,0.5
extra-open-neuroimaging-reanalysis-metaanalytic-prior-shrinkage,0.21,2,True,0.9375
extra-open-neuroimaging-reanalysis-metaanalytic-prior-shrinkage,217,3,True,0.3125
extra-open-neuroimaging-reanalysis-metaanalytic-prior-shrinkage,0.39,2,True,0.875
extra-open-neuroimaging-reanalysis-metaanalytic-prior-shrinkage,0.76,2,True,0.8125
extra-open-neuroimaging-reanalysis-metaanalytic-prior-shrinkage,0.74,2,True,0.8125
extra-open-neuroimaging-reanalysis-metaanalytic-prior-shrinkage,0.78,2,True,0.8125
extra-open-neuroimaging-reanalysis-metaanalytic-prior-shrinkage,0.81,2,True,0.8125
extra-open-neuroimaging-reanalysis-metaanalytic-prior-shrinkage,0.49,2,True,0.875
extra-open-neuroimaging-reanalysis-metaanalytic-prior-shrinkage,0.84,2,True,0.75
extra-open-neuroimaging-reanalysis-metaanalytic-prior-shrinkage,+0.010,2,True,0.8125
extra-open-neuroimaging-reanalysis-metaanalytic-prior-shrinkage,+0.052,2,True,0.6875
extra-open-neuroimaging-reanalysis-metaanalytic-prior-shrinkage,−0.001,1,True,0.875
extra-open-neuroimaging-reanalysis-metaanalytic-prior-shrinkage,1.07,3,True,0.625
extra-open-neuroimaging-reanalysis-metaanalytic-prior-shrinkage,1.06,3,True,0.5625
extra-open-neuroimaging-reanalysis-metaanalytic-prior-shrinkage,1.07,3,True,0.625
extra-open-neuroimaging-reanalysis-metaanalytic-prior-shrinkage,1.01,3,True,0.5625
extra-open-neuroimaging-reanalysis-metaanalytic-prior-shrinkage,0.86,2,True,0.8125
extra-open-neuroimaging-reanalysis-metaanalytic-prior-shrinkage,0.79,2,True,0.875
extra-open-neuroimaging-reanalysis-metaanalytic-prior-shrinkage,0.90,2,True,0.8125
extra-open-neuroimaging-reanalysis-metaanalytic-prior-shrinkage,0.67,2,True,0.875
extra-open-neuroimaging-reanalysis-metaanalytic-prior-shrinkage,1.02,3,True,0.5625
extra-open-neuroimaging-reanalysis-metaanalytic-prior-shrinkage,1.09,3,True,0.625
extra-open-neuroimaging-reanalysis-metaanalytic-prior-shrinkage,1.39,3,True,0.625
extra-open-neuroimaging-reanalysis-metaanalytic-prior-shrinkage,1.30,3,True,0.625
extra-open-neuroimaging-reanalysis-metaanalytic-prior-shrinkage,1.48,3,True,0.3125
extra-open-neuroimaging-reanalysis-metaanalytic-prior-shrinkage,1.08,3,True,0.625
extra-open-neuroimaging-reanalysis-metaanalytic-prior-shrinkage,1.14,3,True,0.5625
extra-open-neuroimaging-reanalysis-metaanalytic-prior-shrinkage,1.00,3,True,1.0
extra-open-neuroimaging-reanalysis-metaanalytic-prior-shrinkage,0.34,2,True,0.875
extra-open-neuroimaging-reanalysis-metaanalytic-prior-shrinkage,70%,1,True,1.0
extra-open-neuroimaging-reanalysis-metaanalytic-prior-shrinkage,0.14,2,True,0.9375
extra-open-neuroimaging-reanalysis-metaanalytic-prior-shrinkage,0.50,2,True,0.8125
extra-open-neuroimaging-reanalysis-metaanalytic-prior-shrinkage,0.82,2,True,0.8125
extra-open-neuroimaging-reanalysis-metaanalytic-prior-shrinkage,0.92,2,True,0.875
extra-open-neuroimaging-reanalysis-metaanalytic-prior-shrinkage,10%,1,True,1.0
extra-open-neuroimaging-reanalysis-metaanalytic-prior-shrinkage,40%,1,True,0.9375
extra-open-neuroimaging-reanalysis-metaanalytic-prior-shrinkage,0.96,2,True,0.75
extra-open-neuroimaging-reanalysis-metaanalytic-prior-shrinkage,4.4,2,False,0.375
extra-open-neuroimaging-reanalysis-metaanalytic-prior-shrinkage,117,3,False,0.375
extra-open-neuroimaging-reanalysis-metaanalytic-prior-shrinkage,140,2,False,0.3125
extra-open-neuroimaging-reanalysis-metaanalytic-prior-shrinkage,0.67,2,True,0.875
extra-open-neuroimaging-reanalysis-metaanalytic-prior-shrinkage,270,2,True,0.5
health-econ-wastewater-flusight-value,1%,1,True,1.0
health-econ-wastewater-flusight-value,5%,1,True,1.0
health-econ-wastewater-flusight-value,4%,1,True,1.0
health-econ-wastewater-flusight-value,7%,1,True,1.0
health-econ-wastewater-flusight-value,50%,1,True,1.0
health-econ-wastewater-flusight-value,"4,052",4,True,0.0625
health-econ-wastewater-flusight-value,0.82,2,True,0.8125
health-econ-wastewater-flusight-value,0.76,2,True,0.8125
health-econ-wastewater-flusight-value,0.88,2,True,0.6875
health-econ-wastewater-flusight-value,1.00,3,True,1.0
health-econ-wastewater-flusight-value,0.95,2,True,0.8125
health-econ-wastewater-flusight-value,1.05,3,True,0.5
health-econ-wastewater-flusight-value,95%,2,True,1.0
health-econ-wastewater-flusight-value,5%,1,True,1.0
health-econ-wastewater-flusight-value,50%,1,True,1.0
health-econ-wastewater-flusight-value,0.995,3,True,0.5
health-econ-wastewater-flusight-value,0.946,3,True,0.375
health-econ-wastewater-flusight-value,1.045,4,True,0.1875
health-econ-wastewater-flusight-value,20%,1,True,1.0
health-econ-wastewater-flusight-value,0.987,3,True,0.3125
health-econ-wastewater-flusight-value,0.940,3,True,0.5625
health-econ-wastewater-flusight-value,1.038,4,True,0.25
health-econ-wastewater-flusight-value,−0.05,1,True,1.0
health-econ-wastewater-flusight-value,−0.15,2,True,1.0
health-econ-wastewater-flusight-value,+0.05,1,True,1.0
health-econ-wastewater-flusight-value,0.992,3,True,0.375
health-econ-wastewater-flusight-value,0.964,3,True,0.375
health-econ-wastewater-flusight-value,1.020,4,True,0.5
health-econ-wastewater-flusight-value,5%,1,True,1.0
health-econ-wastewater-flusight-value,0.98,2,True,0.875
health-econ-wastewater-flusight-value,1.05,3,True,0.5
health-econ-wastewater-flusight-value,0.98,2,True,0.875
health-econ-wastewater-flusight-value,0.92,2,True,0.875
health-econ-wastewater-flusight-value,1.08,3,True,0.625
health-econ-wastewater-flusight-value,0.67,2,True,0.875
health-econ-wastewater-flusight-value,78%,2,True,0.9375
health-econ-wastewater-flusight-value,0.937,3,True,0.3125
health-econ-wastewater-flusight-value,0.882,3,True,0.5
health-econ-wastewater-flusight-value,0.991,3,True,0.375
health-econ-wastewater-flusight-value,0.96,2,True,0.75
health-econ-wastewater-flusight-value,0.98,2,True,0.875
health-econ-wastewater-flusight-value,1.00,3,True,1.0
health-econ-wastewater-flusight-value,0.93,2,True,0.8125
health-econ-wastewater-flusight-value,"330,015",5,False,0.0
health-econ-wastewater-flusight-value,"1,493",4,False,0.0
health-econ-wastewater-flusight-value,50%,1,True,1.0
health-econ-wastewater-flusight-value,20%,1,True,1.0
health-econ-wastewater-flusight-value,0.997,3,True,0.4375
health-econ-wastewater-flusight-value,0.951,3,True,0.4375
health-econ-wastewater-flusight-value,1.053,4,True,0.25
health-econ-wastewater-flusight-value,95%,2,True,1.0
health-econ-wastewater-flusight-value,50%,1,True,1.0
health-econ-wastewater-flusight-value,"4,052",4,True,0.0625
health-econ-wastewater-flusight-value,0.995,3,True,0.5
health-econ-wastewater-flusight-value,0.946,3,True,0.375
health-econ-wastewater-flusight-value,1.045,4,True,0.1875
health-econ-wastewater-flusight-value,1.002,4,True,0.375
health-econ-wastewater-flusight-value,0.955,3,True,0.375
health-econ-wastewater-flusight-value,1.055,4,True,0.3125
health-econ-wastewater-flusight-value,20%,1,True,1.0
health-econ-wastewater-flusight-value,"10,793",5,True,0.0
health-econ-wastewater-flusight-value,0.987,3,True,0.3125
health-econ-wastewater-flusight-value,0.940,3,True,0.5625
health-econ-wastewater-flusight-value,1.038,4,True,0.25
health-econ-wastewater-flusight-value,0.995,3,True,0.5
health-econ-wastewater-flusight-value,0.951,3,True,0.4375
health-econ-wastewater-flusight-value,1.042,4,True,0.25
health-econ-wastewater-flusight-value,50%,1,True,1.0
health-econ-wastewater-flusight-value,95%,2,True,1.0
health-econ-wastewater-flusight-value,45.6%,3,True,0.5625
health-econ-wastewater-flusight-value,90.9%,3,True,0.375
health-econ-wastewater-flusight-value,46.0%,3,True,0.6875
health-econ-wastewater-flusight-value,90.7%,3,True,0.375
health-econ-wastewater-flusight-value,0.985,3,True,0.1875
health-econ-wastewater-flusight-value,0.999,3,True,0.5625
health-econ-wastewater-flusight-value,0.997,3,True,0.4375
health-econ-wastewater-flusight-value,0.995,3,True,0.5
health-econ-wastewater-flusight-value,0.957,3,True,0.375
health-econ-wastewater-flusight-value,0.977,3,True,0.5
health-econ-wastewater-flusight-value,1.026,4,True,0.375
health-econ-wastewater-flusight-value,0.980,3,True,0.625
health-econ-wastewater-flusight-value,0.967,3,True,0.4375
health-econ-wastewater-flusight-value,0.898,3,True,0.5625
health-econ-wastewater-flusight-value,1.028,4,True,0.375
health-econ-wastewater-flusight-value,1.038,4,True,0.25
health-econ-wastewater-flusight-value,55.0%,3,True,0.75
health-econ-wastewater-flusight-value,56.8%,3,True,0.4375
health-econ-wastewater-flusight-value,52.8%,3,True,0.625
health-econ-wastewater-flusight-value,−1.5,2,True,0.8125
health-econ-wastewater-flusight-value,−2.2,2,True,0.75
health-econ-wastewater-flusight-value,+2.1,2,True,0.8125
health-econ-wastewater-flusight-value,"4,052",4,True,0.0625
health-econ-wastewater-flusight-value,2.4%,2,True,0.875
health-econ-wastewater-flusight-value,0.966,3,True,0.375
health-econ-wastewater-flusight-value,1.021,4,True,0.4375
health-econ-wastewater-flusight-value,0.966,3,True,0.375
health-econ-wastewater-flusight-value,1.023,4,True,0.3125
health-econ-wastewater-flusight-value,0.946,3,True,0.375
health-econ-wastewater-flusight-value,1.045,4,True,0.1875
health-econ-wastewater-flusight-value,22%,2,True,1.0
health-econ-wastewater-flusight-value,1.002,4,True,0.375
health-econ-wastewater-flusight-value,0.955,3,True,0.375
health-econ-wastewater-flusight-value,1.055,4,True,0.3125
health-econ-wastewater-flusight-value,1.010,4,True,0.375
health-econ-wastewater-flusight-value,0.949,3,True,0.3125
health-econ-wastewater-flusight-value,1.066,4,True,0.25
health-econ-wastewater-flusight-value,0.946,3,True,0.375
health-econ-wastewater-flusight-value,0.940,3,True,0.5625
health-econ-wastewater-flusight-value,0.95,2,True,0.8125
health-econ-wastewater-flusight-value,5%,1,True,1.0
health-econ-wastewater-flusight-value,0.992,3,True,0.375
health-econ-wastewater-flusight-value,0.964,3,True,0.375
health-econ-wastewater-flusight-value,1.020,4,True,0.5
health-econ-wastewater-flusight-value,5%,1,True,1.0
health-econ-wastewater-flusight-value,5%,1,True,1.0
health-econ-wastewater-flusight-value,4%,1,True,1.0
health-econ-wastewater-flusight-value,0.959,3,True,0.4375
health-econ-wastewater-flusight-value,0.912,3,True,0.375
health-econ-wastewater-flusight-value,1.024,4,True,0.1875
health-econ-wastewater-flusight-value,0.966,3,True,0.375
health-econ-wastewater-flusight-value,0.930,3,True,0.5625
health-econ-wastewater-flusight-value,1.018,4,True,0.3125
health-econ-wastewater-flusight-value,95%,2,True,1.0
health-econ-wastewater-flusight-value,0.981,3,True,0.3125
health-econ-wastewater-flusight-value,0.937,3,True,0.3125
health-econ-wastewater-flusight-value,1.031,4,True,0.375
health-econ-wastewater-flusight-value,1.005,4,True,0.4375
health-econ-wastewater-flusight-value,0.944,3,True,0.4375
health-econ-wastewater-flusight-value,1.069,4,True,0.375
health-econ-wastewater-flusight-value,1.007,4,True,0.375
health-econ-wastewater-flusight-value,1.005,4,True,0.4375
health-econ-wastewater-flusight-value,1.009,4,True,0.3125
health-econ-wastewater-flusight-value,1.045,4,True,0.1875
health-econ-wastewater-flusight-value,0.671,3,True,0.3125
health-econ-wastewater-flusight-value,0.569,3,True,0.4375
health-econ-wastewater-flusight-value,0.758,3,True,0.25
health-econ-wastewater-flusight-value,0.984,3,True,0.4375
health-econ-wastewater-flusight-value,0.919,3,True,0.375
health-econ-wastewater-flusight-value,1.082,4,True,0.1875
health-econ-wastewater-flusight-value,0.668,3,True,0.1875
health-econ-wastewater-flusight-value,0.979,3,True,0.4375
health-econ-wastewater-flusight-value,0.899,3,True,0.5
health-econ-wastewater-flusight-value,1.104,4,True,0.25
health-econ-wastewater-flusight-value,0.682,3,True,0.3125
health-econ-wastewater-flusight-value,0.030,2,True,0.875
health-econ-wastewater-flusight-value,−0.030,2,True,0.875
health-econ-wastewater-flusight-value,0.091,2,True,0.5625
health-econ-wastewater-flusight-value,0.937,3,True,0.3125
health-econ-wastewater-flusight-value,0.882,3,True,0.5
health-econ-wastewater-flusight-value,0.991,3,True,0.375
health-econ-wastewater-flusight-value,0.962,3,True,0.25
health-econ-wastewater-flusight-value,0.981,3,True,0.3125
health-econ-wastewater-flusight-value,0.983,3,True,0.5
health-econ-wastewater-flusight-value,0.995,3,True,0.5
health-econ-wastewater-flusight-value,1.005,4,True,0.4375
health-econ-wastewater-flusight-value,0.930,3,True,0.5625
health-econ-wastewater-flusight-value,0.895,3,True,0.5
health-econ-wastewater-flusight-value,0.971,3,True,0.5
health-econ-wastewater-flusight-value,0.943,3,True,0.4375
health-econ-wastewater-flusight-value,0.970,3,True,0.625
health-econ-wastewater-flusight-value,0.977,3,True,0.5
health-econ-wastewater-flusight-value,0.987,3,True,0.3125
health-econ-wastewater-flusight-value,0.997,3,True,0.4375
health-econ-wastewater-flusight-value,0.943,3,True,0.4375
health-econ-wastewater-flusight-value,0.913,3,True,0.5
health-econ-wastewater-flusight-value,0.976,3,True,0.4375
health-econ-wastewater-flusight-value,0.919,3,True,0.375
health-econ-wastewater-flusight-value,0.851,3,True,0.375
health-econ-wastewater-flusight-value,1.019,4,True,0.1875
health-econ-wastewater-flusight-value,29%,2,True,1.0
health-econ-wastewater-flusight-value,95%,2,True,1.0
health-econ-wastewater-flusight-value,5%,1,True,1.0
health-econ-wastewater-flusight-value,4%,1,True,1.0
health-econ-wastewater-flusight-value,6%,1,True,1.0
health-econ-wastewater-flusight-value,7%,1,True,1.0
health-econ-wastewater-flusight-value,4.4,2,False,0.375
health-econ-wastewater-flusight-value,5%,1,True,1.0
health-econ-wastewater-flusight-value,70%,1,True,1.0
health-econ-wastewater-flusight-value,93%,2,True,0.9375
health-econ-wastewater-flusight-value,24%,2,True,0.9375
health-econ-wastewater-flusight-value,33%,2,True,0.9375
health-econ-wastewater-flusight-value,5%,1,True,1.0
llm-ml-science-mcf-emergence,412,3,True,0.125
llm-ml-science-mcf-emergence,412,3,True,0.125
llm-ml-science-mcf-emergence,160,2,True,0.4375
llm-ml-science-mcf-emergence,300,1,True,0.3125
llm-ml-science-mcf-emergence,490,2,True,0.0
llm-ml-science-mcf-emergence,6.9,2,True,0.25
llm-ml-science-mcf-emergence,0724,3,True,0.0625
llm-ml-science-mcf-emergence,0424,3,True,0.25
llm-ml-science-mcf-emergence,412,3,True,0.125
llm-ml-science-mcf-emergence,500,1,True,0.75
llm-ml-science-mcf-emergence,168,3,True,0.3125
llm-ml-science-mcf-emergence,0.5,1,True,0.9375
llm-ml-science-mcf-emergence,168,3,True,0.3125
llm-ml-science-mcf-emergence,167,3,True,0.3125
llm-ml-science-mcf-emergence,155,3,True,0.375
llm-ml-science-mcf-emergence,0.7,1,True,0.9375
llm-ml-science-mcf-emergence,244,3,True,0.1875
llm-ml-science-mcf-emergence,1.4,2,True,0.75
llm-ml-science-mcf-emergence,3.9,2,True,0.4375
llm-ml-science-mcf-emergence,0424,3,True,0.25
llm-ml-science-mcf-emergence,1.5,2,True,0.8125
llm-ml-science-mcf-emergence,−3.8,2,True,0.4375
llm-ml-science-mcf-emergence,+4.2,2,True,0.3125
llm-ml-science-mcf-emergence,0424,3,True,0.25
llm-ml-science-mcf-emergence,512,3,True,0.125
llm-ml-science-mcf-emergence,"143,000",3,True,0.0
llm-ml-science-mcf-emergence,2.7,2,False,0.5625
llm-ml-science-mcf-emergence,+4.2,2,True,0.3125
llm-ml-science-mcf-emergence,500,1,True,0.75
llm-ml-science-mcf-emergence,200,1,True,0.5
llm-ml-science-mcf-emergence,+3.2,2,True,0.5
llm-ml-science-mcf-emergence,1.9,2,True,0.5625
llm-ml-science-mcf-emergence,0424,3,True,0.25
llm-ml-science-mcf-emergence,2.6,2,True,0.5625
llm-ml-science-mcf-emergence,4.0,2,True,1.0
llm-ml-science-mcf-emergence,59.2,3,False,0.125
llm-ml-science-mcf-emergence,−6.4,2,False,0.375
llm-ml-science-mcf-emergence,500,1,True,0.75
llm-ml-science-mcf-emergence,−5.8,2,True,0.375
llm-ml-science-mcf-emergence,−0.9,1,True,1.0
llm-ml-science-mcf-emergence,412,3,True,0.125
llm-ml-science-mcf-emergence,1124,4,True,0.0625
llm-ml-science-mcf-emergence,+40.5,3,False,0.25
llm-ml-science-mcf-emergence,0424,3,True,0.25
llm-ml-science-mcf-emergence,+35.7,3,False,0.1875
llm-ml-science-mcf-emergence,−1.3,2,False,0.8125
llm-ml-science-mcf-emergence,+1.5,2,True,0.8125
llm-ml-science-mcf-emergence,−3.8,2,True,0.4375
llm-ml-science-mcf-emergence,+4.2,2,True,0.3125
llm-ml-science-mcf-emergence,0.58,2,True,0.6875
llm-ml-science-mcf-emergence,0.60,2,True,0.8125
llm-ml-science-mcf-emergence,+17.7,3,False,0.125
llm-ml-science-mcf-emergence,+0.9,1,True,1.0
llm-ml-science-mcf-emergence,0424,3,True,0.25
llm-ml-science-mcf-emergence,−0.5,1,True,0.9375
llm-ml-science-mcf-emergence,0424,3,True,0.25
llm-ml-science-mcf-emergence,+1.1,2,True,0.875
llm-ml-science-mcf-emergence,214,3,True,0.3125
llm-ml-science-mcf-emergence,0424,3,True,0.25
llm-ml-science-mcf-emergence,490,2,True,0.0
llm-ml-science-mcf-emergence,0424,3,True,0.25
llm-ml-science-mcf-emergence,0.48,2,True,0.6875
llm-ml-science-mcf-emergence,0.86,2,True,0.8125
llm-ml-science-mcf-emergence,0.5,1,True,0.9375
llm-ml-science-mcf-emergence,167,3,True,0.3125
llm-ml-science-mcf-emergence,168,3,True,0.3125
llm-ml-science-mcf-emergence,163,3,True,0.3125
llm-ml-science-mcf-emergence,0724,3,True,0.0625
llm-ml-science-mcf-emergence,754,3,True,0.0625
llm-ml-science-mcf-emergence,155,3,True,0.375
llm-ml-science-mcf-emergence,244,3,True,0.1875
llm-ml-science-mcf-emergence,0724,3,True,0.0625
llm-ml-science-mcf-emergence,0424,3,True,0.25
llm-ml-science-mcf-emergence,0.5,1,True,0.9375
llm-ml-science-mcf-emergence,0.14,2,True,0.9375
llm-ml-science-mcf-emergence,0.18,2,True,0.875
llm-ml-science-mcf-emergence,0.5,1,True,0.9375
llm-ml-science-mcf-emergence,0424,3,True,0.25
llm-ml-science-mcf-emergence,125,3,True,0.4375
llm-ml-science-mcf-emergence,490,2,True,0.0
llm-ml-science-mcf-emergence,1.4,2,True,0.75
llm-ml-science-mcf-emergence,3.9,2,True,0.4375
llm-ml-science-mcf-emergence,214,3,True,0.3125
llm-ml-science-mcf-emergence,160,2,True,0.4375
llm-ml-science-mcf-emergence,0424,3,True,0.25
llm-ml-science-mcf-emergence,0724,3,True,0.0625
llm-ml-science-mcf-emergence,0.73,2,True,0.75
llm-ml-science-mcf-emergence,0.06,1,True,1.0
llm-ml-science-mcf-emergence,0.80,2,True,0.875
llm-ml-science-mcf-emergence,0.09,1,True,1.0
llm-ml-science-mcf-emergence,100%,1,True,1.0
llm-ml-science-mcf-emergence,+18.6,3,True,0.0625
llm-ml-science-mcf-emergence,+12.5,3,True,0.1875
llm-ml-science-mcf-emergence,+6.8,2,True,0.1875
llm-ml-science-mcf-emergence,0424,3,True,0.25
llm-ml-science-mcf-emergence,103,3,True,0.375
llm-ml-science-mcf-emergence,976,3,True,0.25
llm-ml-science-mcf-emergence,−1.3,2,False,0.8125
llm-ml-science-mcf-emergence,+0.8,1,True,1.0
llm-ml-science-mcf-emergence,−1.1,2,True,0.875
llm-ml-science-mcf-emergence,+1.4,2,True,0.75
llm-ml-science-mcf-emergence,155,3,True,0.375
llm-ml-science-mcf-emergence,0724,3,True,0.0625
llm-ml-science-mcf-emergence,0724,3,True,0.0625
llm-ml-science-mcf-emergence,3.3,2,False,0.625
llm-ml-science-mcf-emergence,214,3,True,0.3125
llm-ml-science-mcf-emergence,307,3,True,0.1875
llm-ml-science-mcf-emergence,0724,3,True,0.0625
llm-ml-science-mcf-emergence,500,1,True,0.75
llm-ml-science-mcf-emergence,0424,3,True,0.25
llm-ml-science-mcf-emergence,0724,3,True,0.0625
llm-ml-science-mcf-emergence,412,3,True,0.125
llm-ml-science-mcf-emergence,"7,200",2,False,0.0
metascience-citation-context-replication,"1,075",4,True,0.0625
metascience-citation-context-replication,"1,075",4,True,0.0625
metascience-citation-context-replication,3%,1,True,1.0
metascience-citation-context-replication,1%,1,True,1.0
metascience-citation-context-replication,6%,1,True,1.0
metascience-citation-context-replication,44%,2,True,0.9375
metascience-citation-context-replication,14%,2,True,1.0
metascience-citation-context-replication,7%,1,True,1.0
metascience-citation-context-replication,0.53,2,True,0.75
metascience-citation-context-replication,0.5,1,True,0.9375
metascience-citation-context-replication,"2,116",4,False,0.0
metascience-citation-context-replication,"787,384",5,False,0.0
metascience-citation-context-replication,"815,570",5,False,0.0
metascience-citation-context-replication,"1,075",4,True,0.0625
metascience-citation-context-replication,524,3,True,0.1875
metascience-citation-context-replication,300,1,True,0.3125
metascience-citation-context-replication,0.115,3,True,0.6875
metascience-citation-context-replication,44%,2,True,0.9375
metascience-citation-context-replication,0.30,2,True,0.9375
metascience-citation-context-replication,0.00,1,True,1.0
metascience-citation-context-replication,0.56,2,True,0.875
metascience-citation-context-replication,0.5,1,True,0.9375
metascience-citation-context-replication,0.497,3,True,0.375
metascience-citation-context-replication,0.529,3,True,0.4375
metascience-citation-context-replication,0.491,3,True,0.375
metascience-citation-context-replication,0.567,3,True,0.25
metascience-citation-context-replication,0.65,2,True,0.8125
metascience-citation-context-replication,0.480,3,True,0.4375
metascience-citation-context-replication,0.445,3,True,0.375
metascience-citation-context-replication,0.514,3,True,0.375
metascience-citation-context-replication,0.507,3,True,0.375
metascience-citation-context-replication,0.472,3,True,0.5
metascience-citation-context-replication,0.543,3,True,0.375
metascience-citation-context-replication,851,3,True,0.0625
metascience-citation-context-replication,0.497,3,True,0.375
metascience-citation-context-replication,0.459,3,True,0.4375
metascience-citation-context-replication,0.536,3,True,0.4375
metascience-citation-context-replication,0.529,3,True,0.4375
metascience-citation-context-replication,0.491,3,True,0.375
metascience-citation-context-replication,0.567,3,True,0.25
metascience-citation-context-replication,0.05,1,True,1.0
metascience-citation-context-replication,0.54,2,True,0.8125
metascience-citation-context-replication,+0.004,1,True,0.75
metascience-citation-context-replication,−0.015,2,True,0.625
metascience-citation-context-replication,+0.034,2,True,0.5
metascience-citation-context-replication,−0.006,1,True,0.75
metascience-citation-context-replication,−0.018,2,True,0.6875
metascience-citation-context-replication,+0.008,1,True,0.6875
metascience-citation-context-replication,329,3,True,0.3125
metascience-citation-context-replication,+0.000,1,True,1.0
metascience-citation-context-replication,−0.018,2,True,0.6875
metascience-citation-context-replication,+0.021,2,True,0.5625
metascience-citation-context-replication,−0.004,1,True,0.75
metascience-citation-context-replication,−0.023,2,True,0.5625
metascience-citation-context-replication,+0.018,2,True,0.6875
metascience-citation-context-replication,0.625,3,True,0.375
metascience-citation-context-replication,0.598,3,True,0.4375
metascience-citation-context-replication,0.650,3,True,0.5
metascience-citation-context-replication,0.534,3,True,0.4375
metascience-citation-context-replication,0.515,3,True,0.375
metascience-citation-context-replication,0.553,3,True,0.5
metascience-citation-context-replication,0.525,3,True,0.375
metascience-citation-context-replication,+0.014,2,True,0.6875
metascience-citation-context-replication,−0.006,1,True,0.75
metascience-citation-context-replication,+0.031,2,True,0.75
metascience-citation-context-replication,13.9%,3,True,0.75
metascience-citation-context-replication,7.3%,2,True,0.625
metascience-citation-context-replication,0.83,2,True,0.8125
metascience-citation-context-replication,"30,734",5,False,0.0
metascience-citation-context-replication,"2,246",4,False,0.0625
metascience-citation-context-replication,"2,116",4,False,0.0
metascience-citation-context-replication,860,2,False,0.0625
metascience-citation-context-replication,705,3,True,0.0625
metascience-citation-context-replication,483,3,True,0.0625
metascience-citation-context-replication,520,2,True,0.25
metascience-citation-context-replication,141,3,True,0.4375
metascience-citation-context-replication,"9,000",1,True,0.0
metascience-citation-context-replication,"815,570",5,False,0.0
metascience-citation-context-replication,43%,2,True,1.0
metascience-citation-context-replication,"787,384",5,False,0.0
metascience-citation-context-replication,0.91,2,True,0.8125
metascience-citation-context-replication,100,1,True,0.75
metascience-citation-context-replication,"20,000",1,False,0.0625
metascience-citation-context-replication,75%,2,True,1.0
metascience-citation-context-replication,25%,2,True,1.0
metascience-citation-context-replication,300,1,True,0.3125
metascience-citation-context-replication,150,2,True,0.4375
metascience-citation-context-replication,150,2,True,0.4375
metascience-citation-context-replication,0.5,1,True,0.9375
metascience-citation-context-replication,200,1,True,0.5
metascience-citation-context-replication,851,3,True,0.0625
metascience-citation-context-replication,300,1,True,0.3125
metascience-citation-context-replication,2.6%,2,True,0.875
metascience-citation-context-replication,1.4%,2,True,0.9375
metascience-citation-context-replication,6.2%,2,True,0.5
metascience-citation-context-replication,95%,2,True,1.0
metascience-citation-context-replication,0.061,2,True,0.5625
metascience-citation-context-replication,1.00,3,True,1.0
metascience-citation-context-replication,0.115,3,True,0.6875
metascience-citation-context-replication,0.052,2,True,0.6875
metascience-citation-context-replication,0.184,3,True,0.5
metascience-citation-context-replication,0.273,3,True,0.4375
metascience-citation-context-replication,0.333,3,True,0.5625
metascience-citation-context-replication,0.300,3,True,0.4375
metascience-citation-context-replication,0.000,1,True,1.0
metascience-citation-context-replication,0.556,3,True,0.375
metascience-citation-context-replication,1.00,3,True,1.0
metascience-citation-context-replication,0.11,2,True,0.9375
metascience-citation-context-replication,0.20,2,True,0.9375
metascience-citation-context-replication,0.83,2,True,0.8125
metascience-citation-context-replication,0.56,2,True,0.875
metascience-citation-context-replication,0.67,2,True,0.875
metascience-citation-context-replication,0.91,2,True,0.8125
metascience-citation-context-replication,0.5,1,True,0.9375
metascience-citation-context-replication,0.5,1,True,0.9375
metascience-citation-context-replication,7%,1,True,1.0
metascience-citation-context-replication,95%,2,True,1.0
metascience-citation-context-replication,0.507,3,True,0.375
metascience-citation-context-replication,0.472,3,True,0.5
metascience-citation-context-replication,0.543,3,True,0.375
metascience-citation-context-replication,0.467,3,True,0.1875
metascience-citation-context-replication,0.480,3,True,0.4375
metascience-citation-context-replication,0.471,3,True,0.375
metascience-citation-context-replication,0.511,3,True,0.3125
metascience-citation-context-replication,851,3,True,0.0625
metascience-citation-context-replication,0.497,3,True,0.375
metascience-citation-context-replication,0.459,3,True,0.4375
metascience-citation-context-replication,0.536,3,True,0.4375
metascience-citation-context-replication,0.529,3,True,0.4375
metascience-citation-context-replication,0.491,3,True,0.375
metascience-citation-context-replication,0.567,3,True,0.25
metascience-citation-context-replication,0.443,3,True,0.3125
metascience-citation-context-replication,0.519,3,True,0.3125
metascience-citation-context-replication,0.470,3,True,0.375
metascience-citation-context-replication,0.509,3,True,0.375
metascience-citation-context-replication,0.473,3,True,0.3125
metascience-citation-context-replication,0.504,3,True,0.5
metascience-citation-context-replication,4.3,2,False,0.3125
metascience-citation-context-replication,0.54,2,True,0.8125
metascience-citation-context-replication,0.59,2,True,0.75
metascience-citation-context-replication,+0.004,1,True,0.75
metascience-citation-context-replication,−0.006,1,True,0.75
metascience-citation-context-replication,+0.000,1,True,1.0
metascience-citation-context-replication,−0.004,1,True,0.75
metascience-citation-context-replication,0.525,3,True,0.375
metascience-citation-context-replication,0.506,3,True,0.375
metascience-citation-context-replication,0.544,3,True,0.4375
metascience-citation-context-replication,0.625,3,True,0.375
metascience-citation-context-replication,0.598,3,True,0.4375
metascience-citation-context-replication,0.650,3,True,0.5
metascience-citation-context-replication,+0.014,2,True,0.6875
metascience-citation-context-replication,−0.006,1,True,0.75
metascience-citation-context-replication,+0.031,2,True,0.75
metascience-citation-context-replication,0.535,3,True,0.4375
metascience-citation-context-replication,0.503,3,True,0.375
metascience-citation-context-replication,0.566,3,True,0.375
metascience-citation-context-replication,0.522,3,True,0.375
metascience-citation-context-replication,0.488,3,True,0.5625
metascience-citation-context-replication,0.555,3,True,0.375
metascience-citation-context-replication,0.596,3,True,0.4375
metascience-citation-context-replication,0.561,3,True,0.375
metascience-citation-context-replication,0.632,3,True,0.5
metascience-citation-context-replication,+0.008,1,True,0.6875
metascience-citation-context-replication,−0.012,2,True,0.625
metascience-citation-context-replication,+0.032,2,True,0.6875
metascience-citation-context-replication,13.9%,3,True,0.75
metascience-citation-context-replication,7.3%,2,True,0.625
metascience-citation-context-replication,0.534,3,True,0.4375
metascience-citation-context-replication,0.24,2,True,0.8125
metascience-citation-context-replication,0.55%,2,True,0.75
metascience-citation-context-replication,0.01,1,True,1.0
metascience-citation-context-replication,0.26%,2,True,0.9375
metascience-citation-context-replication,1.1,2,True,0.875
metascience-citation-context-replication,1.8%,2,True,0.9375
metascience-citation-context-replication,0.63,2,True,0.8125
metascience-citation-context-replication,0.53,2,True,0.75
metascience-citation-context-replication,0.65,2,True,0.8125
metascience-citation-context-replication,10%,1,True,1.0
metascience-citation-context-replication,43%,2,True,1.0
metascience-citation-context-replication,483,3,True,0.0625
seismology-geophysics-npp-gain-incompleteness-baseline,109%,3,True,0.8125
seismology-geophysics-npp-gain-incompleteness-baseline,1.2,2,True,0.8125
seismology-geophysics-npp-gain-incompleteness-baseline,1.3,2,True,0.75
seismology-geophysics-npp-gain-incompleteness-baseline,0.0,1,True,1.0
seismology-geophysics-npp-gain-incompleteness-baseline,+1.02,3,True,0.5625
seismology-geophysics-npp-gain-incompleteness-baseline,+1.61,3,True,0.375
seismology-geophysics-npp-gain-incompleteness-baseline,+1.39,3,True,0.625
seismology-geophysics-npp-gain-incompleteness-baseline,0.75,2,True,0.875
seismology-geophysics-npp-gain-incompleteness-baseline,−2.1,2,True,0.8125
seismology-geophysics-npp-gain-incompleteness-baseline,3.1,2,True,0.5
seismology-geophysics-npp-gain-incompleteness-baseline,95%,2,True,1.0
seismology-geophysics-npp-gain-incompleteness-baseline,1.2,2,True,0.8125
seismology-geophysics-npp-gain-incompleteness-baseline,+1.02,3,True,0.5625
seismology-geophysics-npp-gain-incompleteness-baseline,0.134,3,True,0.5
seismology-geophysics-npp-gain-incompleteness-baseline,0.038,2,True,0.625
seismology-geophysics-npp-gain-incompleteness-baseline,1.09,3,True,0.625
seismology-geophysics-npp-gain-incompleteness-baseline,0.69,2,True,0.8125
seismology-geophysics-npp-gain-incompleteness-baseline,1.31,3,True,0.4375
seismology-geophysics-npp-gain-incompleteness-baseline,1.2,2,True,0.8125
seismology-geophysics-npp-gain-incompleteness-baseline,+1.61,3,True,0.375
seismology-geophysics-npp-gain-incompleteness-baseline,0.352,3,True,0.375
seismology-geophysics-npp-gain-incompleteness-baseline,0.542,3,True,0.4375
seismology-geophysics-npp-gain-incompleteness-baseline,0.88,2,True,0.6875
seismology-geophysics-npp-gain-incompleteness-baseline,0.80,2,True,0.875
seismology-geophysics-npp-gain-incompleteness-baseline,0.97,2,True,0.8125
seismology-geophysics-npp-gain-incompleteness-baseline,1.3,2,True,0.75
seismology-geophysics-npp-gain-incompleteness-baseline,+1.39,3,True,0.625
seismology-geophysics-npp-gain-incompleteness-baseline,−0.310,3,True,0.75
seismology-geophysics-npp-gain-incompleteness-baseline,−0.261,3,True,0.375
seismology-geophysics-npp-gain-incompleteness-baseline,0.97,2,True,0.8125
seismology-geophysics-npp-gain-incompleteness-baseline,0.81,2,True,0.8125
seismology-geophysics-npp-gain-incompleteness-baseline,1.08,3,True,0.625
seismology-geophysics-npp-gain-incompleteness-baseline,−0.978,3,True,0.4375
seismology-geophysics-npp-gain-incompleteness-baseline,−1.070,4,True,0.375
seismology-geophysics-npp-gain-incompleteness-baseline,−1.646,4,True,0.0
seismology-geophysics-npp-gain-incompleteness-baseline,0.75,2,True,0.875
seismology-geophysics-npp-gain-incompleteness-baseline,0.75,2,True,0.875
seismology-geophysics-npp-gain-incompleteness-baseline,−0.001,1,True,0.875
seismology-geophysics-npp-gain-incompleteness-baseline,−0.037,2,True,0.75
seismology-geophysics-npp-gain-incompleteness-baseline,0.000,1,True,1.0
seismology-geophysics-npp-gain-incompleteness-baseline,−0.009,1,True,0.75
seismology-geophysics-npp-gain-incompleteness-baseline,+1.11,3,True,0.6875
seismology-geophysics-npp-gain-incompleteness-baseline,+1.43,3,True,0.375
seismology-geophysics-npp-gain-incompleteness-baseline,+1.38,3,True,0.375
seismology-geophysics-npp-gain-incompleteness-baseline,−0.10,2,True,0.9375
seismology-geophysics-npp-gain-incompleteness-baseline,+0.19,2,True,0.75
seismology-geophysics-npp-gain-incompleteness-baseline,+0.05,1,True,1.0
seismology-geophysics-npp-gain-incompleteness-baseline,+0.10,2,True,0.9375
seismology-geophysics-npp-gain-incompleteness-baseline,95%,2,True,1.0
seismology-geophysics-npp-gain-incompleteness-baseline,−0.30,2,True,0.9375
seismology-geophysics-npp-gain-incompleteness-baseline,+0.31,2,True,0.9375
seismology-geophysics-npp-gain-incompleteness-baseline,−0.19,2,True,0.75
seismology-geophysics-npp-gain-incompleteness-baseline,−0.33,2,True,0.8125
seismology-geophysics-npp-gain-incompleteness-baseline,−0.04,1,True,1.0
seismology-geophysics-npp-gain-incompleteness-baseline,−0.05,1,True,1.0
seismology-geophysics-npp-gain-incompleteness-baseline,−0.35,2,True,0.75
seismology-geophysics-npp-gain-incompleteness-baseline,+0.10,2,True,0.9375
seismology-geophysics-npp-gain-incompleteness-baseline,50%,1,True,1.0
seismology-geophysics-npp-gain-incompleteness-baseline,68%,2,True,0.8125
seismology-geophysics-npp-gain-incompleteness-baseline,1.06,3,True,0.5625
seismology-geophysics-npp-gain-incompleteness-baseline,0.86,2,True,0.8125
seismology-geophysics-npp-gain-incompleteness-baseline,0.95,2,True,0.8125
seismology-geophysics-npp-gain-incompleteness-baseline,2.0,2,True,1.0
seismology-geophysics-npp-gain-incompleteness-baseline,2.5,2,True,0.625
seismology-geophysics-npp-gain-incompleteness-baseline,3.0,2,True,1.0
seismology-geophysics-npp-gain-incompleteness-baseline,−1.34,3,True,0.375
seismology-geophysics-npp-gain-incompleteness-baseline,+0.36,2,True,0.8125
seismology-geophysics-npp-gain-incompleteness-baseline,2.0,2,True,1.0
seismology-geophysics-npp-gain-incompleteness-baseline,+0.22,2,True,1.0
seismology-geophysics-npp-gain-incompleteness-baseline,−0.41,2,True,0.8125
seismology-geophysics-npp-gain-incompleteness-baseline,0.02,1,True,0.8125
seismology-geophysics-npp-gain-incompleteness-baseline,12%,2,True,1.0
seismology-geophysics-npp-gain-incompleteness-baseline,1.5,2,True,0.8125
seismology-geophysics-npp-gain-incompleteness-baseline,1.1,2,True,0.875
seismology-geophysics-npp-gain-incompleteness-baseline,1.25,3,True,0.5625
seismology-geophysics-npp-gain-incompleteness-baseline,1.19,3,True,0.5625
seismology-geophysics-npp-gain-incompleteness-baseline,0.51,2,True,0.6875
seismology-geophysics-npp-gain-incompleteness-baseline,0.0023,2,False,0.5625
seismology-geophysics-npp-gain-incompleteness-baseline,0.51,2,True,0.6875
seismology-geophysics-npp-gain-incompleteness-baseline,0.88,2,True,0.6875
