run,sources,token,sig,own,chance
ai-evaluation-science-swe-audit-concordance,results+plan+deviations,500,1,True,0.0
ai-evaluation-science-swe-audit-concordance,results+plan+deviations,500,1,True,0.0
ai-evaluation-science-swe-audit-concordance,results+plan+deviations,16%,2,True,1.0
ai-evaluation-science-swe-audit-concordance,results+plan+deviations,2%,1,True,1.0
ai-evaluation-science-swe-audit-concordance,results+plan+deviations,500,1,True,0.0
ai-evaluation-science-swe-audit-concordance,results+plan+deviations,39%,2,True,1.0
ai-evaluation-science-swe-audit-concordance,results+plan+deviations,11%,2,True,1.0
ai-evaluation-science-swe-audit-concordance,results+plan+deviations,1.6%,2,True,0.6
ai-evaluation-science-swe-audit-concordance,results+plan+deviations,197,3,True,0.0
ai-evaluation-science-swe-audit-concordance,results+plan+deviations,39.4%,3,True,0.4
ai-evaluation-science-swe-audit-concordance,results+plan+deviations,2.0%,2,True,0.2
ai-evaluation-science-swe-audit-concordance,results+plan+deviations,2.4%,2,True,0.6
ai-evaluation-science-swe-audit-concordance,results+plan+deviations,2.4%,2,True,0.8
ai-evaluation-science-swe-audit-concordance,results+plan+deviations,175,3,True,0.0
ai-evaluation-science-swe-audit-concordance,results+plan+deviations,6.4%,2,True,0.4
ai-evaluation-science-swe-audit-concordance,results+plan+deviations,0.20,2,True,0.6
ai-evaluation-science-swe-audit-concordance,results+plan+deviations,95%,2,True,0.4
ai-evaluation-science-swe-audit-concordance,results+plan+deviations,0.15,2,True,0.4
ai-evaluation-science-swe-audit-concordance,results+plan+deviations,0.02,1,True,1.0
ai-evaluation-science-swe-audit-concordance,results+plan+deviations,0.26,2,True,1.0
ai-evaluation-science-swe-audit-concordance,results+plan+deviations,19.7,3,True,0.0
ai-evaluation-science-swe-audit-concordance,results+plan+deviations,14.2,3,True,0.0
ai-evaluation-science-swe-audit-concordance,results+plan+deviations,48.0,3,True,0.0
ai-evaluation-science-swe-audit-concordance,results+plan+deviations,95%,2,True,0.6
ai-evaluation-science-swe-audit-concordance,results+plan+deviations,0.04,1,True,1.0
ai-evaluation-science-swe-audit-concordance,results+plan+deviations,0.01,1,True,1.0
ai-evaluation-science-swe-audit-concordance,results+plan+deviations,0.08,1,True,1.0
ai-evaluation-science-swe-audit-concordance,results+plan+deviations,197,3,True,0.0
ai-evaluation-science-swe-audit-concordance,results+plan+deviations,0.03,1,True,1.0
ai-evaluation-science-swe-audit-concordance,results+plan+deviations,0.00,1,True,1.0
ai-evaluation-science-swe-audit-concordance,results+plan+deviations,0.07,1,True,1.0
ai-evaluation-science-swe-audit-concordance,results+plan+deviations,197,3,True,0.0
ai-evaluation-science-swe-audit-concordance,results+plan+deviations,0.04,1,True,1.0
ai-evaluation-science-swe-audit-concordance,results+plan+deviations,0.01,1,True,1.0
ai-evaluation-science-swe-audit-concordance,results+plan+deviations,0.08,1,True,1.0
ai-evaluation-science-swe-audit-concordance,results+plan+deviations,197,3,True,0.0
ai-evaluation-science-swe-audit-concordance,results+plan+deviations,0.35,2,True,1.0
ai-evaluation-science-swe-audit-concordance,results+plan+deviations,0.09,1,True,0.6
ai-evaluation-science-swe-audit-concordance,results+plan+deviations,0.60,2,True,0.4
ai-evaluation-science-swe-audit-concordance,results+plan+deviations,0.26,2,True,0.8
ai-evaluation-science-swe-audit-concordance,results+plan+deviations,−0.02,1,True,1.0
ai-evaluation-science-swe-audit-concordance,results+plan+deviations,0.49,2,True,0.6
ai-evaluation-science-swe-audit-concordance,results+plan+deviations,0.32,2,True,1.0
ai-evaluation-science-swe-audit-concordance,results+plan+deviations,0.07,1,True,0.8
ai-evaluation-science-swe-audit-concordance,results+plan+deviations,0.56,2,True,0.6
ai-evaluation-science-swe-audit-concordance,results+plan+deviations,0.15,2,True,1.0
ai-evaluation-science-swe-audit-concordance,results+plan+deviations,0.97,2,True,0.6
ai-evaluation-science-swe-audit-concordance,results+plan+deviations,2%,1,True,1.0
ai-evaluation-science-swe-audit-concordance,results+plan+deviations,0.95,2,True,0.8
ai-evaluation-science-swe-audit-concordance,results+plan+deviations,0.97,2,True,0.8
ai-evaluation-science-swe-audit-concordance,results+plan+deviations,0.12,2,True,0.8
ai-evaluation-science-swe-audit-concordance,results+plan+deviations,39.4%,3,True,0.0
ai-evaluation-science-swe-audit-concordance,results+plan+deviations,19.7,3,True,0.0
ai-evaluation-science-swe-audit-concordance,results+plan+deviations,14.2,3,True,0.0
ai-evaluation-science-swe-audit-concordance,results+plan+deviations,48.0,3,True,0.0
ai-evaluation-science-swe-audit-concordance,results+plan+deviations,0.15,2,True,0.8
ai-evaluation-science-swe-audit-concordance,results+plan+deviations,10.6%,3,True,0.2
ai-evaluation-science-swe-audit-concordance,results+plan+deviations,5.3,2,True,0.8
ai-evaluation-science-swe-audit-concordance,results+plan+deviations,3.6,2,True,0.6
ai-evaluation-science-swe-audit-concordance,results+plan+deviations,12.8,3,True,0.0
ai-evaluation-science-swe-audit-concordance,results+plan+deviations,0.17,2,True,0.4
ai-evaluation-science-swe-audit-concordance,results+plan+deviations,1.6%,2,True,1.0
ai-evaluation-science-swe-audit-concordance,results+plan+deviations,1.5,2,True,1.0
ai-evaluation-science-swe-audit-concordance,results+plan+deviations,1.2,2,True,0.8
ai-evaluation-science-swe-audit-concordance,results+plan+deviations,4.8,2,True,0.0
ai-evaluation-science-swe-audit-concordance,results+plan+deviations,0.18,2,True,0.2
ai-evaluation-science-swe-audit-concordance,results+plan+deviations,1.6,2,True,0.8
ai-evaluation-science-swe-audit-concordance,results+plan+deviations,2.4%,2,True,1.0
ai-evaluation-science-swe-audit-concordance,results+plan+deviations,"1,699",4,True,0.0
ai-evaluation-science-swe-audit-concordance,results+plan+deviations,17%,2,True,1.0
ai-evaluation-science-swe-audit-concordance,results+plan+deviations,94%,2,True,1.0
ai-evaluation-science-swe-audit-concordance,results+plan+deviations,61%,2,True,0.4
ai-evaluation-science-swe-audit-concordance,results+plan+deviations,9.8,2,True,0.0
ai-evaluation-science-swe-audit-concordance,results+plan+deviations,27%,2,True,1.0
ai-evaluation-science-swe-audit-concordance,results+plan+deviations,0.62,2,True,0.2
ai-evaluation-science-swe-audit-concordance,results+plan+deviations,83%,2,True,0.6
ai-evaluation-science-swe-audit-concordance,results+plan+deviations,0.26,2,True,0.6
ai-evaluation-science-swe-audit-concordance,results+plan+deviations,0.32,2,True,0.6
ai-evaluation-science-swe-audit-concordance,results+plan+deviations,0.29,2,True,0.2
ai-evaluation-science-swe-audit-concordance,results+plan+deviations,0.35,2,True,1.0
ai-evaluation-science-swe-audit-concordance,results+plan+deviations,2%,1,True,1.0
ai-evaluation-science-swe-audit-concordance,results+plan+deviations,95%,2,True,0.6
ai-evaluation-science-swe-audit-concordance,results+plan+deviations,0.7,1,True,0.8
ai-evaluation-science-swe-audit-concordance,results+plan+deviations,8%,1,True,1.0
ai-evaluation-science-swe-audit-concordance,results+plan+deviations,4%,1,True,1.0
ai-evaluation-science-swe-audit-concordance,results+plan+deviations,4551,4,True,0.0
ai-evaluation-science-swe-audit-concordance,results+plan+deviations,4604,4,True,0.0
ai-evaluation-science-swe-audit-concordance,results+plan+deviations,10356,5,True,0.0
ai-evaluation-science-swe-audit-concordance,results+plan+deviations,4551,4,True,0.0
ai-evaluation-science-swe-audit-concordance,results+plan+deviations,197,3,True,0.0
ai-evaluation-science-swe-audit-concordance,results+plan+deviations,0.67,2,True,0.6
ai-evaluation-science-swe-audit-concordance,results+plan+deviations,0.78,2,True,0.8
ai-evaluation-science-swe-audit-concordance,results+plan+deviations,0.70,2,True,0.6
ai-evaluation-science-swe-audit-concordance,results+plan+deviations,0.95,2,True,0.6
ai-evaluation-science-swe-audit-concordance,results+plan+deviations,0.98,2,True,0.8
ai-evaluation-science-swe-audit-concordance,results+plan+deviations,0.95,2,True,0.4
ai-evaluation-science-swe-audit-concordance,results+plan+deviations,0.97,2,True,0.6
ai-evaluation-science-swe-audit-concordance,results+plan+deviations,0.97,2,True,0.6
ai-evaluation-science-swe-audit-concordance,results+plan+deviations,0.95,2,True,0.6
ai-evaluation-science-swe-audit-concordance,results+plan+deviations,0.98,2,True,0.4
ai-evaluation-science-swe-audit-concordance,results+plan+deviations,0.97,2,True,0.4
ai-evaluation-science-swe-audit-concordance,results+plan+deviations,0.95,2,True,0.6
ai-evaluation-science-swe-audit-concordance,results+plan+deviations,0.67,2,True,1.0
ai-evaluation-science-swe-audit-concordance,results+plan+deviations,0.70,2,True,0.6
ai-evaluation-science-swe-audit-concordance,results+plan+deviations,0.02,1,True,1.0
ai-evaluation-science-swe-audit-concordance,results+plan+deviations,0.83,2,True,0.6
ai-evaluation-science-swe-audit-concordance,results+plan+deviations,0.83,2,True,0.8
ai-evaluation-science-swe-audit-concordance,results+plan+deviations,0.6,1,True,0.6
ai-evaluation-science-swe-audit-concordance,results+plan+deviations,135,3,True,0.0
ai-evaluation-science-swe-audit-concordance,results+plan+deviations,182,3,True,0.0
ai-evaluation-science-swe-audit-concordance,results+plan+deviations,59.4%,3,False,0.0
ai-evaluation-science-swe-audit-concordance,results+plan+deviations,27.6%,3,False,0.4
ai-evaluation-science-swe-audit-concordance,results only,500,1,True,0.0
ai-evaluation-science-swe-audit-concordance,results only,500,1,True,0.0
ai-evaluation-science-swe-audit-concordance,results only,16%,2,False,1.0
ai-evaluation-science-swe-audit-concordance,results only,2%,1,True,1.0
ai-evaluation-science-swe-audit-concordance,results only,500,1,True,0.0
ai-evaluation-science-swe-audit-concordance,results only,39%,2,True,1.0
ai-evaluation-science-swe-audit-concordance,results only,11%,2,True,0.8
ai-evaluation-science-swe-audit-concordance,results only,1.6%,2,True,1.0
ai-evaluation-science-swe-audit-concordance,results only,197,3,True,0.0
ai-evaluation-science-swe-audit-concordance,results only,39.4%,3,True,0.6
ai-evaluation-science-swe-audit-concordance,results only,2.0%,2,True,0.8
ai-evaluation-science-swe-audit-concordance,results only,2.4%,2,True,0.6
ai-evaluation-science-swe-audit-concordance,results only,2.4%,2,True,0.8
ai-evaluation-science-swe-audit-concordance,results only,175,3,False,0.0
ai-evaluation-science-swe-audit-concordance,results only,6.4%,2,True,1.0
ai-evaluation-science-swe-audit-concordance,results only,0.20,2,False,0.6
ai-evaluation-science-swe-audit-concordance,results only,95%,2,True,1.0
ai-evaluation-science-swe-audit-concordance,results only,0.15,2,True,0.6
ai-evaluation-science-swe-audit-concordance,results only,0.02,1,True,1.0
ai-evaluation-science-swe-audit-concordance,results only,0.26,2,True,0.6
ai-evaluation-science-swe-audit-concordance,results only,19.7,3,True,0.0
ai-evaluation-science-swe-audit-concordance,results only,14.2,3,True,0.0
ai-evaluation-science-swe-audit-concordance,results only,48.0,3,True,0.0
ai-evaluation-science-swe-audit-concordance,results only,95%,2,True,0.8
ai-evaluation-science-swe-audit-concordance,results only,0.04,1,True,1.0
ai-evaluation-science-swe-audit-concordance,results only,0.01,1,True,1.0
ai-evaluation-science-swe-audit-concordance,results only,0.08,1,True,1.0
ai-evaluation-science-swe-audit-concordance,results only,197,3,True,0.0
ai-evaluation-science-swe-audit-concordance,results only,0.03,1,True,1.0
ai-evaluation-science-swe-audit-concordance,results only,0.00,1,True,1.0
ai-evaluation-science-swe-audit-concordance,results only,0.07,1,True,1.0
ai-evaluation-science-swe-audit-concordance,results only,197,3,True,0.0
ai-evaluation-science-swe-audit-concordance,results only,0.04,1,True,1.0
ai-evaluation-science-swe-audit-concordance,results only,0.01,1,True,1.0
ai-evaluation-science-swe-audit-concordance,results only,0.08,1,True,0.8
ai-evaluation-science-swe-audit-concordance,results only,197,3,True,0.0
ai-evaluation-science-swe-audit-concordance,results only,0.35,2,True,1.0
ai-evaluation-science-swe-audit-concordance,results only,0.09,1,True,0.6
ai-evaluation-science-swe-audit-concordance,results only,0.60,2,True,0.4
ai-evaluation-science-swe-audit-concordance,results only,0.26,2,True,0.4
ai-evaluation-science-swe-audit-concordance,results only,−0.02,1,True,1.0
ai-evaluation-science-swe-audit-concordance,results only,0.49,2,True,1.0
ai-evaluation-science-swe-audit-concordance,results only,0.32,2,True,0.8
ai-evaluation-science-swe-audit-concordance,results only,0.07,1,True,1.0
ai-evaluation-science-swe-audit-concordance,results only,0.56,2,True,0.6
ai-evaluation-science-swe-audit-concordance,results only,0.15,2,True,0.6
ai-evaluation-science-swe-audit-concordance,results only,0.97,2,True,0.8
ai-evaluation-science-swe-audit-concordance,results only,2%,1,True,1.0
ai-evaluation-science-swe-audit-concordance,results only,0.95,2,True,1.0
ai-evaluation-science-swe-audit-concordance,results only,0.97,2,True,0.6
ai-evaluation-science-swe-audit-concordance,results only,0.12,2,True,0.8
ai-evaluation-science-swe-audit-concordance,results only,39.4%,3,True,0.2
ai-evaluation-science-swe-audit-concordance,results only,19.7,3,True,0.0
ai-evaluation-science-swe-audit-concordance,results only,14.2,3,True,0.0
ai-evaluation-science-swe-audit-concordance,results only,48.0,3,True,0.0
ai-evaluation-science-swe-audit-concordance,results only,0.15,2,True,1.0
ai-evaluation-science-swe-audit-concordance,results only,10.6%,3,True,0.2
ai-evaluation-science-swe-audit-concordance,results only,5.3,2,True,0.2
ai-evaluation-science-swe-audit-concordance,results only,3.6,2,True,0.0
ai-evaluation-science-swe-audit-concordance,results only,12.8,3,True,0.0
ai-evaluation-science-swe-audit-concordance,results only,0.17,2,True,0.6
ai-evaluation-science-swe-audit-concordance,results only,1.6%,2,True,1.0
ai-evaluation-science-swe-audit-concordance,results only,1.5,2,True,0.2
ai-evaluation-science-swe-audit-concordance,results only,1.2,2,True,0.8
ai-evaluation-science-swe-audit-concordance,results only,4.8,2,True,0.0
ai-evaluation-science-swe-audit-concordance,results only,0.18,2,True,0.2
ai-evaluation-science-swe-audit-concordance,results only,1.6,2,True,0.4
ai-evaluation-science-swe-audit-concordance,results only,2.4%,2,True,1.0
ai-evaluation-science-swe-audit-concordance,results only,"1,699",4,True,0.0
ai-evaluation-science-swe-audit-concordance,results only,17%,2,True,1.0
ai-evaluation-science-swe-audit-concordance,results only,94%,2,True,0.2
ai-evaluation-science-swe-audit-concordance,results only,61%,2,True,0.2
ai-evaluation-science-swe-audit-concordance,results only,9.8,2,True,0.0
ai-evaluation-science-swe-audit-concordance,results only,27%,2,True,0.6
ai-evaluation-science-swe-audit-concordance,results only,0.62,2,True,0.4
ai-evaluation-science-swe-audit-concordance,results only,83%,2,True,0.4
ai-evaluation-science-swe-audit-concordance,results only,0.26,2,True,0.8
ai-evaluation-science-swe-audit-concordance,results only,0.32,2,True,0.4
ai-evaluation-science-swe-audit-concordance,results only,0.29,2,True,0.8
ai-evaluation-science-swe-audit-concordance,results only,0.35,2,True,1.0
ai-evaluation-science-swe-audit-concordance,results only,2%,1,True,1.0
ai-evaluation-science-swe-audit-concordance,results only,95%,2,True,0.6
ai-evaluation-science-swe-audit-concordance,results only,0.7,1,True,0.8
ai-evaluation-science-swe-audit-concordance,results only,8%,1,True,1.0
ai-evaluation-science-swe-audit-concordance,results only,4%,1,True,1.0
ai-evaluation-science-swe-audit-concordance,results only,4551,4,True,0.0
ai-evaluation-science-swe-audit-concordance,results only,4604,4,True,0.0
ai-evaluation-science-swe-audit-concordance,results only,10356,5,True,0.0
ai-evaluation-science-swe-audit-concordance,results only,4551,4,True,0.0
ai-evaluation-science-swe-audit-concordance,results only,197,3,True,0.0
ai-evaluation-science-swe-audit-concordance,results only,0.67,2,True,1.0
ai-evaluation-science-swe-audit-concordance,results only,0.78,2,True,1.0
ai-evaluation-science-swe-audit-concordance,results only,0.70,2,True,0.8
ai-evaluation-science-swe-audit-concordance,results only,0.95,2,True,0.4
ai-evaluation-science-swe-audit-concordance,results only,0.98,2,True,0.2
ai-evaluation-science-swe-audit-concordance,results only,0.95,2,True,0.8
ai-evaluation-science-swe-audit-concordance,results only,0.97,2,True,0.4
ai-evaluation-science-swe-audit-concordance,results only,0.97,2,True,0.2
ai-evaluation-science-swe-audit-concordance,results only,0.95,2,True,0.8
ai-evaluation-science-swe-audit-concordance,results only,0.98,2,True,0.8
ai-evaluation-science-swe-audit-concordance,results only,0.97,2,True,0.6
ai-evaluation-science-swe-audit-concordance,results only,0.95,2,True,0.6
ai-evaluation-science-swe-audit-concordance,results only,0.67,2,True,1.0
ai-evaluation-science-swe-audit-concordance,results only,0.70,2,True,0.8
ai-evaluation-science-swe-audit-concordance,results only,0.02,1,True,1.0
ai-evaluation-science-swe-audit-concordance,results only,0.83,2,True,0.6
ai-evaluation-science-swe-audit-concordance,results only,0.83,2,True,0.2
ai-evaluation-science-swe-audit-concordance,results only,0.6,1,True,0.8
ai-evaluation-science-swe-audit-concordance,results only,135,3,False,0.0
ai-evaluation-science-swe-audit-concordance,results only,182,3,False,0.0
ai-evaluation-science-swe-audit-concordance,results only,59.4%,3,False,0.2
ai-evaluation-science-swe-audit-concordance,results only,27.6%,3,False,0.4
astronomy-gwtc4-q-chieff-copula-stress-test,results+plan+deviations,4.0,2,True,1.0
astronomy-gwtc4-q-chieff-copula-stress-test,results+plan+deviations,153,3,True,1.0
astronomy-gwtc4-q-chieff-copula-stress-test,results+plan+deviations,153,3,True,1.0
astronomy-gwtc4-q-chieff-copula-stress-test,results+plan+deviations,4.0,2,True,1.0
astronomy-gwtc4-q-chieff-copula-stress-test,results+plan+deviations,153,3,True,1.0
astronomy-gwtc4-q-chieff-copula-stress-test,results+plan+deviations,−0.20,2,True,1.0
astronomy-gwtc4-q-chieff-copula-stress-test,results+plan+deviations,+0.33,2,True,1.0
astronomy-gwtc4-q-chieff-copula-stress-test,results+plan+deviations,0.08,1,True,1.0
astronomy-gwtc4-q-chieff-copula-stress-test,results+plan+deviations,−0.217,3,True,1.0
astronomy-gwtc4-q-chieff-copula-stress-test,results+plan+deviations,0.010,2,True,1.0
astronomy-gwtc4-q-chieff-copula-stress-test,results+plan+deviations,−0.237,3,True,1.0
astronomy-gwtc4-q-chieff-copula-stress-test,results+plan+deviations,2.5%,2,True,1.0
astronomy-gwtc4-q-chieff-copula-stress-test,results+plan+deviations,10%,1,True,1.0
astronomy-gwtc4-q-chieff-copula-stress-test,results+plan+deviations,−0.11,2,True,1.0
astronomy-gwtc4-q-chieff-copula-stress-test,results+plan+deviations,−0.03,1,True,1.0
astronomy-gwtc4-q-chieff-copula-stress-test,results+plan+deviations,880,2,False,0.0
astronomy-gwtc4-q-chieff-copula-stress-test,results+plan+deviations,−0.11,2,True,1.0
astronomy-gwtc4-q-chieff-copula-stress-test,results+plan+deviations,−0.106,3,True,1.0
astronomy-gwtc4-q-chieff-copula-stress-test,results+plan+deviations,0.19,2,True,1.0
astronomy-gwtc4-q-chieff-copula-stress-test,results+plan+deviations,0.4,1,True,1.0
astronomy-gwtc4-q-chieff-copula-stress-test,results+plan+deviations,+0.17,2,True,1.0
astronomy-gwtc4-q-chieff-copula-stress-test,results+plan+deviations,0.33,2,True,1.0
astronomy-gwtc4-q-chieff-copula-stress-test,results+plan+deviations,66%,2,True,1.0
astronomy-gwtc4-q-chieff-copula-stress-test,results+plan+deviations,0.995,3,True,1.0
astronomy-gwtc4-q-chieff-copula-stress-test,results+plan+deviations,+3.4,2,True,1.0
astronomy-gwtc4-q-chieff-copula-stress-test,results+plan+deviations,0.80,2,True,1.0
astronomy-gwtc4-q-chieff-copula-stress-test,results+plan+deviations,−1.0,2,True,1.0
astronomy-gwtc4-q-chieff-copula-stress-test,results+plan+deviations,+0.17,2,True,1.0
astronomy-gwtc4-q-chieff-copula-stress-test,results+plan+deviations,−0.03,1,True,1.0
astronomy-gwtc4-q-chieff-copula-stress-test,results+plan+deviations,+0.07,1,True,1.0
astronomy-gwtc4-q-chieff-copula-stress-test,results+plan+deviations,0.22,2,True,1.0
astronomy-gwtc4-q-chieff-copula-stress-test,results+plan+deviations,0.43,2,True,1.0
astronomy-gwtc4-q-chieff-copula-stress-test,results+plan+deviations,0.1,1,True,1.0
astronomy-gwtc4-q-chieff-copula-stress-test,results+plan+deviations,0.77,2,True,1.0
astronomy-gwtc4-q-chieff-copula-stress-test,results+plan+deviations,0.62,2,True,1.0
astronomy-gwtc4-q-chieff-copula-stress-test,results+plan+deviations,0.75,2,True,1.0
astronomy-gwtc4-q-chieff-copula-stress-test,results+plan+deviations,0.64,2,True,1.0
astronomy-gwtc4-q-chieff-copula-stress-test,results+plan+deviations,0.64,2,True,1.0
astronomy-gwtc4-q-chieff-copula-stress-test,results+plan+deviations,0.55,2,True,1.0
astronomy-gwtc4-q-chieff-copula-stress-test,results+plan+deviations,−0.106,3,True,1.0
astronomy-gwtc4-q-chieff-copula-stress-test,results+plan+deviations,−0.219,3,True,1.0
astronomy-gwtc4-q-chieff-copula-stress-test,results+plan+deviations,−0.5,1,True,1.0
astronomy-gwtc4-q-chieff-copula-stress-test,results+plan+deviations,2.5%,2,True,1.0
astronomy-gwtc4-q-chieff-copula-stress-test,results+plan+deviations,−0.4,1,True,1.0
astronomy-gwtc4-q-chieff-copula-stress-test,results+plan+deviations,−0.6,1,True,1.0
astronomy-gwtc4-q-chieff-copula-stress-test,results+plan+deviations,−0.14,2,True,1.0
astronomy-gwtc4-q-chieff-copula-stress-test,results+plan+deviations,3.0,2,True,1.0
astronomy-gwtc4-q-chieff-copula-stress-test,results+plan+deviations,0.98,2,True,1.0
astronomy-gwtc4-q-chieff-copula-stress-test,results+plan+deviations,4.0,2,True,1.0
astronomy-gwtc4-q-chieff-copula-stress-test,results+plan+deviations,0.82,2,True,1.0
astronomy-gwtc4-q-chieff-copula-stress-test,results+plan+deviations,0.95,2,True,1.0
astronomy-gwtc4-q-chieff-copula-stress-test,results+plan+deviations,99%,2,True,1.0
astronomy-gwtc4-q-chieff-copula-stress-test,results+plan+deviations,−2.1,2,True,1.0
astronomy-gwtc4-q-chieff-copula-stress-test,results+plan+deviations,+2.4,2,True,1.0
astronomy-gwtc4-q-chieff-copula-stress-test,results+plan+deviations,−2.9,2,True,1.0
astronomy-gwtc4-q-chieff-copula-stress-test,results+plan+deviations,92%,2,True,1.0
astronomy-gwtc4-q-chieff-copula-stress-test,results+plan+deviations,4.0,2,True,1.0
astronomy-gwtc4-q-chieff-copula-stress-test,results+plan+deviations,153,3,True,1.0
astronomy-gwtc4-q-chieff-copula-stress-test,results+plan+deviations,1%,1,True,1.0
astronomy-gwtc4-q-chieff-copula-stress-test,results+plan+deviations,3.0,2,True,1.0
astronomy-gwtc4-q-chieff-copula-stress-test,results+plan+deviations,0.99,2,True,1.0
astronomy-gwtc4-q-chieff-copula-stress-test,results+plan+deviations,1.07,3,True,1.0
astronomy-gwtc4-q-chieff-copula-stress-test,results+plan+deviations,"10,000",1,True,0.0
astronomy-gwtc4-q-chieff-copula-stress-test,results+plan+deviations,5%,1,True,1.0
astronomy-gwtc4-q-chieff-copula-stress-test,results+plan+deviations,5%,1,True,1.0
astronomy-gwtc4-q-chieff-copula-stress-test,results+plan+deviations,0.995,3,True,1.0
astronomy-gwtc4-q-chieff-copula-stress-test,results+plan+deviations,0.830,3,True,1.0
astronomy-gwtc4-q-chieff-copula-stress-test,results+plan+deviations,0.82,2,True,1.0
astronomy-gwtc4-q-chieff-copula-stress-test,results+plan+deviations,0.95,2,True,1.0
astronomy-gwtc4-q-chieff-copula-stress-test,results+plan+deviations,0.802,3,True,1.0
astronomy-gwtc4-q-chieff-copula-stress-test,results+plan+deviations,0.889,3,True,1.0
astronomy-gwtc4-q-chieff-copula-stress-test,results+plan+deviations,9.7,2,True,1.0
astronomy-gwtc4-q-chieff-copula-stress-test,results+plan+deviations,56%,2,True,1.0
astronomy-gwtc4-q-chieff-copula-stress-test,results+plan+deviations,2.5,2,True,1.0
astronomy-gwtc4-q-chieff-copula-stress-test,results+plan+deviations,+3.44,3,True,1.0
astronomy-gwtc4-q-chieff-copula-stress-test,results+plan+deviations,−0.98,2,True,1.0
astronomy-gwtc4-q-chieff-copula-stress-test,results+plan+deviations,+1.84,3,True,1.0
astronomy-gwtc4-q-chieff-copula-stress-test,results+plan+deviations,+0.84,2,True,1.0
astronomy-gwtc4-q-chieff-copula-stress-test,results+plan+deviations,+2.88,3,True,1.0
astronomy-gwtc4-q-chieff-copula-stress-test,results+plan+deviations,−0.93,2,True,1.0
astronomy-gwtc4-q-chieff-copula-stress-test,results+plan+deviations,+0.03,1,True,1.0
astronomy-gwtc4-q-chieff-copula-stress-test,results+plan+deviations,0.985,3,True,1.0
astronomy-gwtc4-q-chieff-copula-stress-test,results+plan+deviations,0.985,3,True,1.0
astronomy-gwtc4-q-chieff-copula-stress-test,results+plan+deviations,0.995,3,True,1.0
astronomy-gwtc4-q-chieff-copula-stress-test,results+plan+deviations,0.80,2,True,1.0
astronomy-gwtc4-q-chieff-copula-stress-test,results+plan+deviations,0.84,2,True,1.0
astronomy-gwtc4-q-chieff-copula-stress-test,results+plan+deviations,0.88,2,True,1.0
astronomy-gwtc4-q-chieff-copula-stress-test,results+plan+deviations,0.94,2,True,1.0
astronomy-gwtc4-q-chieff-copula-stress-test,results+plan+deviations,0.77,2,True,1.0
astronomy-gwtc4-q-chieff-copula-stress-test,results+plan+deviations,0.87,2,True,1.0
astronomy-gwtc4-q-chieff-copula-stress-test,results+plan+deviations,0.830,3,True,1.0
astronomy-gwtc4-q-chieff-copula-stress-test,results+plan+deviations,0.676,3,True,1.0
astronomy-gwtc4-q-chieff-copula-stress-test,results+plan+deviations,0.01,1,True,1.0
astronomy-gwtc4-q-chieff-copula-stress-test,results+plan+deviations,0.15,2,True,1.0
astronomy-gwtc4-q-chieff-copula-stress-test,results+plan+deviations,0.08,1,True,1.0
astronomy-gwtc4-q-chieff-copula-stress-test,results+plan+deviations,−0.53,2,True,1.0
astronomy-gwtc4-q-chieff-copula-stress-test,results+plan+deviations,+0.25,2,True,1.0
astronomy-gwtc4-q-chieff-copula-stress-test,results+plan+deviations,0.3,1,True,1.0
astronomy-gwtc4-q-chieff-copula-stress-test,results+plan+deviations,0.9,1,True,1.0
astronomy-gwtc4-q-chieff-copula-stress-test,results+plan+deviations,−0.86,2,True,1.0
astronomy-gwtc4-q-chieff-copula-stress-test,results+plan+deviations,66%,2,True,1.0
astronomy-gwtc4-q-chieff-copula-stress-test,results+plan+deviations,153,3,True,1.0
astronomy-gwtc4-q-chieff-copula-stress-test,results+plan+deviations,−2.10,3,True,1.0
astronomy-gwtc4-q-chieff-copula-stress-test,results+plan+deviations,−2.07,3,True,1.0
astronomy-gwtc4-q-chieff-copula-stress-test,results+plan+deviations,−4567.24,5,True,0.4
astronomy-gwtc4-q-chieff-copula-stress-test,results+plan+deviations,−4567.09,5,True,0.2
astronomy-gwtc4-q-chieff-copula-stress-test,results+plan+deviations,−0.51,2,True,1.0
astronomy-gwtc4-q-chieff-copula-stress-test,results+plan+deviations,90%,1,True,1.0
astronomy-gwtc4-q-chieff-copula-stress-test,results+plan+deviations,−3.9,2,True,1.0
astronomy-gwtc4-q-chieff-copula-stress-test,results+plan+deviations,+2.7,2,True,1.0
astronomy-gwtc4-q-chieff-copula-stress-test,results+plan+deviations,0.60,2,True,1.0
astronomy-gwtc4-q-chieff-copula-stress-test,results+plan+deviations,−2.1,2,True,1.0
astronomy-gwtc4-q-chieff-copula-stress-test,results+plan+deviations,+2.4,2,True,1.0
astronomy-gwtc4-q-chieff-copula-stress-test,results+plan+deviations,−2.9,2,True,1.0
astronomy-gwtc4-q-chieff-copula-stress-test,results+plan+deviations,0.92,2,True,1.0
astronomy-gwtc4-q-chieff-copula-stress-test,results+plan+deviations,−0.98,2,True,1.0
astronomy-gwtc4-q-chieff-copula-stress-test,results+plan+deviations,−0.84,2,True,1.0
astronomy-gwtc4-q-chieff-copula-stress-test,results+plan+deviations,−0.09,1,True,1.0
astronomy-gwtc4-q-chieff-copula-stress-test,results+plan+deviations,90%,1,True,1.0
astronomy-gwtc4-q-chieff-copula-stress-test,results+plan+deviations,−0.53,2,True,1.0
astronomy-gwtc4-q-chieff-copula-stress-test,results+plan+deviations,+0.37,2,True,1.0
astronomy-gwtc4-q-chieff-copula-stress-test,results+plan+deviations,0.61,2,True,1.0
astronomy-gwtc4-q-chieff-copula-stress-test,results+plan+deviations,0.48,2,True,1.0
astronomy-gwtc4-q-chieff-copula-stress-test,results+plan+deviations,0.52,2,True,1.0
astronomy-gwtc4-q-chieff-copula-stress-test,results+plan+deviations,81%,2,True,1.0
astronomy-gwtc4-q-chieff-copula-stress-test,results+plan+deviations,2.17,3,True,1.0
astronomy-gwtc4-q-chieff-copula-stress-test,results+plan+deviations,0.59,2,True,1.0
astronomy-gwtc4-q-chieff-copula-stress-test,results+plan+deviations,0.59,2,True,1.0
astronomy-gwtc4-q-chieff-copula-stress-test,results+plan+deviations,41%,2,True,1.0
astronomy-gwtc4-q-chieff-copula-stress-test,results+plan+deviations,0.96,2,True,1.0
astronomy-gwtc4-q-chieff-copula-stress-test,results+plan+deviations,0.72,2,True,1.0
astronomy-gwtc4-q-chieff-copula-stress-test,results+plan+deviations,1.19,3,True,1.0
astronomy-gwtc4-q-chieff-copula-stress-test,results+plan+deviations,0.46,2,True,1.0
astronomy-gwtc4-q-chieff-copula-stress-test,results+plan+deviations,0.55,2,True,1.0
astronomy-gwtc4-q-chieff-copula-stress-test,results+plan+deviations,70%,1,True,1.0
astronomy-gwtc4-q-chieff-copula-stress-test,results+plan+deviations,0.89,2,True,1.0
astronomy-gwtc4-q-chieff-copula-stress-test,results+plan+deviations,0.67,2,True,1.0
astronomy-gwtc4-q-chieff-copula-stress-test,results+plan+deviations,1.16,3,True,1.0
astronomy-gwtc4-q-chieff-copula-stress-test,results+plan+deviations,0.44,2,True,1.0
astronomy-gwtc4-q-chieff-copula-stress-test,results+plan+deviations,0.55,2,True,1.0
astronomy-gwtc4-q-chieff-copula-stress-test,results+plan+deviations,69%,2,True,1.0
astronomy-gwtc4-q-chieff-copula-stress-test,results+plan+deviations,200,1,True,0.4
astronomy-gwtc4-q-chieff-copula-stress-test,results+plan+deviations,240,2,True,0.2
astronomy-gwtc4-q-chieff-copula-stress-test,results+plan+deviations,95%,2,True,1.0
astronomy-gwtc4-q-chieff-copula-stress-test,results+plan+deviations,−0.217,3,True,1.0
astronomy-gwtc4-q-chieff-copula-stress-test,results+plan+deviations,−0.074,2,True,1.0
astronomy-gwtc4-q-chieff-copula-stress-test,results+plan+deviations,−0.206,3,True,1.0
astronomy-gwtc4-q-chieff-copula-stress-test,results+plan+deviations,+0.025,2,True,1.0
astronomy-gwtc4-q-chieff-copula-stress-test,results+plan+deviations,0.010,2,True,1.0
astronomy-gwtc4-q-chieff-copula-stress-test,results+plan+deviations,0.015,2,True,1.0
astronomy-gwtc4-q-chieff-copula-stress-test,results+plan+deviations,−0.106,3,True,1.0
astronomy-gwtc4-q-chieff-copula-stress-test,results+plan+deviations,−0.052,2,True,1.0
astronomy-gwtc4-q-chieff-copula-stress-test,results+plan+deviations,−0.173,3,True,1.0
astronomy-gwtc4-q-chieff-copula-stress-test,results+plan+deviations,+0.050,2,True,1.0
astronomy-gwtc4-q-chieff-copula-stress-test,results+plan+deviations,0.190,3,True,1.0
astronomy-gwtc4-q-chieff-copula-stress-test,results+plan+deviations,0.380,3,True,1.0
astronomy-gwtc4-q-chieff-copula-stress-test,results+plan+deviations,−0.057,2,True,1.0
astronomy-gwtc4-q-chieff-copula-stress-test,results+plan+deviations,−0.007,1,True,1.0
astronomy-gwtc4-q-chieff-copula-stress-test,results+plan+deviations,−0.102,3,True,1.0
astronomy-gwtc4-q-chieff-copula-stress-test,results+plan+deviations,+0.094,2,True,1.0
astronomy-gwtc4-q-chieff-copula-stress-test,results+plan+deviations,0.190,3,True,1.0
astronomy-gwtc4-q-chieff-copula-stress-test,results+plan+deviations,0.410,3,True,1.0
astronomy-gwtc4-q-chieff-copula-stress-test,results+plan+deviations,−0.102,3,True,1.0
astronomy-gwtc4-q-chieff-copula-stress-test,results+plan+deviations,−0.063,2,True,1.0
astronomy-gwtc4-q-chieff-copula-stress-test,results+plan+deviations,−0.168,3,True,1.0
astronomy-gwtc4-q-chieff-copula-stress-test,results+plan+deviations,+0.049,2,True,1.0
astronomy-gwtc4-q-chieff-copula-stress-test,results+plan+deviations,0.185,3,True,1.0
astronomy-gwtc4-q-chieff-copula-stress-test,results+plan+deviations,0.475,3,True,1.0
astronomy-gwtc4-q-chieff-copula-stress-test,results+plan+deviations,2.5%,2,True,1.0
astronomy-gwtc4-q-chieff-copula-stress-test,results+plan+deviations,10%,1,True,1.0
astronomy-gwtc4-q-chieff-copula-stress-test,results+plan+deviations,−0.217,3,True,1.0
astronomy-gwtc4-q-chieff-copula-stress-test,results+plan+deviations,−0.074,2,True,1.0
astronomy-gwtc4-q-chieff-copula-stress-test,results+plan+deviations,1.0%,2,True,1.0
astronomy-gwtc4-q-chieff-copula-stress-test,results+plan+deviations,−0.4,1,True,1.0
astronomy-gwtc4-q-chieff-copula-stress-test,results+plan+deviations,−0.110,3,True,1.0
astronomy-gwtc4-q-chieff-copula-stress-test,results+plan+deviations,2.5%,2,True,1.0
astronomy-gwtc4-q-chieff-copula-stress-test,results+plan+deviations,−0.6,1,True,1.0
astronomy-gwtc4-q-chieff-copula-stress-test,results+plan+deviations,−0.123,3,True,1.0
astronomy-gwtc4-q-chieff-copula-stress-test,results+plan+deviations,0%,1,True,1.0
astronomy-gwtc4-q-chieff-copula-stress-test,results+plan+deviations,−0.088,2,True,1.0
astronomy-gwtc4-q-chieff-copula-stress-test,results+plan+deviations,0%,1,True,1.0
astronomy-gwtc4-q-chieff-copula-stress-test,results+plan+deviations,−0.144,3,True,1.0
astronomy-gwtc4-q-chieff-copula-stress-test,results+plan+deviations,10%,1,True,1.0
astronomy-gwtc4-q-chieff-copula-stress-test,results+plan+deviations,−0.217,3,True,1.0
astronomy-gwtc4-q-chieff-copula-stress-test,results+plan+deviations,5%,1,True,1.0
astronomy-gwtc4-q-chieff-copula-stress-test,results+plan+deviations,5%,1,True,1.0
astronomy-gwtc4-q-chieff-copula-stress-test,results+plan+deviations,+0.17,2,True,1.0
astronomy-gwtc4-q-chieff-copula-stress-test,results+plan+deviations,0.02,1,True,1.0
astronomy-gwtc4-q-chieff-copula-stress-test,results+plan+deviations,+0.00,1,True,1.0
astronomy-gwtc4-q-chieff-copula-stress-test,results+plan+deviations,−0.31,2,True,1.0
astronomy-gwtc4-q-chieff-copula-stress-test,results+plan+deviations,+0.35,2,True,1.0
astronomy-gwtc4-q-chieff-copula-stress-test,results+plan+deviations,0.33,2,True,1.0
astronomy-gwtc4-q-chieff-copula-stress-test,results+plan+deviations,0.48,2,True,1.0
astronomy-gwtc4-q-chieff-copula-stress-test,results+plan+deviations,0.63,2,True,1.0
astronomy-gwtc4-q-chieff-copula-stress-test,results+plan+deviations,0.56,2,True,1.0
astronomy-gwtc4-q-chieff-copula-stress-test,results+plan+deviations,−0.86,2,True,1.0
astronomy-gwtc4-q-chieff-copula-stress-test,results+plan+deviations,−0.66,2,True,1.0
astronomy-gwtc4-q-chieff-copula-stress-test,results+plan+deviations,0.66,2,True,1.0
astronomy-gwtc4-q-chieff-copula-stress-test,results+plan+deviations,0.33,2,True,1.0
astronomy-gwtc4-q-chieff-copula-stress-test,results+plan+deviations,45%,2,True,1.0
astronomy-gwtc4-q-chieff-copula-stress-test,results+plan+deviations,−0.6,1,True,1.0
astronomy-gwtc4-q-chieff-copula-stress-test,results+plan+deviations,20%,1,True,1.0
astronomy-gwtc4-q-chieff-copula-stress-test,results+plan+deviations,2.5%,2,True,1.0
astronomy-gwtc4-q-chieff-copula-stress-test,results+plan+deviations,−0.4,1,True,1.0
astronomy-gwtc4-q-chieff-copula-stress-test,results+plan+deviations,−0.6,1,True,1.0
astronomy-gwtc4-q-chieff-copula-stress-test,results+plan+deviations,12.5%,3,True,1.0
astronomy-gwtc4-q-chieff-copula-stress-test,results+plan+deviations,32.5%,3,True,1.0
astronomy-gwtc4-q-chieff-copula-stress-test,results+plan+deviations,0.25,2,True,1.0
astronomy-gwtc4-q-chieff-copula-stress-test,results+plan+deviations,0.65,2,True,1.0
astronomy-gwtc4-q-chieff-copula-stress-test,results+plan+deviations,−0.14,2,True,1.0
astronomy-gwtc4-q-chieff-copula-stress-test,results+plan+deviations,−0.015,2,True,1.0
astronomy-gwtc4-q-chieff-copula-stress-test,results+plan+deviations,0.09,1,True,1.0
astronomy-gwtc4-q-chieff-copula-stress-test,results+plan+deviations,153,3,True,1.0
astronomy-gwtc4-q-chieff-copula-stress-test,results+plan+deviations,+0.17,2,True,1.0
astronomy-gwtc4-q-chieff-copula-stress-test,results+plan+deviations,+0.07,1,True,1.0
astronomy-gwtc4-q-chieff-copula-stress-test,results+plan+deviations,−0.217,3,True,1.0
astronomy-gwtc4-q-chieff-copula-stress-test,results+plan+deviations,−0.03,1,True,1.0
astronomy-gwtc4-q-chieff-copula-stress-test,results+plan+deviations,−0.36,2,True,1.0
astronomy-gwtc4-q-chieff-copula-stress-test,results+plan+deviations,−0.254,3,True,1.0
astronomy-gwtc4-q-chieff-copula-stress-test,results+plan+deviations,+0.07,1,True,1.0
astronomy-gwtc4-q-chieff-copula-stress-test,results+plan+deviations,−0.05,1,True,1.0
astronomy-gwtc4-q-chieff-copula-stress-test,results+plan+deviations,−0.175,3,True,1.0
astronomy-gwtc4-q-chieff-copula-stress-test,results+plan+deviations,0.02,1,True,1.0
astronomy-gwtc4-q-chieff-copula-stress-test,results+plan+deviations,0.21,2,True,1.0
astronomy-gwtc4-q-chieff-copula-stress-test,results+plan+deviations,0.22,2,True,1.0
astronomy-gwtc4-q-chieff-copula-stress-test,results+plan+deviations,68%,2,True,1.0
astronomy-gwtc4-q-chieff-copula-stress-test,results+plan+deviations,0.43,2,True,1.0
astronomy-gwtc4-q-chieff-copula-stress-test,results+plan+deviations,0.2,1,True,1.0
astronomy-gwtc4-q-chieff-copula-stress-test,results+plan+deviations,4.0,2,True,1.0
astronomy-gwtc4-q-chieff-copula-stress-test,results+plan+deviations,0.61,2,True,1.0
astronomy-gwtc4-q-chieff-copula-stress-test,results+plan+deviations,91%,2,True,1.0
astronomy-gwtc4-q-chieff-copula-stress-test,results+plan+deviations,0.55,2,True,1.0
astronomy-gwtc4-q-chieff-copula-stress-test,results+plan+deviations,79%,2,True,1.0
astronomy-gwtc4-q-chieff-copula-stress-test,results+plan+deviations,−0.20,2,True,1.0
astronomy-gwtc4-q-chieff-copula-stress-test,results+plan+deviations,0.010,2,True,1.0
astronomy-gwtc4-q-chieff-copula-stress-test,results+plan+deviations,200,1,True,0.4
astronomy-gwtc4-q-chieff-copula-stress-test,results+plan+deviations,2.5%,2,True,1.0
astronomy-gwtc4-q-chieff-copula-stress-test,results+plan+deviations,10%,1,True,1.0
astronomy-gwtc4-q-chieff-copula-stress-test,results+plan+deviations,5%,1,True,1.0
astronomy-gwtc4-q-chieff-copula-stress-test,results+plan+deviations,0.19,2,True,1.0
astronomy-gwtc4-q-chieff-copula-stress-test,results+plan+deviations,0.33,2,True,1.0
astronomy-gwtc4-q-chieff-copula-stress-test,results+plan+deviations,0.66,2,True,1.0
astronomy-gwtc4-q-chieff-copula-stress-test,results+plan+deviations,0.4,1,True,1.0
astronomy-gwtc4-q-chieff-copula-stress-test,results+plan+deviations,−0.4,1,True,1.0
astronomy-gwtc4-q-chieff-copula-stress-test,results+plan+deviations,+0.17,2,True,1.0
astronomy-gwtc4-q-chieff-copula-stress-test,results+plan+deviations,−0.03,1,True,1.0
astronomy-gwtc4-q-chieff-copula-stress-test,results+plan+deviations,−0.14,2,True,1.0
astronomy-gwtc4-q-chieff-copula-stress-test,results+plan+deviations,4.0,2,True,1.0
astronomy-gwtc4-q-chieff-copula-stress-test,results+plan+deviations,4.0,2,True,1.0
astronomy-gwtc4-q-chieff-copula-stress-test,results+plan+deviations,0.07,1,True,1.0
astronomy-gwtc4-q-chieff-copula-stress-test,results+plan+deviations,0.012,2,True,1.0
astronomy-gwtc4-q-chieff-copula-stress-test,results+plan+deviations,0.15,2,True,1.0
astronomy-gwtc4-q-chieff-copula-stress-test,results+plan+deviations,0.99,2,True,1.0
astronomy-gwtc4-q-chieff-copula-stress-test,results+plan+deviations,1.6,2,True,1.0
astronomy-gwtc4-q-chieff-copula-stress-test,results only,4.0,2,True,1.0
astronomy-gwtc4-q-chieff-copula-stress-test,results only,153,3,True,1.0
astronomy-gwtc4-q-chieff-copula-stress-test,results only,153,3,True,1.0
astronomy-gwtc4-q-chieff-copula-stress-test,results only,4.0,2,True,1.0
astronomy-gwtc4-q-chieff-copula-stress-test,results only,153,3,True,1.0
astronomy-gwtc4-q-chieff-copula-stress-test,results only,−0.20,2,True,1.0
astronomy-gwtc4-q-chieff-copula-stress-test,results only,+0.33,2,True,1.0
astronomy-gwtc4-q-chieff-copula-stress-test,results only,0.08,1,True,1.0
astronomy-gwtc4-q-chieff-copula-stress-test,results only,−0.217,3,True,1.0
astronomy-gwtc4-q-chieff-copula-stress-test,results only,0.010,2,True,1.0
astronomy-gwtc4-q-chieff-copula-stress-test,results only,−0.237,3,True,1.0
astronomy-gwtc4-q-chieff-copula-stress-test,results only,2.5%,2,True,1.0
astronomy-gwtc4-q-chieff-copula-stress-test,results only,10%,1,True,1.0
astronomy-gwtc4-q-chieff-copula-stress-test,results only,−0.11,2,True,1.0
astronomy-gwtc4-q-chieff-copula-stress-test,results only,−0.03,1,True,1.0
astronomy-gwtc4-q-chieff-copula-stress-test,results only,880,2,False,0.0
astronomy-gwtc4-q-chieff-copula-stress-test,results only,−0.11,2,True,1.0
astronomy-gwtc4-q-chieff-copula-stress-test,results only,−0.106,3,True,1.0
astronomy-gwtc4-q-chieff-copula-stress-test,results only,0.19,2,True,1.0
astronomy-gwtc4-q-chieff-copula-stress-test,results only,0.4,1,True,1.0
astronomy-gwtc4-q-chieff-copula-stress-test,results only,+0.17,2,True,1.0
astronomy-gwtc4-q-chieff-copula-stress-test,results only,0.33,2,True,1.0
astronomy-gwtc4-q-chieff-copula-stress-test,results only,66%,2,True,1.0
astronomy-gwtc4-q-chieff-copula-stress-test,results only,0.995,3,True,1.0
astronomy-gwtc4-q-chieff-copula-stress-test,results only,+3.4,2,True,1.0
astronomy-gwtc4-q-chieff-copula-stress-test,results only,0.80,2,True,1.0
astronomy-gwtc4-q-chieff-copula-stress-test,results only,−1.0,2,True,1.0
astronomy-gwtc4-q-chieff-copula-stress-test,results only,+0.17,2,True,1.0
astronomy-gwtc4-q-chieff-copula-stress-test,results only,−0.03,1,True,1.0
astronomy-gwtc4-q-chieff-copula-stress-test,results only,+0.07,1,True,1.0
astronomy-gwtc4-q-chieff-copula-stress-test,results only,0.22,2,True,1.0
astronomy-gwtc4-q-chieff-copula-stress-test,results only,0.43,2,True,1.0
astronomy-gwtc4-q-chieff-copula-stress-test,results only,0.1,1,True,1.0
astronomy-gwtc4-q-chieff-copula-stress-test,results only,0.77,2,True,1.0
astronomy-gwtc4-q-chieff-copula-stress-test,results only,0.62,2,True,1.0
astronomy-gwtc4-q-chieff-copula-stress-test,results only,0.75,2,True,1.0
astronomy-gwtc4-q-chieff-copula-stress-test,results only,0.64,2,True,1.0
astronomy-gwtc4-q-chieff-copula-stress-test,results only,0.64,2,True,1.0
astronomy-gwtc4-q-chieff-copula-stress-test,results only,0.55,2,True,1.0
astronomy-gwtc4-q-chieff-copula-stress-test,results only,−0.106,3,True,1.0
astronomy-gwtc4-q-chieff-copula-stress-test,results only,−0.219,3,True,1.0
astronomy-gwtc4-q-chieff-copula-stress-test,results only,−0.5,1,True,1.0
astronomy-gwtc4-q-chieff-copula-stress-test,results only,2.5%,2,True,1.0
astronomy-gwtc4-q-chieff-copula-stress-test,results only,−0.4,1,True,1.0
astronomy-gwtc4-q-chieff-copula-stress-test,results only,−0.6,1,True,1.0
astronomy-gwtc4-q-chieff-copula-stress-test,results only,−0.14,2,True,1.0
astronomy-gwtc4-q-chieff-copula-stress-test,results only,3.0,2,True,1.0
astronomy-gwtc4-q-chieff-copula-stress-test,results only,0.98,2,True,1.0
astronomy-gwtc4-q-chieff-copula-stress-test,results only,4.0,2,True,1.0
astronomy-gwtc4-q-chieff-copula-stress-test,results only,0.82,2,True,1.0
astronomy-gwtc4-q-chieff-copula-stress-test,results only,0.95,2,True,1.0
astronomy-gwtc4-q-chieff-copula-stress-test,results only,99%,2,True,1.0
astronomy-gwtc4-q-chieff-copula-stress-test,results only,−2.1,2,True,1.0
astronomy-gwtc4-q-chieff-copula-stress-test,results only,+2.4,2,True,1.0
astronomy-gwtc4-q-chieff-copula-stress-test,results only,−2.9,2,True,1.0
astronomy-gwtc4-q-chieff-copula-stress-test,results only,92%,2,True,1.0
astronomy-gwtc4-q-chieff-copula-stress-test,results only,4.0,2,True,1.0
astronomy-gwtc4-q-chieff-copula-stress-test,results only,153,3,True,1.0
astronomy-gwtc4-q-chieff-copula-stress-test,results only,1%,1,True,1.0
astronomy-gwtc4-q-chieff-copula-stress-test,results only,3.0,2,True,1.0
astronomy-gwtc4-q-chieff-copula-stress-test,results only,0.99,2,True,1.0
astronomy-gwtc4-q-chieff-copula-stress-test,results only,1.07,3,True,1.0
astronomy-gwtc4-q-chieff-copula-stress-test,results only,"10,000",1,True,0.0
astronomy-gwtc4-q-chieff-copula-stress-test,results only,5%,1,True,1.0
astronomy-gwtc4-q-chieff-copula-stress-test,results only,5%,1,True,1.0
astronomy-gwtc4-q-chieff-copula-stress-test,results only,0.995,3,True,1.0
astronomy-gwtc4-q-chieff-copula-stress-test,results only,0.830,3,True,1.0
astronomy-gwtc4-q-chieff-copula-stress-test,results only,0.82,2,True,1.0
astronomy-gwtc4-q-chieff-copula-stress-test,results only,0.95,2,True,1.0
astronomy-gwtc4-q-chieff-copula-stress-test,results only,0.802,3,True,1.0
astronomy-gwtc4-q-chieff-copula-stress-test,results only,0.889,3,True,1.0
astronomy-gwtc4-q-chieff-copula-stress-test,results only,9.7,2,True,1.0
astronomy-gwtc4-q-chieff-copula-stress-test,results only,56%,2,True,1.0
astronomy-gwtc4-q-chieff-copula-stress-test,results only,2.5,2,True,1.0
astronomy-gwtc4-q-chieff-copula-stress-test,results only,+3.44,3,True,1.0
astronomy-gwtc4-q-chieff-copula-stress-test,results only,−0.98,2,True,1.0
astronomy-gwtc4-q-chieff-copula-stress-test,results only,+1.84,3,True,1.0
astronomy-gwtc4-q-chieff-copula-stress-test,results only,+0.84,2,True,1.0
astronomy-gwtc4-q-chieff-copula-stress-test,results only,+2.88,3,True,1.0
astronomy-gwtc4-q-chieff-copula-stress-test,results only,−0.93,2,True,1.0
astronomy-gwtc4-q-chieff-copula-stress-test,results only,+0.03,1,True,1.0
astronomy-gwtc4-q-chieff-copula-stress-test,results only,0.985,3,True,1.0
astronomy-gwtc4-q-chieff-copula-stress-test,results only,0.985,3,True,1.0
astronomy-gwtc4-q-chieff-copula-stress-test,results only,0.995,3,True,1.0
astronomy-gwtc4-q-chieff-copula-stress-test,results only,0.80,2,True,1.0
astronomy-gwtc4-q-chieff-copula-stress-test,results only,0.84,2,True,1.0
astronomy-gwtc4-q-chieff-copula-stress-test,results only,0.88,2,True,1.0
astronomy-gwtc4-q-chieff-copula-stress-test,results only,0.94,2,True,1.0
astronomy-gwtc4-q-chieff-copula-stress-test,results only,0.77,2,True,1.0
astronomy-gwtc4-q-chieff-copula-stress-test,results only,0.87,2,True,1.0
astronomy-gwtc4-q-chieff-copula-stress-test,results only,0.830,3,True,1.0
astronomy-gwtc4-q-chieff-copula-stress-test,results only,0.676,3,True,1.0
astronomy-gwtc4-q-chieff-copula-stress-test,results only,0.01,1,True,1.0
astronomy-gwtc4-q-chieff-copula-stress-test,results only,0.15,2,True,1.0
astronomy-gwtc4-q-chieff-copula-stress-test,results only,0.08,1,True,1.0
astronomy-gwtc4-q-chieff-copula-stress-test,results only,−0.53,2,True,1.0
astronomy-gwtc4-q-chieff-copula-stress-test,results only,+0.25,2,True,1.0
astronomy-gwtc4-q-chieff-copula-stress-test,results only,0.3,1,True,1.0
astronomy-gwtc4-q-chieff-copula-stress-test,results only,0.9,1,True,1.0
astronomy-gwtc4-q-chieff-copula-stress-test,results only,−0.86,2,True,1.0
astronomy-gwtc4-q-chieff-copula-stress-test,results only,66%,2,True,1.0
astronomy-gwtc4-q-chieff-copula-stress-test,results only,153,3,True,1.0
astronomy-gwtc4-q-chieff-copula-stress-test,results only,−2.10,3,True,1.0
astronomy-gwtc4-q-chieff-copula-stress-test,results only,−2.07,3,True,1.0
astronomy-gwtc4-q-chieff-copula-stress-test,results only,−4567.24,5,True,0.2
astronomy-gwtc4-q-chieff-copula-stress-test,results only,−4567.09,5,True,0.0
astronomy-gwtc4-q-chieff-copula-stress-test,results only,−0.51,2,True,1.0
astronomy-gwtc4-q-chieff-copula-stress-test,results only,90%,1,True,1.0
astronomy-gwtc4-q-chieff-copula-stress-test,results only,−3.9,2,True,1.0
astronomy-gwtc4-q-chieff-copula-stress-test,results only,+2.7,2,True,1.0
astronomy-gwtc4-q-chieff-copula-stress-test,results only,0.60,2,True,1.0
astronomy-gwtc4-q-chieff-copula-stress-test,results only,−2.1,2,True,1.0
astronomy-gwtc4-q-chieff-copula-stress-test,results only,+2.4,2,True,1.0
astronomy-gwtc4-q-chieff-copula-stress-test,results only,−2.9,2,True,1.0
astronomy-gwtc4-q-chieff-copula-stress-test,results only,0.92,2,True,1.0
astronomy-gwtc4-q-chieff-copula-stress-test,results only,−0.98,2,True,1.0
astronomy-gwtc4-q-chieff-copula-stress-test,results only,−0.84,2,True,1.0
astronomy-gwtc4-q-chieff-copula-stress-test,results only,−0.09,1,True,1.0
astronomy-gwtc4-q-chieff-copula-stress-test,results only,90%,1,True,1.0
astronomy-gwtc4-q-chieff-copula-stress-test,results only,−0.53,2,True,1.0
astronomy-gwtc4-q-chieff-copula-stress-test,results only,+0.37,2,True,1.0
astronomy-gwtc4-q-chieff-copula-stress-test,results only,0.61,2,True,1.0
astronomy-gwtc4-q-chieff-copula-stress-test,results only,0.48,2,True,1.0
astronomy-gwtc4-q-chieff-copula-stress-test,results only,0.52,2,True,1.0
astronomy-gwtc4-q-chieff-copula-stress-test,results only,81%,2,True,1.0
astronomy-gwtc4-q-chieff-copula-stress-test,results only,2.17,3,True,1.0
astronomy-gwtc4-q-chieff-copula-stress-test,results only,0.59,2,True,1.0
astronomy-gwtc4-q-chieff-copula-stress-test,results only,0.59,2,True,1.0
astronomy-gwtc4-q-chieff-copula-stress-test,results only,41%,2,True,1.0
astronomy-gwtc4-q-chieff-copula-stress-test,results only,0.96,2,True,1.0
astronomy-gwtc4-q-chieff-copula-stress-test,results only,0.72,2,True,1.0
astronomy-gwtc4-q-chieff-copula-stress-test,results only,1.19,3,True,1.0
astronomy-gwtc4-q-chieff-copula-stress-test,results only,0.46,2,True,1.0
astronomy-gwtc4-q-chieff-copula-stress-test,results only,0.55,2,True,1.0
astronomy-gwtc4-q-chieff-copula-stress-test,results only,70%,1,True,1.0
astronomy-gwtc4-q-chieff-copula-stress-test,results only,0.89,2,True,1.0
astronomy-gwtc4-q-chieff-copula-stress-test,results only,0.67,2,True,1.0
astronomy-gwtc4-q-chieff-copula-stress-test,results only,1.16,3,True,1.0
astronomy-gwtc4-q-chieff-copula-stress-test,results only,0.44,2,True,1.0
astronomy-gwtc4-q-chieff-copula-stress-test,results only,0.55,2,True,1.0
astronomy-gwtc4-q-chieff-copula-stress-test,results only,69%,2,True,1.0
astronomy-gwtc4-q-chieff-copula-stress-test,results only,200,1,True,0.4
astronomy-gwtc4-q-chieff-copula-stress-test,results only,240,2,False,0.2
astronomy-gwtc4-q-chieff-copula-stress-test,results only,95%,2,True,1.0
astronomy-gwtc4-q-chieff-copula-stress-test,results only,−0.217,3,True,1.0
astronomy-gwtc4-q-chieff-copula-stress-test,results only,−0.074,2,True,1.0
astronomy-gwtc4-q-chieff-copula-stress-test,results only,−0.206,3,True,1.0
astronomy-gwtc4-q-chieff-copula-stress-test,results only,+0.025,2,True,1.0
astronomy-gwtc4-q-chieff-copula-stress-test,results only,0.010,2,True,1.0
astronomy-gwtc4-q-chieff-copula-stress-test,results only,0.015,2,True,1.0
astronomy-gwtc4-q-chieff-copula-stress-test,results only,−0.106,3,True,1.0
astronomy-gwtc4-q-chieff-copula-stress-test,results only,−0.052,2,True,1.0
astronomy-gwtc4-q-chieff-copula-stress-test,results only,−0.173,3,True,1.0
astronomy-gwtc4-q-chieff-copula-stress-test,results only,+0.050,2,True,1.0
astronomy-gwtc4-q-chieff-copula-stress-test,results only,0.190,3,True,1.0
astronomy-gwtc4-q-chieff-copula-stress-test,results only,0.380,3,True,1.0
astronomy-gwtc4-q-chieff-copula-stress-test,results only,−0.057,2,True,1.0
astronomy-gwtc4-q-chieff-copula-stress-test,results only,−0.007,1,True,1.0
astronomy-gwtc4-q-chieff-copula-stress-test,results only,−0.102,3,True,1.0
astronomy-gwtc4-q-chieff-copula-stress-test,results only,+0.094,2,True,1.0
astronomy-gwtc4-q-chieff-copula-stress-test,results only,0.190,3,True,1.0
astronomy-gwtc4-q-chieff-copula-stress-test,results only,0.410,3,True,1.0
astronomy-gwtc4-q-chieff-copula-stress-test,results only,−0.102,3,True,1.0
astronomy-gwtc4-q-chieff-copula-stress-test,results only,−0.063,2,True,1.0
astronomy-gwtc4-q-chieff-copula-stress-test,results only,−0.168,3,True,1.0
astronomy-gwtc4-q-chieff-copula-stress-test,results only,+0.049,2,True,1.0
astronomy-gwtc4-q-chieff-copula-stress-test,results only,0.185,3,True,1.0
astronomy-gwtc4-q-chieff-copula-stress-test,results only,0.475,3,True,1.0
astronomy-gwtc4-q-chieff-copula-stress-test,results only,2.5%,2,True,1.0
astronomy-gwtc4-q-chieff-copula-stress-test,results only,10%,1,True,1.0
astronomy-gwtc4-q-chieff-copula-stress-test,results only,−0.217,3,True,1.0
astronomy-gwtc4-q-chieff-copula-stress-test,results only,−0.074,2,True,1.0
astronomy-gwtc4-q-chieff-copula-stress-test,results only,1.0%,2,True,1.0
astronomy-gwtc4-q-chieff-copula-stress-test,results only,−0.4,1,True,1.0
astronomy-gwtc4-q-chieff-copula-stress-test,results only,−0.110,3,True,1.0
astronomy-gwtc4-q-chieff-copula-stress-test,results only,2.5%,2,True,1.0
astronomy-gwtc4-q-chieff-copula-stress-test,results only,−0.6,1,True,1.0
astronomy-gwtc4-q-chieff-copula-stress-test,results only,−0.123,3,True,1.0
astronomy-gwtc4-q-chieff-copula-stress-test,results only,0%,1,True,1.0
astronomy-gwtc4-q-chieff-copula-stress-test,results only,−0.088,2,True,1.0
astronomy-gwtc4-q-chieff-copula-stress-test,results only,0%,1,True,1.0
astronomy-gwtc4-q-chieff-copula-stress-test,results only,−0.144,3,True,1.0
astronomy-gwtc4-q-chieff-copula-stress-test,results only,10%,1,True,1.0
astronomy-gwtc4-q-chieff-copula-stress-test,results only,−0.217,3,True,1.0
astronomy-gwtc4-q-chieff-copula-stress-test,results only,5%,1,True,1.0
astronomy-gwtc4-q-chieff-copula-stress-test,results only,5%,1,True,1.0
astronomy-gwtc4-q-chieff-copula-stress-test,results only,+0.17,2,True,1.0
astronomy-gwtc4-q-chieff-copula-stress-test,results only,0.02,1,True,1.0
astronomy-gwtc4-q-chieff-copula-stress-test,results only,+0.00,1,True,1.0
astronomy-gwtc4-q-chieff-copula-stress-test,results only,−0.31,2,True,1.0
astronomy-gwtc4-q-chieff-copula-stress-test,results only,+0.35,2,True,1.0
astronomy-gwtc4-q-chieff-copula-stress-test,results only,0.33,2,True,1.0
astronomy-gwtc4-q-chieff-copula-stress-test,results only,0.48,2,True,1.0
astronomy-gwtc4-q-chieff-copula-stress-test,results only,0.63,2,True,1.0
astronomy-gwtc4-q-chieff-copula-stress-test,results only,0.56,2,True,1.0
astronomy-gwtc4-q-chieff-copula-stress-test,results only,−0.86,2,True,1.0
astronomy-gwtc4-q-chieff-copula-stress-test,results only,−0.66,2,True,1.0
astronomy-gwtc4-q-chieff-copula-stress-test,results only,0.66,2,True,1.0
astronomy-gwtc4-q-chieff-copula-stress-test,results only,0.33,2,True,1.0
astronomy-gwtc4-q-chieff-copula-stress-test,results only,45%,2,True,1.0
astronomy-gwtc4-q-chieff-copula-stress-test,results only,−0.6,1,True,1.0
astronomy-gwtc4-q-chieff-copula-stress-test,results only,20%,1,True,1.0
astronomy-gwtc4-q-chieff-copula-stress-test,results only,2.5%,2,True,1.0
astronomy-gwtc4-q-chieff-copula-stress-test,results only,−0.4,1,True,1.0
astronomy-gwtc4-q-chieff-copula-stress-test,results only,−0.6,1,True,1.0
astronomy-gwtc4-q-chieff-copula-stress-test,results only,12.5%,3,True,1.0
astronomy-gwtc4-q-chieff-copula-stress-test,results only,32.5%,3,True,1.0
astronomy-gwtc4-q-chieff-copula-stress-test,results only,0.25,2,True,1.0
astronomy-gwtc4-q-chieff-copula-stress-test,results only,0.65,2,True,1.0
astronomy-gwtc4-q-chieff-copula-stress-test,results only,−0.14,2,True,1.0
astronomy-gwtc4-q-chieff-copula-stress-test,results only,−0.015,2,True,1.0
astronomy-gwtc4-q-chieff-copula-stress-test,results only,0.09,1,True,1.0
astronomy-gwtc4-q-chieff-copula-stress-test,results only,153,3,True,1.0
astronomy-gwtc4-q-chieff-copula-stress-test,results only,+0.17,2,True,1.0
astronomy-gwtc4-q-chieff-copula-stress-test,results only,+0.07,1,True,1.0
astronomy-gwtc4-q-chieff-copula-stress-test,results only,−0.217,3,True,1.0
astronomy-gwtc4-q-chieff-copula-stress-test,results only,−0.03,1,True,1.0
astronomy-gwtc4-q-chieff-copula-stress-test,results only,−0.36,2,True,1.0
astronomy-gwtc4-q-chieff-copula-stress-test,results only,−0.254,3,True,1.0
astronomy-gwtc4-q-chieff-copula-stress-test,results only,+0.07,1,True,1.0
astronomy-gwtc4-q-chieff-copula-stress-test,results only,−0.05,1,True,1.0
astronomy-gwtc4-q-chieff-copula-stress-test,results only,−0.175,3,True,1.0
astronomy-gwtc4-q-chieff-copula-stress-test,results only,0.02,1,True,1.0
astronomy-gwtc4-q-chieff-copula-stress-test,results only,0.21,2,True,1.0
astronomy-gwtc4-q-chieff-copula-stress-test,results only,0.22,2,True,1.0
astronomy-gwtc4-q-chieff-copula-stress-test,results only,68%,2,True,1.0
astronomy-gwtc4-q-chieff-copula-stress-test,results only,0.43,2,True,1.0
astronomy-gwtc4-q-chieff-copula-stress-test,results only,0.2,1,True,1.0
astronomy-gwtc4-q-chieff-copula-stress-test,results only,4.0,2,True,1.0
astronomy-gwtc4-q-chieff-copula-stress-test,results only,0.61,2,True,1.0
astronomy-gwtc4-q-chieff-copula-stress-test,results only,91%,2,True,1.0
astronomy-gwtc4-q-chieff-copula-stress-test,results only,0.55,2,True,1.0
astronomy-gwtc4-q-chieff-copula-stress-test,results only,79%,2,True,1.0
astronomy-gwtc4-q-chieff-copula-stress-test,results only,−0.20,2,True,1.0
astronomy-gwtc4-q-chieff-copula-stress-test,results only,0.010,2,True,1.0
astronomy-gwtc4-q-chieff-copula-stress-test,results only,200,1,True,0.4
astronomy-gwtc4-q-chieff-copula-stress-test,results only,2.5%,2,True,1.0
astronomy-gwtc4-q-chieff-copula-stress-test,results only,10%,1,True,1.0
astronomy-gwtc4-q-chieff-copula-stress-test,results only,5%,1,True,1.0
astronomy-gwtc4-q-chieff-copula-stress-test,results only,0.19,2,True,1.0
astronomy-gwtc4-q-chieff-copula-stress-test,results only,0.33,2,True,1.0
astronomy-gwtc4-q-chieff-copula-stress-test,results only,0.66,2,True,1.0
astronomy-gwtc4-q-chieff-copula-stress-test,results only,0.4,1,True,1.0
astronomy-gwtc4-q-chieff-copula-stress-test,results only,−0.4,1,True,1.0
astronomy-gwtc4-q-chieff-copula-stress-test,results only,+0.17,2,True,1.0
astronomy-gwtc4-q-chieff-copula-stress-test,results only,−0.03,1,True,1.0
astronomy-gwtc4-q-chieff-copula-stress-test,results only,−0.14,2,True,1.0
astronomy-gwtc4-q-chieff-copula-stress-test,results only,4.0,2,True,1.0
astronomy-gwtc4-q-chieff-copula-stress-test,results only,4.0,2,True,1.0
astronomy-gwtc4-q-chieff-copula-stress-test,results only,0.07,1,True,1.0
astronomy-gwtc4-q-chieff-copula-stress-test,results only,0.012,2,True,1.0
astronomy-gwtc4-q-chieff-copula-stress-test,results only,0.15,2,True,1.0
astronomy-gwtc4-q-chieff-copula-stress-test,results only,0.99,2,True,1.0
astronomy-gwtc4-q-chieff-copula-stress-test,results only,1.6,2,True,1.0
auckland-nz-crl-structural-uplift-prereg,results+plan+deviations,5.5,2,True,0.0
auckland-nz-crl-structural-uplift-prereg,results+plan+deviations,37%,2,True,1.0
auckland-nz-crl-structural-uplift-prereg,results+plan+deviations,0.22,2,True,0.6
auckland-nz-crl-structural-uplift-prereg,results+plan+deviations,0.266,3,True,0.0
auckland-nz-crl-structural-uplift-prereg,results+plan+deviations,20%,1,True,1.0
auckland-nz-crl-structural-uplift-prereg,results+plan+deviations,0.253,3,True,0.0
auckland-nz-crl-structural-uplift-prereg,results+plan+deviations,507,3,True,0.6
auckland-nz-crl-structural-uplift-prereg,results+plan+deviations,60%,1,True,1.0
auckland-nz-crl-structural-uplift-prereg,results+plan+deviations,0.2230,4,True,0.2
auckland-nz-crl-structural-uplift-prereg,results+plan+deviations,0.2206,4,True,0.2
auckland-nz-crl-structural-uplift-prereg,results+plan+deviations,0.2217,4,True,0.0
auckland-nz-crl-structural-uplift-prereg,results+plan+deviations,0.2218,4,True,0.0
auckland-nz-crl-structural-uplift-prereg,results+plan+deviations,507,3,True,1.0
auckland-nz-crl-structural-uplift-prereg,results+plan+deviations,-5.7%,2,True,1.0
auckland-nz-crl-structural-uplift-prereg,results+plan+deviations,+4.4%,2,True,1.0
auckland-nz-crl-structural-uplift-prereg,results+plan+deviations,0.20,2,True,0.8
auckland-nz-crl-structural-uplift-prereg,results+plan+deviations,0.10,2,True,1.0
auckland-nz-crl-structural-uplift-prereg,results+plan+deviations,0.2661,4,True,0.0
auckland-nz-crl-structural-uplift-prereg,results+plan+deviations,+20%,1,True,1.0
auckland-nz-crl-structural-uplift-prereg,results+plan+deviations,0.20,2,True,0.4
auckland-nz-crl-structural-uplift-prereg,results+plan+deviations,0.2534,4,True,0.4
auckland-nz-crl-structural-uplift-prereg,results+plan+deviations,0.2534,4,True,0.0
auckland-nz-crl-structural-uplift-prereg,results+plan+deviations,0.2661,4,True,0.0
auckland-nz-crl-structural-uplift-prereg,results+plan+deviations,"64,000",2,False,0.0
auckland-nz-crl-structural-uplift-prereg,results+plan+deviations,"288,400",4,False,0.0
auckland-nz-crl-structural-uplift-prereg,results+plan+deviations,−2.7%,2,True,1.0
auckland-nz-crl-structural-uplift-prereg,results+plan+deviations,+15.2%,3,True,1.0
auckland-nz-crl-structural-uplift-prereg,results+plan+deviations,−1.6%,2,True,1.0
auckland-nz-crl-structural-uplift-prereg,results+plan+deviations,+11.7%,3,True,1.0
auckland-nz-crl-structural-uplift-prereg,results+plan+deviations,0.2246,4,False,0.4
auckland-nz-crl-structural-uplift-prereg,results+plan+deviations,0.3065,4,False,0.0
auckland-nz-crl-structural-uplift-prereg,results+plan+deviations,+36.5%,3,True,0.0
auckland-nz-crl-structural-uplift-prereg,results+plan+deviations,"55,400",3,False,0.0
auckland-nz-crl-structural-uplift-prereg,results+plan+deviations,"85,100",3,False,0.0
auckland-nz-crl-structural-uplift-prereg,results+plan+deviations,+53.7%,3,False,0.6
auckland-nz-crl-structural-uplift-prereg,results+plan+deviations,"246,600",4,False,0.0
auckland-nz-crl-structural-uplift-prereg,results+plan+deviations,"277,600",4,False,0.0
auckland-nz-crl-structural-uplift-prereg,results+plan+deviations,+12.6%,3,True,1.0
auckland-nz-crl-structural-uplift-prereg,results+plan+deviations,55%,2,True,1.0
auckland-nz-crl-structural-uplift-prereg,results+plan+deviations,55%,2,True,1.0
auckland-nz-crl-structural-uplift-prereg,results+plan+deviations,0.20,2,True,1.0
auckland-nz-crl-structural-uplift-prereg,results+plan+deviations,800,1,True,0.0
auckland-nz-crl-structural-uplift-prereg,results+plan+deviations,177,3,False,0.0
auckland-nz-crl-structural-uplift-prereg,results+plan+deviations,59%,2,True,1.0
auckland-nz-crl-structural-uplift-prereg,results+plan+deviations,19.7,3,False,0.6
auckland-nz-crl-structural-uplift-prereg,results+plan+deviations,33.3,3,False,0.2
auckland-nz-crl-structural-uplift-prereg,results+plan+deviations,400,1,True,0.6
auckland-nz-crl-structural-uplift-prereg,results+plan+deviations,39%,2,True,1.0
auckland-nz-crl-structural-uplift-prereg,results+plan+deviations,800,1,True,0.0
auckland-nz-crl-structural-uplift-prereg,results+plan+deviations,"1,200",2,True,0.0
auckland-nz-crl-structural-uplift-prereg,results+plan+deviations,800,1,True,0.0
auckland-nz-crl-structural-uplift-prereg,results+plan+deviations,"1,200",2,True,0.0
auckland-nz-crl-structural-uplift-prereg,results+plan+deviations,0.307,3,True,0.0
auckland-nz-crl-structural-uplift-prereg,results+plan+deviations,0.2515,4,True,0.0
auckland-nz-crl-structural-uplift-prereg,results+plan+deviations,0.2534,4,True,0.2
auckland-nz-crl-structural-uplift-prereg,results only,5.5,2,False,0.0
auckland-nz-crl-structural-uplift-prereg,results only,37%,2,True,1.0
auckland-nz-crl-structural-uplift-prereg,results only,0.22,2,True,0.8
auckland-nz-crl-structural-uplift-prereg,results only,0.266,3,True,0.0
auckland-nz-crl-structural-uplift-prereg,results only,20%,1,True,1.0
auckland-nz-crl-structural-uplift-prereg,results only,0.253,3,True,0.0
auckland-nz-crl-structural-uplift-prereg,results only,507,3,True,1.0
auckland-nz-crl-structural-uplift-prereg,results only,60%,1,True,1.0
auckland-nz-crl-structural-uplift-prereg,results only,0.2230,4,True,0.0
auckland-nz-crl-structural-uplift-prereg,results only,0.2206,4,True,0.0
auckland-nz-crl-structural-uplift-prereg,results only,0.2217,4,True,0.2
auckland-nz-crl-structural-uplift-prereg,results only,0.2218,4,True,0.0
auckland-nz-crl-structural-uplift-prereg,results only,507,3,True,1.0
auckland-nz-crl-structural-uplift-prereg,results only,-5.7%,2,True,1.0
auckland-nz-crl-structural-uplift-prereg,results only,+4.4%,2,True,1.0
auckland-nz-crl-structural-uplift-prereg,results only,0.20,2,True,1.0
auckland-nz-crl-structural-uplift-prereg,results only,0.10,2,True,1.0
auckland-nz-crl-structural-uplift-prereg,results only,0.2661,4,True,0.0
auckland-nz-crl-structural-uplift-prereg,results only,+20%,1,True,1.0
auckland-nz-crl-structural-uplift-prereg,results only,0.20,2,True,0.6
auckland-nz-crl-structural-uplift-prereg,results only,0.2534,4,True,0.0
auckland-nz-crl-structural-uplift-prereg,results only,0.2534,4,True,0.2
auckland-nz-crl-structural-uplift-prereg,results only,0.2661,4,True,0.0
auckland-nz-crl-structural-uplift-prereg,results only,"64,000",2,False,0.0
auckland-nz-crl-structural-uplift-prereg,results only,"288,400",4,False,0.0
auckland-nz-crl-structural-uplift-prereg,results only,−2.7%,2,True,1.0
auckland-nz-crl-structural-uplift-prereg,results only,+15.2%,3,True,1.0
auckland-nz-crl-structural-uplift-prereg,results only,−1.6%,2,True,1.0
auckland-nz-crl-structural-uplift-prereg,results only,+11.7%,3,True,1.0
auckland-nz-crl-structural-uplift-prereg,results only,0.2246,4,False,0.2
auckland-nz-crl-structural-uplift-prereg,results only,0.3065,4,False,0.0
auckland-nz-crl-structural-uplift-prereg,results only,+36.5%,3,True,0.2
auckland-nz-crl-structural-uplift-prereg,results only,"55,400",3,False,0.0
auckland-nz-crl-structural-uplift-prereg,results only,"85,100",3,False,0.0
auckland-nz-crl-structural-uplift-prereg,results only,+53.7%,3,False,0.0
auckland-nz-crl-structural-uplift-prereg,results only,"246,600",4,False,0.0
auckland-nz-crl-structural-uplift-prereg,results only,"277,600",4,False,0.0
auckland-nz-crl-structural-uplift-prereg,results only,+12.6%,3,True,1.0
auckland-nz-crl-structural-uplift-prereg,results only,55%,2,True,1.0
auckland-nz-crl-structural-uplift-prereg,results only,55%,2,True,1.0
auckland-nz-crl-structural-uplift-prereg,results only,0.20,2,True,0.8
auckland-nz-crl-structural-uplift-prereg,results only,800,1,True,0.0
auckland-nz-crl-structural-uplift-prereg,results only,177,3,False,0.0
auckland-nz-crl-structural-uplift-prereg,results only,59%,2,True,1.0
auckland-nz-crl-structural-uplift-prereg,results only,19.7,3,False,0.2
auckland-nz-crl-structural-uplift-prereg,results only,33.3,3,False,0.0
auckland-nz-crl-structural-uplift-prereg,results only,400,1,True,0.6
auckland-nz-crl-structural-uplift-prereg,results only,39%,2,True,1.0
auckland-nz-crl-structural-uplift-prereg,results only,800,1,True,0.0
auckland-nz-crl-structural-uplift-prereg,results only,"1,200",2,True,0.0
auckland-nz-crl-structural-uplift-prereg,results only,800,1,True,0.0
auckland-nz-crl-structural-uplift-prereg,results only,"1,200",2,True,0.0
auckland-nz-crl-structural-uplift-prereg,results only,0.307,3,False,0.0
auckland-nz-crl-structural-uplift-prereg,results only,0.2515,4,False,0.0
auckland-nz-crl-structural-uplift-prereg,results only,0.2534,4,True,0.0
auckland-nz-equity-adjustor-waitlist-did,results+plan+deviations,120,2,True,0.0
auckland-nz-equity-adjustor-waitlist-did,results+plan+deviations,120,2,True,0.0
auckland-nz-equity-adjustor-waitlist-did,results+plan+deviations,+7.2,2,True,0.4
auckland-nz-equity-adjustor-waitlist-did,results+plan+deviations,0.0625,3,True,0.0
auckland-nz-equity-adjustor-waitlist-did,results+plan+deviations,+5.5,2,True,1.0
auckland-nz-equity-adjustor-waitlist-did,results+plan+deviations,+4.8,2,True,1.0
auckland-nz-equity-adjustor-waitlist-did,results+plan+deviations,−4.7,2,True,1.0
auckland-nz-equity-adjustor-waitlist-did,results+plan+deviations,+4.8,2,True,1.0
auckland-nz-equity-adjustor-waitlist-did,results+plan+deviations,+7.3,2,True,0.6
auckland-nz-equity-adjustor-waitlist-did,results+plan+deviations,+7.1,2,True,0.6
auckland-nz-equity-adjustor-waitlist-did,results+plan+deviations,+7.6,2,True,0.8
auckland-nz-equity-adjustor-waitlist-did,results+plan+deviations,+3.1,2,True,1.0
auckland-nz-equity-adjustor-waitlist-did,results+plan+deviations,5%,1,True,1.0
auckland-nz-equity-adjustor-waitlist-did,results+plan+deviations,0.06,1,True,0.8
auckland-nz-equity-adjustor-waitlist-did,results+plan+deviations,+7.6,2,True,1.0
auckland-nz-equity-adjustor-waitlist-did,results+plan+deviations,+8.2,2,True,0.8
auckland-nz-equity-adjustor-waitlist-did,results+plan+deviations,3.5,2,True,1.0
auckland-nz-equity-adjustor-waitlist-did,results+plan+deviations,7.2,2,True,0.4
auckland-nz-equity-adjustor-waitlist-did,results+plan+deviations,0.6,1,True,1.0
auckland-nz-equity-adjustor-waitlist-did,results+plan+deviations,15%,2,True,0.8
auckland-nz-equity-adjustor-waitlist-did,results+plan+deviations,70%,1,True,0.6
auckland-nz-equity-adjustor-waitlist-did,results+plan+deviations,+3.3,2,True,1.0
auckland-nz-equity-adjustor-waitlist-did,results+plan+deviations,+3.2,2,True,1.0
auckland-nz-equity-adjustor-waitlist-did,results+plan+deviations,+1.8,2,True,1.0
auckland-nz-equity-adjustor-waitlist-did,results+plan+deviations,+1.0,2,True,1.0
auckland-nz-equity-adjustor-waitlist-did,results+plan+deviations,+3.2,2,True,1.0
auckland-nz-equity-adjustor-waitlist-did,results+plan+deviations,+0.7,1,True,1.0
auckland-nz-equity-adjustor-waitlist-did,results+plan+deviations,+2.5,2,True,1.0
auckland-nz-equity-adjustor-waitlist-did,results+plan+deviations,+4.0,2,True,1.0
auckland-nz-equity-adjustor-waitlist-did,results+plan+deviations,+0.4,1,True,1.0
auckland-nz-equity-adjustor-waitlist-did,results+plan+deviations,+5.4,2,True,1.0
auckland-nz-equity-adjustor-waitlist-did,results+plan+deviations,1.7,2,True,1.0
auckland-nz-equity-adjustor-waitlist-did,results+plan+deviations,1.5,2,True,1.0
auckland-nz-equity-adjustor-waitlist-did,results+plan+deviations,1.3,2,True,1.0
auckland-nz-equity-adjustor-waitlist-did,results+plan+deviations,1.15,3,True,0.2
auckland-nz-equity-adjustor-waitlist-did,results+plan+deviations,1.17,3,True,0.2
auckland-nz-equity-adjustor-waitlist-did,results+plan+deviations,1.33,3,True,0.6
auckland-nz-equity-adjustor-waitlist-did,results+plan+deviations,1.09,3,True,0.8
auckland-nz-equity-adjustor-waitlist-did,results+plan+deviations,1.54,3,True,0.0
auckland-nz-equity-adjustor-waitlist-did,results+plan+deviations,2.09,3,True,0.8
auckland-nz-equity-adjustor-waitlist-did,results+plan+deviations,1.15,3,True,0.8
auckland-nz-equity-adjustor-waitlist-did,results+plan+deviations,0.99,2,True,0.8
auckland-nz-equity-adjustor-waitlist-did,results+plan+deviations,1.73,3,True,0.0
auckland-nz-equity-adjustor-waitlist-did,results+plan+deviations,2.70,3,True,0.8
auckland-nz-equity-adjustor-waitlist-did,results+plan+deviations,1.17,3,True,0.6
auckland-nz-equity-adjustor-waitlist-did,results+plan+deviations,1.03,3,True,0.8
auckland-nz-equity-adjustor-waitlist-did,results+plan+deviations,1.52,3,True,0.4
auckland-nz-equity-adjustor-waitlist-did,results+plan+deviations,2.01,3,True,1.0
auckland-nz-equity-adjustor-waitlist-did,results+plan+deviations,1.33,3,True,0.2
auckland-nz-equity-adjustor-waitlist-did,results+plan+deviations,1.11,3,True,1.0
auckland-nz-equity-adjustor-waitlist-did,results+plan+deviations,1.32,3,True,0.6
auckland-nz-equity-adjustor-waitlist-did,results+plan+deviations,1.55,3,True,0.4
auckland-nz-equity-adjustor-waitlist-did,results+plan+deviations,1.09,3,True,1.0
auckland-nz-equity-adjustor-waitlist-did,results+plan+deviations,0.98,2,True,0.2
auckland-nz-equity-adjustor-waitlist-did,results+plan+deviations,+3.1,2,True,1.0
auckland-nz-equity-adjustor-waitlist-did,results+plan+deviations,100,1,False,0.0
auckland-nz-equity-adjustor-waitlist-did,results+plan+deviations,+3.0,2,True,1.0
auckland-nz-equity-adjustor-waitlist-did,results+plan+deviations,+4.7,2,True,1.0
auckland-nz-equity-adjustor-waitlist-did,results+plan+deviations,+5.5,2,True,1.0
auckland-nz-equity-adjustor-waitlist-did,results only,120,2,False,0.0
auckland-nz-equity-adjustor-waitlist-did,results only,120,2,False,0.0
auckland-nz-equity-adjustor-waitlist-did,results only,+7.2,2,True,0.2
auckland-nz-equity-adjustor-waitlist-did,results only,0.0625,3,True,0.0
auckland-nz-equity-adjustor-waitlist-did,results only,+5.5,2,True,1.0
auckland-nz-equity-adjustor-waitlist-did,results only,+4.8,2,True,1.0
auckland-nz-equity-adjustor-waitlist-did,results only,−4.7,2,True,1.0
auckland-nz-equity-adjustor-waitlist-did,results only,+4.8,2,True,1.0
auckland-nz-equity-adjustor-waitlist-did,results only,+7.3,2,True,0.4
auckland-nz-equity-adjustor-waitlist-did,results only,+7.1,2,True,0.4
auckland-nz-equity-adjustor-waitlist-did,results only,+7.6,2,True,0.6
auckland-nz-equity-adjustor-waitlist-did,results only,+3.1,2,True,1.0
auckland-nz-equity-adjustor-waitlist-did,results only,5%,1,True,1.0
auckland-nz-equity-adjustor-waitlist-did,results only,0.06,1,True,1.0
auckland-nz-equity-adjustor-waitlist-did,results only,+7.6,2,True,0.8
auckland-nz-equity-adjustor-waitlist-did,results only,+8.2,2,True,0.8
auckland-nz-equity-adjustor-waitlist-did,results only,3.5,2,True,1.0
auckland-nz-equity-adjustor-waitlist-did,results only,7.2,2,True,0.0
auckland-nz-equity-adjustor-waitlist-did,results only,0.6,1,True,1.0
auckland-nz-equity-adjustor-waitlist-did,results only,15%,2,True,1.0
auckland-nz-equity-adjustor-waitlist-did,results only,70%,1,False,0.6
auckland-nz-equity-adjustor-waitlist-did,results only,+3.3,2,True,1.0
auckland-nz-equity-adjustor-waitlist-did,results only,+3.2,2,True,1.0
auckland-nz-equity-adjustor-waitlist-did,results only,+1.8,2,True,1.0
auckland-nz-equity-adjustor-waitlist-did,results only,+1.0,2,True,1.0
auckland-nz-equity-adjustor-waitlist-did,results only,+3.2,2,True,1.0
auckland-nz-equity-adjustor-waitlist-did,results only,+0.7,1,True,1.0
auckland-nz-equity-adjustor-waitlist-did,results only,+2.5,2,True,1.0
auckland-nz-equity-adjustor-waitlist-did,results only,+4.0,2,True,1.0
auckland-nz-equity-adjustor-waitlist-did,results only,+0.4,1,True,1.0
auckland-nz-equity-adjustor-waitlist-did,results only,+5.4,2,True,1.0
auckland-nz-equity-adjustor-waitlist-did,results only,1.7,2,True,1.0
auckland-nz-equity-adjustor-waitlist-did,results only,1.5,2,True,1.0
auckland-nz-equity-adjustor-waitlist-did,results only,1.3,2,True,1.0
auckland-nz-equity-adjustor-waitlist-did,results only,1.15,3,True,0.4
auckland-nz-equity-adjustor-waitlist-did,results only,1.17,3,True,0.2
auckland-nz-equity-adjustor-waitlist-did,results only,1.33,3,True,0.2
auckland-nz-equity-adjustor-waitlist-did,results only,1.09,3,True,1.0
auckland-nz-equity-adjustor-waitlist-did,results only,1.54,3,True,0.0
auckland-nz-equity-adjustor-waitlist-did,results only,2.09,3,True,1.0
auckland-nz-equity-adjustor-waitlist-did,results only,1.15,3,True,0.6
auckland-nz-equity-adjustor-waitlist-did,results only,0.99,2,True,0.2
auckland-nz-equity-adjustor-waitlist-did,results only,1.73,3,True,0.2
auckland-nz-equity-adjustor-waitlist-did,results only,2.70,3,True,0.2
auckland-nz-equity-adjustor-waitlist-did,results only,1.17,3,True,0.4
auckland-nz-equity-adjustor-waitlist-did,results only,1.03,3,True,0.0
auckland-nz-equity-adjustor-waitlist-did,results only,1.52,3,True,0.0
auckland-nz-equity-adjustor-waitlist-did,results only,2.01,3,True,0.8
auckland-nz-equity-adjustor-waitlist-did,results only,1.33,3,True,0.0
auckland-nz-equity-adjustor-waitlist-did,results only,1.11,3,True,0.8
auckland-nz-equity-adjustor-waitlist-did,results only,1.32,3,True,0.0
auckland-nz-equity-adjustor-waitlist-did,results only,1.55,3,True,0.2
auckland-nz-equity-adjustor-waitlist-did,results only,1.09,3,True,0.8
auckland-nz-equity-adjustor-waitlist-did,results only,0.98,2,True,0.6
auckland-nz-equity-adjustor-waitlist-did,results only,+3.1,2,True,1.0
auckland-nz-equity-adjustor-waitlist-did,results only,100,1,False,0.0
auckland-nz-equity-adjustor-waitlist-did,results only,+3.0,2,True,1.0
auckland-nz-equity-adjustor-waitlist-did,results only,+4.7,2,True,1.0
auckland-nz-equity-adjustor-waitlist-did,results only,+5.5,2,True,1.0
auckland-nz-speed-limit-reversal-crashes,results+plan+deviations,830,2,False,0.4
auckland-nz-speed-limit-reversal-crashes,results+plan+deviations,3%,1,True,1.0
auckland-nz-speed-limit-reversal-crashes,results+plan+deviations,16%,2,True,1.0
auckland-nz-speed-limit-reversal-crashes,results+plan+deviations,27%,2,True,1.0
auckland-nz-speed-limit-reversal-crashes,results+plan+deviations,830,2,False,0.0
auckland-nz-speed-limit-reversal-crashes,results+plan+deviations,250,2,False,0.4
auckland-nz-speed-limit-reversal-crashes,results+plan+deviations,20%,1,True,1.0
auckland-nz-speed-limit-reversal-crashes,results+plan+deviations,256,3,True,0.6
auckland-nz-speed-limit-reversal-crashes,results+plan+deviations,"1,184,764",5,True,0.0
auckland-nz-speed-limit-reversal-crashes,results+plan+deviations,100,1,True,0.4
auckland-nz-speed-limit-reversal-crashes,results+plan+deviations,"10,983",5,False,0.0
auckland-nz-speed-limit-reversal-crashes,results+plan+deviations,860,2,False,0.0
auckland-nz-speed-limit-reversal-crashes,results+plan+deviations,397,3,False,0.0
auckland-nz-speed-limit-reversal-crashes,results+plan+deviations,100,1,True,0.2
auckland-nz-speed-limit-reversal-crashes,results+plan+deviations,349,3,False,0.0
auckland-nz-speed-limit-reversal-crashes,results+plan+deviations,100,1,True,0.0
auckland-nz-speed-limit-reversal-crashes,results+plan+deviations,"10,629",5,True,0.2
auckland-nz-speed-limit-reversal-crashes,results+plan+deviations,828,3,True,0.6
auckland-nz-speed-limit-reversal-crashes,results+plan+deviations,99.3%,3,True,0.2
auckland-nz-speed-limit-reversal-crashes,results+plan+deviations,89.6%,3,False,0.0
auckland-nz-speed-limit-reversal-crashes,results+plan+deviations,"2,888",4,True,0.0
auckland-nz-speed-limit-reversal-crashes,results+plan+deviations,0.025,2,True,0.8
auckland-nz-speed-limit-reversal-crashes,results+plan+deviations,1.10,3,True,0.8
auckland-nz-speed-limit-reversal-crashes,results+plan+deviations,1.10,3,True,0.8
auckland-nz-speed-limit-reversal-crashes,results+plan+deviations,95%,2,True,1.0
auckland-nz-speed-limit-reversal-crashes,results+plan+deviations,1.03,3,True,0.8
auckland-nz-speed-limit-reversal-crashes,results+plan+deviations,0.84,2,True,1.0
auckland-nz-speed-limit-reversal-crashes,results+plan+deviations,1.27,3,True,0.8
auckland-nz-speed-limit-reversal-crashes,results+plan+deviations,252,3,True,0.6
auckland-nz-speed-limit-reversal-crashes,results+plan+deviations,1.02,3,True,1.0
auckland-nz-speed-limit-reversal-crashes,results+plan+deviations,0.69,2,True,0.4
auckland-nz-speed-limit-reversal-crashes,results+plan+deviations,1.50,3,True,0.0
auckland-nz-speed-limit-reversal-crashes,results+plan+deviations,1.13,3,True,0.8
auckland-nz-speed-limit-reversal-crashes,results+plan+deviations,1.02,3,True,1.0
auckland-nz-speed-limit-reversal-crashes,results+plan+deviations,1.26,3,True,0.4
auckland-nz-speed-limit-reversal-crashes,results+plan+deviations,787,3,True,0.0
auckland-nz-speed-limit-reversal-crashes,results+plan+deviations,1.07,3,True,0.8
auckland-nz-speed-limit-reversal-crashes,results+plan+deviations,0.65,2,True,0.8
auckland-nz-speed-limit-reversal-crashes,results+plan+deviations,1.76,3,True,0.0
auckland-nz-speed-limit-reversal-crashes,results+plan+deviations,1.03,3,True,1.0
auckland-nz-speed-limit-reversal-crashes,results+plan+deviations,0.69,2,True,0.6
auckland-nz-speed-limit-reversal-crashes,results+plan+deviations,1.55,3,True,0.4
auckland-nz-speed-limit-reversal-crashes,results+plan+deviations,100,1,True,0.0
auckland-nz-speed-limit-reversal-crashes,results+plan+deviations,1.02,3,True,1.0
auckland-nz-speed-limit-reversal-crashes,results+plan+deviations,0.61,2,True,0.2
auckland-nz-speed-limit-reversal-crashes,results+plan+deviations,1.72,3,True,0.2
auckland-nz-speed-limit-reversal-crashes,results+plan+deviations,100,1,True,0.0
auckland-nz-speed-limit-reversal-crashes,results+plan+deviations,1.02,3,True,1.0
auckland-nz-speed-limit-reversal-crashes,results+plan+deviations,0.75,2,True,1.0
auckland-nz-speed-limit-reversal-crashes,results+plan+deviations,1.39,3,True,0.2
auckland-nz-speed-limit-reversal-crashes,results+plan+deviations,0.98,2,True,1.0
auckland-nz-speed-limit-reversal-crashes,results+plan+deviations,0.76,2,True,1.0
auckland-nz-speed-limit-reversal-crashes,results+plan+deviations,1.25,3,True,0.4
auckland-nz-speed-limit-reversal-crashes,results+plan+deviations,118,3,False,0.2
auckland-nz-speed-limit-reversal-crashes,results+plan+deviations,1.12,3,True,0.6
auckland-nz-speed-limit-reversal-crashes,results+plan+deviations,0.79,2,True,1.0
auckland-nz-speed-limit-reversal-crashes,results+plan+deviations,1.58,3,True,0.2
auckland-nz-speed-limit-reversal-crashes,results+plan+deviations,134,3,True,0.0
auckland-nz-speed-limit-reversal-crashes,results+plan+deviations,1.11,3,True,0.2
auckland-nz-speed-limit-reversal-crashes,results+plan+deviations,0.77,2,True,1.0
auckland-nz-speed-limit-reversal-crashes,results+plan+deviations,1.59,3,True,0.2
auckland-nz-speed-limit-reversal-crashes,results+plan+deviations,126,3,False,0.4
auckland-nz-speed-limit-reversal-crashes,results+plan+deviations,0.95,2,True,1.0
auckland-nz-speed-limit-reversal-crashes,results+plan+deviations,0.73,2,True,0.6
auckland-nz-speed-limit-reversal-crashes,results+plan+deviations,1.24,3,True,1.0
auckland-nz-speed-limit-reversal-crashes,results+plan+deviations,128,3,False,0.0
auckland-nz-speed-limit-reversal-crashes,results+plan+deviations,1.12,3,True,0.8
auckland-nz-speed-limit-reversal-crashes,results+plan+deviations,0.86,2,True,1.0
auckland-nz-speed-limit-reversal-crashes,results+plan+deviations,1.47,3,True,0.0
auckland-nz-speed-limit-reversal-crashes,results+plan+deviations,124,3,False,0.0
auckland-nz-speed-limit-reversal-crashes,results+plan+deviations,10%,1,True,1.0
auckland-nz-speed-limit-reversal-crashes,results+plan+deviations,0.91,2,True,0.8
auckland-nz-speed-limit-reversal-crashes,results+plan+deviations,1.03,3,True,1.0
auckland-nz-speed-limit-reversal-crashes,results+plan+deviations,1.03,3,True,1.0
auckland-nz-speed-limit-reversal-crashes,results+plan+deviations,1.02,3,True,1.0
auckland-nz-speed-limit-reversal-crashes,results+plan+deviations,0.99,2,True,0.6
auckland-nz-speed-limit-reversal-crashes,results+plan+deviations,1.03,3,True,1.0
auckland-nz-speed-limit-reversal-crashes,results+plan+deviations,1.02,3,True,1.0
auckland-nz-speed-limit-reversal-crashes,results+plan+deviations,1.01,3,True,0.8
auckland-nz-speed-limit-reversal-crashes,results+plan+deviations,0.91,2,True,0.8
auckland-nz-speed-limit-reversal-crashes,results+plan+deviations,0.76,2,True,1.0
auckland-nz-speed-limit-reversal-crashes,results+plan+deviations,1.19,3,True,0.4
auckland-nz-speed-limit-reversal-crashes,results+plan+deviations,0.044,2,True,1.0
auckland-nz-speed-limit-reversal-crashes,results+plan+deviations,135,3,True,0.2
auckland-nz-speed-limit-reversal-crashes,results+plan+deviations,250,2,False,0.4
auckland-nz-speed-limit-reversal-crashes,results+plan+deviations,270,2,True,0.0
auckland-nz-speed-limit-reversal-crashes,results+plan+deviations,1.33,3,True,0.6
auckland-nz-speed-limit-reversal-crashes,results+plan+deviations,80%,1,True,1.0
auckland-nz-speed-limit-reversal-crashes,results+plan+deviations,0.105,3,True,1.0
auckland-nz-speed-limit-reversal-crashes,results+plan+deviations,+10%,1,True,1.0
auckland-nz-speed-limit-reversal-crashes,results+plan+deviations,15%,2,True,1.0
auckland-nz-speed-limit-reversal-crashes,results+plan+deviations,+19%,2,True,1.0
auckland-nz-speed-limit-reversal-crashes,results+plan+deviations,38%,2,True,0.6
auckland-nz-speed-limit-reversal-crashes,results+plan+deviations,1.23,3,True,0.4
auckland-nz-speed-limit-reversal-crashes,results+plan+deviations,200,1,True,1.0
auckland-nz-speed-limit-reversal-crashes,results+plan+deviations,1.00,3,True,1.0
auckland-nz-speed-limit-reversal-crashes,results+plan+deviations,1.05,3,True,1.0
auckland-nz-speed-limit-reversal-crashes,results+plan+deviations,13%,2,True,1.0
auckland-nz-speed-limit-reversal-crashes,results+plan+deviations,1.13,3,True,1.0
auckland-nz-speed-limit-reversal-crashes,results+plan+deviations,95%,2,True,0.8
auckland-nz-speed-limit-reversal-crashes,results+plan+deviations,1.02,3,True,0.8
auckland-nz-speed-limit-reversal-crashes,results+plan+deviations,1.26,3,True,0.8
auckland-nz-speed-limit-reversal-crashes,results+plan+deviations,1.08,3,True,1.0
auckland-nz-speed-limit-reversal-crashes,results+plan+deviations,0.98,2,True,1.0
auckland-nz-speed-limit-reversal-crashes,results+plan+deviations,1.20,3,True,0.8
auckland-nz-speed-limit-reversal-crashes,results+plan+deviations,1.09,3,True,0.2
auckland-nz-speed-limit-reversal-crashes,results+plan+deviations,0.97,2,True,0.6
auckland-nz-speed-limit-reversal-crashes,results+plan+deviations,1.22,3,True,0.6
auckland-nz-speed-limit-reversal-crashes,results+plan+deviations,1.05,3,True,1.0
auckland-nz-speed-limit-reversal-crashes,results+plan+deviations,0.92,2,True,0.8
auckland-nz-speed-limit-reversal-crashes,results+plan+deviations,1.20,3,True,0.6
auckland-nz-speed-limit-reversal-crashes,results+plan+deviations,1.07,3,True,0.8
auckland-nz-speed-limit-reversal-crashes,results+plan+deviations,0.96,2,True,1.0
auckland-nz-speed-limit-reversal-crashes,results+plan+deviations,1.19,3,True,0.8
auckland-nz-speed-limit-reversal-crashes,results+plan+deviations,1.18,3,True,0.8
auckland-nz-speed-limit-reversal-crashes,results+plan+deviations,7%,1,True,1.0
auckland-nz-speed-limit-reversal-crashes,results+plan+deviations,11%,2,True,1.0
auckland-nz-speed-limit-reversal-crashes,results+plan+deviations,72%,2,True,0.4
auckland-nz-speed-limit-reversal-crashes,results+plan+deviations,7.7%,2,True,1.0
auckland-nz-speed-limit-reversal-crashes,results+plan+deviations,1.01,3,True,0.8
auckland-nz-speed-limit-reversal-crashes,results+plan+deviations,184,3,False,0.4
auckland-nz-speed-limit-reversal-crashes,results+plan+deviations,1.2,2,True,0.6
auckland-nz-speed-limit-reversal-crashes,results only,830,2,False,0.4
auckland-nz-speed-limit-reversal-crashes,results only,3%,1,True,1.0
auckland-nz-speed-limit-reversal-crashes,results only,16%,2,True,1.0
auckland-nz-speed-limit-reversal-crashes,results only,27%,2,True,0.8
auckland-nz-speed-limit-reversal-crashes,results only,830,2,False,0.4
auckland-nz-speed-limit-reversal-crashes,results only,250,2,False,0.8
auckland-nz-speed-limit-reversal-crashes,results only,20%,1,True,1.0
auckland-nz-speed-limit-reversal-crashes,results only,256,3,False,0.2
auckland-nz-speed-limit-reversal-crashes,results only,"1,184,764",5,False,0.0
auckland-nz-speed-limit-reversal-crashes,results only,100,1,True,0.0
auckland-nz-speed-limit-reversal-crashes,results only,"10,983",5,False,0.0
auckland-nz-speed-limit-reversal-crashes,results only,860,2,False,0.0
auckland-nz-speed-limit-reversal-crashes,results only,397,3,False,0.0
auckland-nz-speed-limit-reversal-crashes,results only,100,1,True,0.4
auckland-nz-speed-limit-reversal-crashes,results only,349,3,False,0.0
auckland-nz-speed-limit-reversal-crashes,results only,100,1,True,0.2
auckland-nz-speed-limit-reversal-crashes,results only,"10,629",5,True,0.2
auckland-nz-speed-limit-reversal-crashes,results only,828,3,True,0.2
auckland-nz-speed-limit-reversal-crashes,results only,99.3%,3,True,0.0
auckland-nz-speed-limit-reversal-crashes,results only,89.6%,3,False,0.0
auckland-nz-speed-limit-reversal-crashes,results only,"2,888",4,True,0.0
auckland-nz-speed-limit-reversal-crashes,results only,0.025,2,True,0.8
auckland-nz-speed-limit-reversal-crashes,results only,1.10,3,False,0.4
auckland-nz-speed-limit-reversal-crashes,results only,1.10,3,False,0.8
auckland-nz-speed-limit-reversal-crashes,results only,95%,2,True,0.6
auckland-nz-speed-limit-reversal-crashes,results only,1.03,3,True,0.8
auckland-nz-speed-limit-reversal-crashes,results only,0.84,2,True,0.8
auckland-nz-speed-limit-reversal-crashes,results only,1.27,3,True,0.6
auckland-nz-speed-limit-reversal-crashes,results only,252,3,True,0.4
auckland-nz-speed-limit-reversal-crashes,results only,1.02,3,True,1.0
auckland-nz-speed-limit-reversal-crashes,results only,0.69,2,True,0.6
auckland-nz-speed-limit-reversal-crashes,results only,1.50,3,True,0.4
auckland-nz-speed-limit-reversal-crashes,results only,1.13,3,True,0.8
auckland-nz-speed-limit-reversal-crashes,results only,1.02,3,True,0.6
auckland-nz-speed-limit-reversal-crashes,results only,1.26,3,True,0.6
auckland-nz-speed-limit-reversal-crashes,results only,787,3,True,0.0
auckland-nz-speed-limit-reversal-crashes,results only,1.07,3,True,0.6
auckland-nz-speed-limit-reversal-crashes,results only,0.65,2,True,0.4
auckland-nz-speed-limit-reversal-crashes,results only,1.76,3,True,0.0
auckland-nz-speed-limit-reversal-crashes,results only,1.03,3,True,0.8
auckland-nz-speed-limit-reversal-crashes,results only,0.69,2,True,1.0
auckland-nz-speed-limit-reversal-crashes,results only,1.55,3,True,0.2
auckland-nz-speed-limit-reversal-crashes,results only,100,1,True,0.0
auckland-nz-speed-limit-reversal-crashes,results only,1.02,3,True,1.0
auckland-nz-speed-limit-reversal-crashes,results only,0.61,2,True,0.0
auckland-nz-speed-limit-reversal-crashes,results only,1.72,3,True,0.0
auckland-nz-speed-limit-reversal-crashes,results only,100,1,True,0.4
auckland-nz-speed-limit-reversal-crashes,results only,1.02,3,True,0.8
auckland-nz-speed-limit-reversal-crashes,results only,0.75,2,True,0.6
auckland-nz-speed-limit-reversal-crashes,results only,1.39,3,True,0.4
auckland-nz-speed-limit-reversal-crashes,results only,0.98,2,True,0.8
auckland-nz-speed-limit-reversal-crashes,results only,0.76,2,True,0.8
auckland-nz-speed-limit-reversal-crashes,results only,1.25,3,True,0.6
auckland-nz-speed-limit-reversal-crashes,results only,118,3,False,0.0
auckland-nz-speed-limit-reversal-crashes,results only,1.12,3,True,0.6
auckland-nz-speed-limit-reversal-crashes,results only,0.79,2,True,1.0
auckland-nz-speed-limit-reversal-crashes,results only,1.58,3,True,0.4
auckland-nz-speed-limit-reversal-crashes,results only,134,3,True,0.0
auckland-nz-speed-limit-reversal-crashes,results only,1.11,3,True,0.8
auckland-nz-speed-limit-reversal-crashes,results only,0.77,2,True,1.0
auckland-nz-speed-limit-reversal-crashes,results only,1.59,3,True,0.2
auckland-nz-speed-limit-reversal-crashes,results only,126,3,False,0.0
auckland-nz-speed-limit-reversal-crashes,results only,0.95,2,True,0.6
auckland-nz-speed-limit-reversal-crashes,results only,0.73,2,True,0.2
auckland-nz-speed-limit-reversal-crashes,results only,1.24,3,True,0.4
auckland-nz-speed-limit-reversal-crashes,results only,128,3,False,0.4
auckland-nz-speed-limit-reversal-crashes,results only,1.12,3,True,0.8
auckland-nz-speed-limit-reversal-crashes,results only,0.86,2,True,0.8
auckland-nz-speed-limit-reversal-crashes,results only,1.47,3,True,0.0
auckland-nz-speed-limit-reversal-crashes,results only,124,3,False,0.0
auckland-nz-speed-limit-reversal-crashes,results only,10%,1,True,1.0
auckland-nz-speed-limit-reversal-crashes,results only,0.91,2,True,1.0
auckland-nz-speed-limit-reversal-crashes,results only,1.03,3,True,1.0
auckland-nz-speed-limit-reversal-crashes,results only,1.03,3,True,0.8
auckland-nz-speed-limit-reversal-crashes,results only,1.02,3,True,1.0
auckland-nz-speed-limit-reversal-crashes,results only,0.99,2,True,0.8
auckland-nz-speed-limit-reversal-crashes,results only,1.03,3,True,1.0
auckland-nz-speed-limit-reversal-crashes,results only,1.02,3,True,1.0
auckland-nz-speed-limit-reversal-crashes,results only,1.01,3,True,0.6
auckland-nz-speed-limit-reversal-crashes,results only,0.91,2,True,0.8
auckland-nz-speed-limit-reversal-crashes,results only,0.76,2,True,1.0
auckland-nz-speed-limit-reversal-crashes,results only,1.19,3,True,0.6
auckland-nz-speed-limit-reversal-crashes,results only,0.044,2,True,1.0
auckland-nz-speed-limit-reversal-crashes,results only,135,3,True,0.0
auckland-nz-speed-limit-reversal-crashes,results only,250,2,False,0.2
auckland-nz-speed-limit-reversal-crashes,results only,270,2,True,0.0
auckland-nz-speed-limit-reversal-crashes,results only,1.33,3,True,0.6
auckland-nz-speed-limit-reversal-crashes,results only,80%,1,True,1.0
auckland-nz-speed-limit-reversal-crashes,results only,0.105,3,True,1.0
auckland-nz-speed-limit-reversal-crashes,results only,+10%,1,True,1.0
auckland-nz-speed-limit-reversal-crashes,results only,15%,2,True,1.0
auckland-nz-speed-limit-reversal-crashes,results only,+19%,2,True,1.0
auckland-nz-speed-limit-reversal-crashes,results only,38%,2,True,0.2
auckland-nz-speed-limit-reversal-crashes,results only,1.23,3,True,0.2
auckland-nz-speed-limit-reversal-crashes,results only,200,1,True,1.0
auckland-nz-speed-limit-reversal-crashes,results only,1.00,3,True,0.8
auckland-nz-speed-limit-reversal-crashes,results only,1.05,3,True,1.0
auckland-nz-speed-limit-reversal-crashes,results only,13%,2,True,1.0
auckland-nz-speed-limit-reversal-crashes,results only,1.13,3,True,0.4
auckland-nz-speed-limit-reversal-crashes,results only,95%,2,True,0.8
auckland-nz-speed-limit-reversal-crashes,results only,1.02,3,True,1.0
auckland-nz-speed-limit-reversal-crashes,results only,1.26,3,True,0.6
auckland-nz-speed-limit-reversal-crashes,results only,1.08,3,True,0.4
auckland-nz-speed-limit-reversal-crashes,results only,0.98,2,True,1.0
auckland-nz-speed-limit-reversal-crashes,results only,1.20,3,True,0.6
auckland-nz-speed-limit-reversal-crashes,results only,1.09,3,True,0.6
auckland-nz-speed-limit-reversal-crashes,results only,0.97,2,True,0.8
auckland-nz-speed-limit-reversal-crashes,results only,1.22,3,False,0.4
auckland-nz-speed-limit-reversal-crashes,results only,1.05,3,True,1.0
auckland-nz-speed-limit-reversal-crashes,results only,0.92,2,True,0.8
auckland-nz-speed-limit-reversal-crashes,results only,1.20,3,True,0.4
auckland-nz-speed-limit-reversal-crashes,results only,1.07,3,True,0.8
auckland-nz-speed-limit-reversal-crashes,results only,0.96,2,True,0.4
auckland-nz-speed-limit-reversal-crashes,results only,1.19,3,True,0.2
auckland-nz-speed-limit-reversal-crashes,results only,1.18,3,True,0.4
auckland-nz-speed-limit-reversal-crashes,results only,7%,1,True,1.0
auckland-nz-speed-limit-reversal-crashes,results only,11%,2,True,1.0
auckland-nz-speed-limit-reversal-crashes,results only,72%,2,True,0.4
auckland-nz-speed-limit-reversal-crashes,results only,7.7%,2,True,1.0
auckland-nz-speed-limit-reversal-crashes,results only,1.01,3,True,0.8
auckland-nz-speed-limit-reversal-crashes,results only,184,3,False,0.4
auckland-nz-speed-limit-reversal-crashes,results only,1.2,2,True,0.8
auckland-nz-upzoning-canopy-lidar-did,results+plan+deviations,1.3,2,True,1.0
auckland-nz-upzoning-canopy-lidar-did,results+plan+deviations,0.8,1,True,1.0
auckland-nz-upzoning-canopy-lidar-did,results+plan+deviations,0.4,1,True,1.0
auckland-nz-upzoning-canopy-lidar-did,results+plan+deviations,"6,822",4,False,0.0
auckland-nz-upzoning-canopy-lidar-did,results+plan+deviations,133,3,False,0.0
auckland-nz-upzoning-canopy-lidar-did,results+plan+deviations,90%,1,True,0.6
auckland-nz-upzoning-canopy-lidar-did,results+plan+deviations,10%,1,True,1.0
auckland-nz-upzoning-canopy-lidar-did,results+plan+deviations,"163,285",5,True,0.0
auckland-nz-upzoning-canopy-lidar-did,results+plan+deviations,"160,193",5,True,0.2
auckland-nz-upzoning-canopy-lidar-did,results+plan+deviations,"51,511",5,True,0.0
auckland-nz-upzoning-canopy-lidar-did,results+plan+deviations,"28,258",5,True,0.0
auckland-nz-upzoning-canopy-lidar-did,results+plan+deviations,525,3,True,0.0
auckland-nz-upzoning-canopy-lidar-did,results+plan+deviations,−1.0,2,True,1.0
auckland-nz-upzoning-canopy-lidar-did,results+plan+deviations,0.5,1,True,1.0
auckland-nz-upzoning-canopy-lidar-did,results+plan+deviations,−1.0,2,True,1.0
auckland-nz-upzoning-canopy-lidar-did,results+plan+deviations,95%,2,True,0.6
auckland-nz-upzoning-canopy-lidar-did,results+plan+deviations,−1.32,3,True,0.6
auckland-nz-upzoning-canopy-lidar-did,results+plan+deviations,−1.65,3,True,0.2
auckland-nz-upzoning-canopy-lidar-did,results+plan+deviations,−0.98,2,True,0.6
auckland-nz-upzoning-canopy-lidar-did,results+plan+deviations,+0.83,2,True,1.0
auckland-nz-upzoning-canopy-lidar-did,results+plan+deviations,+0.49,2,True,1.0
auckland-nz-upzoning-canopy-lidar-did,results+plan+deviations,+1.17,3,True,0.4
auckland-nz-upzoning-canopy-lidar-did,results+plan+deviations,0.5,1,True,1.0
auckland-nz-upzoning-canopy-lidar-did,results+plan+deviations,−1.37,3,True,0.2
auckland-nz-upzoning-canopy-lidar-did,results+plan+deviations,+0.83,2,True,1.0
auckland-nz-upzoning-canopy-lidar-did,results+plan+deviations,−3.0,2,True,0.8
auckland-nz-upzoning-canopy-lidar-did,results+plan+deviations,95%,2,True,0.8
auckland-nz-upzoning-canopy-lidar-did,results+plan+deviations,−1.32,3,True,0.8
auckland-nz-upzoning-canopy-lidar-did,results+plan+deviations,−1.65,3,True,0.2
auckland-nz-upzoning-canopy-lidar-did,results+plan+deviations,−0.98,2,True,0.8
auckland-nz-upzoning-canopy-lidar-did,results+plan+deviations,+0.83,2,True,1.0
auckland-nz-upzoning-canopy-lidar-did,results+plan+deviations,+0.49,2,True,1.0
auckland-nz-upzoning-canopy-lidar-did,results+plan+deviations,+1.17,3,True,1.0
auckland-nz-upzoning-canopy-lidar-did,results+plan+deviations,−0.48,2,True,1.0
auckland-nz-upzoning-canopy-lidar-did,results+plan+deviations,−0.88,2,True,0.8
auckland-nz-upzoning-canopy-lidar-did,results+plan+deviations,−0.08,1,True,1.0
auckland-nz-upzoning-canopy-lidar-did,results+plan+deviations,0.00,1,True,0.8
auckland-nz-upzoning-canopy-lidar-did,results+plan+deviations,−0.40,2,True,0.8
auckland-nz-upzoning-canopy-lidar-did,results+plan+deviations,+0.41,2,True,1.0
auckland-nz-upzoning-canopy-lidar-did,results+plan+deviations,−0.42,2,True,1.0
auckland-nz-upzoning-canopy-lidar-did,results+plan+deviations,−0.74,2,True,0.8
auckland-nz-upzoning-canopy-lidar-did,results+plan+deviations,−0.09,1,True,1.0
auckland-nz-upzoning-canopy-lidar-did,results+plan+deviations,−0.41,2,True,0.8
auckland-nz-upzoning-canopy-lidar-did,results+plan+deviations,−0.82,2,True,1.0
auckland-nz-upzoning-canopy-lidar-did,results+plan+deviations,0.00,1,True,0.8
auckland-nz-upzoning-canopy-lidar-did,results+plan+deviations,−1.11,3,True,0.6
auckland-nz-upzoning-canopy-lidar-did,results+plan+deviations,−0.46,2,True,1.0
auckland-nz-upzoning-canopy-lidar-did,results+plan+deviations,−1.57,3,True,0.2
auckland-nz-upzoning-canopy-lidar-did,results+plan+deviations,+0.75,2,True,1.0
auckland-nz-upzoning-canopy-lidar-did,results+plan+deviations,+0.59,2,True,0.8
auckland-nz-upzoning-canopy-lidar-did,results+plan+deviations,+1.35,3,True,0.6
auckland-nz-upzoning-canopy-lidar-did,results+plan+deviations,−0.37,2,True,1.0
auckland-nz-upzoning-canopy-lidar-did,results+plan+deviations,−0.74,2,True,1.0
auckland-nz-upzoning-canopy-lidar-did,results+plan+deviations,0.00,1,True,0.8
auckland-nz-upzoning-canopy-lidar-did,results+plan+deviations,+0.28,2,True,0.8
auckland-nz-upzoning-canopy-lidar-did,results+plan+deviations,−0.04,1,True,0.6
auckland-nz-upzoning-canopy-lidar-did,results+plan+deviations,+0.60,2,True,0.4
auckland-nz-upzoning-canopy-lidar-did,results+plan+deviations,−0.03,1,True,1.0
auckland-nz-upzoning-canopy-lidar-did,results+plan+deviations,−0.46,2,True,1.0
auckland-nz-upzoning-canopy-lidar-did,results+plan+deviations,+0.40,2,True,0.8
auckland-nz-upzoning-canopy-lidar-did,results+plan+deviations,−0.22,2,True,1.0
auckland-nz-upzoning-canopy-lidar-did,results+plan+deviations,−0.57,2,True,1.0
auckland-nz-upzoning-canopy-lidar-did,results+plan+deviations,+0.12,2,True,1.0
auckland-nz-upzoning-canopy-lidar-did,results+plan+deviations,+0.04,1,True,1.0
auckland-nz-upzoning-canopy-lidar-did,results+plan+deviations,−0.25,2,True,1.0
auckland-nz-upzoning-canopy-lidar-did,results+plan+deviations,+0.32,2,True,0.8
auckland-nz-upzoning-canopy-lidar-did,results+plan+deviations,−0.02,1,True,1.0
auckland-nz-upzoning-canopy-lidar-did,results+plan+deviations,−0.46,2,True,1.0
auckland-nz-upzoning-canopy-lidar-did,results+plan+deviations,+0.41,2,True,1.0
auckland-nz-upzoning-canopy-lidar-did,results+plan+deviations,+0.75,2,True,1.0
auckland-nz-upzoning-canopy-lidar-did,results+plan+deviations,−0.4,1,True,1.0
auckland-nz-upzoning-canopy-lidar-did,results+plan+deviations,0.0,1,True,1.0
auckland-nz-upzoning-canopy-lidar-did,results+plan+deviations,−0.84,2,True,1.0
auckland-nz-upzoning-canopy-lidar-did,results+plan+deviations,−0.25,2,True,1.0
auckland-nz-upzoning-canopy-lidar-did,results+plan+deviations,−0.11,2,True,1.0
auckland-nz-upzoning-canopy-lidar-did,results+plan+deviations,+0.01,1,True,1.0
auckland-nz-upzoning-canopy-lidar-did,results+plan+deviations,−0.33,2,True,0.6
auckland-nz-upzoning-canopy-lidar-did,results+plan+deviations,+0.34,2,True,1.0
auckland-nz-upzoning-canopy-lidar-did,results+plan+deviations,−2.46,3,True,0.0
auckland-nz-upzoning-canopy-lidar-did,results+plan+deviations,−3.70,3,True,0.6
auckland-nz-upzoning-canopy-lidar-did,results+plan+deviations,−1.21,3,True,0.6
auckland-nz-upzoning-canopy-lidar-did,results+plan+deviations,−6.5,2,True,0.4
auckland-nz-upzoning-canopy-lidar-did,results+plan+deviations,−8.1,2,True,0.0
auckland-nz-upzoning-canopy-lidar-did,results+plan+deviations,−7.3,2,True,0.2
auckland-nz-upzoning-canopy-lidar-did,results+plan+deviations,10.8%,3,True,0.0
auckland-nz-upzoning-canopy-lidar-did,results+plan+deviations,5.4%,2,True,0.6
auckland-nz-upzoning-canopy-lidar-did,results+plan+deviations,−0.33,2,True,1.0
auckland-nz-upzoning-canopy-lidar-did,results+plan+deviations,−0.28,2,True,1.0
auckland-nz-upzoning-canopy-lidar-did,results+plan+deviations,−0.05,1,True,1.0
auckland-nz-upzoning-canopy-lidar-did,results+plan+deviations,21.8%,3,False,0.4
auckland-nz-upzoning-canopy-lidar-did,results+plan+deviations,20.3%,3,False,0.8
auckland-nz-upzoning-canopy-lidar-did,results+plan+deviations,18.1%,3,True,0.4
auckland-nz-upzoning-canopy-lidar-did,results+plan+deviations,100,1,True,0.2
auckland-nz-upzoning-canopy-lidar-did,results+plan+deviations,+0.13,2,True,1.0
auckland-nz-upzoning-canopy-lidar-did,results+plan+deviations,−0.43,2,True,0.8
auckland-nz-upzoning-canopy-lidar-did,results+plan+deviations,+0.69,2,True,1.0
auckland-nz-upzoning-canopy-lidar-did,results+plan+deviations,900,1,True,0.0
auckland-nz-upzoning-canopy-lidar-did,results+plan+deviations,1.3%,2,True,1.0
auckland-nz-upzoning-canopy-lidar-did,results+plan+deviations,5.9%,2,True,0.4
auckland-nz-upzoning-canopy-lidar-did,results+plan+deviations,0.1,1,True,1.0
auckland-nz-upzoning-canopy-lidar-did,results+plan+deviations,900,1,True,0.0
auckland-nz-upzoning-canopy-lidar-did,results only,1.3,2,True,1.0
auckland-nz-upzoning-canopy-lidar-did,results only,0.8,1,True,1.0
auckland-nz-upzoning-canopy-lidar-did,results only,0.4,1,True,1.0
auckland-nz-upzoning-canopy-lidar-did,results only,"6,822",4,False,0.0
auckland-nz-upzoning-canopy-lidar-did,results only,133,3,False,0.0
auckland-nz-upzoning-canopy-lidar-did,results only,90%,1,True,0.8
auckland-nz-upzoning-canopy-lidar-did,results only,10%,1,True,1.0
auckland-nz-upzoning-canopy-lidar-did,results only,"163,285",5,True,0.0
auckland-nz-upzoning-canopy-lidar-did,results only,"160,193",5,True,0.0
auckland-nz-upzoning-canopy-lidar-did,results only,"51,511",5,True,0.4
auckland-nz-upzoning-canopy-lidar-did,results only,"28,258",5,True,0.0
auckland-nz-upzoning-canopy-lidar-did,results only,525,3,True,0.0
auckland-nz-upzoning-canopy-lidar-did,results only,−1.0,2,True,1.0
auckland-nz-upzoning-canopy-lidar-did,results only,0.5,1,True,1.0
auckland-nz-upzoning-canopy-lidar-did,results only,−1.0,2,True,1.0
auckland-nz-upzoning-canopy-lidar-did,results only,95%,2,False,0.8
auckland-nz-upzoning-canopy-lidar-did,results only,−1.32,3,True,0.6
auckland-nz-upzoning-canopy-lidar-did,results only,−1.65,3,True,0.2
auckland-nz-upzoning-canopy-lidar-did,results only,−0.98,2,True,1.0
auckland-nz-upzoning-canopy-lidar-did,results only,+0.83,2,True,1.0
auckland-nz-upzoning-canopy-lidar-did,results only,+0.49,2,True,1.0
auckland-nz-upzoning-canopy-lidar-did,results only,+1.17,3,True,0.8
auckland-nz-upzoning-canopy-lidar-did,results only,0.5,1,True,1.0
auckland-nz-upzoning-canopy-lidar-did,results only,−1.37,3,True,0.2
auckland-nz-upzoning-canopy-lidar-did,results only,+0.83,2,True,1.0
auckland-nz-upzoning-canopy-lidar-did,results only,−3.0,2,True,0.4
auckland-nz-upzoning-canopy-lidar-did,results only,95%,2,False,0.8
auckland-nz-upzoning-canopy-lidar-did,results only,−1.32,3,True,0.6
auckland-nz-upzoning-canopy-lidar-did,results only,−1.65,3,True,0.4
auckland-nz-upzoning-canopy-lidar-did,results only,−0.98,2,True,0.2
auckland-nz-upzoning-canopy-lidar-did,results only,+0.83,2,True,1.0
auckland-nz-upzoning-canopy-lidar-did,results only,+0.49,2,True,1.0
auckland-nz-upzoning-canopy-lidar-did,results only,+1.17,3,True,0.6
auckland-nz-upzoning-canopy-lidar-did,results only,−0.48,2,True,1.0
auckland-nz-upzoning-canopy-lidar-did,results only,−0.88,2,True,0.6
auckland-nz-upzoning-canopy-lidar-did,results only,−0.08,1,True,1.0
auckland-nz-upzoning-canopy-lidar-did,results only,0.00,1,True,1.0
auckland-nz-upzoning-canopy-lidar-did,results only,−0.40,2,True,0.8
auckland-nz-upzoning-canopy-lidar-did,results only,+0.41,2,True,1.0
auckland-nz-upzoning-canopy-lidar-did,results only,−0.42,2,True,0.8
auckland-nz-upzoning-canopy-lidar-did,results only,−0.74,2,True,0.8
auckland-nz-upzoning-canopy-lidar-did,results only,−0.09,1,True,1.0
auckland-nz-upzoning-canopy-lidar-did,results only,−0.41,2,True,1.0
auckland-nz-upzoning-canopy-lidar-did,results only,−0.82,2,True,1.0
auckland-nz-upzoning-canopy-lidar-did,results only,0.00,1,True,1.0
auckland-nz-upzoning-canopy-lidar-did,results only,−1.11,3,True,0.4
auckland-nz-upzoning-canopy-lidar-did,results only,−0.46,2,True,1.0
auckland-nz-upzoning-canopy-lidar-did,results only,−1.57,3,True,0.2
auckland-nz-upzoning-canopy-lidar-did,results only,+0.75,2,True,0.8
auckland-nz-upzoning-canopy-lidar-did,results only,+0.59,2,True,1.0
auckland-nz-upzoning-canopy-lidar-did,results only,+1.35,3,True,1.0
auckland-nz-upzoning-canopy-lidar-did,results only,−0.37,2,True,1.0
auckland-nz-upzoning-canopy-lidar-did,results only,−0.74,2,True,0.8
auckland-nz-upzoning-canopy-lidar-did,results only,0.00,1,True,0.8
auckland-nz-upzoning-canopy-lidar-did,results only,+0.28,2,True,1.0
auckland-nz-upzoning-canopy-lidar-did,results only,−0.04,1,True,1.0
auckland-nz-upzoning-canopy-lidar-did,results only,+0.60,2,True,0.8
auckland-nz-upzoning-canopy-lidar-did,results only,−0.03,1,True,1.0
auckland-nz-upzoning-canopy-lidar-did,results only,−0.46,2,True,1.0
auckland-nz-upzoning-canopy-lidar-did,results only,+0.40,2,True,1.0
auckland-nz-upzoning-canopy-lidar-did,results only,−0.22,2,True,1.0
auckland-nz-upzoning-canopy-lidar-did,results only,−0.57,2,True,0.8
auckland-nz-upzoning-canopy-lidar-did,results only,+0.12,2,True,1.0
auckland-nz-upzoning-canopy-lidar-did,results only,+0.04,1,True,1.0
auckland-nz-upzoning-canopy-lidar-did,results only,−0.25,2,True,1.0
auckland-nz-upzoning-canopy-lidar-did,results only,+0.32,2,True,0.8
auckland-nz-upzoning-canopy-lidar-did,results only,−0.02,1,True,1.0
auckland-nz-upzoning-canopy-lidar-did,results only,−0.46,2,True,1.0
auckland-nz-upzoning-canopy-lidar-did,results only,+0.41,2,True,1.0
auckland-nz-upzoning-canopy-lidar-did,results only,+0.75,2,True,0.8
auckland-nz-upzoning-canopy-lidar-did,results only,−0.4,1,True,1.0
auckland-nz-upzoning-canopy-lidar-did,results only,0.0,1,True,1.0
auckland-nz-upzoning-canopy-lidar-did,results only,−0.84,2,True,1.0
auckland-nz-upzoning-canopy-lidar-did,results only,−0.25,2,True,1.0
auckland-nz-upzoning-canopy-lidar-did,results only,−0.11,2,True,0.8
auckland-nz-upzoning-canopy-lidar-did,results only,+0.01,1,True,1.0
auckland-nz-upzoning-canopy-lidar-did,results only,−0.33,2,True,1.0
auckland-nz-upzoning-canopy-lidar-did,results only,+0.34,2,True,1.0
auckland-nz-upzoning-canopy-lidar-did,results only,−2.46,3,True,0.0
auckland-nz-upzoning-canopy-lidar-did,results only,−3.70,3,True,0.8
auckland-nz-upzoning-canopy-lidar-did,results only,−1.21,3,True,1.0
auckland-nz-upzoning-canopy-lidar-did,results only,−6.5,2,True,0.6
auckland-nz-upzoning-canopy-lidar-did,results only,−8.1,2,True,0.0
auckland-nz-upzoning-canopy-lidar-did,results only,−7.3,2,True,0.2
auckland-nz-upzoning-canopy-lidar-did,results only,10.8%,3,True,0.2
auckland-nz-upzoning-canopy-lidar-did,results only,5.4%,2,True,0.4
auckland-nz-upzoning-canopy-lidar-did,results only,−0.33,2,True,0.6
auckland-nz-upzoning-canopy-lidar-did,results only,−0.28,2,True,1.0
auckland-nz-upzoning-canopy-lidar-did,results only,−0.05,1,True,1.0
auckland-nz-upzoning-canopy-lidar-did,results only,21.8%,3,False,0.6
auckland-nz-upzoning-canopy-lidar-did,results only,20.3%,3,False,1.0
auckland-nz-upzoning-canopy-lidar-did,results only,18.1%,3,True,1.0
auckland-nz-upzoning-canopy-lidar-did,results only,100,1,True,0.0
auckland-nz-upzoning-canopy-lidar-did,results only,+0.13,2,True,1.0
auckland-nz-upzoning-canopy-lidar-did,results only,−0.43,2,True,0.6
auckland-nz-upzoning-canopy-lidar-did,results only,+0.69,2,True,1.0
auckland-nz-upzoning-canopy-lidar-did,results only,900,1,False,0.0
auckland-nz-upzoning-canopy-lidar-did,results only,1.3%,2,True,1.0
auckland-nz-upzoning-canopy-lidar-did,results only,5.9%,2,True,0.2
auckland-nz-upzoning-canopy-lidar-did,results only,0.1,1,True,1.0
auckland-nz-upzoning-canopy-lidar-did,results only,900,1,False,0.0
auckland-nz-wastewater-testing-gap-deprivation,results+plan+deviations,14%,2,True,1.0
auckland-nz-wastewater-testing-gap-deprivation,results+plan+deviations,35%,2,True,1.0
auckland-nz-wastewater-testing-gap-deprivation,results+plan+deviations,17%,2,True,1.0
auckland-nz-wastewater-testing-gap-deprivation,results+plan+deviations,25%,2,True,1.0
auckland-nz-wastewater-testing-gap-deprivation,results+plan+deviations,134,3,True,0.0
auckland-nz-wastewater-testing-gap-deprivation,results+plan+deviations,907,3,True,0.2
auckland-nz-wastewater-testing-gap-deprivation,results+plan+deviations,"1,190",3,True,0.0
auckland-nz-wastewater-testing-gap-deprivation,results+plan+deviations,"100,000",1,True,0.0
auckland-nz-wastewater-testing-gap-deprivation,results+plan+deviations,"4,291",4,True,0.0
auckland-nz-wastewater-testing-gap-deprivation,results+plan+deviations,0.85,2,True,1.0
auckland-nz-wastewater-testing-gap-deprivation,results+plan+deviations,0.85,2,True,1.0
auckland-nz-wastewater-testing-gap-deprivation,results+plan+deviations,95%,2,True,1.0
auckland-nz-wastewater-testing-gap-deprivation,results+plan+deviations,0.86,2,True,1.0
auckland-nz-wastewater-testing-gap-deprivation,results+plan+deviations,0.68,2,True,1.0
auckland-nz-wastewater-testing-gap-deprivation,results+plan+deviations,1.09,3,True,1.0
auckland-nz-wastewater-testing-gap-deprivation,results+plan+deviations,0.86,2,True,1.0
auckland-nz-wastewater-testing-gap-deprivation,results+plan+deviations,0.64,2,True,1.0
auckland-nz-wastewater-testing-gap-deprivation,results+plan+deviations,1.17,3,True,1.0
auckland-nz-wastewater-testing-gap-deprivation,results+plan+deviations,0.86,2,True,1.0
auckland-nz-wastewater-testing-gap-deprivation,results+plan+deviations,0.64,2,True,1.0
auckland-nz-wastewater-testing-gap-deprivation,results+plan+deviations,1.13,3,True,1.0
auckland-nz-wastewater-testing-gap-deprivation,results+plan+deviations,0.90,2,True,1.0
auckland-nz-wastewater-testing-gap-deprivation,results+plan+deviations,0.67,2,True,1.0
auckland-nz-wastewater-testing-gap-deprivation,results+plan+deviations,1.21,3,True,1.0
auckland-nz-wastewater-testing-gap-deprivation,results+plan+deviations,0.87,2,True,1.0
auckland-nz-wastewater-testing-gap-deprivation,results+plan+deviations,0.69,2,True,1.0
auckland-nz-wastewater-testing-gap-deprivation,results+plan+deviations,1.10,3,True,1.0
auckland-nz-wastewater-testing-gap-deprivation,results+plan+deviations,0.83,2,True,0.8
auckland-nz-wastewater-testing-gap-deprivation,results+plan+deviations,0.89,2,True,1.0
auckland-nz-wastewater-testing-gap-deprivation,results+plan+deviations,1.03,3,True,1.0
auckland-nz-wastewater-testing-gap-deprivation,results+plan+deviations,1.12,3,True,1.0
auckland-nz-wastewater-testing-gap-deprivation,results+plan+deviations,−0.10,2,True,1.0
auckland-nz-wastewater-testing-gap-deprivation,results+plan+deviations,−0.56,2,True,0.8
auckland-nz-wastewater-testing-gap-deprivation,results+plan+deviations,0.37,2,True,1.0
auckland-nz-wastewater-testing-gap-deprivation,results+plan+deviations,35%,2,True,1.0
auckland-nz-wastewater-testing-gap-deprivation,results+plan+deviations,17%,2,True,1.0
auckland-nz-wastewater-testing-gap-deprivation,results+plan+deviations,15%,2,True,1.0
auckland-nz-wastewater-testing-gap-deprivation,results+plan+deviations,0.86,2,True,1.0
auckland-nz-wastewater-testing-gap-deprivation,results+plan+deviations,0.94,2,True,1.0
auckland-nz-wastewater-testing-gap-deprivation,results+plan+deviations,1.03,3,True,1.0
auckland-nz-wastewater-testing-gap-deprivation,results+plan+deviations,0.91,2,True,1.0
auckland-nz-wastewater-testing-gap-deprivation,results+plan+deviations,0.86,2,True,1.0
auckland-nz-wastewater-testing-gap-deprivation,results+plan+deviations,0.85,2,True,1.0
auckland-nz-wastewater-testing-gap-deprivation,results+plan+deviations,0.90,2,True,1.0
auckland-nz-wastewater-testing-gap-deprivation,results+plan+deviations,19%,2,True,1.0
auckland-nz-wastewater-testing-gap-deprivation,results+plan+deviations,0.83,2,True,1.0
auckland-nz-wastewater-testing-gap-deprivation,results+plan+deviations,0.95,2,True,1.0
auckland-nz-wastewater-testing-gap-deprivation,results+plan+deviations,0.83,2,True,0.8
auckland-nz-wastewater-testing-gap-deprivation,results+plan+deviations,0.89,2,True,1.0
auckland-nz-wastewater-testing-gap-deprivation,results+plan+deviations,1.00,3,True,1.0
auckland-nz-wastewater-testing-gap-deprivation,results+plan+deviations,500,1,True,0.0
auckland-nz-wastewater-testing-gap-deprivation,results+plan+deviations,0.89,2,True,1.0
auckland-nz-wastewater-testing-gap-deprivation,results+plan+deviations,0.79,2,True,1.0
auckland-nz-wastewater-testing-gap-deprivation,results+plan+deviations,0.63,2,True,1.0
auckland-nz-wastewater-testing-gap-deprivation,results+plan+deviations,1.00,3,True,1.0
auckland-nz-wastewater-testing-gap-deprivation,results+plan+deviations,0.80,2,True,0.8
auckland-nz-wastewater-testing-gap-deprivation,results+plan+deviations,0.95,2,True,1.0
auckland-nz-wastewater-testing-gap-deprivation,results+plan+deviations,0.82,2,True,1.0
auckland-nz-wastewater-testing-gap-deprivation,results+plan+deviations,0.94,2,True,1.0
auckland-nz-wastewater-testing-gap-deprivation,results+plan+deviations,27%,2,True,1.0
auckland-nz-wastewater-testing-gap-deprivation,results+plan+deviations,15%,2,True,1.0
auckland-nz-wastewater-testing-gap-deprivation,results+plan+deviations,29%,2,True,1.0
auckland-nz-wastewater-testing-gap-deprivation,results+plan+deviations,0.71,2,True,0.8
auckland-nz-wastewater-testing-gap-deprivation,results+plan+deviations,80%,1,True,1.0
auckland-nz-wastewater-testing-gap-deprivation,results+plan+deviations,15%,2,True,1.0
auckland-nz-wastewater-testing-gap-deprivation,results+plan+deviations,25%,2,True,1.0
auckland-nz-wastewater-testing-gap-deprivation,results+plan+deviations,0.84,2,True,1.0
auckland-nz-wastewater-testing-gap-deprivation,results only,14%,2,True,1.0
auckland-nz-wastewater-testing-gap-deprivation,results only,35%,2,True,1.0
auckland-nz-wastewater-testing-gap-deprivation,results only,17%,2,True,1.0
auckland-nz-wastewater-testing-gap-deprivation,results only,25%,2,True,1.0
auckland-nz-wastewater-testing-gap-deprivation,results only,134,3,False,0.2
auckland-nz-wastewater-testing-gap-deprivation,results only,907,3,True,0.0
auckland-nz-wastewater-testing-gap-deprivation,results only,"1,190",3,True,0.0
auckland-nz-wastewater-testing-gap-deprivation,results only,"100,000",1,True,0.0
auckland-nz-wastewater-testing-gap-deprivation,results only,"4,291",4,True,0.0
auckland-nz-wastewater-testing-gap-deprivation,results only,0.85,2,True,1.0
auckland-nz-wastewater-testing-gap-deprivation,results only,0.85,2,True,1.0
auckland-nz-wastewater-testing-gap-deprivation,results only,95%,2,True,1.0
auckland-nz-wastewater-testing-gap-deprivation,results only,0.86,2,True,1.0
auckland-nz-wastewater-testing-gap-deprivation,results only,0.68,2,True,1.0
auckland-nz-wastewater-testing-gap-deprivation,results only,1.09,3,True,1.0
auckland-nz-wastewater-testing-gap-deprivation,results only,0.86,2,True,1.0
auckland-nz-wastewater-testing-gap-deprivation,results only,0.64,2,True,1.0
auckland-nz-wastewater-testing-gap-deprivation,results only,1.17,3,True,0.8
auckland-nz-wastewater-testing-gap-deprivation,results only,0.86,2,True,1.0
auckland-nz-wastewater-testing-gap-deprivation,results only,0.64,2,True,1.0
auckland-nz-wastewater-testing-gap-deprivation,results only,1.13,3,True,1.0
auckland-nz-wastewater-testing-gap-deprivation,results only,0.90,2,True,1.0
auckland-nz-wastewater-testing-gap-deprivation,results only,0.67,2,True,1.0
auckland-nz-wastewater-testing-gap-deprivation,results only,1.21,3,True,0.8
auckland-nz-wastewater-testing-gap-deprivation,results only,0.87,2,True,1.0
auckland-nz-wastewater-testing-gap-deprivation,results only,0.69,2,True,1.0
auckland-nz-wastewater-testing-gap-deprivation,results only,1.10,3,True,1.0
auckland-nz-wastewater-testing-gap-deprivation,results only,0.83,2,True,0.6
auckland-nz-wastewater-testing-gap-deprivation,results only,0.89,2,True,1.0
auckland-nz-wastewater-testing-gap-deprivation,results only,1.03,3,True,1.0
auckland-nz-wastewater-testing-gap-deprivation,results only,1.12,3,True,0.8
auckland-nz-wastewater-testing-gap-deprivation,results only,−0.10,2,True,1.0
auckland-nz-wastewater-testing-gap-deprivation,results only,−0.56,2,True,1.0
auckland-nz-wastewater-testing-gap-deprivation,results only,0.37,2,True,1.0
auckland-nz-wastewater-testing-gap-deprivation,results only,35%,2,True,1.0
auckland-nz-wastewater-testing-gap-deprivation,results only,17%,2,True,1.0
auckland-nz-wastewater-testing-gap-deprivation,results only,15%,2,True,1.0
auckland-nz-wastewater-testing-gap-deprivation,results only,0.86,2,True,1.0
auckland-nz-wastewater-testing-gap-deprivation,results only,0.94,2,True,1.0
auckland-nz-wastewater-testing-gap-deprivation,results only,1.03,3,True,1.0
auckland-nz-wastewater-testing-gap-deprivation,results only,0.91,2,True,1.0
auckland-nz-wastewater-testing-gap-deprivation,results only,0.86,2,True,1.0
auckland-nz-wastewater-testing-gap-deprivation,results only,0.85,2,True,1.0
auckland-nz-wastewater-testing-gap-deprivation,results only,0.90,2,True,1.0
auckland-nz-wastewater-testing-gap-deprivation,results only,19%,2,True,1.0
auckland-nz-wastewater-testing-gap-deprivation,results only,0.83,2,True,1.0
auckland-nz-wastewater-testing-gap-deprivation,results only,0.95,2,True,1.0
auckland-nz-wastewater-testing-gap-deprivation,results only,0.83,2,True,1.0
auckland-nz-wastewater-testing-gap-deprivation,results only,0.89,2,True,1.0
auckland-nz-wastewater-testing-gap-deprivation,results only,1.00,3,True,1.0
auckland-nz-wastewater-testing-gap-deprivation,results only,500,1,True,0.0
auckland-nz-wastewater-testing-gap-deprivation,results only,0.89,2,True,1.0
auckland-nz-wastewater-testing-gap-deprivation,results only,0.79,2,True,1.0
auckland-nz-wastewater-testing-gap-deprivation,results only,0.63,2,True,1.0
auckland-nz-wastewater-testing-gap-deprivation,results only,1.00,3,True,1.0
auckland-nz-wastewater-testing-gap-deprivation,results only,0.80,2,True,0.6
auckland-nz-wastewater-testing-gap-deprivation,results only,0.95,2,True,1.0
auckland-nz-wastewater-testing-gap-deprivation,results only,0.82,2,True,1.0
auckland-nz-wastewater-testing-gap-deprivation,results only,0.94,2,True,1.0
auckland-nz-wastewater-testing-gap-deprivation,results only,27%,2,True,1.0
auckland-nz-wastewater-testing-gap-deprivation,results only,15%,2,True,1.0
auckland-nz-wastewater-testing-gap-deprivation,results only,29%,2,True,1.0
auckland-nz-wastewater-testing-gap-deprivation,results only,0.71,2,True,0.8
auckland-nz-wastewater-testing-gap-deprivation,results only,80%,1,True,1.0
auckland-nz-wastewater-testing-gap-deprivation,results only,15%,2,True,1.0
auckland-nz-wastewater-testing-gap-deprivation,results only,25%,2,True,1.0
auckland-nz-wastewater-testing-gap-deprivation,results only,0.84,2,True,1.0
bioinformatics-vep-acmg-calibration-drift,results+plan+deviations,"159,531",5,False,0.0
bioinformatics-vep-acmg-calibration-drift,results+plan+deviations,"160,000",2,False,0.0
bioinformatics-vep-acmg-calibration-drift,results+plan+deviations,"59,000",2,False,0.0
bioinformatics-vep-acmg-calibration-drift,results+plan+deviations,7%,1,True,1.0
bioinformatics-vep-acmg-calibration-drift,results+plan+deviations,22%,2,True,1.0
bioinformatics-vep-acmg-calibration-drift,results+plan+deviations,0.932,3,True,0.2
bioinformatics-vep-acmg-calibration-drift,results+plan+deviations,"44,721",5,False,0.0
bioinformatics-vep-acmg-calibration-drift,results+plan+deviations,"114,810",5,False,0.0
bioinformatics-vep-acmg-calibration-drift,results+plan+deviations,1.25,3,True,0.4
bioinformatics-vep-acmg-calibration-drift,results+plan+deviations,0.96,2,True,0.6
bioinformatics-vep-acmg-calibration-drift,results+plan+deviations,1.73,3,True,0.2
bioinformatics-vep-acmg-calibration-drift,results+plan+deviations,2.41,3,True,0.0
bioinformatics-vep-acmg-calibration-drift,results+plan+deviations,3.99,3,True,0.4
bioinformatics-vep-acmg-calibration-drift,results+plan+deviations,5.79,3,True,0.2
bioinformatics-vep-acmg-calibration-drift,results+plan+deviations,1.8,2,True,0.6
bioinformatics-vep-acmg-calibration-drift,results+plan+deviations,1.4,2,True,1.0
bioinformatics-vep-acmg-calibration-drift,results+plan+deviations,2.5,2,True,0.8
bioinformatics-vep-acmg-calibration-drift,results+plan+deviations,2.41,3,True,0.2
bioinformatics-vep-acmg-calibration-drift,results+plan+deviations,135,3,True,0.4
bioinformatics-vep-acmg-calibration-drift,results+plan+deviations,"59,000",2,False,0.0
bioinformatics-vep-acmg-calibration-drift,results+plan+deviations,9%,1,True,1.0
bioinformatics-vep-acmg-calibration-drift,results+plan+deviations,25%,2,True,1.0
bioinformatics-vep-acmg-calibration-drift,results+plan+deviations,10%,1,True,1.0
bioinformatics-vep-acmg-calibration-drift,results+plan+deviations,"11,834",5,True,0.0
bioinformatics-vep-acmg-calibration-drift,results+plan+deviations,0.0441,3,True,0.6
bioinformatics-vep-acmg-calibration-drift,results+plan+deviations,2.406,4,True,0.0
bioinformatics-vep-acmg-calibration-drift,results+plan+deviations,2.41,3,True,0.0
bioinformatics-vep-acmg-calibration-drift,results+plan+deviations,5.79,3,True,0.8
bioinformatics-vep-acmg-calibration-drift,results+plan+deviations,13.9,3,True,1.0
bioinformatics-vep-acmg-calibration-drift,results+plan+deviations,33.5,3,True,1.0
bioinformatics-vep-acmg-calibration-drift,results+plan+deviations,"9,114",4,True,0.2
bioinformatics-vep-acmg-calibration-drift,results+plan+deviations,"36,755",5,True,0.0
bioinformatics-vep-acmg-calibration-drift,results+plan+deviations,"199,144",5,False,0.0
bioinformatics-vep-acmg-calibration-drift,results+plan+deviations,1%,1,True,1.0
bioinformatics-vep-acmg-calibration-drift,results+plan+deviations,100%,1,True,1.0
bioinformatics-vep-acmg-calibration-drift,results+plan+deviations,"13,286",5,True,0.0
bioinformatics-vep-acmg-calibration-drift,results+plan+deviations,"17,822",5,True,0.0
bioinformatics-vep-acmg-calibration-drift,results+plan+deviations,"14,582",5,True,0.0
bioinformatics-vep-acmg-calibration-drift,results+plan+deviations,"3,181",4,True,0.4
bioinformatics-vep-acmg-calibration-drift,results+plan+deviations,"6,156",4,True,0.4
bioinformatics-vep-acmg-calibration-drift,results+plan+deviations,"23,459",5,True,0.0
bioinformatics-vep-acmg-calibration-drift,results+plan+deviations,"7,023",4,True,0.0
bioinformatics-vep-acmg-calibration-drift,results+plan+deviations,"5,302",4,True,0.0
bioinformatics-vep-acmg-calibration-drift,results+plan+deviations,"6,612",4,True,0.0
bioinformatics-vep-acmg-calibration-drift,results+plan+deviations,"2,512",4,True,0.4
bioinformatics-vep-acmg-calibration-drift,results+plan+deviations,"8,338",4,True,0.0
bioinformatics-vep-acmg-calibration-drift,results+plan+deviations,"9,282",4,True,0.2
bioinformatics-vep-acmg-calibration-drift,results+plan+deviations,"2,859",4,True,0.0
bioinformatics-vep-acmg-calibration-drift,results+plan+deviations,"8,123",4,True,0.2
bioinformatics-vep-acmg-calibration-drift,results+plan+deviations,"34,959",5,True,0.0
bioinformatics-vep-acmg-calibration-drift,results+plan+deviations,"10,446",5,True,0.0
bioinformatics-vep-acmg-calibration-drift,results+plan+deviations,"9,565",4,True,0.2
bioinformatics-vep-acmg-calibration-drift,results+plan+deviations,"22,584",5,True,0.0
bioinformatics-vep-acmg-calibration-drift,results+plan+deviations,"7,723",4,True,0.0
bioinformatics-vep-acmg-calibration-drift,results+plan+deviations,"8,510",3,True,0.0
bioinformatics-vep-acmg-calibration-drift,results+plan+deviations,"30,591",5,True,0.0
bioinformatics-vep-acmg-calibration-drift,results+plan+deviations,"10,456",5,True,0.0
bioinformatics-vep-acmg-calibration-drift,results+plan+deviations,"5,272",4,True,0.0
bioinformatics-vep-acmg-calibration-drift,results+plan+deviations,"11,097",5,True,0.0
bioinformatics-vep-acmg-calibration-drift,results+plan+deviations,"5,714",4,True,0.0
bioinformatics-vep-acmg-calibration-drift,results+plan+deviations,"44,721",5,False,0.0
bioinformatics-vep-acmg-calibration-drift,results+plan+deviations,"114,810",5,False,0.0
bioinformatics-vep-acmg-calibration-drift,results+plan+deviations,"15,011",5,False,0.0
bioinformatics-vep-acmg-calibration-drift,results+plan+deviations,1.2%,2,True,1.0
bioinformatics-vep-acmg-calibration-drift,results+plan+deviations,0.932,3,True,0.6
bioinformatics-vep-acmg-calibration-drift,results+plan+deviations,"13,618",5,False,0.0
bioinformatics-vep-acmg-calibration-drift,results+plan+deviations,205,3,False,0.2
bioinformatics-vep-acmg-calibration-drift,results+plan+deviations,168,3,True,0.8
bioinformatics-vep-acmg-calibration-drift,results+plan+deviations,139,3,True,0.6
bioinformatics-vep-acmg-calibration-drift,results+plan+deviations,206,3,True,0.4
bioinformatics-vep-acmg-calibration-drift,results+plan+deviations,33.5,3,True,0.8
bioinformatics-vep-acmg-calibration-drift,results+plan+deviations,0.879,3,True,1.0
bioinformatics-vep-acmg-calibration-drift,results+plan+deviations,0.931,3,True,0.2
bioinformatics-vep-acmg-calibration-drift,results+plan+deviations,"7,555",4,True,0.0
bioinformatics-vep-acmg-calibration-drift,results+plan+deviations,380,2,True,0.4
bioinformatics-vep-acmg-calibration-drift,results+plan+deviations,13.9,3,True,1.0
bioinformatics-vep-acmg-calibration-drift,results+plan+deviations,0.773,3,True,0.0
bioinformatics-vep-acmg-calibration-drift,results+plan+deviations,0.878,3,False,1.0
bioinformatics-vep-acmg-calibration-drift,results+plan+deviations,"8,363",4,False,0.0
bioinformatics-vep-acmg-calibration-drift,results+plan+deviations,"1,129",4,False,1.0
bioinformatics-vep-acmg-calibration-drift,results+plan+deviations,18.7,3,True,1.0
bioinformatics-vep-acmg-calibration-drift,results+plan+deviations,16.1,3,True,1.0
bioinformatics-vep-acmg-calibration-drift,results+plan+deviations,22.0,3,True,0.6
bioinformatics-vep-acmg-calibration-drift,results+plan+deviations,5.79,3,True,0.6
bioinformatics-vep-acmg-calibration-drift,results+plan+deviations,0.644,3,True,0.2
bioinformatics-vep-acmg-calibration-drift,results+plan+deviations,0.772,3,False,0.0
bioinformatics-vep-acmg-calibration-drift,results+plan+deviations,"5,760",3,False,0.0
bioinformatics-vep-acmg-calibration-drift,results+plan+deviations,"2,354",4,False,0.2
bioinformatics-vep-acmg-calibration-drift,results+plan+deviations,6.2,2,True,1.0
bioinformatics-vep-acmg-calibration-drift,results+plan+deviations,5.5,2,True,1.0
bioinformatics-vep-acmg-calibration-drift,results+plan+deviations,7.0,2,True,1.0
bioinformatics-vep-acmg-calibration-drift,results+plan+deviations,2.41,3,True,0.0
bioinformatics-vep-acmg-calibration-drift,results+plan+deviations,0.184,3,False,0.6
bioinformatics-vep-acmg-calibration-drift,results+plan+deviations,0.290,3,True,1.0
bioinformatics-vep-acmg-calibration-drift,results+plan+deviations,"1,029",4,False,0.0
bioinformatics-vep-acmg-calibration-drift,results+plan+deviations,"15,524",5,False,0.0
bioinformatics-vep-acmg-calibration-drift,results+plan+deviations,0.17,2,True,1.0
bioinformatics-vep-acmg-calibration-drift,results+plan+deviations,0.15,2,True,1.0
bioinformatics-vep-acmg-calibration-drift,results+plan+deviations,0.19,2,True,1.0
bioinformatics-vep-acmg-calibration-drift,results+plan+deviations,0.42,2,True,1.0
bioinformatics-vep-acmg-calibration-drift,results+plan+deviations,0.053,2,True,1.0
bioinformatics-vep-acmg-calibration-drift,results+plan+deviations,0.183,3,True,1.0
bioinformatics-vep-acmg-calibration-drift,results+plan+deviations,622,3,False,0.2
bioinformatics-vep-acmg-calibration-drift,results+plan+deviations,"39,153",5,False,0.0
bioinformatics-vep-acmg-calibration-drift,results+plan+deviations,0.040,2,True,1.0
bioinformatics-vep-acmg-calibration-drift,results+plan+deviations,0.036,2,True,1.0
bioinformatics-vep-acmg-calibration-drift,results+plan+deviations,0.045,2,True,1.0
bioinformatics-vep-acmg-calibration-drift,results+plan+deviations,0.17,2,True,1.0
bioinformatics-vep-acmg-calibration-drift,results+plan+deviations,0.017,2,True,1.0
bioinformatics-vep-acmg-calibration-drift,results+plan+deviations,0.052,2,True,1.0
bioinformatics-vep-acmg-calibration-drift,results+plan+deviations,"25,711",5,False,0.0
bioinformatics-vep-acmg-calibration-drift,results+plan+deviations,0.007,1,True,1.0
bioinformatics-vep-acmg-calibration-drift,results+plan+deviations,0.006,1,True,1.0
bioinformatics-vep-acmg-calibration-drift,results+plan+deviations,0.009,1,True,1.0
bioinformatics-vep-acmg-calibration-drift,results+plan+deviations,0.072,2,True,1.0
bioinformatics-vep-acmg-calibration-drift,results+plan+deviations,0.990,3,True,0.4
bioinformatics-vep-acmg-calibration-drift,results+plan+deviations,"13,698",5,False,0.0
bioinformatics-vep-acmg-calibration-drift,results+plan+deviations,425,3,True,0.0
bioinformatics-vep-acmg-calibration-drift,results+plan+deviations,33.5,3,True,0.6
bioinformatics-vep-acmg-calibration-drift,results+plan+deviations,0.972,3,True,0.8
bioinformatics-vep-acmg-calibration-drift,results+plan+deviations,0.989,3,True,0.8
bioinformatics-vep-acmg-calibration-drift,results+plan+deviations,"5,164",4,False,0.4
bioinformatics-vep-acmg-calibration-drift,results+plan+deviations,464,3,True,0.0
bioinformatics-vep-acmg-calibration-drift,results+plan+deviations,13.9,3,True,1.0
bioinformatics-vep-acmg-calibration-drift,results+plan+deviations,0.906,3,True,0.4
bioinformatics-vep-acmg-calibration-drift,results+plan+deviations,0.971,3,True,0.6
bioinformatics-vep-acmg-calibration-drift,results+plan+deviations,"6,988",4,False,0.0
bioinformatics-vep-acmg-calibration-drift,results+plan+deviations,"1,151",4,True,0.6
bioinformatics-vep-acmg-calibration-drift,results+plan+deviations,15.9,3,True,1.0
bioinformatics-vep-acmg-calibration-drift,results+plan+deviations,14.5,3,True,0.6
bioinformatics-vep-acmg-calibration-drift,results+plan+deviations,17.6,3,True,1.0
bioinformatics-vep-acmg-calibration-drift,results+plan+deviations,5.79,3,True,0.4
bioinformatics-vep-acmg-calibration-drift,results+plan+deviations,0.792,3,True,0.2
bioinformatics-vep-acmg-calibration-drift,results+plan+deviations,0.905,3,False,0.4
bioinformatics-vep-acmg-calibration-drift,results+plan+deviations,"4,941",4,False,0.2
bioinformatics-vep-acmg-calibration-drift,results+plan+deviations,"1,564",4,False,0.4
bioinformatics-vep-acmg-calibration-drift,results+plan+deviations,8.3,2,True,1.0
bioinformatics-vep-acmg-calibration-drift,results+plan+deviations,7.5,2,True,1.0
bioinformatics-vep-acmg-calibration-drift,results+plan+deviations,9.2,2,True,1.0
bioinformatics-vep-acmg-calibration-drift,results+plan+deviations,2.41,3,True,0.0
bioinformatics-vep-acmg-calibration-drift,results+plan+deviations,0.100,3,True,1.0
bioinformatics-vep-acmg-calibration-drift,results+plan+deviations,0.169,3,True,0.6
bioinformatics-vep-acmg-calibration-drift,results+plan+deviations,"1,271",4,False,0.0
bioinformatics-vep-acmg-calibration-drift,results+plan+deviations,"20,166",5,False,0.0
bioinformatics-vep-acmg-calibration-drift,results+plan+deviations,0.17,2,True,1.0
bioinformatics-vep-acmg-calibration-drift,results+plan+deviations,0.15,2,True,1.0
bioinformatics-vep-acmg-calibration-drift,results+plan+deviations,0.18,2,True,1.0
bioinformatics-vep-acmg-calibration-drift,results+plan+deviations,0.42,2,True,1.0
bioinformatics-vep-acmg-calibration-drift,results+plan+deviations,0.071,2,True,1.0
bioinformatics-vep-acmg-calibration-drift,results+plan+deviations,0.099,2,True,0.8
bioinformatics-vep-acmg-calibration-drift,results+plan+deviations,468,3,False,0.0
bioinformatics-vep-acmg-calibration-drift,results+plan+deviations,"32,271",5,False,0.0
bioinformatics-vep-acmg-calibration-drift,results+plan+deviations,0.038,2,True,1.0
bioinformatics-vep-acmg-calibration-drift,results+plan+deviations,0.034,2,True,1.0
bioinformatics-vep-acmg-calibration-drift,results+plan+deviations,0.042,2,True,1.0
bioinformatics-vep-acmg-calibration-drift,results+plan+deviations,0.17,2,True,1.0
bioinformatics-vep-acmg-calibration-drift,results+plan+deviations,0.070,2,True,1.0
bioinformatics-vep-acmg-calibration-drift,results+plan+deviations,118,3,True,1.0
bioinformatics-vep-acmg-calibration-drift,results+plan+deviations,"37,838",5,False,0.0
bioinformatics-vep-acmg-calibration-drift,results+plan+deviations,0.008,1,True,1.0
bioinformatics-vep-acmg-calibration-drift,results+plan+deviations,0.007,1,True,1.0
bioinformatics-vep-acmg-calibration-drift,results+plan+deviations,0.010,2,True,1.0
bioinformatics-vep-acmg-calibration-drift,results+plan+deviations,0.072,2,True,1.0
bioinformatics-vep-acmg-calibration-drift,results+plan+deviations,0.38,2,True,0.8
bioinformatics-vep-acmg-calibration-drift,results+plan+deviations,0.35,2,True,1.0
bioinformatics-vep-acmg-calibration-drift,results+plan+deviations,0.42,2,True,1.0
bioinformatics-vep-acmg-calibration-drift,results+plan+deviations,0.42,2,True,1.0
bioinformatics-vep-acmg-calibration-drift,results+plan+deviations,0.54,2,True,1.0
bioinformatics-vep-acmg-calibration-drift,results+plan+deviations,0.47,2,True,1.0
bioinformatics-vep-acmg-calibration-drift,results+plan+deviations,0.62,2,True,1.0
bioinformatics-vep-acmg-calibration-drift,results+plan+deviations,0.644,3,True,0.2
bioinformatics-vep-acmg-calibration-drift,results+plan+deviations,0.662,3,True,0.0
bioinformatics-vep-acmg-calibration-drift,results+plan+deviations,4.0,2,True,1.0
bioinformatics-vep-acmg-calibration-drift,results+plan+deviations,3.4,2,True,1.0
bioinformatics-vep-acmg-calibration-drift,results+plan+deviations,4.7,2,True,1.0
bioinformatics-vep-acmg-calibration-drift,results+plan+deviations,2.41,3,True,0.0
bioinformatics-vep-acmg-calibration-drift,results+plan+deviations,0.932,3,True,0.6
bioinformatics-vep-acmg-calibration-drift,results+plan+deviations,0.950,3,True,0.4
bioinformatics-vep-acmg-calibration-drift,results+plan+deviations,124,3,True,1.0
bioinformatics-vep-acmg-calibration-drift,results+plan+deviations,33.5,3,True,0.8
bioinformatics-vep-acmg-calibration-drift,results+plan+deviations,0.990,3,True,0.4
bioinformatics-vep-acmg-calibration-drift,results+plan+deviations,0.994,3,True,1.0
bioinformatics-vep-acmg-calibration-drift,results+plan+deviations,33.5,3,True,1.0
bioinformatics-vep-acmg-calibration-drift,results+plan+deviations,3.3,2,True,1.0
bioinformatics-vep-acmg-calibration-drift,results+plan+deviations,2.9,2,True,0.8
bioinformatics-vep-acmg-calibration-drift,results+plan+deviations,3.7,2,True,1.0
bioinformatics-vep-acmg-calibration-drift,results+plan+deviations,118,3,True,0.8
bioinformatics-vep-acmg-calibration-drift,results+plan+deviations,3.99,3,True,0.4
bioinformatics-vep-acmg-calibration-drift,results+plan+deviations,3.01,3,True,0.2
bioinformatics-vep-acmg-calibration-drift,results+plan+deviations,5.66,3,True,0.2
bioinformatics-vep-acmg-calibration-drift,results+plan+deviations,9.3,2,True,1.0
bioinformatics-vep-acmg-calibration-drift,results+plan+deviations,6.0,2,True,1.0
bioinformatics-vep-acmg-calibration-drift,results+plan+deviations,17.8,3,True,1.0
bioinformatics-vep-acmg-calibration-drift,results+plan+deviations,1.84,3,True,0.6
bioinformatics-vep-acmg-calibration-drift,results+plan+deviations,1.39,3,True,0.2
bioinformatics-vep-acmg-calibration-drift,results+plan+deviations,2.58,3,True,0.2
bioinformatics-vep-acmg-calibration-drift,results+plan+deviations,6.3,2,True,1.0
bioinformatics-vep-acmg-calibration-drift,results+plan+deviations,4.6,2,True,1.0
bioinformatics-vep-acmg-calibration-drift,results+plan+deviations,9.7,2,True,1.0
bioinformatics-vep-acmg-calibration-drift,results+plan+deviations,32.5,3,True,0.8
bioinformatics-vep-acmg-calibration-drift,results+plan+deviations,19.7,3,True,0.8
bioinformatics-vep-acmg-calibration-drift,results+plan+deviations,67.1,3,True,0.0
bioinformatics-vep-acmg-calibration-drift,results+plan+deviations,5.7,2,True,1.0
bioinformatics-vep-acmg-calibration-drift,results+plan+deviations,4.1,2,True,1.0
bioinformatics-vep-acmg-calibration-drift,results+plan+deviations,9.0,2,True,1.0
bioinformatics-vep-acmg-calibration-drift,results+plan+deviations,7.9,2,True,1.0
bioinformatics-vep-acmg-calibration-drift,results+plan+deviations,5.2,2,True,1.0
bioinformatics-vep-acmg-calibration-drift,results+plan+deviations,14.9,3,True,1.0
bioinformatics-vep-acmg-calibration-drift,results+plan+deviations,2.9,2,True,0.8
bioinformatics-vep-acmg-calibration-drift,results+plan+deviations,2.0,2,True,0.8
bioinformatics-vep-acmg-calibration-drift,results+plan+deviations,4.3,2,True,1.0
bioinformatics-vep-acmg-calibration-drift,results+plan+deviations,13.5,3,True,0.8
bioinformatics-vep-acmg-calibration-drift,results+plan+deviations,8.4,2,True,1.0
bioinformatics-vep-acmg-calibration-drift,results+plan+deviations,29.1,3,True,1.0
bioinformatics-vep-acmg-calibration-drift,results+plan+deviations,12.5,3,True,1.0
bioinformatics-vep-acmg-calibration-drift,results+plan+deviations,8.5,2,True,1.0
bioinformatics-vep-acmg-calibration-drift,results+plan+deviations,21.6,3,True,1.0
bioinformatics-vep-acmg-calibration-drift,results+plan+deviations,2.41,3,True,0.0
bioinformatics-vep-acmg-calibration-drift,results+plan+deviations,5.79,3,True,0.4
bioinformatics-vep-acmg-calibration-drift,results+plan+deviations,13.9,3,True,1.0
bioinformatics-vep-acmg-calibration-drift,results+plan+deviations,33.5,3,True,0.8
bioinformatics-vep-acmg-calibration-drift,results+plan+deviations,1.26,3,True,0.2
bioinformatics-vep-acmg-calibration-drift,results+plan+deviations,0.95,2,True,0.8
bioinformatics-vep-acmg-calibration-drift,results+plan+deviations,1.77,3,True,0.4
bioinformatics-vep-acmg-calibration-drift,results+plan+deviations,1.8,2,True,0.8
bioinformatics-vep-acmg-calibration-drift,results+plan+deviations,1.4,2,True,1.0
bioinformatics-vep-acmg-calibration-drift,results+plan+deviations,2.5,2,True,0.8
bioinformatics-vep-acmg-calibration-drift,results+plan+deviations,6.3,2,True,1.0
bioinformatics-vep-acmg-calibration-drift,results+plan+deviations,3.9,2,True,1.0
bioinformatics-vep-acmg-calibration-drift,results+plan+deviations,11.0,3,True,1.0
bioinformatics-vep-acmg-calibration-drift,results+plan+deviations,0.05,1,True,1.0
bioinformatics-vep-acmg-calibration-drift,results+plan+deviations,0.02,1,True,1.0
bioinformatics-vep-acmg-calibration-drift,results+plan+deviations,7.1,2,True,1.0
bioinformatics-vep-acmg-calibration-drift,results+plan+deviations,20.6,3,True,0.8
bioinformatics-vep-acmg-calibration-drift,results+plan+deviations,181,3,False,0.8
bioinformatics-vep-acmg-calibration-drift,results+plan+deviations,0.20,2,True,1.0
bioinformatics-vep-acmg-calibration-drift,results+plan+deviations,0.05,1,True,1.0
bioinformatics-vep-acmg-calibration-drift,results+plan+deviations,6.4,2,True,1.0
bioinformatics-vep-acmg-calibration-drift,results+plan+deviations,19.4,3,True,1.0
bioinformatics-vep-acmg-calibration-drift,results+plan+deviations,175,3,True,0.4
bioinformatics-vep-acmg-calibration-drift,results+plan+deviations,0.18,2,True,1.0
bioinformatics-vep-acmg-calibration-drift,results+plan+deviations,0.04,1,True,1.0
bioinformatics-vep-acmg-calibration-drift,results+plan+deviations,3.3,2,True,1.0
bioinformatics-vep-acmg-calibration-drift,results+plan+deviations,9.4,2,True,1.0
bioinformatics-vep-acmg-calibration-drift,results+plan+deviations,0.08,1,True,1.0
bioinformatics-vep-acmg-calibration-drift,results+plan+deviations,0.03,1,True,1.0
bioinformatics-vep-acmg-calibration-drift,results+plan+deviations,2.41,3,True,0.2
bioinformatics-vep-acmg-calibration-drift,results+plan+deviations,5.79,3,True,0.4
bioinformatics-vep-acmg-calibration-drift,results+plan+deviations,13.9,3,True,1.0
bioinformatics-vep-acmg-calibration-drift,results+plan+deviations,33.5,3,True,0.8
bioinformatics-vep-acmg-calibration-drift,results+plan+deviations,0.42,2,True,1.0
bioinformatics-vep-acmg-calibration-drift,results+plan+deviations,0.17,2,True,1.0
bioinformatics-vep-acmg-calibration-drift,results+plan+deviations,1.70,3,True,0.4
bioinformatics-vep-acmg-calibration-drift,results+plan+deviations,2.14,3,True,0.0
bioinformatics-vep-acmg-calibration-drift,results+plan+deviations,0.29,2,True,1.0
bioinformatics-vep-acmg-calibration-drift,results+plan+deviations,0.10,2,True,1.0
bioinformatics-vep-acmg-calibration-drift,results+plan+deviations,90%,1,True,1.0
bioinformatics-vep-acmg-calibration-drift,results+plan+deviations,135,3,True,1.0
bioinformatics-vep-acmg-calibration-drift,results+plan+deviations,+1.15,3,True,0.4
bioinformatics-vep-acmg-calibration-drift,results+plan+deviations,+0.89,2,True,0.6
bioinformatics-vep-acmg-calibration-drift,results+plan+deviations,+1.41,3,True,0.6
bioinformatics-vep-acmg-calibration-drift,results+plan+deviations,+0.41,2,True,1.0
bioinformatics-vep-acmg-calibration-drift,results+plan+deviations,+0.22,2,True,1.0
bioinformatics-vep-acmg-calibration-drift,results+plan+deviations,+0.61,2,True,1.0
bioinformatics-vep-acmg-calibration-drift,results+plan+deviations,+0.62,2,True,0.8
bioinformatics-vep-acmg-calibration-drift,results+plan+deviations,+0.39,2,True,1.0
bioinformatics-vep-acmg-calibration-drift,results+plan+deviations,+0.85,2,True,0.8
bioinformatics-vep-acmg-calibration-drift,results+plan+deviations,0.85,2,True,1.0
bioinformatics-vep-acmg-calibration-drift,results+plan+deviations,0.89,2,True,1.0
bioinformatics-vep-acmg-calibration-drift,results+plan+deviations,0.879,3,True,0.8
bioinformatics-vep-acmg-calibration-drift,results+plan+deviations,171,3,True,0.6
bioinformatics-vep-acmg-calibration-drift,results+plan+deviations,225,3,True,0.6
bioinformatics-vep-acmg-calibration-drift,results+plan+deviations,"15,532",5,True,0.0
bioinformatics-vep-acmg-calibration-drift,results+plan+deviations,"62,034",5,True,0.0
bioinformatics-vep-acmg-calibration-drift,results+plan+deviations,54%,2,True,1.0
bioinformatics-vep-acmg-calibration-drift,results+plan+deviations,3.2,2,True,1.0
bioinformatics-vep-acmg-calibration-drift,results+plan+deviations,1.3,2,True,0.8
bioinformatics-vep-acmg-calibration-drift,results+plan+deviations,1.0,2,True,1.0
bioinformatics-vep-acmg-calibration-drift,results+plan+deviations,1.7,2,True,1.0
bioinformatics-vep-acmg-calibration-drift,results+plan+deviations,1.5,2,True,1.0
bioinformatics-vep-acmg-calibration-drift,results+plan+deviations,0.81,2,True,0.6
bioinformatics-vep-acmg-calibration-drift,results+plan+deviations,0.66,2,True,1.0
bioinformatics-vep-acmg-calibration-drift,results+plan+deviations,0.99,2,True,0.4
bioinformatics-vep-acmg-calibration-drift,results+plan+deviations,1.9,2,True,0.8
bioinformatics-vep-acmg-calibration-drift,results+plan+deviations,0.88,2,True,0.8
bioinformatics-vep-acmg-calibration-drift,results+plan+deviations,"98,906",5,True,0.0
bioinformatics-vep-acmg-calibration-drift,results+plan+deviations,60%,1,True,1.0
bioinformatics-vep-acmg-calibration-drift,results+plan+deviations,"59,178",5,True,0.4
bioinformatics-vep-acmg-calibration-drift,results+plan+deviations,26%,2,True,1.0
bioinformatics-vep-acmg-calibration-drift,results+plan+deviations,7%,1,True,1.0
bioinformatics-vep-acmg-calibration-drift,results+plan+deviations,0.057,2,True,1.0
bioinformatics-vep-acmg-calibration-drift,results+plan+deviations,74%,2,True,1.0
bioinformatics-vep-acmg-calibration-drift,results+plan+deviations,13.4,3,True,0.8
bioinformatics-vep-acmg-calibration-drift,results+plan+deviations,11.4,3,True,1.0
bioinformatics-vep-acmg-calibration-drift,results+plan+deviations,16.0,3,True,1.0
bioinformatics-vep-acmg-calibration-drift,results+plan+deviations,13.9,3,True,1.0
bioinformatics-vep-acmg-calibration-drift,results+plan+deviations,38.2,3,True,0.8
bioinformatics-vep-acmg-calibration-drift,results+plan+deviations,32.0,3,True,1.0
bioinformatics-vep-acmg-calibration-drift,results+plan+deviations,46.1,3,True,0.8
bioinformatics-vep-acmg-calibration-drift,results+plan+deviations,33.5,3,True,1.0
bioinformatics-vep-acmg-calibration-drift,results+plan+deviations,1.73,3,True,0.2
bioinformatics-vep-acmg-calibration-drift,results+plan+deviations,1.27,3,True,0.6
bioinformatics-vep-acmg-calibration-drift,results+plan+deviations,2.36,3,True,0.2
bioinformatics-vep-acmg-calibration-drift,results+plan+deviations,86%,2,True,1.0
bioinformatics-vep-acmg-calibration-drift,results+plan+deviations,100%,1,True,1.0
bioinformatics-vep-acmg-calibration-drift,results+plan+deviations,3%,1,True,1.0
bioinformatics-vep-acmg-calibration-drift,results+plan+deviations,0.3%,1,True,1.0
bioinformatics-vep-acmg-calibration-drift,results+plan+deviations,16%,2,True,1.0
bioinformatics-vep-acmg-calibration-drift,results+plan+deviations,10%,1,True,1.0
bioinformatics-vep-acmg-calibration-drift,results+plan+deviations,106,3,True,1.0
bioinformatics-vep-acmg-calibration-drift,results+plan+deviations,104,3,True,1.0
bioinformatics-vep-acmg-calibration-drift,results+plan+deviations,"159,531",5,False,0.0
bioinformatics-vep-acmg-calibration-drift,results+plan+deviations,10%,1,True,1.0
bioinformatics-vep-acmg-calibration-drift,results+plan+deviations,99.3%,3,True,0.8
bioinformatics-vep-acmg-calibration-drift,results only,"159,531",5,False,0.0
bioinformatics-vep-acmg-calibration-drift,results only,"160,000",2,False,0.0
bioinformatics-vep-acmg-calibration-drift,results only,"59,000",2,False,0.0
bioinformatics-vep-acmg-calibration-drift,results only,7%,1,True,1.0
bioinformatics-vep-acmg-calibration-drift,results only,22%,2,True,1.0
bioinformatics-vep-acmg-calibration-drift,results only,0.932,3,True,0.4
bioinformatics-vep-acmg-calibration-drift,results only,"44,721",5,False,0.0
bioinformatics-vep-acmg-calibration-drift,results only,"114,810",5,False,0.0
bioinformatics-vep-acmg-calibration-drift,results only,1.25,3,True,0.4
bioinformatics-vep-acmg-calibration-drift,results only,0.96,2,True,0.8
bioinformatics-vep-acmg-calibration-drift,results only,1.73,3,True,0.4
bioinformatics-vep-acmg-calibration-drift,results only,2.41,3,True,0.0
bioinformatics-vep-acmg-calibration-drift,results only,3.99,3,True,0.6
bioinformatics-vep-acmg-calibration-drift,results only,5.79,3,True,0.4
bioinformatics-vep-acmg-calibration-drift,results only,1.8,2,True,1.0
bioinformatics-vep-acmg-calibration-drift,results only,1.4,2,True,1.0
bioinformatics-vep-acmg-calibration-drift,results only,2.5,2,True,1.0
bioinformatics-vep-acmg-calibration-drift,results only,2.41,3,True,0.4
bioinformatics-vep-acmg-calibration-drift,results only,135,3,True,0.8
bioinformatics-vep-acmg-calibration-drift,results only,"59,000",2,False,0.0
bioinformatics-vep-acmg-calibration-drift,results only,9%,1,True,1.0
bioinformatics-vep-acmg-calibration-drift,results only,25%,2,True,1.0
bioinformatics-vep-acmg-calibration-drift,results only,10%,1,True,1.0
bioinformatics-vep-acmg-calibration-drift,results only,"11,834",5,False,0.0
bioinformatics-vep-acmg-calibration-drift,results only,0.0441,3,False,0.6
bioinformatics-vep-acmg-calibration-drift,results only,2.406,4,True,0.2
bioinformatics-vep-acmg-calibration-drift,results only,2.41,3,True,0.0
bioinformatics-vep-acmg-calibration-drift,results only,5.79,3,True,0.4
bioinformatics-vep-acmg-calibration-drift,results only,13.9,3,True,1.0
bioinformatics-vep-acmg-calibration-drift,results only,33.5,3,True,1.0
bioinformatics-vep-acmg-calibration-drift,results only,"9,114",4,False,0.6
bioinformatics-vep-acmg-calibration-drift,results only,"36,755",5,True,0.0
bioinformatics-vep-acmg-calibration-drift,results only,"199,144",5,False,0.0
bioinformatics-vep-acmg-calibration-drift,results only,1%,1,True,1.0
bioinformatics-vep-acmg-calibration-drift,results only,100%,1,True,1.0
bioinformatics-vep-acmg-calibration-drift,results only,"13,286",5,True,0.0
bioinformatics-vep-acmg-calibration-drift,results only,"17,822",5,True,0.2
bioinformatics-vep-acmg-calibration-drift,results only,"14,582",5,True,0.0
bioinformatics-vep-acmg-calibration-drift,results only,"3,181",4,True,0.2
bioinformatics-vep-acmg-calibration-drift,results only,"6,156",4,True,0.0
bioinformatics-vep-acmg-calibration-drift,results only,"23,459",5,True,0.0
bioinformatics-vep-acmg-calibration-drift,results only,"7,023",4,True,0.0
bioinformatics-vep-acmg-calibration-drift,results only,"5,302",4,True,0.0
bioinformatics-vep-acmg-calibration-drift,results only,"6,612",4,True,0.0
bioinformatics-vep-acmg-calibration-drift,results only,"2,512",4,True,0.2
bioinformatics-vep-acmg-calibration-drift,results only,"8,338",4,True,0.0
bioinformatics-vep-acmg-calibration-drift,results only,"9,282",4,True,0.0
bioinformatics-vep-acmg-calibration-drift,results only,"2,859",4,True,0.0
bioinformatics-vep-acmg-calibration-drift,results only,"8,123",4,True,0.0
bioinformatics-vep-acmg-calibration-drift,results only,"34,959",5,True,0.0
bioinformatics-vep-acmg-calibration-drift,results only,"10,446",5,True,0.0
bioinformatics-vep-acmg-calibration-drift,results only,"9,565",4,True,0.2
bioinformatics-vep-acmg-calibration-drift,results only,"22,584",5,True,0.0
bioinformatics-vep-acmg-calibration-drift,results only,"7,723",4,True,0.0
bioinformatics-vep-acmg-calibration-drift,results only,"8,510",3,True,0.0
bioinformatics-vep-acmg-calibration-drift,results only,"30,591",5,True,0.0
bioinformatics-vep-acmg-calibration-drift,results only,"10,456",5,True,0.0
bioinformatics-vep-acmg-calibration-drift,results only,"5,272",4,True,0.0
bioinformatics-vep-acmg-calibration-drift,results only,"11,097",5,True,0.0
bioinformatics-vep-acmg-calibration-drift,results only,"5,714",4,True,0.0
bioinformatics-vep-acmg-calibration-drift,results only,"44,721",5,False,0.0
bioinformatics-vep-acmg-calibration-drift,results only,"114,810",5,False,0.0
bioinformatics-vep-acmg-calibration-drift,results only,"15,011",5,False,0.2
bioinformatics-vep-acmg-calibration-drift,results only,1.2%,2,True,1.0
bioinformatics-vep-acmg-calibration-drift,results only,0.932,3,True,0.8
bioinformatics-vep-acmg-calibration-drift,results only,"13,618",5,False,0.0
bioinformatics-vep-acmg-calibration-drift,results only,205,3,False,0.4
bioinformatics-vep-acmg-calibration-drift,results only,168,3,True,0.4
bioinformatics-vep-acmg-calibration-drift,results only,139,3,True,0.6
bioinformatics-vep-acmg-calibration-drift,results only,206,3,True,0.6
bioinformatics-vep-acmg-calibration-drift,results only,33.5,3,True,0.6
bioinformatics-vep-acmg-calibration-drift,results only,0.879,3,True,0.8
bioinformatics-vep-acmg-calibration-drift,results only,0.931,3,True,0.4
bioinformatics-vep-acmg-calibration-drift,results only,"7,555",4,True,0.0
bioinformatics-vep-acmg-calibration-drift,results only,380,2,True,0.4
bioinformatics-vep-acmg-calibration-drift,results only,13.9,3,True,1.0
bioinformatics-vep-acmg-calibration-drift,results only,0.773,3,True,0.0
bioinformatics-vep-acmg-calibration-drift,results only,0.878,3,False,1.0
bioinformatics-vep-acmg-calibration-drift,results only,"8,363",4,False,0.0
bioinformatics-vep-acmg-calibration-drift,results only,"1,129",4,False,0.4
bioinformatics-vep-acmg-calibration-drift,results only,18.7,3,True,0.8
bioinformatics-vep-acmg-calibration-drift,results only,16.1,3,True,1.0
bioinformatics-vep-acmg-calibration-drift,results only,22.0,3,True,0.6
bioinformatics-vep-acmg-calibration-drift,results only,5.79,3,True,0.8
bioinformatics-vep-acmg-calibration-drift,results only,0.644,3,True,0.2
bioinformatics-vep-acmg-calibration-drift,results only,0.772,3,False,0.4
bioinformatics-vep-acmg-calibration-drift,results only,"5,760",3,False,0.0
bioinformatics-vep-acmg-calibration-drift,results only,"2,354",4,False,0.4
bioinformatics-vep-acmg-calibration-drift,results only,6.2,2,True,1.0
bioinformatics-vep-acmg-calibration-drift,results only,5.5,2,True,1.0
bioinformatics-vep-acmg-calibration-drift,results only,7.0,2,True,1.0
bioinformatics-vep-acmg-calibration-drift,results only,2.41,3,True,0.0
bioinformatics-vep-acmg-calibration-drift,results only,0.184,3,False,1.0
bioinformatics-vep-acmg-calibration-drift,results only,0.290,3,True,0.8
bioinformatics-vep-acmg-calibration-drift,results only,"1,029",4,False,0.0
bioinformatics-vep-acmg-calibration-drift,results only,"15,524",5,False,0.0
bioinformatics-vep-acmg-calibration-drift,results only,0.17,2,True,1.0
bioinformatics-vep-acmg-calibration-drift,results only,0.15,2,True,1.0
bioinformatics-vep-acmg-calibration-drift,results only,0.19,2,True,1.0
bioinformatics-vep-acmg-calibration-drift,results only,0.42,2,True,1.0
bioinformatics-vep-acmg-calibration-drift,results only,0.053,2,True,1.0
bioinformatics-vep-acmg-calibration-drift,results only,0.183,3,True,1.0
bioinformatics-vep-acmg-calibration-drift,results only,622,3,False,0.4
bioinformatics-vep-acmg-calibration-drift,results only,"39,153",5,False,0.0
bioinformatics-vep-acmg-calibration-drift,results only,0.040,2,True,1.0
bioinformatics-vep-acmg-calibration-drift,results only,0.036,2,True,1.0
bioinformatics-vep-acmg-calibration-drift,results only,0.045,2,True,1.0
bioinformatics-vep-acmg-calibration-drift,results only,0.17,2,True,1.0
bioinformatics-vep-acmg-calibration-drift,results only,0.017,2,True,1.0
bioinformatics-vep-acmg-calibration-drift,results only,0.052,2,True,1.0
bioinformatics-vep-acmg-calibration-drift,results only,"25,711",5,False,0.0
bioinformatics-vep-acmg-calibration-drift,results only,0.007,1,True,1.0
bioinformatics-vep-acmg-calibration-drift,results only,0.006,1,True,1.0
bioinformatics-vep-acmg-calibration-drift,results only,0.009,1,True,1.0
bioinformatics-vep-acmg-calibration-drift,results only,0.072,2,True,1.0
bioinformatics-vep-acmg-calibration-drift,results only,0.990,3,True,0.6
bioinformatics-vep-acmg-calibration-drift,results only,"13,698",5,False,0.0
bioinformatics-vep-acmg-calibration-drift,results only,425,3,True,0.8
bioinformatics-vep-acmg-calibration-drift,results only,33.5,3,True,0.6
bioinformatics-vep-acmg-calibration-drift,results only,0.972,3,True,0.6
bioinformatics-vep-acmg-calibration-drift,results only,0.989,3,True,0.6
bioinformatics-vep-acmg-calibration-drift,results only,"5,164",4,False,0.0
bioinformatics-vep-acmg-calibration-drift,results only,464,3,True,0.0
bioinformatics-vep-acmg-calibration-drift,results only,13.9,3,True,1.0
bioinformatics-vep-acmg-calibration-drift,results only,0.906,3,True,0.0
bioinformatics-vep-acmg-calibration-drift,results only,0.971,3,True,0.8
bioinformatics-vep-acmg-calibration-drift,results only,"6,988",4,False,0.4
bioinformatics-vep-acmg-calibration-drift,results only,"1,151",4,True,0.6
bioinformatics-vep-acmg-calibration-drift,results only,15.9,3,True,1.0
bioinformatics-vep-acmg-calibration-drift,results only,14.5,3,True,1.0
bioinformatics-vep-acmg-calibration-drift,results only,17.6,3,True,1.0
bioinformatics-vep-acmg-calibration-drift,results only,5.79,3,True,0.4
bioinformatics-vep-acmg-calibration-drift,results only,0.792,3,True,0.2
bioinformatics-vep-acmg-calibration-drift,results only,0.905,3,False,0.4
bioinformatics-vep-acmg-calibration-drift,results only,"4,941",4,False,0.2
bioinformatics-vep-acmg-calibration-drift,results only,"1,564",4,False,0.2
bioinformatics-vep-acmg-calibration-drift,results only,8.3,2,True,1.0
bioinformatics-vep-acmg-calibration-drift,results only,7.5,2,True,1.0
bioinformatics-vep-acmg-calibration-drift,results only,9.2,2,True,1.0
bioinformatics-vep-acmg-calibration-drift,results only,2.41,3,True,0.0
bioinformatics-vep-acmg-calibration-drift,results only,0.100,3,True,0.6
bioinformatics-vep-acmg-calibration-drift,results only,0.169,3,True,0.8
bioinformatics-vep-acmg-calibration-drift,results only,"1,271",4,False,0.4
bioinformatics-vep-acmg-calibration-drift,results only,"20,166",5,False,0.0
bioinformatics-vep-acmg-calibration-drift,results only,0.17,2,True,1.0
bioinformatics-vep-acmg-calibration-drift,results only,0.15,2,True,1.0
bioinformatics-vep-acmg-calibration-drift,results only,0.18,2,True,1.0
bioinformatics-vep-acmg-calibration-drift,results only,0.42,2,True,1.0
bioinformatics-vep-acmg-calibration-drift,results only,0.071,2,True,1.0
bioinformatics-vep-acmg-calibration-drift,results only,0.099,2,True,0.8
bioinformatics-vep-acmg-calibration-drift,results only,468,3,False,0.2
bioinformatics-vep-acmg-calibration-drift,results only,"32,271",5,False,0.0
bioinformatics-vep-acmg-calibration-drift,results only,0.038,2,True,1.0
bioinformatics-vep-acmg-calibration-drift,results only,0.034,2,True,1.0
bioinformatics-vep-acmg-calibration-drift,results only,0.042,2,True,1.0
bioinformatics-vep-acmg-calibration-drift,results only,0.17,2,True,1.0
bioinformatics-vep-acmg-calibration-drift,results only,0.070,2,True,1.0
bioinformatics-vep-acmg-calibration-drift,results only,118,3,True,1.0
bioinformatics-vep-acmg-calibration-drift,results only,"37,838",5,False,0.0
bioinformatics-vep-acmg-calibration-drift,results only,0.008,1,True,1.0
bioinformatics-vep-acmg-calibration-drift,results only,0.007,1,True,1.0
bioinformatics-vep-acmg-calibration-drift,results only,0.010,2,True,1.0
bioinformatics-vep-acmg-calibration-drift,results only,0.072,2,True,1.0
bioinformatics-vep-acmg-calibration-drift,results only,0.38,2,True,1.0
bioinformatics-vep-acmg-calibration-drift,results only,0.35,2,True,1.0
bioinformatics-vep-acmg-calibration-drift,results only,0.42,2,True,1.0
bioinformatics-vep-acmg-calibration-drift,results only,0.42,2,True,1.0
bioinformatics-vep-acmg-calibration-drift,results only,0.54,2,True,1.0
bioinformatics-vep-acmg-calibration-drift,results only,0.47,2,True,1.0
bioinformatics-vep-acmg-calibration-drift,results only,0.62,2,True,0.8
bioinformatics-vep-acmg-calibration-drift,results only,0.644,3,True,0.0
bioinformatics-vep-acmg-calibration-drift,results only,0.662,3,True,0.0
bioinformatics-vep-acmg-calibration-drift,results only,4.0,2,True,1.0
bioinformatics-vep-acmg-calibration-drift,results only,3.4,2,True,1.0
bioinformatics-vep-acmg-calibration-drift,results only,4.7,2,True,1.0
bioinformatics-vep-acmg-calibration-drift,results only,2.41,3,True,0.0
bioinformatics-vep-acmg-calibration-drift,results only,0.932,3,True,0.8
bioinformatics-vep-acmg-calibration-drift,results only,0.950,3,True,0.2
bioinformatics-vep-acmg-calibration-drift,results only,124,3,True,0.8
bioinformatics-vep-acmg-calibration-drift,results only,33.5,3,True,0.8
bioinformatics-vep-acmg-calibration-drift,results only,0.990,3,True,0.8
bioinformatics-vep-acmg-calibration-drift,results only,0.994,3,True,0.6
bioinformatics-vep-acmg-calibration-drift,results only,33.5,3,True,0.8
bioinformatics-vep-acmg-calibration-drift,results only,3.3,2,True,1.0
bioinformatics-vep-acmg-calibration-drift,results only,2.9,2,True,0.8
bioinformatics-vep-acmg-calibration-drift,results only,3.7,2,True,1.0
bioinformatics-vep-acmg-calibration-drift,results only,118,3,True,0.8
bioinformatics-vep-acmg-calibration-drift,results only,3.99,3,True,0.2
bioinformatics-vep-acmg-calibration-drift,results only,3.01,3,True,0.4
bioinformatics-vep-acmg-calibration-drift,results only,5.66,3,True,0.6
bioinformatics-vep-acmg-calibration-drift,results only,9.3,2,True,1.0
bioinformatics-vep-acmg-calibration-drift,results only,6.0,2,True,1.0
bioinformatics-vep-acmg-calibration-drift,results only,17.8,3,True,1.0
bioinformatics-vep-acmg-calibration-drift,results only,1.84,3,True,0.4
bioinformatics-vep-acmg-calibration-drift,results only,1.39,3,True,0.0
bioinformatics-vep-acmg-calibration-drift,results only,2.58,3,True,0.2
bioinformatics-vep-acmg-calibration-drift,results only,6.3,2,True,1.0
bioinformatics-vep-acmg-calibration-drift,results only,4.6,2,True,1.0
bioinformatics-vep-acmg-calibration-drift,results only,9.7,2,True,1.0
bioinformatics-vep-acmg-calibration-drift,results only,32.5,3,True,0.8
bioinformatics-vep-acmg-calibration-drift,results only,19.7,3,True,1.0
bioinformatics-vep-acmg-calibration-drift,results only,67.1,3,True,0.2
bioinformatics-vep-acmg-calibration-drift,results only,5.7,2,True,1.0
bioinformatics-vep-acmg-calibration-drift,results only,4.1,2,True,1.0
bioinformatics-vep-acmg-calibration-drift,results only,9.0,2,True,1.0
bioinformatics-vep-acmg-calibration-drift,results only,7.9,2,True,1.0
bioinformatics-vep-acmg-calibration-drift,results only,5.2,2,True,1.0
bioinformatics-vep-acmg-calibration-drift,results only,14.9,3,True,1.0
bioinformatics-vep-acmg-calibration-drift,results only,2.9,2,True,1.0
bioinformatics-vep-acmg-calibration-drift,results only,2.0,2,True,0.8
bioinformatics-vep-acmg-calibration-drift,results only,4.3,2,True,1.0
bioinformatics-vep-acmg-calibration-drift,results only,13.5,3,True,0.6
bioinformatics-vep-acmg-calibration-drift,results only,8.4,2,True,1.0
bioinformatics-vep-acmg-calibration-drift,results only,29.1,3,True,1.0
bioinformatics-vep-acmg-calibration-drift,results only,12.5,3,True,0.8
bioinformatics-vep-acmg-calibration-drift,results only,8.5,2,True,1.0
bioinformatics-vep-acmg-calibration-drift,results only,21.6,3,True,1.0
bioinformatics-vep-acmg-calibration-drift,results only,2.41,3,True,0.0
bioinformatics-vep-acmg-calibration-drift,results only,5.79,3,True,0.4
bioinformatics-vep-acmg-calibration-drift,results only,13.9,3,True,1.0
bioinformatics-vep-acmg-calibration-drift,results only,33.5,3,True,1.0
bioinformatics-vep-acmg-calibration-drift,results only,1.26,3,True,0.6
bioinformatics-vep-acmg-calibration-drift,results only,0.95,2,True,0.8
bioinformatics-vep-acmg-calibration-drift,results only,1.77,3,True,1.0
bioinformatics-vep-acmg-calibration-drift,results only,1.8,2,True,0.4
bioinformatics-vep-acmg-calibration-drift,results only,1.4,2,True,0.8
bioinformatics-vep-acmg-calibration-drift,results only,2.5,2,True,1.0
bioinformatics-vep-acmg-calibration-drift,results only,6.3,2,True,1.0
bioinformatics-vep-acmg-calibration-drift,results only,3.9,2,True,1.0
bioinformatics-vep-acmg-calibration-drift,results only,11.0,3,True,1.0
bioinformatics-vep-acmg-calibration-drift,results only,0.05,1,True,1.0
bioinformatics-vep-acmg-calibration-drift,results only,0.02,1,True,1.0
bioinformatics-vep-acmg-calibration-drift,results only,7.1,2,True,1.0
bioinformatics-vep-acmg-calibration-drift,results only,20.6,3,True,0.8
bioinformatics-vep-acmg-calibration-drift,results only,181,3,False,0.2
bioinformatics-vep-acmg-calibration-drift,results only,0.20,2,True,1.0
bioinformatics-vep-acmg-calibration-drift,results only,0.05,1,True,1.0
bioinformatics-vep-acmg-calibration-drift,results only,6.4,2,True,1.0
bioinformatics-vep-acmg-calibration-drift,results only,19.4,3,True,1.0
bioinformatics-vep-acmg-calibration-drift,results only,175,3,True,0.4
bioinformatics-vep-acmg-calibration-drift,results only,0.18,2,True,1.0
bioinformatics-vep-acmg-calibration-drift,results only,0.04,1,True,1.0
bioinformatics-vep-acmg-calibration-drift,results only,3.3,2,True,1.0
bioinformatics-vep-acmg-calibration-drift,results only,9.4,2,True,1.0
bioinformatics-vep-acmg-calibration-drift,results only,0.08,1,True,1.0
bioinformatics-vep-acmg-calibration-drift,results only,0.03,1,True,1.0
bioinformatics-vep-acmg-calibration-drift,results only,2.41,3,True,0.0
bioinformatics-vep-acmg-calibration-drift,results only,5.79,3,True,0.4
bioinformatics-vep-acmg-calibration-drift,results only,13.9,3,True,1.0
bioinformatics-vep-acmg-calibration-drift,results only,33.5,3,True,0.6
bioinformatics-vep-acmg-calibration-drift,results only,0.42,2,True,1.0
bioinformatics-vep-acmg-calibration-drift,results only,0.17,2,True,1.0
bioinformatics-vep-acmg-calibration-drift,results only,1.70,3,True,0.2
bioinformatics-vep-acmg-calibration-drift,results only,2.14,3,False,0.0
bioinformatics-vep-acmg-calibration-drift,results only,0.29,2,True,0.8
bioinformatics-vep-acmg-calibration-drift,results only,0.10,2,True,1.0
bioinformatics-vep-acmg-calibration-drift,results only,90%,1,True,1.0
bioinformatics-vep-acmg-calibration-drift,results only,135,3,True,0.8
bioinformatics-vep-acmg-calibration-drift,results only,+1.15,3,True,0.6
bioinformatics-vep-acmg-calibration-drift,results only,+0.89,2,True,1.0
bioinformatics-vep-acmg-calibration-drift,results only,+1.41,3,True,0.4
bioinformatics-vep-acmg-calibration-drift,results only,+0.41,2,True,1.0
bioinformatics-vep-acmg-calibration-drift,results only,+0.22,2,True,1.0
bioinformatics-vep-acmg-calibration-drift,results only,+0.61,2,True,0.8
bioinformatics-vep-acmg-calibration-drift,results only,+0.62,2,True,0.8
bioinformatics-vep-acmg-calibration-drift,results only,+0.39,2,True,0.4
bioinformatics-vep-acmg-calibration-drift,results only,+0.85,2,True,0.8
bioinformatics-vep-acmg-calibration-drift,results only,0.85,2,True,0.8
bioinformatics-vep-acmg-calibration-drift,results only,0.89,2,True,0.8
bioinformatics-vep-acmg-calibration-drift,results only,0.879,3,True,0.8
bioinformatics-vep-acmg-calibration-drift,results only,171,3,True,0.4
bioinformatics-vep-acmg-calibration-drift,results only,225,3,True,0.0
bioinformatics-vep-acmg-calibration-drift,results only,"15,532",5,True,0.0
bioinformatics-vep-acmg-calibration-drift,results only,"62,034",5,False,0.0
bioinformatics-vep-acmg-calibration-drift,results only,54%,2,True,1.0
bioinformatics-vep-acmg-calibration-drift,results only,3.2,2,True,1.0
bioinformatics-vep-acmg-calibration-drift,results only,1.3,2,True,0.8
bioinformatics-vep-acmg-calibration-drift,results only,1.0,2,True,0.8
bioinformatics-vep-acmg-calibration-drift,results only,1.7,2,True,0.6
bioinformatics-vep-acmg-calibration-drift,results only,1.5,2,True,0.6
bioinformatics-vep-acmg-calibration-drift,results only,0.81,2,True,0.8
bioinformatics-vep-acmg-calibration-drift,results only,0.66,2,True,0.4
bioinformatics-vep-acmg-calibration-drift,results only,0.99,2,True,0.8
bioinformatics-vep-acmg-calibration-drift,results only,1.9,2,True,0.8
bioinformatics-vep-acmg-calibration-drift,results only,0.88,2,True,1.0
bioinformatics-vep-acmg-calibration-drift,results only,"98,906",5,True,0.0
bioinformatics-vep-acmg-calibration-drift,results only,60%,1,True,1.0
bioinformatics-vep-acmg-calibration-drift,results only,"59,178",5,True,0.2
bioinformatics-vep-acmg-calibration-drift,results only,26%,2,True,1.0
bioinformatics-vep-acmg-calibration-drift,results only,7%,1,True,1.0
bioinformatics-vep-acmg-calibration-drift,results only,0.057,2,True,1.0
bioinformatics-vep-acmg-calibration-drift,results only,74%,2,True,1.0
bioinformatics-vep-acmg-calibration-drift,results only,13.4,3,True,0.6
bioinformatics-vep-acmg-calibration-drift,results only,11.4,3,True,1.0
bioinformatics-vep-acmg-calibration-drift,results only,16.0,3,True,1.0
bioinformatics-vep-acmg-calibration-drift,results only,13.9,3,True,1.0
bioinformatics-vep-acmg-calibration-drift,results only,38.2,3,True,0.8
bioinformatics-vep-acmg-calibration-drift,results only,32.0,3,True,1.0
bioinformatics-vep-acmg-calibration-drift,results only,46.1,3,True,0.6
bioinformatics-vep-acmg-calibration-drift,results only,33.5,3,True,0.8
bioinformatics-vep-acmg-calibration-drift,results only,1.73,3,True,0.4
bioinformatics-vep-acmg-calibration-drift,results only,1.27,3,True,0.2
bioinformatics-vep-acmg-calibration-drift,results only,2.36,3,True,0.4
bioinformatics-vep-acmg-calibration-drift,results only,86%,2,True,1.0
bioinformatics-vep-acmg-calibration-drift,results only,100%,1,True,1.0
bioinformatics-vep-acmg-calibration-drift,results only,3%,1,True,1.0
bioinformatics-vep-acmg-calibration-drift,results only,0.3%,1,True,1.0
bioinformatics-vep-acmg-calibration-drift,results only,16%,2,True,1.0
bioinformatics-vep-acmg-calibration-drift,results only,10%,1,True,1.0
bioinformatics-vep-acmg-calibration-drift,results only,106,3,True,1.0
bioinformatics-vep-acmg-calibration-drift,results only,104,3,True,1.0
bioinformatics-vep-acmg-calibration-drift,results only,"159,531",5,False,0.0
bioinformatics-vep-acmg-calibration-drift,results only,10%,1,True,1.0
bioinformatics-vep-acmg-calibration-drift,results only,99.3%,3,True,1.0
cheminformatics-drug-discovery-cliff-noise-ceiling,results+plan+deviations,"28,569",5,True,0.0
cheminformatics-drug-discovery-cliff-noise-ceiling,results+plan+deviations,"28,569",5,True,0.0
cheminformatics-drug-discovery-cliff-noise-ceiling,results+plan+deviations,99.8%,3,True,1.0
cheminformatics-drug-discovery-cliff-noise-ceiling,results+plan+deviations,0.50,2,True,1.0
cheminformatics-drug-discovery-cliff-noise-ceiling,results+plan+deviations,0.37,2,True,1.0
cheminformatics-drug-discovery-cliff-noise-ceiling,results+plan+deviations,25%,2,True,1.0
cheminformatics-drug-discovery-cliff-noise-ceiling,results+plan+deviations,0.8,1,True,1.0
cheminformatics-drug-discovery-cliff-noise-ceiling,results+plan+deviations,74.8%,3,True,1.0
cheminformatics-drug-discovery-cliff-noise-ceiling,results+plan+deviations,69.6,3,True,0.2
cheminformatics-drug-discovery-cliff-noise-ceiling,results+plan+deviations,79.0,3,True,0.0
cheminformatics-drug-discovery-cliff-noise-ceiling,results+plan+deviations,77%,2,True,1.0
cheminformatics-drug-discovery-cliff-noise-ceiling,results+plan+deviations,71%,2,True,1.0
cheminformatics-drug-discovery-cliff-noise-ceiling,results+plan+deviations,100%,1,True,1.0
cheminformatics-drug-discovery-cliff-noise-ceiling,results+plan+deviations,40%,1,True,1.0
cheminformatics-drug-discovery-cliff-noise-ceiling,results+plan+deviations,0.136,3,True,1.0
cheminformatics-drug-discovery-cliff-noise-ceiling,results+plan+deviations,0.441,3,True,1.0
cheminformatics-drug-discovery-cliff-noise-ceiling,results+plan+deviations,0.32,2,True,1.0
cheminformatics-drug-discovery-cliff-noise-ceiling,results+plan+deviations,0.56,2,True,1.0
cheminformatics-drug-discovery-cliff-noise-ceiling,results+plan+deviations,50%,1,True,1.0
cheminformatics-drug-discovery-cliff-noise-ceiling,results+plan+deviations,115%,3,True,1.0
cheminformatics-drug-discovery-cliff-noise-ceiling,results+plan+deviations,152,3,True,1.0
cheminformatics-drug-discovery-cliff-noise-ceiling,results+plan+deviations,171%,3,True,1.0
cheminformatics-drug-discovery-cliff-noise-ceiling,results+plan+deviations,137,3,True,1.0
cheminformatics-drug-discovery-cliff-noise-ceiling,results+plan+deviations,229,3,True,0.8
cheminformatics-drug-discovery-cliff-noise-ceiling,results+plan+deviations,104%,3,True,1.0
cheminformatics-drug-discovery-cliff-noise-ceiling,results+plan+deviations,0.9,1,True,1.0
cheminformatics-drug-discovery-cliff-noise-ceiling,results+plan+deviations,0.5,1,True,1.0
cheminformatics-drug-discovery-cliff-noise-ceiling,results+plan+deviations,0.6,1,True,1.0
cheminformatics-drug-discovery-cliff-noise-ceiling,results+plan+deviations,615,3,False,0.0
cheminformatics-drug-discovery-cliff-noise-ceiling,results+plan+deviations,"3,657",4,True,0.0
cheminformatics-drug-discovery-cliff-noise-ceiling,results+plan+deviations,99.8%,3,True,1.0
cheminformatics-drug-discovery-cliff-noise-ceiling,results+plan+deviations,"127,827",5,True,0.0
cheminformatics-drug-discovery-cliff-noise-ceiling,results+plan+deviations,"28,569",5,True,0.0
cheminformatics-drug-discovery-cliff-noise-ceiling,results+plan+deviations,256,3,True,1.0
cheminformatics-drug-discovery-cliff-noise-ceiling,results+plan+deviations,99.7%,3,True,1.0
cheminformatics-drug-discovery-cliff-noise-ceiling,results+plan+deviations,49.6%,3,True,1.0
cheminformatics-drug-discovery-cliff-noise-ceiling,results+plan+deviations,68.9%,3,True,1.0
cheminformatics-drug-discovery-cliff-noise-ceiling,results+plan+deviations,90%,1,True,1.0
cheminformatics-drug-discovery-cliff-noise-ceiling,results+plan+deviations,0.503,3,True,1.0
cheminformatics-drug-discovery-cliff-noise-ceiling,results+plan+deviations,"2,155",4,True,0.0
cheminformatics-drug-discovery-cliff-noise-ceiling,results+plan+deviations,80%,1,True,1.0
cheminformatics-drug-discovery-cliff-noise-ceiling,results+plan+deviations,88%,2,True,1.0
cheminformatics-drug-discovery-cliff-noise-ceiling,results+plan+deviations,0.367,3,True,1.0
cheminformatics-drug-discovery-cliff-noise-ceiling,results+plan+deviations,365,3,True,1.0
cheminformatics-drug-discovery-cliff-noise-ceiling,results+plan+deviations,69%,2,True,1.0
cheminformatics-drug-discovery-cliff-noise-ceiling,results+plan+deviations,79%,2,True,1.0
cheminformatics-drug-discovery-cliff-noise-ceiling,results+plan+deviations,95%,2,True,1.0
cheminformatics-drug-discovery-cliff-noise-ceiling,results+plan+deviations,96%,2,True,1.0
cheminformatics-drug-discovery-cliff-noise-ceiling,results+plan+deviations,69%,2,True,1.0
cheminformatics-drug-discovery-cliff-noise-ceiling,results+plan+deviations,79%,2,True,1.0
cheminformatics-drug-discovery-cliff-noise-ceiling,results+plan+deviations,90%,1,True,1.0
cheminformatics-drug-discovery-cliff-noise-ceiling,results+plan+deviations,17.8%,3,True,1.0
cheminformatics-drug-discovery-cliff-noise-ceiling,results+plan+deviations,0.3,1,True,1.0
cheminformatics-drug-discovery-cliff-noise-ceiling,results+plan+deviations,77.1%,3,True,1.0
cheminformatics-drug-discovery-cliff-noise-ceiling,results+plan+deviations,15.8%,3,True,1.0
cheminformatics-drug-discovery-cliff-noise-ceiling,results+plan+deviations,71.4%,3,True,1.0
cheminformatics-drug-discovery-cliff-noise-ceiling,results+plan+deviations,100%,1,True,1.0
cheminformatics-drug-discovery-cliff-noise-ceiling,results+plan+deviations,100%,1,True,1.0
cheminformatics-drug-discovery-cliff-noise-ceiling,results+plan+deviations,0.74,2,True,1.0
cheminformatics-drug-discovery-cliff-noise-ceiling,results+plan+deviations,"1,287",4,True,0.0
cheminformatics-drug-discovery-cliff-noise-ceiling,results+plan+deviations,824,3,True,0.0
cheminformatics-drug-discovery-cliff-noise-ceiling,results+plan+deviations,1.45,3,True,1.0
cheminformatics-drug-discovery-cliff-noise-ceiling,results+plan+deviations,0.7,1,True,1.0
cheminformatics-drug-discovery-cliff-noise-ceiling,results+plan+deviations,0.67,2,True,1.0
cheminformatics-drug-discovery-cliff-noise-ceiling,results+plan+deviations,0.91,2,True,1.0
cheminformatics-drug-discovery-cliff-noise-ceiling,results+plan+deviations,0.81,2,True,1.0
cheminformatics-drug-discovery-cliff-noise-ceiling,results+plan+deviations,135,3,True,1.0
cheminformatics-drug-discovery-cliff-noise-ceiling,results+plan+deviations,0.244,3,True,1.0
cheminformatics-drug-discovery-cliff-noise-ceiling,results+plan+deviations,171%,3,True,1.0
cheminformatics-drug-discovery-cliff-noise-ceiling,results+plan+deviations,137,3,True,1.0
cheminformatics-drug-discovery-cliff-noise-ceiling,results+plan+deviations,229,3,True,0.8
cheminformatics-drug-discovery-cliff-noise-ceiling,results+plan+deviations,1.03,3,True,1.0
cheminformatics-drug-discovery-cliff-noise-ceiling,results+plan+deviations,166,3,True,1.0
cheminformatics-drug-discovery-cliff-noise-ceiling,results+plan+deviations,0.2,1,True,1.0
cheminformatics-drug-discovery-cliff-noise-ceiling,results+plan+deviations,0.137,3,True,1.0
cheminformatics-drug-discovery-cliff-noise-ceiling,results+plan+deviations,96%,2,True,1.0
cheminformatics-drug-discovery-cliff-noise-ceiling,results+plan+deviations,0.60,2,True,1.0
cheminformatics-drug-discovery-cliff-noise-ceiling,results+plan+deviations,0.3,1,True,1.0
cheminformatics-drug-discovery-cliff-noise-ceiling,results+plan+deviations,0.148,3,True,1.0
cheminformatics-drug-discovery-cliff-noise-ceiling,results+plan+deviations,104%,3,True,1.0
cheminformatics-drug-discovery-cliff-noise-ceiling,results+plan+deviations,0.67,2,True,1.0
cheminformatics-drug-discovery-cliff-noise-ceiling,results+plan+deviations,0.39,2,True,1.0
cheminformatics-drug-discovery-cliff-noise-ceiling,results+plan+deviations,0.64,2,True,1.0
cheminformatics-drug-discovery-cliff-noise-ceiling,results+plan+deviations,0.69,2,True,1.0
cheminformatics-drug-discovery-cliff-noise-ceiling,results+plan+deviations,−0.002,1,True,1.0
cheminformatics-drug-discovery-cliff-noise-ceiling,results+plan+deviations,−1.22,3,True,1.0
cheminformatics-drug-discovery-cliff-noise-ceiling,results+plan+deviations,−2.23,3,True,0.4
cheminformatics-drug-discovery-cliff-noise-ceiling,results+plan+deviations,−0.24,2,True,1.0
cheminformatics-drug-discovery-cliff-noise-ceiling,results+plan+deviations,0.32,2,True,1.0
cheminformatics-drug-discovery-cliff-noise-ceiling,results+plan+deviations,0.56,2,True,1.0
cheminformatics-drug-discovery-cliff-noise-ceiling,results+plan+deviations,0.44,2,True,1.0
cheminformatics-drug-discovery-cliff-noise-ceiling,results+plan+deviations,0.091,2,True,1.0
cheminformatics-drug-discovery-cliff-noise-ceiling,results+plan+deviations,0.5,1,True,1.0
cheminformatics-drug-discovery-cliff-noise-ceiling,results+plan+deviations,1.5,2,True,1.0
cheminformatics-drug-discovery-cliff-noise-ceiling,results+plan+deviations,0.3,1,True,1.0
cheminformatics-drug-discovery-cliff-noise-ceiling,results+plan+deviations,77%,2,True,1.0
cheminformatics-drug-discovery-cliff-noise-ceiling,results+plan+deviations,69%,2,True,1.0
cheminformatics-drug-discovery-cliff-noise-ceiling,results+plan+deviations,79%,2,True,1.0
cheminformatics-drug-discovery-cliff-noise-ceiling,results+plan+deviations,9%,1,True,1.0
cheminformatics-drug-discovery-cliff-noise-ceiling,results only,"28,569",5,True,0.0
cheminformatics-drug-discovery-cliff-noise-ceiling,results only,"28,569",5,True,0.0
cheminformatics-drug-discovery-cliff-noise-ceiling,results only,99.8%,3,True,1.0
cheminformatics-drug-discovery-cliff-noise-ceiling,results only,0.50,2,True,1.0
cheminformatics-drug-discovery-cliff-noise-ceiling,results only,0.37,2,True,1.0
cheminformatics-drug-discovery-cliff-noise-ceiling,results only,25%,2,True,1.0
cheminformatics-drug-discovery-cliff-noise-ceiling,results only,0.8,1,True,1.0
cheminformatics-drug-discovery-cliff-noise-ceiling,results only,74.8%,3,True,1.0
cheminformatics-drug-discovery-cliff-noise-ceiling,results only,69.6,3,False,0.2
cheminformatics-drug-discovery-cliff-noise-ceiling,results only,79.0,3,True,0.0
cheminformatics-drug-discovery-cliff-noise-ceiling,results only,77%,2,True,1.0
cheminformatics-drug-discovery-cliff-noise-ceiling,results only,71%,2,True,1.0
cheminformatics-drug-discovery-cliff-noise-ceiling,results only,100%,1,True,1.0
cheminformatics-drug-discovery-cliff-noise-ceiling,results only,40%,1,True,1.0
cheminformatics-drug-discovery-cliff-noise-ceiling,results only,0.136,3,True,1.0
cheminformatics-drug-discovery-cliff-noise-ceiling,results only,0.441,3,True,1.0
cheminformatics-drug-discovery-cliff-noise-ceiling,results only,0.32,2,True,1.0
cheminformatics-drug-discovery-cliff-noise-ceiling,results only,0.56,2,True,1.0
cheminformatics-drug-discovery-cliff-noise-ceiling,results only,50%,1,True,1.0
cheminformatics-drug-discovery-cliff-noise-ceiling,results only,115%,3,True,1.0
cheminformatics-drug-discovery-cliff-noise-ceiling,results only,152,3,True,1.0
cheminformatics-drug-discovery-cliff-noise-ceiling,results only,171%,3,True,1.0
cheminformatics-drug-discovery-cliff-noise-ceiling,results only,137,3,True,1.0
cheminformatics-drug-discovery-cliff-noise-ceiling,results only,229,3,True,0.4
cheminformatics-drug-discovery-cliff-noise-ceiling,results only,104%,3,True,1.0
cheminformatics-drug-discovery-cliff-noise-ceiling,results only,0.9,1,True,1.0
cheminformatics-drug-discovery-cliff-noise-ceiling,results only,0.5,1,True,1.0
cheminformatics-drug-discovery-cliff-noise-ceiling,results only,0.6,1,True,1.0
cheminformatics-drug-discovery-cliff-noise-ceiling,results only,615,3,False,0.0
cheminformatics-drug-discovery-cliff-noise-ceiling,results only,"3,657",4,True,0.0
cheminformatics-drug-discovery-cliff-noise-ceiling,results only,99.8%,3,True,1.0
cheminformatics-drug-discovery-cliff-noise-ceiling,results only,"127,827",5,False,0.0
cheminformatics-drug-discovery-cliff-noise-ceiling,results only,"28,569",5,True,0.0
cheminformatics-drug-discovery-cliff-noise-ceiling,results only,256,3,True,1.0
cheminformatics-drug-discovery-cliff-noise-ceiling,results only,99.7%,3,False,1.0
cheminformatics-drug-discovery-cliff-noise-ceiling,results only,49.6%,3,True,1.0
cheminformatics-drug-discovery-cliff-noise-ceiling,results only,68.9%,3,True,1.0
cheminformatics-drug-discovery-cliff-noise-ceiling,results only,90%,1,True,1.0
cheminformatics-drug-discovery-cliff-noise-ceiling,results only,0.503,3,True,1.0
cheminformatics-drug-discovery-cliff-noise-ceiling,results only,"2,155",4,True,0.0
cheminformatics-drug-discovery-cliff-noise-ceiling,results only,80%,1,True,1.0
cheminformatics-drug-discovery-cliff-noise-ceiling,results only,88%,2,True,1.0
cheminformatics-drug-discovery-cliff-noise-ceiling,results only,0.367,3,True,1.0
cheminformatics-drug-discovery-cliff-noise-ceiling,results only,365,3,True,1.0
cheminformatics-drug-discovery-cliff-noise-ceiling,results only,69%,2,True,1.0
cheminformatics-drug-discovery-cliff-noise-ceiling,results only,79%,2,True,1.0
cheminformatics-drug-discovery-cliff-noise-ceiling,results only,95%,2,True,1.0
cheminformatics-drug-discovery-cliff-noise-ceiling,results only,96%,2,True,1.0
cheminformatics-drug-discovery-cliff-noise-ceiling,results only,69%,2,True,1.0
cheminformatics-drug-discovery-cliff-noise-ceiling,results only,79%,2,True,1.0
cheminformatics-drug-discovery-cliff-noise-ceiling,results only,90%,1,True,1.0
cheminformatics-drug-discovery-cliff-noise-ceiling,results only,17.8%,3,True,1.0
cheminformatics-drug-discovery-cliff-noise-ceiling,results only,0.3,1,True,1.0
cheminformatics-drug-discovery-cliff-noise-ceiling,results only,77.1%,3,True,1.0
cheminformatics-drug-discovery-cliff-noise-ceiling,results only,15.8%,3,True,1.0
cheminformatics-drug-discovery-cliff-noise-ceiling,results only,71.4%,3,True,1.0
cheminformatics-drug-discovery-cliff-noise-ceiling,results only,100%,1,True,1.0
cheminformatics-drug-discovery-cliff-noise-ceiling,results only,100%,1,True,1.0
cheminformatics-drug-discovery-cliff-noise-ceiling,results only,0.74,2,True,1.0
cheminformatics-drug-discovery-cliff-noise-ceiling,results only,"1,287",4,True,0.0
cheminformatics-drug-discovery-cliff-noise-ceiling,results only,824,3,False,0.0
cheminformatics-drug-discovery-cliff-noise-ceiling,results only,1.45,3,True,1.0
cheminformatics-drug-discovery-cliff-noise-ceiling,results only,0.7,1,True,1.0
cheminformatics-drug-discovery-cliff-noise-ceiling,results only,0.67,2,True,1.0
cheminformatics-drug-discovery-cliff-noise-ceiling,results only,0.91,2,True,1.0
cheminformatics-drug-discovery-cliff-noise-ceiling,results only,0.81,2,True,1.0
cheminformatics-drug-discovery-cliff-noise-ceiling,results only,135,3,True,1.0
cheminformatics-drug-discovery-cliff-noise-ceiling,results only,0.244,3,True,1.0
cheminformatics-drug-discovery-cliff-noise-ceiling,results only,171%,3,True,1.0
cheminformatics-drug-discovery-cliff-noise-ceiling,results only,137,3,True,1.0
cheminformatics-drug-discovery-cliff-noise-ceiling,results only,229,3,True,0.8
cheminformatics-drug-discovery-cliff-noise-ceiling,results only,1.03,3,True,1.0
cheminformatics-drug-discovery-cliff-noise-ceiling,results only,166,3,True,1.0
cheminformatics-drug-discovery-cliff-noise-ceiling,results only,0.2,1,True,1.0
cheminformatics-drug-discovery-cliff-noise-ceiling,results only,0.137,3,True,1.0
cheminformatics-drug-discovery-cliff-noise-ceiling,results only,96%,2,True,1.0
cheminformatics-drug-discovery-cliff-noise-ceiling,results only,0.60,2,True,1.0
cheminformatics-drug-discovery-cliff-noise-ceiling,results only,0.3,1,True,1.0
cheminformatics-drug-discovery-cliff-noise-ceiling,results only,0.148,3,True,1.0
cheminformatics-drug-discovery-cliff-noise-ceiling,results only,104%,3,True,1.0
cheminformatics-drug-discovery-cliff-noise-ceiling,results only,0.67,2,True,1.0
cheminformatics-drug-discovery-cliff-noise-ceiling,results only,0.39,2,True,1.0
cheminformatics-drug-discovery-cliff-noise-ceiling,results only,0.64,2,True,1.0
cheminformatics-drug-discovery-cliff-noise-ceiling,results only,0.69,2,True,1.0
cheminformatics-drug-discovery-cliff-noise-ceiling,results only,−0.002,1,True,1.0
cheminformatics-drug-discovery-cliff-noise-ceiling,results only,−1.22,3,True,1.0
cheminformatics-drug-discovery-cliff-noise-ceiling,results only,−2.23,3,True,0.2
cheminformatics-drug-discovery-cliff-noise-ceiling,results only,−0.24,2,True,1.0
cheminformatics-drug-discovery-cliff-noise-ceiling,results only,0.32,2,True,1.0
cheminformatics-drug-discovery-cliff-noise-ceiling,results only,0.56,2,True,1.0
cheminformatics-drug-discovery-cliff-noise-ceiling,results only,0.44,2,True,1.0
cheminformatics-drug-discovery-cliff-noise-ceiling,results only,0.091,2,True,1.0
cheminformatics-drug-discovery-cliff-noise-ceiling,results only,0.5,1,True,1.0
cheminformatics-drug-discovery-cliff-noise-ceiling,results only,1.5,2,True,1.0
cheminformatics-drug-discovery-cliff-noise-ceiling,results only,0.3,1,True,1.0
cheminformatics-drug-discovery-cliff-noise-ceiling,results only,77%,2,True,1.0
cheminformatics-drug-discovery-cliff-noise-ceiling,results only,69%,2,True,1.0
cheminformatics-drug-discovery-cliff-noise-ceiling,results only,79%,2,True,1.0
cheminformatics-drug-discovery-cliff-noise-ceiling,results only,9%,1,True,1.0
climate-earth-ai-humid-heat-attribution,results+plan+deviations,150,2,False,0.0
climate-earth-ai-humid-heat-attribution,results+plan+deviations,1.5,2,True,1.0
climate-earth-ai-humid-heat-attribution,results+plan+deviations,55%,2,True,1.0
climate-earth-ai-humid-heat-attribution,results+plan+deviations,1.75,3,True,1.0
climate-earth-ai-humid-heat-attribution,results+plan+deviations,50%,1,True,1.0
climate-earth-ai-humid-heat-attribution,results+plan+deviations,1850,3,True,0.0
climate-earth-ai-humid-heat-attribution,results+plan+deviations,234,3,True,0.0
climate-earth-ai-humid-heat-attribution,results+plan+deviations,0.5,1,True,1.0
climate-earth-ai-humid-heat-attribution,results+plan+deviations,1.5,2,True,1.0
climate-earth-ai-humid-heat-attribution,results+plan+deviations,1.21,3,True,1.0
climate-earth-ai-humid-heat-attribution,results+plan+deviations,1.06,3,True,1.0
climate-earth-ai-humid-heat-attribution,results+plan+deviations,1.38,3,True,1.0
climate-earth-ai-humid-heat-attribution,results+plan+deviations,1.05,3,True,1.0
climate-earth-ai-humid-heat-attribution,results+plan+deviations,0.85,2,True,1.0
climate-earth-ai-humid-heat-attribution,results+plan+deviations,1.22,3,True,1.0
climate-earth-ai-humid-heat-attribution,results+plan+deviations,1.25,3,True,1.0
climate-earth-ai-humid-heat-attribution,results+plan+deviations,1.07,3,True,1.0
climate-earth-ai-humid-heat-attribution,results+plan+deviations,1.49,3,True,1.0
climate-earth-ai-humid-heat-attribution,results+plan+deviations,1.32,3,True,1.0
climate-earth-ai-humid-heat-attribution,results+plan+deviations,1.01,3,True,1.0
climate-earth-ai-humid-heat-attribution,results+plan+deviations,1.66,3,True,1.0
climate-earth-ai-humid-heat-attribution,results+plan+deviations,1.40,3,True,1.0
climate-earth-ai-humid-heat-attribution,results+plan+deviations,1.05,3,True,1.0
climate-earth-ai-humid-heat-attribution,results+plan+deviations,1.76,3,True,1.0
climate-earth-ai-humid-heat-attribution,results+plan+deviations,4.37,3,True,0.4
climate-earth-ai-humid-heat-attribution,results+plan+deviations,0.5,1,True,1.0
climate-earth-ai-humid-heat-attribution,results+plan+deviations,+1.52,3,True,1.0
climate-earth-ai-humid-heat-attribution,results+plan+deviations,+0.83,2,True,1.0
climate-earth-ai-humid-heat-attribution,results+plan+deviations,−1.49,3,True,1.0
climate-earth-ai-humid-heat-attribution,results+plan+deviations,0.01,1,True,1.0
climate-earth-ai-humid-heat-attribution,results+plan+deviations,0.99,2,True,1.0
climate-earth-ai-humid-heat-attribution,results+plan+deviations,0.63,2,True,1.0
climate-earth-ai-humid-heat-attribution,results+plan+deviations,1.68,3,True,1.0
climate-earth-ai-humid-heat-attribution,results+plan+deviations,0.80,2,True,1.0
climate-earth-ai-humid-heat-attribution,results+plan+deviations,−1.75,3,True,1.0
climate-earth-ai-humid-heat-attribution,results+plan+deviations,1.5,2,True,1.0
climate-earth-ai-humid-heat-attribution,results+plan+deviations,5%,1,True,1.0
climate-earth-ai-humid-heat-attribution,results+plan+deviations,30%,1,True,1.0
climate-earth-ai-humid-heat-attribution,results+plan+deviations,55%,2,True,1.0
climate-earth-ai-humid-heat-attribution,results+plan+deviations,0.25,2,True,0.8
climate-earth-ai-humid-heat-attribution,results+plan+deviations,33.8,3,True,0.4
climate-earth-ai-humid-heat-attribution,results+plan+deviations,33.2,3,True,0.6
climate-earth-ai-humid-heat-attribution,results+plan+deviations,32.9,3,True,1.0
climate-earth-ai-humid-heat-attribution,results+plan+deviations,31.8,3,True,1.0
climate-earth-ai-humid-heat-attribution,results+plan+deviations,30.2,3,True,1.0
climate-earth-ai-humid-heat-attribution,results+plan+deviations,29.3,3,True,1.0
climate-earth-ai-humid-heat-attribution,results+plan+deviations,22.3,3,True,0.2
climate-earth-ai-humid-heat-attribution,results+plan+deviations,76.7,3,True,1.0
climate-earth-ai-humid-heat-attribution,results+plan+deviations,29.4,3,True,1.0
climate-earth-ai-humid-heat-attribution,results+plan+deviations,21.7,3,True,0.8
climate-earth-ai-humid-heat-attribution,results+plan+deviations,1.17,3,True,1.0
climate-earth-ai-humid-heat-attribution,results+plan+deviations,1.5,2,True,1.0
climate-earth-ai-humid-heat-attribution,results+plan+deviations,2.3,2,True,1.0
climate-earth-ai-humid-heat-attribution,results+plan+deviations,1.5,2,True,1.0
climate-earth-ai-humid-heat-attribution,results+plan+deviations,2.2,2,True,1.0
climate-earth-ai-humid-heat-attribution,results+plan+deviations,4.0,2,True,0.0
climate-earth-ai-humid-heat-attribution,results+plan+deviations,0.4,1,True,1.0
climate-earth-ai-humid-heat-attribution,results+plan+deviations,1850,3,True,0.0
climate-earth-ai-humid-heat-attribution,results+plan+deviations,17%,2,True,1.0
climate-earth-ai-humid-heat-attribution,results+plan+deviations,850,2,True,0.0
climate-earth-ai-humid-heat-attribution,results+plan+deviations,925,3,True,0.0
climate-earth-ai-humid-heat-attribution,results+plan+deviations,1%,1,True,1.0
climate-earth-ai-humid-heat-attribution,results+plan+deviations,8%,1,True,1.0
climate-earth-ai-humid-heat-attribution,results+plan+deviations,4.37,3,True,0.4
climate-earth-ai-humid-heat-attribution,results+plan+deviations,0.21,2,True,1.0
climate-earth-ai-humid-heat-attribution,results+plan+deviations,0.93,2,True,1.0
climate-earth-ai-humid-heat-attribution,results+plan+deviations,0.02,1,True,1.0
climate-earth-ai-humid-heat-attribution,results+plan+deviations,0.5,1,True,1.0
climate-earth-ai-humid-heat-attribution,results+plan+deviations,4.5,2,True,0.6
climate-earth-ai-humid-heat-attribution,results+plan+deviations,1.0,2,True,1.0
climate-earth-ai-humid-heat-attribution,results+plan+deviations,2.6,2,True,1.0
climate-earth-ai-humid-heat-attribution,results+plan+deviations,1.75,3,True,1.0
climate-earth-ai-humid-heat-attribution,results+plan+deviations,−0.3,1,True,1.0
climate-earth-ai-humid-heat-attribution,results+plan+deviations,1.05,3,True,1.0
climate-earth-ai-humid-heat-attribution,results+plan+deviations,1.31,3,True,1.0
climate-earth-ai-humid-heat-attribution,results+plan+deviations,1.25,3,True,1.0
climate-earth-ai-humid-heat-attribution,results+plan+deviations,1.07,3,True,1.0
climate-earth-ai-humid-heat-attribution,results+plan+deviations,1.49,3,True,1.0
climate-earth-ai-humid-heat-attribution,results+plan+deviations,1.07,3,True,1.0
climate-earth-ai-humid-heat-attribution,results+plan+deviations,1.41,3,True,1.0
climate-earth-ai-humid-heat-attribution,results+plan+deviations,1.32,3,True,1.0
climate-earth-ai-humid-heat-attribution,results+plan+deviations,1.01,3,True,1.0
climate-earth-ai-humid-heat-attribution,results+plan+deviations,1.66,3,True,1.0
climate-earth-ai-humid-heat-attribution,results+plan+deviations,1.21,3,True,1.0
climate-earth-ai-humid-heat-attribution,results+plan+deviations,1.06,3,True,1.0
climate-earth-ai-humid-heat-attribution,results+plan+deviations,1.38,3,True,1.0
climate-earth-ai-humid-heat-attribution,results+plan+deviations,1.5,2,True,1.0
climate-earth-ai-humid-heat-attribution,results+plan+deviations,1.40,3,True,1.0
climate-earth-ai-humid-heat-attribution,results+plan+deviations,1.05,3,True,1.0
climate-earth-ai-humid-heat-attribution,results+plan+deviations,1.76,3,True,1.0
climate-earth-ai-humid-heat-attribution,results+plan+deviations,1.55,3,True,1.0
climate-earth-ai-humid-heat-attribution,results+plan+deviations,1.30,3,True,1.0
climate-earth-ai-humid-heat-attribution,results+plan+deviations,1.84,3,True,1.0
climate-earth-ai-humid-heat-attribution,results+plan+deviations,1.16,3,True,1.0
climate-earth-ai-humid-heat-attribution,results+plan+deviations,1.27,3,True,1.0
climate-earth-ai-humid-heat-attribution,results+plan+deviations,0.01,1,True,1.0
climate-earth-ai-humid-heat-attribution,results+plan+deviations,+0.5,1,True,1.0
climate-earth-ai-humid-heat-attribution,results+plan+deviations,+2.6,2,True,1.0
climate-earth-ai-humid-heat-attribution,results+plan+deviations,0.80,2,True,1.0
climate-earth-ai-humid-heat-attribution,results+plan+deviations,0.55,2,True,1.0
climate-earth-ai-humid-heat-attribution,results+plan+deviations,1.25,3,True,1.0
climate-earth-ai-humid-heat-attribution,results+plan+deviations,0.99,2,True,1.0
climate-earth-ai-humid-heat-attribution,results+plan+deviations,0.8,1,True,1.0
climate-earth-ai-humid-heat-attribution,results+plan+deviations,2.3,2,True,1.0
climate-earth-ai-humid-heat-attribution,results+plan+deviations,0.8,1,True,1.0
climate-earth-ai-humid-heat-attribution,results+plan+deviations,1.4,2,True,1.0
climate-earth-ai-humid-heat-attribution,results+plan+deviations,99.5%,3,True,0.6
climate-earth-ai-humid-heat-attribution,results+plan+deviations,1.5,2,True,1.0
climate-earth-ai-humid-heat-attribution,results+plan+deviations,1850,3,True,0.0
climate-earth-ai-humid-heat-attribution,results+plan+deviations,5%,1,True,1.0
climate-earth-ai-humid-heat-attribution,results+plan+deviations,32%,2,True,1.0
climate-earth-ai-humid-heat-attribution,results+plan+deviations,55%,2,True,1.0
climate-earth-ai-humid-heat-attribution,results+plan+deviations,50%,1,True,1.0
climate-earth-ai-humid-heat-attribution,results+plan+deviations,1.75,3,True,1.0
climate-earth-ai-humid-heat-attribution,results only,150,2,False,0.0
climate-earth-ai-humid-heat-attribution,results only,1.5,2,True,1.0
climate-earth-ai-humid-heat-attribution,results only,55%,2,True,1.0
climate-earth-ai-humid-heat-attribution,results only,1.75,3,True,1.0
climate-earth-ai-humid-heat-attribution,results only,50%,1,True,1.0
climate-earth-ai-humid-heat-attribution,results only,1850,3,True,0.0
climate-earth-ai-humid-heat-attribution,results only,234,3,False,0.0
climate-earth-ai-humid-heat-attribution,results only,0.5,1,True,1.0
climate-earth-ai-humid-heat-attribution,results only,1.5,2,True,1.0
climate-earth-ai-humid-heat-attribution,results only,1.21,3,True,1.0
climate-earth-ai-humid-heat-attribution,results only,1.06,3,True,1.0
climate-earth-ai-humid-heat-attribution,results only,1.38,3,True,1.0
climate-earth-ai-humid-heat-attribution,results only,1.05,3,True,1.0
climate-earth-ai-humid-heat-attribution,results only,0.85,2,True,1.0
climate-earth-ai-humid-heat-attribution,results only,1.22,3,True,1.0
climate-earth-ai-humid-heat-attribution,results only,1.25,3,True,1.0
climate-earth-ai-humid-heat-attribution,results only,1.07,3,True,1.0
climate-earth-ai-humid-heat-attribution,results only,1.49,3,True,1.0
climate-earth-ai-humid-heat-attribution,results only,1.32,3,True,1.0
climate-earth-ai-humid-heat-attribution,results only,1.01,3,True,1.0
climate-earth-ai-humid-heat-attribution,results only,1.66,3,True,1.0
climate-earth-ai-humid-heat-attribution,results only,1.40,3,True,1.0
climate-earth-ai-humid-heat-attribution,results only,1.05,3,True,1.0
climate-earth-ai-humid-heat-attribution,results only,1.76,3,True,1.0
climate-earth-ai-humid-heat-attribution,results only,4.37,3,True,0.0
climate-earth-ai-humid-heat-attribution,results only,0.5,1,True,1.0
climate-earth-ai-humid-heat-attribution,results only,+1.52,3,True,1.0
climate-earth-ai-humid-heat-attribution,results only,+0.83,2,True,1.0
climate-earth-ai-humid-heat-attribution,results only,−1.49,3,True,1.0
climate-earth-ai-humid-heat-attribution,results only,0.01,1,True,1.0
climate-earth-ai-humid-heat-attribution,results only,0.99,2,True,1.0
climate-earth-ai-humid-heat-attribution,results only,0.63,2,True,1.0
climate-earth-ai-humid-heat-attribution,results only,1.68,3,True,1.0
climate-earth-ai-humid-heat-attribution,results only,0.80,2,True,1.0
climate-earth-ai-humid-heat-attribution,results only,−1.75,3,True,1.0
climate-earth-ai-humid-heat-attribution,results only,1.5,2,True,1.0
climate-earth-ai-humid-heat-attribution,results only,5%,1,True,1.0
climate-earth-ai-humid-heat-attribution,results only,30%,1,True,0.8
climate-earth-ai-humid-heat-attribution,results only,55%,2,True,1.0
climate-earth-ai-humid-heat-attribution,results only,0.25,2,True,0.8
climate-earth-ai-humid-heat-attribution,results only,33.8,3,True,0.4
climate-earth-ai-humid-heat-attribution,results only,33.2,3,True,0.4
climate-earth-ai-humid-heat-attribution,results only,32.9,3,True,1.0
climate-earth-ai-humid-heat-attribution,results only,31.8,3,True,1.0
climate-earth-ai-humid-heat-attribution,results only,30.2,3,True,1.0
climate-earth-ai-humid-heat-attribution,results only,29.3,3,True,1.0
climate-earth-ai-humid-heat-attribution,results only,22.3,3,True,0.8
climate-earth-ai-humid-heat-attribution,results only,76.7,3,True,0.6
climate-earth-ai-humid-heat-attribution,results only,29.4,3,True,1.0
climate-earth-ai-humid-heat-attribution,results only,21.7,3,True,1.0
climate-earth-ai-humid-heat-attribution,results only,1.17,3,True,1.0
climate-earth-ai-humid-heat-attribution,results only,1.5,2,True,1.0
climate-earth-ai-humid-heat-attribution,results only,2.3,2,True,1.0
climate-earth-ai-humid-heat-attribution,results only,1.5,2,True,1.0
climate-earth-ai-humid-heat-attribution,results only,2.2,2,True,1.0
climate-earth-ai-humid-heat-attribution,results only,4.0,2,True,0.2
climate-earth-ai-humid-heat-attribution,results only,0.4,1,True,1.0
climate-earth-ai-humid-heat-attribution,results only,1850,3,True,0.0
climate-earth-ai-humid-heat-attribution,results only,17%,2,True,1.0
climate-earth-ai-humid-heat-attribution,results only,850,2,True,0.0
climate-earth-ai-humid-heat-attribution,results only,925,3,True,0.0
climate-earth-ai-humid-heat-attribution,results only,1%,1,True,1.0
climate-earth-ai-humid-heat-attribution,results only,8%,1,True,1.0
climate-earth-ai-humid-heat-attribution,results only,4.37,3,True,0.0
climate-earth-ai-humid-heat-attribution,results only,0.21,2,True,1.0
climate-earth-ai-humid-heat-attribution,results only,0.93,2,True,1.0
climate-earth-ai-humid-heat-attribution,results only,0.02,1,True,1.0
climate-earth-ai-humid-heat-attribution,results only,0.5,1,True,1.0
climate-earth-ai-humid-heat-attribution,results only,4.5,2,False,0.2
climate-earth-ai-humid-heat-attribution,results only,1.0,2,True,1.0
climate-earth-ai-humid-heat-attribution,results only,2.6,2,True,1.0
climate-earth-ai-humid-heat-attribution,results only,1.75,3,True,1.0
climate-earth-ai-humid-heat-attribution,results only,−0.3,1,True,1.0
climate-earth-ai-humid-heat-attribution,results only,1.05,3,True,1.0
climate-earth-ai-humid-heat-attribution,results only,1.31,3,True,1.0
climate-earth-ai-humid-heat-attribution,results only,1.25,3,True,1.0
climate-earth-ai-humid-heat-attribution,results only,1.07,3,True,1.0
climate-earth-ai-humid-heat-attribution,results only,1.49,3,True,1.0
climate-earth-ai-humid-heat-attribution,results only,1.07,3,True,1.0
climate-earth-ai-humid-heat-attribution,results only,1.41,3,True,1.0
climate-earth-ai-humid-heat-attribution,results only,1.32,3,True,1.0
climate-earth-ai-humid-heat-attribution,results only,1.01,3,True,1.0
climate-earth-ai-humid-heat-attribution,results only,1.66,3,True,1.0
climate-earth-ai-humid-heat-attribution,results only,1.21,3,True,1.0
climate-earth-ai-humid-heat-attribution,results only,1.06,3,True,1.0
climate-earth-ai-humid-heat-attribution,results only,1.38,3,True,1.0
climate-earth-ai-humid-heat-attribution,results only,1.5,2,True,1.0
climate-earth-ai-humid-heat-attribution,results only,1.40,3,True,1.0
climate-earth-ai-humid-heat-attribution,results only,1.05,3,True,1.0
climate-earth-ai-humid-heat-attribution,results only,1.76,3,True,1.0
climate-earth-ai-humid-heat-attribution,results only,1.55,3,True,1.0
climate-earth-ai-humid-heat-attribution,results only,1.30,3,True,1.0
climate-earth-ai-humid-heat-attribution,results only,1.84,3,True,1.0
climate-earth-ai-humid-heat-attribution,results only,1.16,3,True,1.0
climate-earth-ai-humid-heat-attribution,results only,1.27,3,True,1.0
climate-earth-ai-humid-heat-attribution,results only,0.01,1,True,1.0
climate-earth-ai-humid-heat-attribution,results only,+0.5,1,True,1.0
climate-earth-ai-humid-heat-attribution,results only,+2.6,2,True,1.0
climate-earth-ai-humid-heat-attribution,results only,0.80,2,True,1.0
climate-earth-ai-humid-heat-attribution,results only,0.55,2,True,1.0
climate-earth-ai-humid-heat-attribution,results only,1.25,3,True,1.0
climate-earth-ai-humid-heat-attribution,results only,0.99,2,True,1.0
climate-earth-ai-humid-heat-attribution,results only,0.8,1,True,1.0
climate-earth-ai-humid-heat-attribution,results only,2.3,2,True,1.0
climate-earth-ai-humid-heat-attribution,results only,0.8,1,True,1.0
climate-earth-ai-humid-heat-attribution,results only,1.4,2,True,1.0
climate-earth-ai-humid-heat-attribution,results only,99.5%,3,True,0.6
climate-earth-ai-humid-heat-attribution,results only,1.5,2,True,1.0
climate-earth-ai-humid-heat-attribution,results only,1850,3,True,0.0
climate-earth-ai-humid-heat-attribution,results only,5%,1,True,1.0
climate-earth-ai-humid-heat-attribution,results only,32%,2,True,1.0
climate-earth-ai-humid-heat-attribution,results only,55%,2,True,1.0
climate-earth-ai-humid-heat-attribution,results only,50%,1,True,1.0
climate-earth-ai-humid-heat-attribution,results only,1.75,3,True,1.0
climate-earth-record-margin-obs,results+plan+deviations,1.8,2,True,1.0
climate-earth-record-margin-obs,results+plan+deviations,20%,1,True,1.0
climate-earth-record-margin-obs,results+plan+deviations,270,2,True,0.0
climate-earth-record-margin-obs,results+plan+deviations,69%,2,True,1.0
climate-earth-record-margin-obs,results+plan+deviations,25%,2,True,1.0
climate-earth-record-margin-obs,results+plan+deviations,83%,2,True,1.0
climate-earth-record-margin-obs,results+plan+deviations,100%,1,True,1.0
climate-earth-record-margin-obs,results+plan+deviations,95%,2,True,1.0
climate-earth-record-margin-obs,results+plan+deviations,1.19,3,True,1.0
climate-earth-record-margin-obs,results+plan+deviations,0.64,2,True,1.0
climate-earth-record-margin-obs,results+plan+deviations,1.98,3,True,0.6
climate-earth-record-margin-obs,results+plan+deviations,1.38,3,True,1.0
climate-earth-record-margin-obs,results+plan+deviations,0.60,2,True,1.0
climate-earth-record-margin-obs,results+plan+deviations,2.53,3,True,0.8
climate-earth-record-margin-obs,results+plan+deviations,1.92,3,True,1.0
climate-earth-record-margin-obs,results+plan+deviations,1.00,3,True,1.0
climate-earth-record-margin-obs,results+plan+deviations,3.15,3,True,0.2
climate-earth-record-margin-obs,results+plan+deviations,1.78,3,True,1.0
climate-earth-record-margin-obs,results+plan+deviations,1.17,3,True,1.0
climate-earth-record-margin-obs,results+plan+deviations,2.48,3,True,0.2
climate-earth-record-margin-obs,results+plan+deviations,0.80,2,True,1.0
climate-earth-record-margin-obs,results+plan+deviations,0.45,2,True,1.0
climate-earth-record-margin-obs,results+plan+deviations,1.34,3,True,1.0
climate-earth-record-margin-obs,results+plan+deviations,0.80,2,True,1.0
climate-earth-record-margin-obs,results+plan+deviations,0.59,2,True,1.0
climate-earth-record-margin-obs,results+plan+deviations,1.02,3,True,1.0
climate-earth-record-margin-obs,results+plan+deviations,+0.002,1,True,1.0
climate-earth-record-margin-obs,results+plan+deviations,−0.041,2,True,1.0
climate-earth-record-margin-obs,results+plan+deviations,+0.036,2,True,0.8
climate-earth-record-margin-obs,results+plan+deviations,0.77,2,True,1.0
climate-earth-record-margin-obs,results+plan+deviations,0.37,2,True,1.0
climate-earth-record-margin-obs,results+plan+deviations,1.63,3,True,1.0
climate-earth-record-margin-obs,results+plan+deviations,20%,1,True,1.0
climate-earth-record-margin-obs,results+plan+deviations,1.67,3,True,1.0
climate-earth-record-margin-obs,results+plan+deviations,1.27,3,True,1.0
climate-earth-record-margin-obs,results+plan+deviations,2.20,3,True,0.6
climate-earth-record-margin-obs,results+plan+deviations,300,1,True,0.0
climate-earth-record-margin-obs,results+plan+deviations,350%,2,True,0.0
climate-earth-record-margin-obs,results+plan+deviations,"4,020",3,True,0.0
climate-earth-record-margin-obs,results+plan+deviations,90%,1,True,1.0
climate-earth-record-margin-obs,results+plan+deviations,80%,1,True,1.0
climate-earth-record-margin-obs,results+plan+deviations,0.015,2,True,0.8
climate-earth-record-margin-obs,results+plan+deviations,270,2,True,0.0
climate-earth-record-margin-obs,results+plan+deviations,"1,394",4,True,0.0
climate-earth-record-margin-obs,results+plan+deviations,159,3,False,0.0
climate-earth-record-margin-obs,results+plan+deviations,148,3,False,0.0
climate-earth-record-margin-obs,results+plan+deviations,1.23,3,True,1.0
climate-earth-record-margin-obs,results+plan+deviations,1.27,3,True,1.0
climate-earth-record-margin-obs,results+plan+deviations,0.91,2,True,1.0
climate-earth-record-margin-obs,results+plan+deviations,1.16,3,True,1.0
climate-earth-record-margin-obs,results+plan+deviations,0.99,2,True,1.0
climate-earth-record-margin-obs,results+plan+deviations,0.96,2,True,1.0
climate-earth-record-margin-obs,results+plan+deviations,1.02,3,True,1.0
climate-earth-record-margin-obs,results+plan+deviations,1.02,3,True,1.0
climate-earth-record-margin-obs,results+plan+deviations,0.93,2,True,1.0
climate-earth-record-margin-obs,results+plan+deviations,1.12,3,True,1.0
climate-earth-record-margin-obs,results+plan+deviations,0.99,2,True,1.0
climate-earth-record-margin-obs,results+plan+deviations,0.97,2,True,1.0
climate-earth-record-margin-obs,results+plan+deviations,1.01,3,True,1.0
climate-earth-record-margin-obs,results+plan+deviations,0.98,2,True,1.0
climate-earth-record-margin-obs,results+plan+deviations,0.92,2,True,1.0
climate-earth-record-margin-obs,results+plan+deviations,1.05,3,True,1.0
climate-earth-record-margin-obs,results+plan+deviations,1.05,3,True,1.0
climate-earth-record-margin-obs,results+plan+deviations,1.02,3,True,1.0
climate-earth-record-margin-obs,results+plan+deviations,1.08,3,True,1.0
climate-earth-record-margin-obs,results+plan+deviations,1.03,3,True,1.0
climate-earth-record-margin-obs,results+plan+deviations,0.97,2,True,1.0
climate-earth-record-margin-obs,results+plan+deviations,1.11,3,True,1.0
climate-earth-record-margin-obs,results+plan+deviations,0.80,2,True,1.0
climate-earth-record-margin-obs,results+plan+deviations,0.45,2,True,1.0
climate-earth-record-margin-obs,results+plan+deviations,1.34,3,True,1.0
climate-earth-record-margin-obs,results+plan+deviations,3.65%,3,True,0.6
climate-earth-record-margin-obs,results+plan+deviations,3.28%,3,True,0.8
climate-earth-record-margin-obs,results+plan+deviations,4.55%,3,True,0.0
climate-earth-record-margin-obs,results+plan+deviations,1.11,3,True,1.0
climate-earth-record-margin-obs,results+plan+deviations,0.80,2,True,1.0
climate-earth-record-margin-obs,results+plan+deviations,1.46,3,True,1.0
climate-earth-record-margin-obs,results+plan+deviations,0.80,2,True,1.0
climate-earth-record-margin-obs,results+plan+deviations,0.59,2,True,1.0
climate-earth-record-margin-obs,results+plan+deviations,1.02,3,True,1.0
climate-earth-record-margin-obs,results+plan+deviations,0.07%,1,True,1.0
climate-earth-record-margin-obs,results+plan+deviations,0.04%,1,True,1.0
climate-earth-record-margin-obs,results+plan+deviations,0.07%,1,True,1.0
climate-earth-record-margin-obs,results+plan+deviations,1.49,3,True,1.0
climate-earth-record-margin-obs,results+plan+deviations,0.30,2,True,0.8
climate-earth-record-margin-obs,results+plan+deviations,4.17,3,True,0.0
climate-earth-record-margin-obs,results+plan+deviations,0.98,2,True,1.0
climate-earth-record-margin-obs,results+plan+deviations,0.20,2,True,0.8
climate-earth-record-margin-obs,results+plan+deviations,2.65,3,True,0.2
climate-earth-record-margin-obs,results+plan+deviations,0.63%,2,True,1.0
climate-earth-record-margin-obs,results+plan+deviations,0.45%,2,True,1.0
climate-earth-record-margin-obs,results+plan+deviations,0.69%,2,True,1.0
climate-earth-record-margin-obs,results+plan+deviations,1.38,3,True,1.0
climate-earth-record-margin-obs,results+plan+deviations,0.60,2,True,1.0
climate-earth-record-margin-obs,results+plan+deviations,2.53,3,True,0.8
climate-earth-record-margin-obs,results+plan+deviations,0.91,2,True,1.0
climate-earth-record-margin-obs,results+plan+deviations,0.40,2,True,1.0
climate-earth-record-margin-obs,results+plan+deviations,1.59,3,True,1.0
climate-earth-record-margin-obs,results+plan+deviations,0.57%,2,True,1.0
climate-earth-record-margin-obs,results+plan+deviations,0.49%,2,True,1.0
climate-earth-record-margin-obs,results+plan+deviations,0.63%,2,True,1.0
climate-earth-record-margin-obs,results+plan+deviations,1.16,3,True,1.0
climate-earth-record-margin-obs,results+plan+deviations,0.46,2,True,1.0
climate-earth-record-margin-obs,results+plan+deviations,2.14,3,True,1.0
climate-earth-record-margin-obs,results+plan+deviations,0.91,2,True,1.0
climate-earth-record-margin-obs,results+plan+deviations,0.37,2,True,1.0
climate-earth-record-margin-obs,results+plan+deviations,1.65,3,True,1.0
climate-earth-record-margin-obs,results+plan+deviations,0.78%,2,True,1.0
climate-earth-record-margin-obs,results+plan+deviations,0.40%,2,True,1.0
climate-earth-record-margin-obs,results+plan+deviations,1.03%,3,True,1.0
climate-earth-record-margin-obs,results+plan+deviations,1.92,3,True,1.0
climate-earth-record-margin-obs,results+plan+deviations,1.00,3,True,1.0
climate-earth-record-margin-obs,results+plan+deviations,3.15,3,True,0.2
climate-earth-record-margin-obs,results+plan+deviations,0.75,2,True,1.0
climate-earth-record-margin-obs,results+plan+deviations,0.40,2,True,1.0
climate-earth-record-margin-obs,results+plan+deviations,1.22,3,True,1.0
climate-earth-record-margin-obs,results+plan+deviations,5.80%,3,True,0.0
climate-earth-record-margin-obs,results+plan+deviations,3.26%,3,True,0.8
climate-earth-record-margin-obs,results+plan+deviations,6.36%,3,True,0.0
climate-earth-record-margin-obs,results+plan+deviations,1.78,3,True,1.0
climate-earth-record-margin-obs,results+plan+deviations,1.17,3,True,1.0
climate-earth-record-margin-obs,results+plan+deviations,2.48,3,True,0.2
climate-earth-record-margin-obs,results+plan+deviations,0.91,2,True,1.0
climate-earth-record-margin-obs,results+plan+deviations,0.60,2,True,1.0
climate-earth-record-margin-obs,results+plan+deviations,1.26,3,True,1.0
climate-earth-record-margin-obs,results+plan+deviations,0.48%,2,True,1.0
climate-earth-record-margin-obs,results+plan+deviations,0.51%,2,True,1.0
climate-earth-record-margin-obs,results+plan+deviations,0.57%,2,True,1.0
climate-earth-record-margin-obs,results+plan+deviations,0.93,2,True,1.0
climate-earth-record-margin-obs,results+plan+deviations,0.34,2,True,1.0
climate-earth-record-margin-obs,results+plan+deviations,2.01,3,True,1.0
climate-earth-record-margin-obs,results+plan+deviations,0.84,2,True,1.0
climate-earth-record-margin-obs,results+plan+deviations,0.31,2,True,0.4
climate-earth-record-margin-obs,results+plan+deviations,1.75,3,True,1.0
climate-earth-record-margin-obs,results+plan+deviations,2.69%,3,True,0.6
climate-earth-record-margin-obs,results+plan+deviations,3.29%,3,True,0.8
climate-earth-record-margin-obs,results+plan+deviations,3.75%,3,True,0.0
climate-earth-record-margin-obs,results+plan+deviations,0.82,2,True,1.0
climate-earth-record-margin-obs,results+plan+deviations,0.47,2,True,1.0
climate-earth-record-margin-obs,results+plan+deviations,1.23,3,True,1.0
climate-earth-record-margin-obs,results+plan+deviations,0.72,2,True,1.0
climate-earth-record-margin-obs,results+plan+deviations,0.41,2,True,1.0
climate-earth-record-margin-obs,results+plan+deviations,1.07,3,True,1.0
climate-earth-record-margin-obs,results+plan+deviations,1.78,3,True,1.0
climate-earth-record-margin-obs,results+plan+deviations,1.17,3,True,1.0
climate-earth-record-margin-obs,results+plan+deviations,2.48,3,True,0.6
climate-earth-record-margin-obs,results+plan+deviations,1.06,3,True,1.0
climate-earth-record-margin-obs,results+plan+deviations,1.92,3,True,1.0
climate-earth-record-margin-obs,results+plan+deviations,1.00,3,True,1.0
climate-earth-record-margin-obs,results+plan+deviations,0.47,2,True,1.0
climate-earth-record-margin-obs,results+plan+deviations,−0.01,1,True,1.0
climate-earth-record-margin-obs,results+plan+deviations,1.19,3,True,1.0
climate-earth-record-margin-obs,results+plan+deviations,1.38,3,True,1.0
climate-earth-record-margin-obs,results+plan+deviations,1.16,3,True,1.0
climate-earth-record-margin-obs,results+plan+deviations,1.1,2,True,1.0
climate-earth-record-margin-obs,results+plan+deviations,20%,1,True,1.0
climate-earth-record-margin-obs,results+plan+deviations,0.80,2,True,1.0
climate-earth-record-margin-obs,results+plan+deviations,0.59,2,True,1.0
climate-earth-record-margin-obs,results+plan+deviations,1.02,3,True,1.0
climate-earth-record-margin-obs,results+plan+deviations,0.77,2,True,1.0
climate-earth-record-margin-obs,results+plan+deviations,0.57,2,True,1.0
climate-earth-record-margin-obs,results+plan+deviations,0.98,2,True,1.0
climate-earth-record-margin-obs,results+plan+deviations,1.67,3,True,1.0
climate-earth-record-margin-obs,results+plan+deviations,1.27,3,True,1.0
climate-earth-record-margin-obs,results+plan+deviations,2.20,3,True,0.8
climate-earth-record-margin-obs,results+plan+deviations,1.02,3,True,1.0
climate-earth-record-margin-obs,results+plan+deviations,0.82,2,True,1.0
climate-earth-record-margin-obs,results+plan+deviations,1.26,3,True,1.0
climate-earth-record-margin-obs,results+plan+deviations,0.91,2,True,1.0
climate-earth-record-margin-obs,results+plan+deviations,0.60,2,True,1.0
climate-earth-record-margin-obs,results+plan+deviations,1.26,3,True,1.0
climate-earth-record-margin-obs,results+plan+deviations,28%,2,True,1.0
climate-earth-record-margin-obs,results+plan+deviations,13%,2,True,1.0
climate-earth-record-margin-obs,results+plan+deviations,0.67,2,True,1.0
climate-earth-record-margin-obs,results+plan+deviations,0.89,2,True,1.0
climate-earth-record-margin-obs,results+plan+deviations,+0.002,1,True,1.0
climate-earth-record-margin-obs,results+plan+deviations,−0.041,2,True,1.0
climate-earth-record-margin-obs,results+plan+deviations,+0.036,2,True,1.0
climate-earth-record-margin-obs,results+plan+deviations,0.04,1,True,1.0
climate-earth-record-margin-obs,results+plan+deviations,0.003,1,True,1.0
climate-earth-record-margin-obs,results+plan+deviations,+0.010,2,True,1.0
climate-earth-record-margin-obs,results+plan+deviations,0.007,1,True,1.0
climate-earth-record-margin-obs,results+plan+deviations,0.014,2,True,0.8
climate-earth-record-margin-obs,results+plan+deviations,1.00,3,True,1.0
climate-earth-record-margin-obs,results+plan+deviations,0.63,2,True,1.0
climate-earth-record-margin-obs,results+plan+deviations,1.51,3,True,1.0
climate-earth-record-margin-obs,results+plan+deviations,+0.78,2,True,1.0
climate-earth-record-margin-obs,results+plan+deviations,+0.24,2,True,1.0
climate-earth-record-margin-obs,results+plan+deviations,1.27,3,True,1.0
climate-earth-record-margin-obs,results+plan+deviations,0.79,2,True,1.0
climate-earth-record-margin-obs,results+plan+deviations,0.79,2,True,1.0
climate-earth-record-margin-obs,results+plan+deviations,0.77,2,True,1.0
climate-earth-record-margin-obs,results+plan+deviations,0.57,2,True,1.0
climate-earth-record-margin-obs,results+plan+deviations,0.98,2,True,1.0
climate-earth-record-margin-obs,results+plan+deviations,1.77,3,True,1.0
climate-earth-record-margin-obs,results+plan+deviations,1.16,3,True,1.0
climate-earth-record-margin-obs,results+plan+deviations,2.46,3,True,0.4
climate-earth-record-margin-obs,results+plan+deviations,1.8,2,True,1.0
climate-earth-record-margin-obs,results+plan+deviations,25%,2,True,1.0
climate-earth-record-margin-obs,results+plan+deviations,1.6,2,True,1.0
climate-earth-record-margin-obs,results+plan+deviations,3.6,2,False,0.8
climate-earth-record-margin-obs,results+plan+deviations,69%,2,True,1.0
climate-earth-record-margin-obs,results+plan+deviations,−0.01,1,True,1.0
climate-earth-record-margin-obs,results+plan+deviations,0.47,2,True,1.0
climate-earth-record-margin-obs,results+plan+deviations,0.13,2,True,1.0
climate-earth-record-margin-obs,results+plan+deviations,0.31,2,True,0.6
climate-earth-record-margin-obs,results+plan+deviations,100%,1,True,1.0
climate-earth-record-margin-obs,results+plan+deviations,0.50,2,True,1.0
climate-earth-record-margin-obs,results only,1.8,2,True,1.0
climate-earth-record-margin-obs,results only,20%,1,True,1.0
climate-earth-record-margin-obs,results only,270,2,True,0.0
climate-earth-record-margin-obs,results only,69%,2,True,1.0
climate-earth-record-margin-obs,results only,25%,2,True,1.0
climate-earth-record-margin-obs,results only,83%,2,True,1.0
climate-earth-record-margin-obs,results only,100%,1,True,1.0
climate-earth-record-margin-obs,results only,95%,2,True,1.0
climate-earth-record-margin-obs,results only,1.19,3,True,1.0
climate-earth-record-margin-obs,results only,0.64,2,True,1.0
climate-earth-record-margin-obs,results only,1.98,3,True,0.6
climate-earth-record-margin-obs,results only,1.38,3,True,1.0
climate-earth-record-margin-obs,results only,0.60,2,True,1.0
climate-earth-record-margin-obs,results only,2.53,3,True,1.0
climate-earth-record-margin-obs,results only,1.92,3,True,1.0
climate-earth-record-margin-obs,results only,1.00,3,True,1.0
climate-earth-record-margin-obs,results only,3.15,3,True,0.0
climate-earth-record-margin-obs,results only,1.78,3,True,1.0
climate-earth-record-margin-obs,results only,1.17,3,True,1.0
climate-earth-record-margin-obs,results only,2.48,3,True,0.2
climate-earth-record-margin-obs,results only,0.80,2,True,1.0
climate-earth-record-margin-obs,results only,0.45,2,True,1.0
climate-earth-record-margin-obs,results only,1.34,3,True,1.0
climate-earth-record-margin-obs,results only,0.80,2,True,1.0
climate-earth-record-margin-obs,results only,0.59,2,True,1.0
climate-earth-record-margin-obs,results only,1.02,3,True,1.0
climate-earth-record-margin-obs,results only,+0.002,1,True,1.0
climate-earth-record-margin-obs,results only,−0.041,2,True,1.0
climate-earth-record-margin-obs,results only,+0.036,2,True,1.0
climate-earth-record-margin-obs,results only,0.77,2,True,1.0
climate-earth-record-margin-obs,results only,0.37,2,True,1.0
climate-earth-record-margin-obs,results only,1.63,3,True,1.0
climate-earth-record-margin-obs,results only,20%,1,True,1.0
climate-earth-record-margin-obs,results only,1.67,3,True,1.0
climate-earth-record-margin-obs,results only,1.27,3,True,1.0
climate-earth-record-margin-obs,results only,2.20,3,True,0.8
climate-earth-record-margin-obs,results only,300,1,False,0.0
climate-earth-record-margin-obs,results only,350%,2,False,0.2
climate-earth-record-margin-obs,results only,"4,020",3,False,0.0
climate-earth-record-margin-obs,results only,90%,1,True,1.0
climate-earth-record-margin-obs,results only,80%,1,True,1.0
climate-earth-record-margin-obs,results only,0.015,2,True,0.6
climate-earth-record-margin-obs,results only,270,2,True,0.0
climate-earth-record-margin-obs,results only,"1,394",4,True,0.0
climate-earth-record-margin-obs,results only,159,3,False,0.0
climate-earth-record-margin-obs,results only,148,3,False,0.0
climate-earth-record-margin-obs,results only,1.23,3,True,1.0
climate-earth-record-margin-obs,results only,1.27,3,True,1.0
climate-earth-record-margin-obs,results only,0.91,2,True,1.0
climate-earth-record-margin-obs,results only,1.16,3,True,1.0
climate-earth-record-margin-obs,results only,0.99,2,True,1.0
climate-earth-record-margin-obs,results only,0.96,2,True,1.0
climate-earth-record-margin-obs,results only,1.02,3,True,1.0
climate-earth-record-margin-obs,results only,1.02,3,True,1.0
climate-earth-record-margin-obs,results only,0.93,2,True,1.0
climate-earth-record-margin-obs,results only,1.12,3,True,1.0
climate-earth-record-margin-obs,results only,0.99,2,True,1.0
climate-earth-record-margin-obs,results only,0.97,2,True,1.0
climate-earth-record-margin-obs,results only,1.01,3,True,1.0
climate-earth-record-margin-obs,results only,0.98,2,True,1.0
climate-earth-record-margin-obs,results only,0.92,2,True,1.0
climate-earth-record-margin-obs,results only,1.05,3,True,1.0
climate-earth-record-margin-obs,results only,1.05,3,True,1.0
climate-earth-record-margin-obs,results only,1.02,3,True,1.0
climate-earth-record-margin-obs,results only,1.08,3,True,1.0
climate-earth-record-margin-obs,results only,1.03,3,True,1.0
climate-earth-record-margin-obs,results only,0.97,2,True,1.0
climate-earth-record-margin-obs,results only,1.11,3,True,1.0
climate-earth-record-margin-obs,results only,0.80,2,True,1.0
climate-earth-record-margin-obs,results only,0.45,2,True,1.0
climate-earth-record-margin-obs,results only,1.34,3,True,1.0
climate-earth-record-margin-obs,results only,3.65%,3,True,0.2
climate-earth-record-margin-obs,results only,3.28%,3,True,0.8
climate-earth-record-margin-obs,results only,4.55%,3,True,0.2
climate-earth-record-margin-obs,results only,1.11,3,True,1.0
climate-earth-record-margin-obs,results only,0.80,2,True,1.0
climate-earth-record-margin-obs,results only,1.46,3,True,1.0
climate-earth-record-margin-obs,results only,0.80,2,True,1.0
climate-earth-record-margin-obs,results only,0.59,2,True,1.0
climate-earth-record-margin-obs,results only,1.02,3,True,1.0
climate-earth-record-margin-obs,results only,0.07%,1,True,1.0
climate-earth-record-margin-obs,results only,0.04%,1,True,1.0
climate-earth-record-margin-obs,results only,0.07%,1,True,1.0
climate-earth-record-margin-obs,results only,1.49,3,True,1.0
climate-earth-record-margin-obs,results only,0.30,2,True,0.8
climate-earth-record-margin-obs,results only,4.17,3,True,0.0
climate-earth-record-margin-obs,results only,0.98,2,True,1.0
climate-earth-record-margin-obs,results only,0.20,2,True,1.0
climate-earth-record-margin-obs,results only,2.65,3,True,0.6
climate-earth-record-margin-obs,results only,0.63%,2,True,1.0
climate-earth-record-margin-obs,results only,0.45%,2,True,1.0
climate-earth-record-margin-obs,results only,0.69%,2,True,1.0
climate-earth-record-margin-obs,results only,1.38,3,True,1.0
climate-earth-record-margin-obs,results only,0.60,2,True,1.0
climate-earth-record-margin-obs,results only,2.53,3,True,0.8
climate-earth-record-margin-obs,results only,0.91,2,True,1.0
climate-earth-record-margin-obs,results only,0.40,2,True,1.0
climate-earth-record-margin-obs,results only,1.59,3,True,1.0
climate-earth-record-margin-obs,results only,0.57%,2,True,1.0
climate-earth-record-margin-obs,results only,0.49%,2,True,1.0
climate-earth-record-margin-obs,results only,0.63%,2,True,1.0
climate-earth-record-margin-obs,results only,1.16,3,True,1.0
climate-earth-record-margin-obs,results only,0.46,2,True,1.0
climate-earth-record-margin-obs,results only,2.14,3,True,0.8
climate-earth-record-margin-obs,results only,0.91,2,True,1.0
climate-earth-record-margin-obs,results only,0.37,2,True,1.0
climate-earth-record-margin-obs,results only,1.65,3,True,1.0
climate-earth-record-margin-obs,results only,0.78%,2,True,1.0
climate-earth-record-margin-obs,results only,0.40%,2,True,1.0
climate-earth-record-margin-obs,results only,1.03%,3,True,1.0
climate-earth-record-margin-obs,results only,1.92,3,True,1.0
climate-earth-record-margin-obs,results only,1.00,3,True,1.0
climate-earth-record-margin-obs,results only,3.15,3,True,0.0
climate-earth-record-margin-obs,results only,0.75,2,True,1.0
climate-earth-record-margin-obs,results only,0.40,2,True,1.0
climate-earth-record-margin-obs,results only,1.22,3,True,1.0
climate-earth-record-margin-obs,results only,5.80%,3,True,0.2
climate-earth-record-margin-obs,results only,3.26%,3,True,1.0
climate-earth-record-margin-obs,results only,6.36%,3,True,0.0
climate-earth-record-margin-obs,results only,1.78,3,True,1.0
climate-earth-record-margin-obs,results only,1.17,3,True,1.0
climate-earth-record-margin-obs,results only,2.48,3,True,0.0
climate-earth-record-margin-obs,results only,0.91,2,True,1.0
climate-earth-record-margin-obs,results only,0.60,2,True,1.0
climate-earth-record-margin-obs,results only,1.26,3,True,1.0
climate-earth-record-margin-obs,results only,0.48%,2,True,1.0
climate-earth-record-margin-obs,results only,0.51%,2,True,1.0
climate-earth-record-margin-obs,results only,0.57%,2,True,1.0
climate-earth-record-margin-obs,results only,0.93,2,True,1.0
climate-earth-record-margin-obs,results only,0.34,2,True,1.0
climate-earth-record-margin-obs,results only,2.01,3,True,0.6
climate-earth-record-margin-obs,results only,0.84,2,True,1.0
climate-earth-record-margin-obs,results only,0.31,2,True,0.8
climate-earth-record-margin-obs,results only,1.75,3,True,1.0
climate-earth-record-margin-obs,results only,2.69%,3,True,0.4
climate-earth-record-margin-obs,results only,3.29%,3,True,0.4
climate-earth-record-margin-obs,results only,3.75%,3,True,0.0
climate-earth-record-margin-obs,results only,0.82,2,True,1.0
climate-earth-record-margin-obs,results only,0.47,2,True,1.0
climate-earth-record-margin-obs,results only,1.23,3,True,1.0
climate-earth-record-margin-obs,results only,0.72,2,True,1.0
climate-earth-record-margin-obs,results only,0.41,2,True,1.0
climate-earth-record-margin-obs,results only,1.07,3,True,1.0
climate-earth-record-margin-obs,results only,1.78,3,True,1.0
climate-earth-record-margin-obs,results only,1.17,3,True,1.0
climate-earth-record-margin-obs,results only,2.48,3,True,0.4
climate-earth-record-margin-obs,results only,1.06,3,True,1.0
climate-earth-record-margin-obs,results only,1.92,3,True,1.0
climate-earth-record-margin-obs,results only,1.00,3,True,1.0
climate-earth-record-margin-obs,results only,0.47,2,True,1.0
climate-earth-record-margin-obs,results only,−0.01,1,True,1.0
climate-earth-record-margin-obs,results only,1.19,3,True,1.0
climate-earth-record-margin-obs,results only,1.38,3,True,1.0
climate-earth-record-margin-obs,results only,1.16,3,True,1.0
climate-earth-record-margin-obs,results only,1.1,2,True,1.0
climate-earth-record-margin-obs,results only,20%,1,True,1.0
climate-earth-record-margin-obs,results only,0.80,2,True,1.0
climate-earth-record-margin-obs,results only,0.59,2,True,1.0
climate-earth-record-margin-obs,results only,1.02,3,True,1.0
climate-earth-record-margin-obs,results only,0.77,2,True,1.0
climate-earth-record-margin-obs,results only,0.57,2,True,1.0
climate-earth-record-margin-obs,results only,0.98,2,True,1.0
climate-earth-record-margin-obs,results only,1.67,3,True,1.0
climate-earth-record-margin-obs,results only,1.27,3,True,1.0
climate-earth-record-margin-obs,results only,2.20,3,True,0.4
climate-earth-record-margin-obs,results only,1.02,3,True,1.0
climate-earth-record-margin-obs,results only,0.82,2,True,1.0
climate-earth-record-margin-obs,results only,1.26,3,True,1.0
climate-earth-record-margin-obs,results only,0.91,2,True,1.0
climate-earth-record-margin-obs,results only,0.60,2,True,1.0
climate-earth-record-margin-obs,results only,1.26,3,True,1.0
climate-earth-record-margin-obs,results only,28%,2,True,1.0
climate-earth-record-margin-obs,results only,13%,2,True,1.0
climate-earth-record-margin-obs,results only,0.67,2,True,1.0
climate-earth-record-margin-obs,results only,0.89,2,True,1.0
climate-earth-record-margin-obs,results only,+0.002,1,True,1.0
climate-earth-record-margin-obs,results only,−0.041,2,True,0.6
climate-earth-record-margin-obs,results only,+0.036,2,True,1.0
climate-earth-record-margin-obs,results only,0.04,1,True,1.0
climate-earth-record-margin-obs,results only,0.003,1,True,1.0
climate-earth-record-margin-obs,results only,+0.010,2,True,0.8
climate-earth-record-margin-obs,results only,0.007,1,True,1.0
climate-earth-record-margin-obs,results only,0.014,2,True,0.8
climate-earth-record-margin-obs,results only,1.00,3,True,1.0
climate-earth-record-margin-obs,results only,0.63,2,True,1.0
climate-earth-record-margin-obs,results only,1.51,3,True,1.0
climate-earth-record-margin-obs,results only,+0.78,2,True,1.0
climate-earth-record-margin-obs,results only,+0.24,2,True,1.0
climate-earth-record-margin-obs,results only,1.27,3,True,1.0
climate-earth-record-margin-obs,results only,0.79,2,True,1.0
climate-earth-record-margin-obs,results only,0.79,2,True,1.0
climate-earth-record-margin-obs,results only,0.77,2,True,1.0
climate-earth-record-margin-obs,results only,0.57,2,True,1.0
climate-earth-record-margin-obs,results only,0.98,2,True,1.0
climate-earth-record-margin-obs,results only,1.77,3,True,1.0
climate-earth-record-margin-obs,results only,1.16,3,True,1.0
climate-earth-record-margin-obs,results only,2.46,3,True,0.8
climate-earth-record-margin-obs,results only,1.8,2,True,1.0
climate-earth-record-margin-obs,results only,25%,2,True,1.0
climate-earth-record-margin-obs,results only,1.6,2,True,1.0
climate-earth-record-margin-obs,results only,3.6,2,False,0.8
climate-earth-record-margin-obs,results only,69%,2,True,1.0
climate-earth-record-margin-obs,results only,−0.01,1,True,1.0
climate-earth-record-margin-obs,results only,0.47,2,True,1.0
climate-earth-record-margin-obs,results only,0.13,2,True,1.0
climate-earth-record-margin-obs,results only,0.31,2,True,0.8
climate-earth-record-margin-obs,results only,100%,1,True,1.0
climate-earth-record-margin-obs,results only,0.50,2,True,1.0
comp-social-science-temp-accounts-vandalism,results+plan+deviations,28%,2,True,1.0
comp-social-science-temp-accounts-vandalism,results+plan+deviations,20%,1,True,1.0
comp-social-science-temp-accounts-vandalism,results+plan+deviations,35.4,3,True,0.2
comp-social-science-temp-accounts-vandalism,results+plan+deviations,184,3,False,0.2
comp-social-science-temp-accounts-vandalism,results+plan+deviations,95%,2,True,1.0
comp-social-science-temp-accounts-vandalism,results+plan+deviations,+10%,1,True,1.0
comp-social-science-temp-accounts-vandalism,results+plan+deviations,+2.0,2,True,0.0
comp-social-science-temp-accounts-vandalism,results+plan+deviations,−2.9,2,True,0.2
comp-social-science-temp-accounts-vandalism,results+plan+deviations,+5.3,2,True,0.6
comp-social-science-temp-accounts-vandalism,results+plan+deviations,+7.2%,2,True,1.0
comp-social-science-temp-accounts-vandalism,results+plan+deviations,−10.3%,3,True,1.0
comp-social-science-temp-accounts-vandalism,results+plan+deviations,+18.9%,3,True,1.0
comp-social-science-temp-accounts-vandalism,results+plan+deviations,+2.7,2,True,0.4
comp-social-science-temp-accounts-vandalism,results+plan+deviations,−0.2,1,True,1.0
comp-social-science-temp-accounts-vandalism,results+plan+deviations,+5.7,2,True,0.8
comp-social-science-temp-accounts-vandalism,results+plan+deviations,+9.4%,2,True,1.0
comp-social-science-temp-accounts-vandalism,results+plan+deviations,+0.04,1,True,1.0
comp-social-science-temp-accounts-vandalism,results+plan+deviations,−4.8,2,True,0.0
comp-social-science-temp-accounts-vandalism,results+plan+deviations,+3.0,2,True,0.6
comp-social-science-temp-accounts-vandalism,results+plan+deviations,+0.1%,1,True,1.0
comp-social-science-temp-accounts-vandalism,results+plan+deviations,−17.8%,3,True,1.0
comp-social-science-temp-accounts-vandalism,results+plan+deviations,+11.0%,3,True,1.0
comp-social-science-temp-accounts-vandalism,results+plan+deviations,−0.28,2,True,1.0
comp-social-science-temp-accounts-vandalism,results+plan+deviations,−0.73,2,True,0.4
comp-social-science-temp-accounts-vandalism,results+plan+deviations,+0.16,2,True,1.0
comp-social-science-temp-accounts-vandalism,results+plan+deviations,−10.9%,3,True,1.0
comp-social-science-temp-accounts-vandalism,results+plan+deviations,−27.9%,3,True,1.0
comp-social-science-temp-accounts-vandalism,results+plan+deviations,+6.4%,2,True,1.0
comp-social-science-temp-accounts-vandalism,results+plan+deviations,−3.0%,2,True,1.0
comp-social-science-temp-accounts-vandalism,results+plan+deviations,−9.3%,2,True,1.0
comp-social-science-temp-accounts-vandalism,results+plan+deviations,+7.3%,2,True,1.0
comp-social-science-temp-accounts-vandalism,results+plan+deviations,+10.6%,3,True,1.0
comp-social-science-temp-accounts-vandalism,results+plan+deviations,+1.3%,2,True,1.0
comp-social-science-temp-accounts-vandalism,results+plan+deviations,+20.7%,3,True,0.8
comp-social-science-temp-accounts-vandalism,results+plan+deviations,+2.1%,2,True,1.0
comp-social-science-temp-accounts-vandalism,results+plan+deviations,+9.9%,2,True,1.0
comp-social-science-temp-accounts-vandalism,results+plan+deviations,+1.3,2,True,0.8
comp-social-science-temp-accounts-vandalism,results+plan+deviations,−1.2,2,False,0.2
comp-social-science-temp-accounts-vandalism,results+plan+deviations,+4.1,2,False,0.0
comp-social-science-temp-accounts-vandalism,results+plan+deviations,20%,1,True,1.0
comp-social-science-temp-accounts-vandalism,results+plan+deviations,128,3,True,0.4
comp-social-science-temp-accounts-vandalism,results+plan+deviations,"608,902",5,True,0.0
comp-social-science-temp-accounts-vandalism,results+plan+deviations,"608,878",5,False,0.0
comp-social-science-temp-accounts-vandalism,results+plan+deviations,6.8,2,True,0.4
comp-social-science-temp-accounts-vandalism,results+plan+deviations,"17,000",2,False,0.0
comp-social-science-temp-accounts-vandalism,results+plan+deviations,1%,1,True,1.0
comp-social-science-temp-accounts-vandalism,results+plan+deviations,100%,1,True,0.8
comp-social-science-temp-accounts-vandalism,results+plan+deviations,27.7%,3,True,1.0
comp-social-science-temp-accounts-vandalism,results+plan+deviations,2.6%,2,True,1.0
comp-social-science-temp-accounts-vandalism,results+plan+deviations,+2.0,2,True,0.2
comp-social-science-temp-accounts-vandalism,results+plan+deviations,−2.9,2,True,0.6
comp-social-science-temp-accounts-vandalism,results+plan+deviations,+5.3,2,True,0.4
comp-social-science-temp-accounts-vandalism,results+plan+deviations,+7.2%,2,True,1.0
comp-social-science-temp-accounts-vandalism,results+plan+deviations,−10.3%,3,True,1.0
comp-social-science-temp-accounts-vandalism,results+plan+deviations,+18.9%,3,True,1.0
comp-social-science-temp-accounts-vandalism,results+plan+deviations,−2.3,2,True,0.2
comp-social-science-temp-accounts-vandalism,results+plan+deviations,+2.2,2,True,0.2
comp-social-science-temp-accounts-vandalism,results+plan+deviations,+3.5,2,True,0.6
comp-social-science-temp-accounts-vandalism,results+plan+deviations,+2.1,2,True,0.2
comp-social-science-temp-accounts-vandalism,results+plan+deviations,+9.4%,2,True,1.0
comp-social-science-temp-accounts-vandalism,results+plan+deviations,−0.06,1,True,1.0
comp-social-science-temp-accounts-vandalism,results+plan+deviations,+2.0,2,True,0.0
comp-social-science-temp-accounts-vandalism,results+plan+deviations,+0.1%,1,True,1.0
comp-social-science-temp-accounts-vandalism,results+plan+deviations,−17.8%,3,True,1.0
comp-social-science-temp-accounts-vandalism,results+plan+deviations,+11.0%,3,True,1.0
comp-social-science-temp-accounts-vandalism,results+plan+deviations,0.001,1,True,1.0
comp-social-science-temp-accounts-vandalism,results+plan+deviations,96%,2,True,1.0
comp-social-science-temp-accounts-vandalism,results+plan+deviations,5%,1,True,1.0
comp-social-science-temp-accounts-vandalism,results+plan+deviations,13%,2,True,1.0
comp-social-science-temp-accounts-vandalism,results+plan+deviations,5%,1,True,1.0
comp-social-science-temp-accounts-vandalism,results+plan+deviations,0.21,2,True,1.0
comp-social-science-temp-accounts-vandalism,results+plan+deviations,+6.8%,2,True,1.0
comp-social-science-temp-accounts-vandalism,results+plan+deviations,+7.0%,2,True,1.0
comp-social-science-temp-accounts-vandalism,results+plan+deviations,−8.7%,2,True,1.0
comp-social-science-temp-accounts-vandalism,results+plan+deviations,+20.6%,3,True,1.0
comp-social-science-temp-accounts-vandalism,results+plan+deviations,+8.0%,2,True,1.0
comp-social-science-temp-accounts-vandalism,results+plan+deviations,+5.2%,2,True,1.0
comp-social-science-temp-accounts-vandalism,results+plan+deviations,+9.9%,2,True,1.0
comp-social-science-temp-accounts-vandalism,results+plan+deviations,+2.1%,2,True,1.0
comp-social-science-temp-accounts-vandalism,results+plan+deviations,+1.3,2,True,0.8
comp-social-science-temp-accounts-vandalism,results+plan+deviations,−1.2,2,False,0.6
comp-social-science-temp-accounts-vandalism,results+plan+deviations,+4.1,2,False,0.2
comp-social-science-temp-accounts-vandalism,results+plan+deviations,10%,1,True,1.0
comp-social-science-temp-accounts-vandalism,results+plan+deviations,10%,1,True,1.0
comp-social-science-temp-accounts-vandalism,results+plan+deviations,47%,2,True,1.0
comp-social-science-temp-accounts-vandalism,results+plan+deviations,+2.1%,2,True,1.0
comp-social-science-temp-accounts-vandalism,results+plan+deviations,−0.28,2,True,1.0
comp-social-science-temp-accounts-vandalism,results+plan+deviations,−0.73,2,True,0.6
comp-social-science-temp-accounts-vandalism,results+plan+deviations,+0.16,2,True,1.0
comp-social-science-temp-accounts-vandalism,results+plan+deviations,−10.9%,3,True,1.0
comp-social-science-temp-accounts-vandalism,results+plan+deviations,−27.9%,3,True,0.2
comp-social-science-temp-accounts-vandalism,results+plan+deviations,+6.4%,2,True,1.0
comp-social-science-temp-accounts-vandalism,results+plan+deviations,−3.0%,2,True,1.0
comp-social-science-temp-accounts-vandalism,results+plan+deviations,−9.3%,2,True,1.0
comp-social-science-temp-accounts-vandalism,results+plan+deviations,+7.3%,2,True,1.0
comp-social-science-temp-accounts-vandalism,results+plan+deviations,+10.6%,3,True,1.0
comp-social-science-temp-accounts-vandalism,results+plan+deviations,+1.3%,2,True,1.0
comp-social-science-temp-accounts-vandalism,results+plan+deviations,+20.7%,3,True,0.8
comp-social-science-temp-accounts-vandalism,results+plan+deviations,20%,1,True,1.0
comp-social-science-temp-accounts-vandalism,results+plan+deviations,+2.7,2,True,0.2
comp-social-science-temp-accounts-vandalism,results+plan+deviations,47%,2,True,1.0
comp-social-science-temp-accounts-vandalism,results only,28%,2,True,1.0
comp-social-science-temp-accounts-vandalism,results only,20%,1,True,1.0
comp-social-science-temp-accounts-vandalism,results only,35.4,3,True,0.4
comp-social-science-temp-accounts-vandalism,results only,184,3,False,0.2
comp-social-science-temp-accounts-vandalism,results only,95%,2,True,0.6
comp-social-science-temp-accounts-vandalism,results only,+10%,1,True,1.0
comp-social-science-temp-accounts-vandalism,results only,+2.0,2,True,0.0
comp-social-science-temp-accounts-vandalism,results only,−2.9,2,True,0.0
comp-social-science-temp-accounts-vandalism,results only,+5.3,2,True,0.4
comp-social-science-temp-accounts-vandalism,results only,+7.2%,2,True,1.0
comp-social-science-temp-accounts-vandalism,results only,−10.3%,3,True,1.0
comp-social-science-temp-accounts-vandalism,results only,+18.9%,3,True,1.0
comp-social-science-temp-accounts-vandalism,results only,+2.7,2,True,0.2
comp-social-science-temp-accounts-vandalism,results only,−0.2,1,True,1.0
comp-social-science-temp-accounts-vandalism,results only,+5.7,2,False,0.0
comp-social-science-temp-accounts-vandalism,results only,+9.4%,2,True,1.0
comp-social-science-temp-accounts-vandalism,results only,+0.04,1,True,1.0
comp-social-science-temp-accounts-vandalism,results only,−4.8,2,False,0.0
comp-social-science-temp-accounts-vandalism,results only,+3.0,2,True,0.0
comp-social-science-temp-accounts-vandalism,results only,+0.1%,1,True,1.0
comp-social-science-temp-accounts-vandalism,results only,−17.8%,3,True,0.8
comp-social-science-temp-accounts-vandalism,results only,+11.0%,3,True,1.0
comp-social-science-temp-accounts-vandalism,results only,−0.28,2,True,1.0
comp-social-science-temp-accounts-vandalism,results only,−0.73,2,False,0.6
comp-social-science-temp-accounts-vandalism,results only,+0.16,2,True,1.0
comp-social-science-temp-accounts-vandalism,results only,−10.9%,3,True,1.0
comp-social-science-temp-accounts-vandalism,results only,−27.9%,3,True,1.0
comp-social-science-temp-accounts-vandalism,results only,+6.4%,2,True,1.0
comp-social-science-temp-accounts-vandalism,results only,−3.0%,2,True,1.0
comp-social-science-temp-accounts-vandalism,results only,−9.3%,2,True,1.0
comp-social-science-temp-accounts-vandalism,results only,+7.3%,2,True,1.0
comp-social-science-temp-accounts-vandalism,results only,+10.6%,3,True,1.0
comp-social-science-temp-accounts-vandalism,results only,+1.3%,2,True,1.0
comp-social-science-temp-accounts-vandalism,results only,+20.7%,3,True,0.8
comp-social-science-temp-accounts-vandalism,results only,+2.1%,2,True,1.0
comp-social-science-temp-accounts-vandalism,results only,+9.9%,2,True,1.0
comp-social-science-temp-accounts-vandalism,results only,+1.3,2,False,0.6
comp-social-science-temp-accounts-vandalism,results only,−1.2,2,False,0.6
comp-social-science-temp-accounts-vandalism,results only,+4.1,2,False,0.0
comp-social-science-temp-accounts-vandalism,results only,20%,1,True,1.0
comp-social-science-temp-accounts-vandalism,results only,128,3,False,0.2
comp-social-science-temp-accounts-vandalism,results only,"608,902",5,False,0.0
comp-social-science-temp-accounts-vandalism,results only,"608,878",5,False,0.0
comp-social-science-temp-accounts-vandalism,results only,6.8,2,True,0.6
comp-social-science-temp-accounts-vandalism,results only,"17,000",2,False,0.0
comp-social-science-temp-accounts-vandalism,results only,1%,1,True,1.0
comp-social-science-temp-accounts-vandalism,results only,100%,1,True,0.4
comp-social-science-temp-accounts-vandalism,results only,27.7%,3,True,0.8
comp-social-science-temp-accounts-vandalism,results only,2.6%,2,True,1.0
comp-social-science-temp-accounts-vandalism,results only,+2.0,2,True,0.2
comp-social-science-temp-accounts-vandalism,results only,−2.9,2,True,0.0
comp-social-science-temp-accounts-vandalism,results only,+5.3,2,True,0.0
comp-social-science-temp-accounts-vandalism,results only,+7.2%,2,True,1.0
comp-social-science-temp-accounts-vandalism,results only,−10.3%,3,True,1.0
comp-social-science-temp-accounts-vandalism,results only,+18.9%,3,True,1.0
comp-social-science-temp-accounts-vandalism,results only,−2.3,2,False,0.4
comp-social-science-temp-accounts-vandalism,results only,+2.2,2,False,0.2
comp-social-science-temp-accounts-vandalism,results only,+3.5,2,False,0.0
comp-social-science-temp-accounts-vandalism,results only,+2.1,2,False,0.0
comp-social-science-temp-accounts-vandalism,results only,+9.4%,2,True,1.0
comp-social-science-temp-accounts-vandalism,results only,−0.06,1,True,1.0
comp-social-science-temp-accounts-vandalism,results only,+2.0,2,True,0.2
comp-social-science-temp-accounts-vandalism,results only,+0.1%,1,True,1.0
comp-social-science-temp-accounts-vandalism,results only,−17.8%,3,True,0.8
comp-social-science-temp-accounts-vandalism,results only,+11.0%,3,True,1.0
comp-social-science-temp-accounts-vandalism,results only,0.001,1,True,1.0
comp-social-science-temp-accounts-vandalism,results only,96%,2,True,1.0
comp-social-science-temp-accounts-vandalism,results only,5%,1,True,1.0
comp-social-science-temp-accounts-vandalism,results only,13%,2,True,1.0
comp-social-science-temp-accounts-vandalism,results only,5%,1,True,1.0
comp-social-science-temp-accounts-vandalism,results only,0.21,2,True,1.0
comp-social-science-temp-accounts-vandalism,results only,+6.8%,2,True,1.0
comp-social-science-temp-accounts-vandalism,results only,+7.0%,2,True,1.0
comp-social-science-temp-accounts-vandalism,results only,−8.7%,2,True,1.0
comp-social-science-temp-accounts-vandalism,results only,+20.6%,3,True,1.0
comp-social-science-temp-accounts-vandalism,results only,+8.0%,2,True,1.0
comp-social-science-temp-accounts-vandalism,results only,+5.2%,2,True,1.0
comp-social-science-temp-accounts-vandalism,results only,+9.9%,2,True,1.0
comp-social-science-temp-accounts-vandalism,results only,+2.1%,2,True,1.0
comp-social-science-temp-accounts-vandalism,results only,+1.3,2,False,0.4
comp-social-science-temp-accounts-vandalism,results only,−1.2,2,False,1.0
comp-social-science-temp-accounts-vandalism,results only,+4.1,2,False,0.0
comp-social-science-temp-accounts-vandalism,results only,10%,1,True,1.0
comp-social-science-temp-accounts-vandalism,results only,10%,1,True,1.0
comp-social-science-temp-accounts-vandalism,results only,47%,2,True,1.0
comp-social-science-temp-accounts-vandalism,results only,+2.1%,2,True,1.0
comp-social-science-temp-accounts-vandalism,results only,−0.28,2,True,1.0
comp-social-science-temp-accounts-vandalism,results only,−0.73,2,False,0.2
comp-social-science-temp-accounts-vandalism,results only,+0.16,2,True,1.0
comp-social-science-temp-accounts-vandalism,results only,−10.9%,3,True,1.0
comp-social-science-temp-accounts-vandalism,results only,−27.9%,3,True,0.4
comp-social-science-temp-accounts-vandalism,results only,+6.4%,2,True,1.0
comp-social-science-temp-accounts-vandalism,results only,−3.0%,2,True,1.0
comp-social-science-temp-accounts-vandalism,results only,−9.3%,2,True,1.0
comp-social-science-temp-accounts-vandalism,results only,+7.3%,2,True,1.0
comp-social-science-temp-accounts-vandalism,results only,+10.6%,3,True,1.0
comp-social-science-temp-accounts-vandalism,results only,+1.3%,2,True,1.0
comp-social-science-temp-accounts-vandalism,results only,+20.7%,3,True,1.0
comp-social-science-temp-accounts-vandalism,results only,20%,1,True,1.0
comp-social-science-temp-accounts-vandalism,results only,+2.7,2,True,0.2
comp-social-science-temp-accounts-vandalism,results only,47%,2,True,1.0
extra-open-neuroimaging-reanalysis-metaanalytic-prior-shrinkage,results+plan+deviations,200,1,True,0.6
extra-open-neuroimaging-reanalysis-metaanalytic-prior-shrinkage,results+plan+deviations,100,1,False,0.2
extra-open-neuroimaging-reanalysis-metaanalytic-prior-shrinkage,results+plan+deviations,40%,1,True,1.0
extra-open-neuroimaging-reanalysis-metaanalytic-prior-shrinkage,results+plan+deviations,10%,1,True,1.0
extra-open-neuroimaging-reanalysis-metaanalytic-prior-shrinkage,results+plan+deviations,"13,000",2,True,0.0
extra-open-neuroimaging-reanalysis-metaanalytic-prior-shrinkage,results+plan+deviations,"1,695",4,True,0.4
extra-open-neuroimaging-reanalysis-metaanalytic-prior-shrinkage,results+plan+deviations,197,3,True,0.2
extra-open-neuroimaging-reanalysis-metaanalytic-prior-shrinkage,results+plan+deviations,220,2,True,1.0
extra-open-neuroimaging-reanalysis-metaanalytic-prior-shrinkage,results+plan+deviations,500,1,True,0.0
extra-open-neuroimaging-reanalysis-metaanalytic-prior-shrinkage,results+plan+deviations,0.67,2,True,1.0
extra-open-neuroimaging-reanalysis-metaanalytic-prior-shrinkage,results+plan+deviations,0.81,2,True,1.0
extra-open-neuroimaging-reanalysis-metaanalytic-prior-shrinkage,results+plan+deviations,0.76,2,True,1.0
extra-open-neuroimaging-reanalysis-metaanalytic-prior-shrinkage,results+plan+deviations,0.84,2,True,1.0
extra-open-neuroimaging-reanalysis-metaanalytic-prior-shrinkage,results+plan+deviations,0.76,2,True,1.0
extra-open-neuroimaging-reanalysis-metaanalytic-prior-shrinkage,results+plan+deviations,0.74,2,True,1.0
extra-open-neuroimaging-reanalysis-metaanalytic-prior-shrinkage,results+plan+deviations,0.78,2,True,1.0
extra-open-neuroimaging-reanalysis-metaanalytic-prior-shrinkage,results+plan+deviations,0.04,1,True,1.0
extra-open-neuroimaging-reanalysis-metaanalytic-prior-shrinkage,results+plan+deviations,0.13,2,True,1.0
extra-open-neuroimaging-reanalysis-metaanalytic-prior-shrinkage,results+plan+deviations,1.5,2,True,1.0
extra-open-neuroimaging-reanalysis-metaanalytic-prior-shrinkage,results+plan+deviations,3.4,2,True,0.4
extra-open-neuroimaging-reanalysis-metaanalytic-prior-shrinkage,results+plan+deviations,+0.01,1,True,1.0
extra-open-neuroimaging-reanalysis-metaanalytic-prior-shrinkage,results+plan+deviations,+0.05,1,True,1.0
extra-open-neuroimaging-reanalysis-metaanalytic-prior-shrinkage,results+plan+deviations,0.31,2,True,1.0
extra-open-neuroimaging-reanalysis-metaanalytic-prior-shrinkage,results+plan+deviations,0.33,2,True,1.0
extra-open-neuroimaging-reanalysis-metaanalytic-prior-shrinkage,results+plan+deviations,0.96,2,True,1.0
extra-open-neuroimaging-reanalysis-metaanalytic-prior-shrinkage,results+plan+deviations,1.08,3,True,0.8
extra-open-neuroimaging-reanalysis-metaanalytic-prior-shrinkage,results+plan+deviations,1.63,3,True,0.0
extra-open-neuroimaging-reanalysis-metaanalytic-prior-shrinkage,results+plan+deviations,0.67,2,True,1.0
extra-open-neuroimaging-reanalysis-metaanalytic-prior-shrinkage,results+plan+deviations,1.07,3,True,1.0
extra-open-neuroimaging-reanalysis-metaanalytic-prior-shrinkage,results+plan+deviations,1.00,3,True,0.8
extra-open-neuroimaging-reanalysis-metaanalytic-prior-shrinkage,results+plan+deviations,1.39,3,True,0.6
extra-open-neuroimaging-reanalysis-metaanalytic-prior-shrinkage,results+plan+deviations,1.10,3,True,0.6
extra-open-neuroimaging-reanalysis-metaanalytic-prior-shrinkage,results+plan+deviations,39%,2,True,1.0
extra-open-neuroimaging-reanalysis-metaanalytic-prior-shrinkage,results+plan+deviations,0.14,2,True,1.0
extra-open-neuroimaging-reanalysis-metaanalytic-prior-shrinkage,results+plan+deviations,128,3,True,0.0
extra-open-neuroimaging-reanalysis-metaanalytic-prior-shrinkage,results+plan+deviations,2.0,2,True,0.4
extra-open-neuroimaging-reanalysis-metaanalytic-prior-shrinkage,results+plan+deviations,0.75,2,True,1.0
extra-open-neuroimaging-reanalysis-metaanalytic-prior-shrinkage,results+plan+deviations,330,2,True,0.0
extra-open-neuroimaging-reanalysis-metaanalytic-prior-shrinkage,results+plan+deviations,"1,695",4,True,0.0
extra-open-neuroimaging-reanalysis-metaanalytic-prior-shrinkage,results+plan+deviations,"1,698",4,True,0.2
extra-open-neuroimaging-reanalysis-metaanalytic-prior-shrinkage,results+plan+deviations,90%,1,True,1.0
extra-open-neuroimaging-reanalysis-metaanalytic-prior-shrinkage,results+plan+deviations,0.5,1,True,1.0
extra-open-neuroimaging-reanalysis-metaanalytic-prior-shrinkage,results+plan+deviations,"22,460",4,False,0.0
extra-open-neuroimaging-reanalysis-metaanalytic-prior-shrinkage,results+plan+deviations,"24,558",5,False,0.0
extra-open-neuroimaging-reanalysis-metaanalytic-prior-shrinkage,results+plan+deviations,204,3,True,0.8
extra-open-neuroimaging-reanalysis-metaanalytic-prior-shrinkage,results+plan+deviations,0.20,2,True,1.0
extra-open-neuroimaging-reanalysis-metaanalytic-prior-shrinkage,results+plan+deviations,207,3,True,0.6
extra-open-neuroimaging-reanalysis-metaanalytic-prior-shrinkage,results+plan+deviations,0.38,2,True,1.0
extra-open-neuroimaging-reanalysis-metaanalytic-prior-shrinkage,results+plan+deviations,205,3,True,0.6
extra-open-neuroimaging-reanalysis-metaanalytic-prior-shrinkage,results+plan+deviations,0.22,2,True,1.0
extra-open-neuroimaging-reanalysis-metaanalytic-prior-shrinkage,results+plan+deviations,202,3,True,0.6
extra-open-neuroimaging-reanalysis-metaanalytic-prior-shrinkage,results+plan+deviations,0.50,2,True,1.0
extra-open-neuroimaging-reanalysis-metaanalytic-prior-shrinkage,results+plan+deviations,197,3,True,0.6
extra-open-neuroimaging-reanalysis-metaanalytic-prior-shrinkage,results+plan+deviations,0.14,2,True,1.0
extra-open-neuroimaging-reanalysis-metaanalytic-prior-shrinkage,results+plan+deviations,220,2,True,0.8
extra-open-neuroimaging-reanalysis-metaanalytic-prior-shrinkage,results+plan+deviations,−0.26,2,True,1.0
extra-open-neuroimaging-reanalysis-metaanalytic-prior-shrinkage,results+plan+deviations,220,2,True,1.0
extra-open-neuroimaging-reanalysis-metaanalytic-prior-shrinkage,results+plan+deviations,0.21,2,True,1.0
extra-open-neuroimaging-reanalysis-metaanalytic-prior-shrinkage,results+plan+deviations,217,3,True,0.8
extra-open-neuroimaging-reanalysis-metaanalytic-prior-shrinkage,results+plan+deviations,0.39,2,True,1.0
extra-open-neuroimaging-reanalysis-metaanalytic-prior-shrinkage,results+plan+deviations,0.76,2,True,1.0
extra-open-neuroimaging-reanalysis-metaanalytic-prior-shrinkage,results+plan+deviations,0.74,2,True,1.0
extra-open-neuroimaging-reanalysis-metaanalytic-prior-shrinkage,results+plan+deviations,0.78,2,True,1.0
extra-open-neuroimaging-reanalysis-metaanalytic-prior-shrinkage,results+plan+deviations,0.81,2,True,1.0
extra-open-neuroimaging-reanalysis-metaanalytic-prior-shrinkage,results+plan+deviations,0.49,2,True,1.0
extra-open-neuroimaging-reanalysis-metaanalytic-prior-shrinkage,results+plan+deviations,0.84,2,True,1.0
extra-open-neuroimaging-reanalysis-metaanalytic-prior-shrinkage,results+plan+deviations,+0.010,2,True,0.6
extra-open-neuroimaging-reanalysis-metaanalytic-prior-shrinkage,results+plan+deviations,+0.052,2,True,0.0
extra-open-neuroimaging-reanalysis-metaanalytic-prior-shrinkage,results+plan+deviations,−0.001,1,True,0.2
extra-open-neuroimaging-reanalysis-metaanalytic-prior-shrinkage,results+plan+deviations,1.07,3,True,0.8
extra-open-neuroimaging-reanalysis-metaanalytic-prior-shrinkage,results+plan+deviations,1.06,3,True,0.8
extra-open-neuroimaging-reanalysis-metaanalytic-prior-shrinkage,results+plan+deviations,1.07,3,True,0.8
extra-open-neuroimaging-reanalysis-metaanalytic-prior-shrinkage,results+plan+deviations,1.01,3,True,0.8
extra-open-neuroimaging-reanalysis-metaanalytic-prior-shrinkage,results+plan+deviations,0.86,2,True,1.0
extra-open-neuroimaging-reanalysis-metaanalytic-prior-shrinkage,results+plan+deviations,0.79,2,True,1.0
extra-open-neuroimaging-reanalysis-metaanalytic-prior-shrinkage,results+plan+deviations,0.90,2,True,1.0
extra-open-neuroimaging-reanalysis-metaanalytic-prior-shrinkage,results+plan+deviations,0.67,2,True,1.0
extra-open-neuroimaging-reanalysis-metaanalytic-prior-shrinkage,results+plan+deviations,1.02,3,True,0.8
extra-open-neuroimaging-reanalysis-metaanalytic-prior-shrinkage,results+plan+deviations,1.09,3,True,0.8
extra-open-neuroimaging-reanalysis-metaanalytic-prior-shrinkage,results+plan+deviations,1.39,3,True,1.0
extra-open-neuroimaging-reanalysis-metaanalytic-prior-shrinkage,results+plan+deviations,1.30,3,True,0.0
extra-open-neuroimaging-reanalysis-metaanalytic-prior-shrinkage,results+plan+deviations,1.48,3,True,1.0
extra-open-neuroimaging-reanalysis-metaanalytic-prior-shrinkage,results+plan+deviations,1.08,3,True,0.8
extra-open-neuroimaging-reanalysis-metaanalytic-prior-shrinkage,results+plan+deviations,1.14,3,True,0.6
extra-open-neuroimaging-reanalysis-metaanalytic-prior-shrinkage,results+plan+deviations,1.00,3,True,1.0
extra-open-neuroimaging-reanalysis-metaanalytic-prior-shrinkage,results+plan+deviations,0.34,2,True,1.0
extra-open-neuroimaging-reanalysis-metaanalytic-prior-shrinkage,results+plan+deviations,70%,1,True,1.0
extra-open-neuroimaging-reanalysis-metaanalytic-prior-shrinkage,results+plan+deviations,0.14,2,True,1.0
extra-open-neuroimaging-reanalysis-metaanalytic-prior-shrinkage,results+plan+deviations,0.50,2,True,1.0
extra-open-neuroimaging-reanalysis-metaanalytic-prior-shrinkage,results+plan+deviations,0.82,2,True,1.0
extra-open-neuroimaging-reanalysis-metaanalytic-prior-shrinkage,results+plan+deviations,0.92,2,True,0.6
extra-open-neuroimaging-reanalysis-metaanalytic-prior-shrinkage,results+plan+deviations,10%,1,True,1.0
extra-open-neuroimaging-reanalysis-metaanalytic-prior-shrinkage,results+plan+deviations,40%,1,True,1.0
extra-open-neuroimaging-reanalysis-metaanalytic-prior-shrinkage,results+plan+deviations,0.96,2,True,1.0
extra-open-neuroimaging-reanalysis-metaanalytic-prior-shrinkage,results+plan+deviations,117,3,False,0.0
extra-open-neuroimaging-reanalysis-metaanalytic-prior-shrinkage,results+plan+deviations,140,2,False,0.2
extra-open-neuroimaging-reanalysis-metaanalytic-prior-shrinkage,results+plan+deviations,0.67,2,True,1.0
extra-open-neuroimaging-reanalysis-metaanalytic-prior-shrinkage,results+plan+deviations,270,2,True,0.0
extra-open-neuroimaging-reanalysis-metaanalytic-prior-shrinkage,results only,200,1,True,0.6
extra-open-neuroimaging-reanalysis-metaanalytic-prior-shrinkage,results only,100,1,False,0.2
extra-open-neuroimaging-reanalysis-metaanalytic-prior-shrinkage,results only,40%,1,True,1.0
extra-open-neuroimaging-reanalysis-metaanalytic-prior-shrinkage,results only,10%,1,True,1.0
extra-open-neuroimaging-reanalysis-metaanalytic-prior-shrinkage,results only,"13,000",2,False,0.0
extra-open-neuroimaging-reanalysis-metaanalytic-prior-shrinkage,results only,"1,695",4,False,0.0
extra-open-neuroimaging-reanalysis-metaanalytic-prior-shrinkage,results only,197,3,True,0.4
extra-open-neuroimaging-reanalysis-metaanalytic-prior-shrinkage,results only,220,2,True,0.8
extra-open-neuroimaging-reanalysis-metaanalytic-prior-shrinkage,results only,500,1,True,0.0
extra-open-neuroimaging-reanalysis-metaanalytic-prior-shrinkage,results only,0.67,2,True,1.0
extra-open-neuroimaging-reanalysis-metaanalytic-prior-shrinkage,results only,0.81,2,True,1.0
extra-open-neuroimaging-reanalysis-metaanalytic-prior-shrinkage,results only,0.76,2,True,1.0
extra-open-neuroimaging-reanalysis-metaanalytic-prior-shrinkage,results only,0.84,2,True,1.0
extra-open-neuroimaging-reanalysis-metaanalytic-prior-shrinkage,results only,0.76,2,True,1.0
extra-open-neuroimaging-reanalysis-metaanalytic-prior-shrinkage,results only,0.74,2,True,1.0
extra-open-neuroimaging-reanalysis-metaanalytic-prior-shrinkage,results only,0.78,2,True,1.0
extra-open-neuroimaging-reanalysis-metaanalytic-prior-shrinkage,results only,0.04,1,True,1.0
extra-open-neuroimaging-reanalysis-metaanalytic-prior-shrinkage,results only,0.13,2,True,1.0
extra-open-neuroimaging-reanalysis-metaanalytic-prior-shrinkage,results only,1.5,2,True,1.0
extra-open-neuroimaging-reanalysis-metaanalytic-prior-shrinkage,results only,3.4,2,True,0.0
extra-open-neuroimaging-reanalysis-metaanalytic-prior-shrinkage,results only,+0.01,1,True,1.0
extra-open-neuroimaging-reanalysis-metaanalytic-prior-shrinkage,results only,+0.05,1,True,1.0
extra-open-neuroimaging-reanalysis-metaanalytic-prior-shrinkage,results only,0.31,2,True,1.0
extra-open-neuroimaging-reanalysis-metaanalytic-prior-shrinkage,results only,0.33,2,True,1.0
extra-open-neuroimaging-reanalysis-metaanalytic-prior-shrinkage,results only,0.96,2,True,1.0
extra-open-neuroimaging-reanalysis-metaanalytic-prior-shrinkage,results only,1.08,3,True,0.6
extra-open-neuroimaging-reanalysis-metaanalytic-prior-shrinkage,results only,1.63,3,True,0.0
extra-open-neuroimaging-reanalysis-metaanalytic-prior-shrinkage,results only,0.67,2,True,1.0
extra-open-neuroimaging-reanalysis-metaanalytic-prior-shrinkage,results only,1.07,3,True,1.0
extra-open-neuroimaging-reanalysis-metaanalytic-prior-shrinkage,results only,1.00,3,True,1.0
extra-open-neuroimaging-reanalysis-metaanalytic-prior-shrinkage,results only,1.39,3,True,0.4
extra-open-neuroimaging-reanalysis-metaanalytic-prior-shrinkage,results only,1.10,3,True,0.4
extra-open-neuroimaging-reanalysis-metaanalytic-prior-shrinkage,results only,39%,2,True,1.0
extra-open-neuroimaging-reanalysis-metaanalytic-prior-shrinkage,results only,0.14,2,True,1.0
extra-open-neuroimaging-reanalysis-metaanalytic-prior-shrinkage,results only,128,3,False,0.2
extra-open-neuroimaging-reanalysis-metaanalytic-prior-shrinkage,results only,2.0,2,True,0.6
extra-open-neuroimaging-reanalysis-metaanalytic-prior-shrinkage,results only,0.75,2,True,1.0
extra-open-neuroimaging-reanalysis-metaanalytic-prior-shrinkage,results only,330,2,True,0.0
extra-open-neuroimaging-reanalysis-metaanalytic-prior-shrinkage,results only,"1,695",4,False,0.0
extra-open-neuroimaging-reanalysis-metaanalytic-prior-shrinkage,results only,"1,698",4,False,0.0
extra-open-neuroimaging-reanalysis-metaanalytic-prior-shrinkage,results only,90%,1,True,1.0
extra-open-neuroimaging-reanalysis-metaanalytic-prior-shrinkage,results only,0.5,1,True,1.0
extra-open-neuroimaging-reanalysis-metaanalytic-prior-shrinkage,results only,"22,460",4,False,0.0
extra-open-neuroimaging-reanalysis-metaanalytic-prior-shrinkage,results only,"24,558",5,False,0.0
extra-open-neuroimaging-reanalysis-metaanalytic-prior-shrinkage,results only,204,3,True,0.8
extra-open-neuroimaging-reanalysis-metaanalytic-prior-shrinkage,results only,0.20,2,True,1.0
extra-open-neuroimaging-reanalysis-metaanalytic-prior-shrinkage,results only,207,3,True,0.6
extra-open-neuroimaging-reanalysis-metaanalytic-prior-shrinkage,results only,0.38,2,True,1.0
extra-open-neuroimaging-reanalysis-metaanalytic-prior-shrinkage,results only,205,3,True,0.6
extra-open-neuroimaging-reanalysis-metaanalytic-prior-shrinkage,results only,0.22,2,True,1.0
extra-open-neuroimaging-reanalysis-metaanalytic-prior-shrinkage,results only,202,3,True,0.2
extra-open-neuroimaging-reanalysis-metaanalytic-prior-shrinkage,results only,0.50,2,True,1.0
extra-open-neuroimaging-reanalysis-metaanalytic-prior-shrinkage,results only,197,3,True,0.0
extra-open-neuroimaging-reanalysis-metaanalytic-prior-shrinkage,results only,0.14,2,True,1.0
extra-open-neuroimaging-reanalysis-metaanalytic-prior-shrinkage,results only,220,2,True,1.0
extra-open-neuroimaging-reanalysis-metaanalytic-prior-shrinkage,results only,−0.26,2,True,1.0
extra-open-neuroimaging-reanalysis-metaanalytic-prior-shrinkage,results only,220,2,True,1.0
extra-open-neuroimaging-reanalysis-metaanalytic-prior-shrinkage,results only,0.21,2,True,1.0
extra-open-neuroimaging-reanalysis-metaanalytic-prior-shrinkage,results only,217,3,True,0.8
extra-open-neuroimaging-reanalysis-metaanalytic-prior-shrinkage,results only,0.39,2,True,1.0
extra-open-neuroimaging-reanalysis-metaanalytic-prior-shrinkage,results only,0.76,2,True,1.0
extra-open-neuroimaging-reanalysis-metaanalytic-prior-shrinkage,results only,0.74,2,True,1.0
extra-open-neuroimaging-reanalysis-metaanalytic-prior-shrinkage,results only,0.78,2,True,1.0
extra-open-neuroimaging-reanalysis-metaanalytic-prior-shrinkage,results only,0.81,2,True,1.0
extra-open-neuroimaging-reanalysis-metaanalytic-prior-shrinkage,results only,0.49,2,True,1.0
extra-open-neuroimaging-reanalysis-metaanalytic-prior-shrinkage,results only,0.84,2,True,1.0
extra-open-neuroimaging-reanalysis-metaanalytic-prior-shrinkage,results only,+0.010,2,True,0.4
extra-open-neuroimaging-reanalysis-metaanalytic-prior-shrinkage,results only,+0.052,2,True,0.0
extra-open-neuroimaging-reanalysis-metaanalytic-prior-shrinkage,results only,−0.001,1,True,0.4
extra-open-neuroimaging-reanalysis-metaanalytic-prior-shrinkage,results only,1.07,3,True,0.6
extra-open-neuroimaging-reanalysis-metaanalytic-prior-shrinkage,results only,1.06,3,True,0.8
extra-open-neuroimaging-reanalysis-metaanalytic-prior-shrinkage,results only,1.07,3,True,0.6
extra-open-neuroimaging-reanalysis-metaanalytic-prior-shrinkage,results only,1.01,3,True,1.0
extra-open-neuroimaging-reanalysis-metaanalytic-prior-shrinkage,results only,0.86,2,True,1.0
extra-open-neuroimaging-reanalysis-metaanalytic-prior-shrinkage,results only,0.79,2,True,1.0
extra-open-neuroimaging-reanalysis-metaanalytic-prior-shrinkage,results only,0.90,2,True,1.0
extra-open-neuroimaging-reanalysis-metaanalytic-prior-shrinkage,results only,0.67,2,True,1.0
extra-open-neuroimaging-reanalysis-metaanalytic-prior-shrinkage,results only,1.02,3,True,0.8
extra-open-neuroimaging-reanalysis-metaanalytic-prior-shrinkage,results only,1.09,3,True,0.6
extra-open-neuroimaging-reanalysis-metaanalytic-prior-shrinkage,results only,1.39,3,True,0.6
extra-open-neuroimaging-reanalysis-metaanalytic-prior-shrinkage,results only,1.30,3,True,0.0
extra-open-neuroimaging-reanalysis-metaanalytic-prior-shrinkage,results only,1.48,3,True,0.8
extra-open-neuroimaging-reanalysis-metaanalytic-prior-shrinkage,results only,1.08,3,True,0.8
extra-open-neuroimaging-reanalysis-metaanalytic-prior-shrinkage,results only,1.14,3,True,0.8
extra-open-neuroimaging-reanalysis-metaanalytic-prior-shrinkage,results only,1.00,3,True,0.8
extra-open-neuroimaging-reanalysis-metaanalytic-prior-shrinkage,results only,0.34,2,True,1.0
extra-open-neuroimaging-reanalysis-metaanalytic-prior-shrinkage,results only,70%,1,True,1.0
extra-open-neuroimaging-reanalysis-metaanalytic-prior-shrinkage,results only,0.14,2,True,1.0
extra-open-neuroimaging-reanalysis-metaanalytic-prior-shrinkage,results only,0.50,2,True,1.0
extra-open-neuroimaging-reanalysis-metaanalytic-prior-shrinkage,results only,0.82,2,True,1.0
extra-open-neuroimaging-reanalysis-metaanalytic-prior-shrinkage,results only,0.92,2,True,1.0
extra-open-neuroimaging-reanalysis-metaanalytic-prior-shrinkage,results only,10%,1,True,1.0
extra-open-neuroimaging-reanalysis-metaanalytic-prior-shrinkage,results only,40%,1,True,1.0
extra-open-neuroimaging-reanalysis-metaanalytic-prior-shrinkage,results only,0.96,2,True,1.0
extra-open-neuroimaging-reanalysis-metaanalytic-prior-shrinkage,results only,117,3,False,0.0
extra-open-neuroimaging-reanalysis-metaanalytic-prior-shrinkage,results only,140,2,False,0.0
extra-open-neuroimaging-reanalysis-metaanalytic-prior-shrinkage,results only,0.67,2,True,1.0
extra-open-neuroimaging-reanalysis-metaanalytic-prior-shrinkage,results only,270,2,False,0.0
health-econ-wastewater-flusight-value,results+plan+deviations,1%,1,True,1.0
health-econ-wastewater-flusight-value,results+plan+deviations,5%,1,True,1.0
health-econ-wastewater-flusight-value,results+plan+deviations,4%,1,True,1.0
health-econ-wastewater-flusight-value,results+plan+deviations,7%,1,True,1.0
health-econ-wastewater-flusight-value,results+plan+deviations,50%,1,True,1.0
health-econ-wastewater-flusight-value,results+plan+deviations,"4,052",4,True,0.0
health-econ-wastewater-flusight-value,results+plan+deviations,0.82,2,True,1.0
health-econ-wastewater-flusight-value,results+plan+deviations,0.76,2,True,1.0
health-econ-wastewater-flusight-value,results+plan+deviations,0.88,2,True,1.0
health-econ-wastewater-flusight-value,results+plan+deviations,1.00,3,True,1.0
health-econ-wastewater-flusight-value,results+plan+deviations,0.95,2,True,1.0
health-econ-wastewater-flusight-value,results+plan+deviations,1.05,3,True,1.0
health-econ-wastewater-flusight-value,results+plan+deviations,95%,2,True,1.0
health-econ-wastewater-flusight-value,results+plan+deviations,5%,1,True,1.0
health-econ-wastewater-flusight-value,results+plan+deviations,50%,1,True,1.0
health-econ-wastewater-flusight-value,results+plan+deviations,0.995,3,True,1.0
health-econ-wastewater-flusight-value,results+plan+deviations,0.946,3,True,1.0
health-econ-wastewater-flusight-value,results+plan+deviations,1.045,4,True,0.8
health-econ-wastewater-flusight-value,results+plan+deviations,20%,1,True,1.0
health-econ-wastewater-flusight-value,results+plan+deviations,0.987,3,True,1.0
health-econ-wastewater-flusight-value,results+plan+deviations,0.940,3,True,1.0
health-econ-wastewater-flusight-value,results+plan+deviations,1.038,4,True,1.0
health-econ-wastewater-flusight-value,results+plan+deviations,−0.05,1,True,1.0
health-econ-wastewater-flusight-value,results+plan+deviations,−0.15,2,True,1.0
health-econ-wastewater-flusight-value,results+plan+deviations,+0.05,1,True,0.8
health-econ-wastewater-flusight-value,results+plan+deviations,0.992,3,True,1.0
health-econ-wastewater-flusight-value,results+plan+deviations,0.964,3,True,1.0
health-econ-wastewater-flusight-value,results+plan+deviations,1.020,4,True,1.0
health-econ-wastewater-flusight-value,results+plan+deviations,5%,1,True,1.0
health-econ-wastewater-flusight-value,results+plan+deviations,0.98,2,True,1.0
health-econ-wastewater-flusight-value,results+plan+deviations,1.05,3,True,0.8
health-econ-wastewater-flusight-value,results+plan+deviations,0.98,2,True,1.0
health-econ-wastewater-flusight-value,results+plan+deviations,0.92,2,True,1.0
health-econ-wastewater-flusight-value,results+plan+deviations,1.08,3,True,1.0
health-econ-wastewater-flusight-value,results+plan+deviations,0.67,2,True,0.8
health-econ-wastewater-flusight-value,results+plan+deviations,78%,2,True,1.0
health-econ-wastewater-flusight-value,results+plan+deviations,0.937,3,True,1.0
health-econ-wastewater-flusight-value,results+plan+deviations,0.882,3,True,0.2
health-econ-wastewater-flusight-value,results+plan+deviations,0.991,3,True,1.0
health-econ-wastewater-flusight-value,results+plan+deviations,0.96,2,True,1.0
health-econ-wastewater-flusight-value,results+plan+deviations,0.98,2,True,1.0
health-econ-wastewater-flusight-value,results+plan+deviations,1.00,3,True,1.0
health-econ-wastewater-flusight-value,results+plan+deviations,0.93,2,True,1.0
health-econ-wastewater-flusight-value,results+plan+deviations,"330,015",5,True,0.0
health-econ-wastewater-flusight-value,results+plan+deviations,"1,493",4,True,0.0
health-econ-wastewater-flusight-value,results+plan+deviations,50%,1,True,1.0
health-econ-wastewater-flusight-value,results+plan+deviations,20%,1,True,1.0
health-econ-wastewater-flusight-value,results+plan+deviations,0.997,3,True,1.0
health-econ-wastewater-flusight-value,results+plan+deviations,0.951,3,True,1.0
health-econ-wastewater-flusight-value,results+plan+deviations,1.053,4,True,0.8
health-econ-wastewater-flusight-value,results+plan+deviations,95%,2,True,1.0
health-econ-wastewater-flusight-value,results+plan+deviations,50%,1,True,1.0
health-econ-wastewater-flusight-value,results+plan+deviations,"4,052",4,True,0.0
health-econ-wastewater-flusight-value,results+plan+deviations,0.995,3,True,1.0
health-econ-wastewater-flusight-value,results+plan+deviations,0.946,3,True,1.0
health-econ-wastewater-flusight-value,results+plan+deviations,1.045,4,True,0.8
health-econ-wastewater-flusight-value,results+plan+deviations,1.002,4,True,1.0
health-econ-wastewater-flusight-value,results+plan+deviations,0.955,3,True,1.0
health-econ-wastewater-flusight-value,results+plan+deviations,1.055,4,True,0.8
health-econ-wastewater-flusight-value,results+plan+deviations,20%,1,True,1.0
health-econ-wastewater-flusight-value,results+plan+deviations,"10,793",5,True,0.0
health-econ-wastewater-flusight-value,results+plan+deviations,0.987,3,True,1.0
health-econ-wastewater-flusight-value,results+plan+deviations,0.940,3,True,1.0
health-econ-wastewater-flusight-value,results+plan+deviations,1.038,4,True,1.0
health-econ-wastewater-flusight-value,results+plan+deviations,0.995,3,True,1.0
health-econ-wastewater-flusight-value,results+plan+deviations,0.951,3,True,1.0
health-econ-wastewater-flusight-value,results+plan+deviations,1.042,4,True,0.8
health-econ-wastewater-flusight-value,results+plan+deviations,50%,1,True,1.0
health-econ-wastewater-flusight-value,results+plan+deviations,95%,2,True,1.0
health-econ-wastewater-flusight-value,results+plan+deviations,45.6%,3,True,0.6
health-econ-wastewater-flusight-value,results+plan+deviations,90.9%,3,True,1.0
health-econ-wastewater-flusight-value,results+plan+deviations,46.0%,3,True,0.2
health-econ-wastewater-flusight-value,results+plan+deviations,90.7%,3,True,1.0
health-econ-wastewater-flusight-value,results+plan+deviations,0.985,3,True,1.0
health-econ-wastewater-flusight-value,results+plan+deviations,0.999,3,True,1.0
health-econ-wastewater-flusight-value,results+plan+deviations,0.997,3,True,1.0
health-econ-wastewater-flusight-value,results+plan+deviations,0.995,3,True,1.0
health-econ-wastewater-flusight-value,results+plan+deviations,0.957,3,True,1.0
health-econ-wastewater-flusight-value,results+plan+deviations,0.977,3,True,1.0
health-econ-wastewater-flusight-value,results+plan+deviations,1.026,4,True,1.0
health-econ-wastewater-flusight-value,results+plan+deviations,0.980,3,True,1.0
health-econ-wastewater-flusight-value,results+plan+deviations,0.967,3,True,1.0
health-econ-wastewater-flusight-value,results+plan+deviations,0.898,3,True,0.4
health-econ-wastewater-flusight-value,results+plan+deviations,1.028,4,True,0.6
health-econ-wastewater-flusight-value,results+plan+deviations,1.038,4,True,0.8
health-econ-wastewater-flusight-value,results+plan+deviations,55.0%,3,True,0.2
health-econ-wastewater-flusight-value,results+plan+deviations,56.8%,3,True,0.4
health-econ-wastewater-flusight-value,results+plan+deviations,52.8%,3,True,0.2
health-econ-wastewater-flusight-value,results+plan+deviations,−1.5,2,True,1.0
health-econ-wastewater-flusight-value,results+plan+deviations,−2.2,2,True,0.2
health-econ-wastewater-flusight-value,results+plan+deviations,+2.1,2,True,0.0
health-econ-wastewater-flusight-value,results+plan+deviations,"4,052",4,True,0.0
health-econ-wastewater-flusight-value,results+plan+deviations,2.4%,2,True,0.6
health-econ-wastewater-flusight-value,results+plan+deviations,0.966,3,True,1.0
health-econ-wastewater-flusight-value,results+plan+deviations,1.021,4,True,1.0
health-econ-wastewater-flusight-value,results+plan+deviations,0.966,3,True,1.0
health-econ-wastewater-flusight-value,results+plan+deviations,1.023,4,True,1.0
health-econ-wastewater-flusight-value,results+plan+deviations,0.946,3,True,1.0
health-econ-wastewater-flusight-value,results+plan+deviations,1.045,4,True,1.0
health-econ-wastewater-flusight-value,results+plan+deviations,22%,2,True,1.0
health-econ-wastewater-flusight-value,results+plan+deviations,1.002,4,True,1.0
health-econ-wastewater-flusight-value,results+plan+deviations,0.955,3,True,1.0
health-econ-wastewater-flusight-value,results+plan+deviations,1.055,4,True,0.8
health-econ-wastewater-flusight-value,results+plan+deviations,1.010,4,True,1.0
health-econ-wastewater-flusight-value,results+plan+deviations,0.949,3,True,1.0
health-econ-wastewater-flusight-value,results+plan+deviations,1.066,4,True,1.0
health-econ-wastewater-flusight-value,results+plan+deviations,0.946,3,True,1.0
health-econ-wastewater-flusight-value,results+plan+deviations,0.940,3,True,1.0
health-econ-wastewater-flusight-value,results+plan+deviations,0.95,2,True,1.0
health-econ-wastewater-flusight-value,results+plan+deviations,5%,1,True,1.0
health-econ-wastewater-flusight-value,results+plan+deviations,0.992,3,True,1.0
health-econ-wastewater-flusight-value,results+plan+deviations,0.964,3,True,1.0
health-econ-wastewater-flusight-value,results+plan+deviations,1.020,4,True,1.0
health-econ-wastewater-flusight-value,results+plan+deviations,5%,1,True,1.0
health-econ-wastewater-flusight-value,results+plan+deviations,5%,1,True,1.0
health-econ-wastewater-flusight-value,results+plan+deviations,4%,1,True,1.0
health-econ-wastewater-flusight-value,results+plan+deviations,0.959,3,True,1.0
health-econ-wastewater-flusight-value,results+plan+deviations,0.912,3,True,0.8
health-econ-wastewater-flusight-value,results+plan+deviations,1.024,4,True,1.0
health-econ-wastewater-flusight-value,results+plan+deviations,0.966,3,True,1.0
health-econ-wastewater-flusight-value,results+plan+deviations,0.930,3,True,1.0
health-econ-wastewater-flusight-value,results+plan+deviations,1.018,4,True,0.6
health-econ-wastewater-flusight-value,results+plan+deviations,95%,2,True,1.0
health-econ-wastewater-flusight-value,results+plan+deviations,0.981,3,True,1.0
health-econ-wastewater-flusight-value,results+plan+deviations,0.937,3,True,1.0
health-econ-wastewater-flusight-value,results+plan+deviations,1.031,4,True,0.8
health-econ-wastewater-flusight-value,results+plan+deviations,1.005,4,True,1.0
health-econ-wastewater-flusight-value,results+plan+deviations,0.944,3,True,1.0
health-econ-wastewater-flusight-value,results+plan+deviations,1.069,4,True,0.8
health-econ-wastewater-flusight-value,results+plan+deviations,1.007,4,True,1.0
health-econ-wastewater-flusight-value,results+plan+deviations,1.005,4,True,1.0
health-econ-wastewater-flusight-value,results+plan+deviations,1.009,4,True,1.0
health-econ-wastewater-flusight-value,results+plan+deviations,1.045,4,True,1.0
health-econ-wastewater-flusight-value,results+plan+deviations,0.671,3,True,0.2
health-econ-wastewater-flusight-value,results+plan+deviations,0.569,3,True,0.2
health-econ-wastewater-flusight-value,results+plan+deviations,0.758,3,True,0.6
health-econ-wastewater-flusight-value,results+plan+deviations,0.984,3,True,1.0
health-econ-wastewater-flusight-value,results+plan+deviations,0.919,3,True,1.0
health-econ-wastewater-flusight-value,results+plan+deviations,1.082,4,True,1.0
health-econ-wastewater-flusight-value,results+plan+deviations,0.668,3,True,0.2
health-econ-wastewater-flusight-value,results+plan+deviations,0.979,3,True,1.0
health-econ-wastewater-flusight-value,results+plan+deviations,0.899,3,True,0.8
health-econ-wastewater-flusight-value,results+plan+deviations,1.104,4,True,0.4
health-econ-wastewater-flusight-value,results+plan+deviations,0.682,3,True,0.2
health-econ-wastewater-flusight-value,results+plan+deviations,0.030,2,True,0.4
health-econ-wastewater-flusight-value,results+plan+deviations,−0.030,2,True,0.0
health-econ-wastewater-flusight-value,results+plan+deviations,0.091,2,True,0.0
health-econ-wastewater-flusight-value,results+plan+deviations,0.937,3,True,1.0
health-econ-wastewater-flusight-value,results+plan+deviations,0.882,3,True,0.0
health-econ-wastewater-flusight-value,results+plan+deviations,0.991,3,True,1.0
health-econ-wastewater-flusight-value,results+plan+deviations,0.962,3,True,1.0
health-econ-wastewater-flusight-value,results+plan+deviations,0.981,3,True,1.0
health-econ-wastewater-flusight-value,results+plan+deviations,0.983,3,True,1.0
health-econ-wastewater-flusight-value,results+plan+deviations,0.995,3,True,1.0
health-econ-wastewater-flusight-value,results+plan+deviations,1.005,4,True,1.0
health-econ-wastewater-flusight-value,results+plan+deviations,0.930,3,True,1.0
health-econ-wastewater-flusight-value,results+plan+deviations,0.895,3,True,0.4
health-econ-wastewater-flusight-value,results+plan+deviations,0.971,3,True,1.0
health-econ-wastewater-flusight-value,results+plan+deviations,0.943,3,True,1.0
health-econ-wastewater-flusight-value,results+plan+deviations,0.970,3,True,1.0
health-econ-wastewater-flusight-value,results+plan+deviations,0.977,3,True,1.0
health-econ-wastewater-flusight-value,results+plan+deviations,0.987,3,True,1.0
health-econ-wastewater-flusight-value,results+plan+deviations,0.997,3,True,1.0
health-econ-wastewater-flusight-value,results+plan+deviations,0.943,3,True,1.0
health-econ-wastewater-flusight-value,results+plan+deviations,0.913,3,True,1.0
health-econ-wastewater-flusight-value,results+plan+deviations,0.976,3,True,1.0
health-econ-wastewater-flusight-value,results+plan+deviations,0.919,3,True,0.8
health-econ-wastewater-flusight-value,results+plan+deviations,0.851,3,True,0.6
health-econ-wastewater-flusight-value,results+plan+deviations,1.019,4,True,1.0
health-econ-wastewater-flusight-value,results+plan+deviations,29%,2,True,1.0
health-econ-wastewater-flusight-value,results+plan+deviations,95%,2,True,1.0
health-econ-wastewater-flusight-value,results+plan+deviations,5%,1,True,1.0
health-econ-wastewater-flusight-value,results+plan+deviations,4%,1,True,1.0
health-econ-wastewater-flusight-value,results+plan+deviations,6%,1,True,1.0
health-econ-wastewater-flusight-value,results+plan+deviations,7%,1,True,1.0
health-econ-wastewater-flusight-value,results+plan+deviations,5%,1,True,1.0
health-econ-wastewater-flusight-value,results+plan+deviations,70%,1,True,1.0
health-econ-wastewater-flusight-value,results+plan+deviations,93%,2,True,1.0
health-econ-wastewater-flusight-value,results+plan+deviations,24%,2,True,1.0
health-econ-wastewater-flusight-value,results+plan+deviations,33%,2,True,0.8
health-econ-wastewater-flusight-value,results+plan+deviations,5%,1,True,1.0
health-econ-wastewater-flusight-value,results only,1%,1,True,1.0
health-econ-wastewater-flusight-value,results only,5%,1,True,1.0
health-econ-wastewater-flusight-value,results only,4%,1,True,1.0
health-econ-wastewater-flusight-value,results only,7%,1,True,1.0
health-econ-wastewater-flusight-value,results only,50%,1,True,1.0
health-econ-wastewater-flusight-value,results only,"4,052",4,True,0.0
health-econ-wastewater-flusight-value,results only,0.82,2,True,1.0
health-econ-wastewater-flusight-value,results only,0.76,2,True,1.0
health-econ-wastewater-flusight-value,results only,0.88,2,True,0.8
health-econ-wastewater-flusight-value,results only,1.00,3,True,1.0
health-econ-wastewater-flusight-value,results only,0.95,2,True,1.0
health-econ-wastewater-flusight-value,results only,1.05,3,True,1.0
health-econ-wastewater-flusight-value,results only,95%,2,True,1.0
health-econ-wastewater-flusight-value,results only,5%,1,True,1.0
health-econ-wastewater-flusight-value,results only,50%,1,True,1.0
health-econ-wastewater-flusight-value,results only,0.995,3,True,1.0
health-econ-wastewater-flusight-value,results only,0.946,3,True,1.0
health-econ-wastewater-flusight-value,results only,1.045,4,True,1.0
health-econ-wastewater-flusight-value,results only,20%,1,True,1.0
health-econ-wastewater-flusight-value,results only,0.987,3,True,1.0
health-econ-wastewater-flusight-value,results only,0.940,3,True,1.0
health-econ-wastewater-flusight-value,results only,1.038,4,True,1.0
health-econ-wastewater-flusight-value,results only,−0.05,1,True,0.8
health-econ-wastewater-flusight-value,results only,−0.15,2,True,1.0
health-econ-wastewater-flusight-value,results only,+0.05,1,True,0.8
health-econ-wastewater-flusight-value,results only,0.992,3,True,1.0
health-econ-wastewater-flusight-value,results only,0.964,3,True,1.0
health-econ-wastewater-flusight-value,results only,1.020,4,True,1.0
health-econ-wastewater-flusight-value,results only,5%,1,True,1.0
health-econ-wastewater-flusight-value,results only,0.98,2,True,1.0
health-econ-wastewater-flusight-value,results only,1.05,3,True,0.8
health-econ-wastewater-flusight-value,results only,0.98,2,True,1.0
health-econ-wastewater-flusight-value,results only,0.92,2,True,1.0
health-econ-wastewater-flusight-value,results only,1.08,3,True,1.0
health-econ-wastewater-flusight-value,results only,0.67,2,True,0.8
health-econ-wastewater-flusight-value,results only,78%,2,True,1.0
health-econ-wastewater-flusight-value,results only,0.937,3,True,1.0
health-econ-wastewater-flusight-value,results only,0.882,3,True,0.2
health-econ-wastewater-flusight-value,results only,0.991,3,True,1.0
health-econ-wastewater-flusight-value,results only,0.96,2,True,1.0
health-econ-wastewater-flusight-value,results only,0.98,2,True,1.0
health-econ-wastewater-flusight-value,results only,1.00,3,True,1.0
health-econ-wastewater-flusight-value,results only,0.93,2,True,1.0
health-econ-wastewater-flusight-value,results only,"330,015",5,False,0.0
health-econ-wastewater-flusight-value,results only,"1,493",4,False,0.0
health-econ-wastewater-flusight-value,results only,50%,1,True,1.0
health-econ-wastewater-flusight-value,results only,20%,1,True,1.0
health-econ-wastewater-flusight-value,results only,0.997,3,True,1.0
health-econ-wastewater-flusight-value,results only,0.951,3,True,1.0
health-econ-wastewater-flusight-value,results only,1.053,4,True,0.6
health-econ-wastewater-flusight-value,results only,95%,2,True,1.0
health-econ-wastewater-flusight-value,results only,50%,1,True,1.0
health-econ-wastewater-flusight-value,results only,"4,052",4,True,0.0
health-econ-wastewater-flusight-value,results only,0.995,3,True,1.0
health-econ-wastewater-flusight-value,results only,0.946,3,True,1.0
health-econ-wastewater-flusight-value,results only,1.045,4,True,0.6
health-econ-wastewater-flusight-value,results only,1.002,4,True,1.0
health-econ-wastewater-flusight-value,results only,0.955,3,True,1.0
health-econ-wastewater-flusight-value,results only,1.055,4,True,0.8
health-econ-wastewater-flusight-value,results only,20%,1,True,1.0
health-econ-wastewater-flusight-value,results only,"10,793",5,True,0.0
health-econ-wastewater-flusight-value,results only,0.987,3,True,1.0
health-econ-wastewater-flusight-value,results only,0.940,3,True,1.0
health-econ-wastewater-flusight-value,results only,1.038,4,True,1.0
health-econ-wastewater-flusight-value,results only,0.995,3,True,1.0
health-econ-wastewater-flusight-value,results only,0.951,3,True,1.0
health-econ-wastewater-flusight-value,results only,1.042,4,True,1.0
health-econ-wastewater-flusight-value,results only,50%,1,True,1.0
health-econ-wastewater-flusight-value,results only,95%,2,True,1.0
health-econ-wastewater-flusight-value,results only,45.6%,3,True,0.4
health-econ-wastewater-flusight-value,results only,90.9%,3,True,1.0
health-econ-wastewater-flusight-value,results only,46.0%,3,True,0.4
health-econ-wastewater-flusight-value,results only,90.7%,3,True,1.0
health-econ-wastewater-flusight-value,results only,0.985,3,True,1.0
health-econ-wastewater-flusight-value,results only,0.999,3,True,1.0
health-econ-wastewater-flusight-value,results only,0.997,3,True,1.0
health-econ-wastewater-flusight-value,results only,0.995,3,True,1.0
health-econ-wastewater-flusight-value,results only,0.957,3,True,1.0
health-econ-wastewater-flusight-value,results only,0.977,3,True,1.0
health-econ-wastewater-flusight-value,results only,1.026,4,True,0.8
health-econ-wastewater-flusight-value,results only,0.980,3,True,1.0
health-econ-wastewater-flusight-value,results only,0.967,3,True,1.0
health-econ-wastewater-flusight-value,results only,0.898,3,True,0.4
health-econ-wastewater-flusight-value,results only,1.028,4,True,1.0
health-econ-wastewater-flusight-value,results only,1.038,4,True,0.6
health-econ-wastewater-flusight-value,results only,55.0%,3,True,0.6
health-econ-wastewater-flusight-value,results only,56.8%,3,True,0.2
health-econ-wastewater-flusight-value,results only,52.8%,3,True,0.4
health-econ-wastewater-flusight-value,results only,−1.5,2,True,0.6
health-econ-wastewater-flusight-value,results only,−2.2,2,True,0.0
health-econ-wastewater-flusight-value,results only,+2.1,2,True,0.6
health-econ-wastewater-flusight-value,results only,"4,052",4,True,0.0
health-econ-wastewater-flusight-value,results only,2.4%,2,True,0.4
health-econ-wastewater-flusight-value,results only,0.966,3,True,1.0
health-econ-wastewater-flusight-value,results only,1.021,4,True,1.0
health-econ-wastewater-flusight-value,results only,0.966,3,True,1.0
health-econ-wastewater-flusight-value,results only,1.023,4,True,1.0
health-econ-wastewater-flusight-value,results only,0.946,3,True,1.0
health-econ-wastewater-flusight-value,results only,1.045,4,True,0.8
health-econ-wastewater-flusight-value,results only,22%,2,True,1.0
health-econ-wastewater-flusight-value,results only,1.002,4,True,1.0
health-econ-wastewater-flusight-value,results only,0.955,3,True,1.0
health-econ-wastewater-flusight-value,results only,1.055,4,True,0.8
health-econ-wastewater-flusight-value,results only,1.010,4,True,1.0
health-econ-wastewater-flusight-value,results only,0.949,3,True,1.0
health-econ-wastewater-flusight-value,results only,1.066,4,False,1.0
health-econ-wastewater-flusight-value,results only,0.946,3,True,1.0
health-econ-wastewater-flusight-value,results only,0.940,3,True,1.0
health-econ-wastewater-flusight-value,results only,0.95,2,True,1.0
health-econ-wastewater-flusight-value,results only,5%,1,True,1.0
health-econ-wastewater-flusight-value,results only,0.992,3,True,1.0
health-econ-wastewater-flusight-value,results only,0.964,3,True,1.0
health-econ-wastewater-flusight-value,results only,1.020,4,True,1.0
health-econ-wastewater-flusight-value,results only,5%,1,True,1.0
health-econ-wastewater-flusight-value,results only,5%,1,True,1.0
health-econ-wastewater-flusight-value,results only,4%,1,True,1.0
health-econ-wastewater-flusight-value,results only,0.959,3,True,1.0
health-econ-wastewater-flusight-value,results only,0.912,3,True,0.8
health-econ-wastewater-flusight-value,results only,1.024,4,True,1.0
health-econ-wastewater-flusight-value,results only,0.966,3,True,1.0
health-econ-wastewater-flusight-value,results only,0.930,3,True,1.0
health-econ-wastewater-flusight-value,results only,1.018,4,True,0.8
health-econ-wastewater-flusight-value,results only,95%,2,True,1.0
health-econ-wastewater-flusight-value,results only,0.981,3,True,1.0
health-econ-wastewater-flusight-value,results only,0.937,3,True,1.0
health-econ-wastewater-flusight-value,results only,1.031,4,True,1.0
health-econ-wastewater-flusight-value,results only,1.005,4,True,1.0
health-econ-wastewater-flusight-value,results only,0.944,3,True,1.0
health-econ-wastewater-flusight-value,results only,1.069,4,True,0.8
health-econ-wastewater-flusight-value,results only,1.007,4,True,1.0
health-econ-wastewater-flusight-value,results only,1.005,4,True,1.0
health-econ-wastewater-flusight-value,results only,1.009,4,True,1.0
health-econ-wastewater-flusight-value,results only,1.045,4,True,1.0
health-econ-wastewater-flusight-value,results only,0.671,3,True,0.0
health-econ-wastewater-flusight-value,results only,0.569,3,True,0.6
health-econ-wastewater-flusight-value,results only,0.758,3,True,0.8
health-econ-wastewater-flusight-value,results only,0.984,3,True,1.0
health-econ-wastewater-flusight-value,results only,0.919,3,True,1.0
health-econ-wastewater-flusight-value,results only,1.082,4,True,0.8
health-econ-wastewater-flusight-value,results only,0.668,3,True,0.4
health-econ-wastewater-flusight-value,results only,0.979,3,True,1.0
health-econ-wastewater-flusight-value,results only,0.899,3,True,0.8
health-econ-wastewater-flusight-value,results only,1.104,4,True,0.2
health-econ-wastewater-flusight-value,results only,0.682,3,True,0.2
health-econ-wastewater-flusight-value,results only,0.030,2,True,0.0
health-econ-wastewater-flusight-value,results only,−0.030,2,True,0.2
health-econ-wastewater-flusight-value,results only,0.091,2,True,0.4
health-econ-wastewater-flusight-value,results only,0.937,3,True,1.0
health-econ-wastewater-flusight-value,results only,0.882,3,True,0.0
health-econ-wastewater-flusight-value,results only,0.991,3,True,1.0
health-econ-wastewater-flusight-value,results only,0.962,3,True,1.0
health-econ-wastewater-flusight-value,results only,0.981,3,True,1.0
health-econ-wastewater-flusight-value,results only,0.983,3,True,1.0
health-econ-wastewater-flusight-value,results only,0.995,3,True,1.0
health-econ-wastewater-flusight-value,results only,1.005,4,True,1.0
health-econ-wastewater-flusight-value,results only,0.930,3,True,1.0
health-econ-wastewater-flusight-value,results only,0.895,3,True,0.8
health-econ-wastewater-flusight-value,results only,0.971,3,True,1.0
health-econ-wastewater-flusight-value,results only,0.943,3,True,1.0
health-econ-wastewater-flusight-value,results only,0.970,3,True,1.0
health-econ-wastewater-flusight-value,results only,0.977,3,True,1.0
health-econ-wastewater-flusight-value,results only,0.987,3,True,1.0
health-econ-wastewater-flusight-value,results only,0.997,3,True,1.0
health-econ-wastewater-flusight-value,results only,0.943,3,True,1.0
health-econ-wastewater-flusight-value,results only,0.913,3,True,1.0
health-econ-wastewater-flusight-value,results only,0.976,3,True,1.0
health-econ-wastewater-flusight-value,results only,0.919,3,True,1.0
health-econ-wastewater-flusight-value,results only,0.851,3,True,0.2
health-econ-wastewater-flusight-value,results only,1.019,4,True,0.6
health-econ-wastewater-flusight-value,results only,29%,2,True,1.0
health-econ-wastewater-flusight-value,results only,95%,2,True,1.0
health-econ-wastewater-flusight-value,results only,5%,1,True,1.0
health-econ-wastewater-flusight-value,results only,4%,1,True,1.0
health-econ-wastewater-flusight-value,results only,6%,1,True,1.0
health-econ-wastewater-flusight-value,results only,7%,1,True,1.0
health-econ-wastewater-flusight-value,results only,5%,1,True,1.0
health-econ-wastewater-flusight-value,results only,70%,1,True,1.0
health-econ-wastewater-flusight-value,results only,93%,2,True,1.0
health-econ-wastewater-flusight-value,results only,24%,2,True,0.8
health-econ-wastewater-flusight-value,results only,33%,2,True,0.6
health-econ-wastewater-flusight-value,results only,5%,1,True,1.0
llm-ml-science-mcf-emergence,results+plan+deviations,412,3,True,0.0
llm-ml-science-mcf-emergence,results+plan+deviations,412,3,True,0.4
llm-ml-science-mcf-emergence,results+plan+deviations,160,2,True,0.4
llm-ml-science-mcf-emergence,results+plan+deviations,300,1,True,0.2
llm-ml-science-mcf-emergence,results+plan+deviations,490,2,True,0.2
llm-ml-science-mcf-emergence,results+plan+deviations,6.9,2,True,0.0
llm-ml-science-mcf-emergence,results+plan+deviations,0724,3,True,0.4
llm-ml-science-mcf-emergence,results+plan+deviations,0424,3,True,0.0
llm-ml-science-mcf-emergence,results+plan+deviations,412,3,True,0.2
llm-ml-science-mcf-emergence,results+plan+deviations,500,1,True,0.0
llm-ml-science-mcf-emergence,results+plan+deviations,168,3,True,0.0
llm-ml-science-mcf-emergence,results+plan+deviations,0.5,1,True,1.0
llm-ml-science-mcf-emergence,results+plan+deviations,168,3,True,0.2
llm-ml-science-mcf-emergence,results+plan+deviations,167,3,True,0.4
llm-ml-science-mcf-emergence,results+plan+deviations,155,3,True,0.4
llm-ml-science-mcf-emergence,results+plan+deviations,0.7,1,True,1.0
llm-ml-science-mcf-emergence,results+plan+deviations,244,3,True,0.0
llm-ml-science-mcf-emergence,results+plan+deviations,1.4,2,True,0.8
llm-ml-science-mcf-emergence,results+plan+deviations,3.9,2,True,0.4
llm-ml-science-mcf-emergence,results+plan+deviations,0424,3,True,0.0
llm-ml-science-mcf-emergence,results+plan+deviations,1.5,2,True,0.8
llm-ml-science-mcf-emergence,results+plan+deviations,−3.8,2,True,0.2
llm-ml-science-mcf-emergence,results+plan+deviations,+4.2,2,True,0.2
llm-ml-science-mcf-emergence,results+plan+deviations,0424,3,True,0.0
llm-ml-science-mcf-emergence,results+plan+deviations,512,3,True,0.0
llm-ml-science-mcf-emergence,results+plan+deviations,"143,000",3,True,0.0
llm-ml-science-mcf-emergence,results+plan+deviations,2.7,2,False,0.8
llm-ml-science-mcf-emergence,results+plan+deviations,+4.2,2,True,0.6
llm-ml-science-mcf-emergence,results+plan+deviations,500,1,True,0.0
llm-ml-science-mcf-emergence,results+plan+deviations,200,1,True,0.0
llm-ml-science-mcf-emergence,results+plan+deviations,+3.2,2,True,0.2
llm-ml-science-mcf-emergence,results+plan+deviations,1.9,2,True,0.2
llm-ml-science-mcf-emergence,results+plan+deviations,0424,3,True,0.0
llm-ml-science-mcf-emergence,results+plan+deviations,2.6,2,True,0.8
llm-ml-science-mcf-emergence,results+plan+deviations,4.0,2,True,0.0
llm-ml-science-mcf-emergence,results+plan+deviations,59.2,3,False,0.0
llm-ml-science-mcf-emergence,results+plan+deviations,−6.4,2,False,0.6
llm-ml-science-mcf-emergence,results+plan+deviations,500,1,True,0.2
llm-ml-science-mcf-emergence,results+plan+deviations,−5.8,2,True,0.2
llm-ml-science-mcf-emergence,results+plan+deviations,−0.9,1,True,1.0
llm-ml-science-mcf-emergence,results+plan+deviations,412,3,True,0.0
llm-ml-science-mcf-emergence,results+plan+deviations,1124,4,True,0.0
llm-ml-science-mcf-emergence,results+plan+deviations,+40.5,3,False,0.0
llm-ml-science-mcf-emergence,results+plan+deviations,0424,3,True,0.0
llm-ml-science-mcf-emergence,results+plan+deviations,+35.7,3,False,0.2
llm-ml-science-mcf-emergence,results+plan+deviations,−1.3,2,True,0.8
llm-ml-science-mcf-emergence,results+plan+deviations,+1.4,2,True,0.8
llm-ml-science-mcf-emergence,results+plan+deviations,−3.8,2,True,0.4
llm-ml-science-mcf-emergence,results+plan+deviations,+4.2,2,True,0.2
llm-ml-science-mcf-emergence,results+plan+deviations,0.58,2,True,1.0
llm-ml-science-mcf-emergence,results+plan+deviations,0.60,2,True,1.0
llm-ml-science-mcf-emergence,results+plan+deviations,+17.7,3,False,0.0
llm-ml-science-mcf-emergence,results+plan+deviations,+0.9,1,True,0.8
llm-ml-science-mcf-emergence,results+plan+deviations,0424,3,True,0.0
llm-ml-science-mcf-emergence,results+plan+deviations,−0.5,1,True,1.0
llm-ml-science-mcf-emergence,results+plan+deviations,0424,3,True,0.0
llm-ml-science-mcf-emergence,results+plan+deviations,+1.1,2,True,1.0
llm-ml-science-mcf-emergence,results+plan+deviations,214,3,True,0.2
llm-ml-science-mcf-emergence,results+plan+deviations,0424,3,True,0.0
llm-ml-science-mcf-emergence,results+plan+deviations,490,2,True,0.0
llm-ml-science-mcf-emergence,results+plan+deviations,0424,3,True,0.0
llm-ml-science-mcf-emergence,results+plan+deviations,0.48,2,True,1.0
llm-ml-science-mcf-emergence,results+plan+deviations,0.86,2,True,1.0
llm-ml-science-mcf-emergence,results+plan+deviations,0.5,1,True,1.0
llm-ml-science-mcf-emergence,results+plan+deviations,167,3,True,0.4
llm-ml-science-mcf-emergence,results+plan+deviations,168,3,True,0.2
llm-ml-science-mcf-emergence,results+plan+deviations,163,3,True,0.0
llm-ml-science-mcf-emergence,results+plan+deviations,0724,3,True,0.2
llm-ml-science-mcf-emergence,results+plan+deviations,754,3,True,0.0
llm-ml-science-mcf-emergence,results+plan+deviations,155,3,True,0.4
llm-ml-science-mcf-emergence,results+plan+deviations,244,3,True,0.0
llm-ml-science-mcf-emergence,results+plan+deviations,0724,3,True,0.0
llm-ml-science-mcf-emergence,results+plan+deviations,0424,3,True,0.0
llm-ml-science-mcf-emergence,results+plan+deviations,0.5,1,True,1.0
llm-ml-science-mcf-emergence,results+plan+deviations,0.14,2,True,1.0
llm-ml-science-mcf-emergence,results+plan+deviations,0.18,2,True,1.0
llm-ml-science-mcf-emergence,results+plan+deviations,0.5,1,True,1.0
llm-ml-science-mcf-emergence,results+plan+deviations,0424,3,True,0.0
llm-ml-science-mcf-emergence,results+plan+deviations,125,3,True,0.4
llm-ml-science-mcf-emergence,results+plan+deviations,490,2,True,0.0
llm-ml-science-mcf-emergence,results+plan+deviations,1.4,2,True,1.0
llm-ml-science-mcf-emergence,results+plan+deviations,3.9,2,True,0.8
llm-ml-science-mcf-emergence,results+plan+deviations,214,3,True,0.0
llm-ml-science-mcf-emergence,results+plan+deviations,160,2,True,0.4
llm-ml-science-mcf-emergence,results+plan+deviations,0424,3,True,0.0
llm-ml-science-mcf-emergence,results+plan+deviations,0724,3,True,0.0
llm-ml-science-mcf-emergence,results+plan+deviations,0.73,2,True,1.0
llm-ml-science-mcf-emergence,results+plan+deviations,0.06,1,True,1.0
llm-ml-science-mcf-emergence,results+plan+deviations,0.80,2,True,1.0
llm-ml-science-mcf-emergence,results+plan+deviations,0.09,1,True,1.0
llm-ml-science-mcf-emergence,results+plan+deviations,100%,1,True,0.8
llm-ml-science-mcf-emergence,results+plan+deviations,+18.6,3,True,0.0
llm-ml-science-mcf-emergence,results+plan+deviations,+12.5,3,True,0.2
llm-ml-science-mcf-emergence,results+plan+deviations,+6.8,2,True,0.0
llm-ml-science-mcf-emergence,results+plan+deviations,0424,3,True,0.0
llm-ml-science-mcf-emergence,results+plan+deviations,103,3,True,0.0
llm-ml-science-mcf-emergence,results+plan+deviations,976,3,True,0.0
llm-ml-science-mcf-emergence,results+plan+deviations,−1.3,2,True,0.8
llm-ml-science-mcf-emergence,results+plan+deviations,+0.8,1,True,1.0
llm-ml-science-mcf-emergence,results+plan+deviations,−1.1,2,True,0.6
llm-ml-science-mcf-emergence,results+plan+deviations,+1.4,2,True,0.6
llm-ml-science-mcf-emergence,results+plan+deviations,155,3,True,0.2
llm-ml-science-mcf-emergence,results+plan+deviations,0724,3,True,0.2
llm-ml-science-mcf-emergence,results+plan+deviations,0724,3,True,0.2
llm-ml-science-mcf-emergence,results+plan+deviations,214,3,True,0.2
llm-ml-science-mcf-emergence,results+plan+deviations,307,3,True,0.4
llm-ml-science-mcf-emergence,results+plan+deviations,0724,3,True,0.0
llm-ml-science-mcf-emergence,results+plan+deviations,500,1,True,0.0
llm-ml-science-mcf-emergence,results+plan+deviations,0424,3,True,0.0
llm-ml-science-mcf-emergence,results+plan+deviations,0724,3,True,0.0
llm-ml-science-mcf-emergence,results+plan+deviations,412,3,True,0.0
llm-ml-science-mcf-emergence,results+plan+deviations,"7,200",2,True,0.0
llm-ml-science-mcf-emergence,results only,412,3,False,0.0
llm-ml-science-mcf-emergence,results only,412,3,False,0.0
llm-ml-science-mcf-emergence,results only,160,2,True,0.4
llm-ml-science-mcf-emergence,results only,300,1,True,0.2
llm-ml-science-mcf-emergence,results only,490,2,True,0.0
llm-ml-science-mcf-emergence,results only,6.9,2,True,0.0
llm-ml-science-mcf-emergence,results only,0724,3,True,0.0
llm-ml-science-mcf-emergence,results only,0424,3,True,0.0
llm-ml-science-mcf-emergence,results only,412,3,False,0.4
llm-ml-science-mcf-emergence,results only,500,1,False,0.0
llm-ml-science-mcf-emergence,results only,168,3,True,0.8
llm-ml-science-mcf-emergence,results only,0.5,1,True,1.0
llm-ml-science-mcf-emergence,results only,168,3,True,0.4
llm-ml-science-mcf-emergence,results only,167,3,True,0.6
llm-ml-science-mcf-emergence,results only,155,3,True,0.4
llm-ml-science-mcf-emergence,results only,0.7,1,True,0.8
llm-ml-science-mcf-emergence,results only,244,3,True,0.2
llm-ml-science-mcf-emergence,results only,1.4,2,True,0.8
llm-ml-science-mcf-emergence,results only,3.9,2,True,0.0
llm-ml-science-mcf-emergence,results only,0424,3,True,0.0
llm-ml-science-mcf-emergence,results only,1.5,2,True,0.6
llm-ml-science-mcf-emergence,results only,−3.8,2,False,0.0
llm-ml-science-mcf-emergence,results only,+4.2,2,False,0.4
llm-ml-science-mcf-emergence,results only,0424,3,True,0.0
llm-ml-science-mcf-emergence,results only,512,3,True,0.2
llm-ml-science-mcf-emergence,results only,"143,000",3,True,0.0
llm-ml-science-mcf-emergence,results only,2.7,2,False,0.2
llm-ml-science-mcf-emergence,results only,+4.2,2,False,0.0
llm-ml-science-mcf-emergence,results only,500,1,False,0.0
llm-ml-science-mcf-emergence,results only,200,1,False,0.0
llm-ml-science-mcf-emergence,results only,+3.2,2,False,0.2
llm-ml-science-mcf-emergence,results only,1.9,2,False,0.0
llm-ml-science-mcf-emergence,results only,0424,3,True,0.0
llm-ml-science-mcf-emergence,results only,2.6,2,False,0.6
llm-ml-science-mcf-emergence,results only,4.0,2,True,0.0
llm-ml-science-mcf-emergence,results only,59.2,3,False,0.0
llm-ml-science-mcf-emergence,results only,−6.4,2,False,0.4
llm-ml-science-mcf-emergence,results only,500,1,False,0.0
llm-ml-science-mcf-emergence,results only,−5.8,2,False,0.0
llm-ml-science-mcf-emergence,results only,−0.9,1,True,0.6
llm-ml-science-mcf-emergence,results only,412,3,False,0.0
llm-ml-science-mcf-emergence,results only,1124,4,True,0.0
llm-ml-science-mcf-emergence,results only,+40.5,3,False,0.0
llm-ml-science-mcf-emergence,results only,0424,3,True,0.0
llm-ml-science-mcf-emergence,results only,+35.7,3,False,0.0
llm-ml-science-mcf-emergence,results only,−1.3,2,False,1.0
llm-ml-science-mcf-emergence,results only,+1.4,2,True,0.8
llm-ml-science-mcf-emergence,results only,−3.8,2,False,0.0
llm-ml-science-mcf-emergence,results only,+4.2,2,False,0.0
llm-ml-science-mcf-emergence,results only,0.58,2,True,1.0
llm-ml-science-mcf-emergence,results only,0.60,2,True,1.0
llm-ml-science-mcf-emergence,results only,+17.7,3,False,0.2
llm-ml-science-mcf-emergence,results only,+0.9,1,True,0.8
llm-ml-science-mcf-emergence,results only,0424,3,True,0.0
llm-ml-science-mcf-emergence,results only,−0.5,1,True,1.0
llm-ml-science-mcf-emergence,results only,0424,3,True,0.0
llm-ml-science-mcf-emergence,results only,+1.1,2,True,1.0
llm-ml-science-mcf-emergence,results only,214,3,True,0.2
llm-ml-science-mcf-emergence,results only,0424,3,True,0.0
llm-ml-science-mcf-emergence,results only,490,2,True,0.0
llm-ml-science-mcf-emergence,results only,0424,3,True,0.0
llm-ml-science-mcf-emergence,results only,0.48,2,True,1.0
llm-ml-science-mcf-emergence,results only,0.86,2,True,1.0
llm-ml-science-mcf-emergence,results only,0.5,1,True,1.0
llm-ml-science-mcf-emergence,results only,167,3,True,0.6
llm-ml-science-mcf-emergence,results only,168,3,True,0.2
llm-ml-science-mcf-emergence,results only,163,3,True,0.6
llm-ml-science-mcf-emergence,results only,0724,3,True,0.0
llm-ml-science-mcf-emergence,results only,754,3,True,0.0
llm-ml-science-mcf-emergence,results only,155,3,True,0.4
llm-ml-science-mcf-emergence,results only,244,3,True,0.4
llm-ml-science-mcf-emergence,results only,0724,3,True,0.0
llm-ml-science-mcf-emergence,results only,0424,3,True,0.0
llm-ml-science-mcf-emergence,results only,0.5,1,True,1.0
llm-ml-science-mcf-emergence,results only,0.14,2,True,1.0
llm-ml-science-mcf-emergence,results only,0.18,2,True,1.0
llm-ml-science-mcf-emergence,results only,0.5,1,True,1.0
llm-ml-science-mcf-emergence,results only,0424,3,True,0.0
llm-ml-science-mcf-emergence,results only,125,3,True,0.4
llm-ml-science-mcf-emergence,results only,490,2,True,0.4
llm-ml-science-mcf-emergence,results only,1.4,2,True,0.8
llm-ml-science-mcf-emergence,results only,3.9,2,True,0.0
llm-ml-science-mcf-emergence,results only,214,3,True,0.0
llm-ml-science-mcf-emergence,results only,160,2,True,0.4
llm-ml-science-mcf-emergence,results only,0424,3,True,0.0
llm-ml-science-mcf-emergence,results only,0724,3,True,0.0
llm-ml-science-mcf-emergence,results only,0.73,2,True,1.0
llm-ml-science-mcf-emergence,results only,0.06,1,True,1.0
llm-ml-science-mcf-emergence,results only,0.80,2,True,1.0
llm-ml-science-mcf-emergence,results only,0.09,1,True,1.0
llm-ml-science-mcf-emergence,results only,100%,1,True,0.8
llm-ml-science-mcf-emergence,results only,+18.6,3,True,0.0
llm-ml-science-mcf-emergence,results only,+12.5,3,True,0.2
llm-ml-science-mcf-emergence,results only,+6.8,2,True,0.0
llm-ml-science-mcf-emergence,results only,0424,3,True,0.0
llm-ml-science-mcf-emergence,results only,103,3,True,0.4
llm-ml-science-mcf-emergence,results only,976,3,True,0.0
llm-ml-science-mcf-emergence,results only,−1.3,2,False,0.8
llm-ml-science-mcf-emergence,results only,+0.8,1,True,0.6
llm-ml-science-mcf-emergence,results only,−1.1,2,True,1.0
llm-ml-science-mcf-emergence,results only,+1.4,2,True,0.8
llm-ml-science-mcf-emergence,results only,155,3,True,0.2
llm-ml-science-mcf-emergence,results only,0724,3,True,0.2
llm-ml-science-mcf-emergence,results only,0724,3,True,0.0
llm-ml-science-mcf-emergence,results only,214,3,True,0.2
llm-ml-science-mcf-emergence,results only,307,3,True,0.4
llm-ml-science-mcf-emergence,results only,0724,3,True,0.0
llm-ml-science-mcf-emergence,results only,500,1,False,0.2
llm-ml-science-mcf-emergence,results only,0424,3,True,0.0
llm-ml-science-mcf-emergence,results only,0724,3,True,0.0
llm-ml-science-mcf-emergence,results only,412,3,False,0.4
llm-ml-science-mcf-emergence,results only,"7,200",2,False,0.0
metascience-citation-context-replication,results+plan+deviations,"1,075",4,True,0.0
metascience-citation-context-replication,results+plan+deviations,"1,075",4,True,0.2
metascience-citation-context-replication,results+plan+deviations,3%,1,True,1.0
metascience-citation-context-replication,results+plan+deviations,1%,1,True,1.0
metascience-citation-context-replication,results+plan+deviations,6%,1,True,1.0
metascience-citation-context-replication,results+plan+deviations,44%,2,True,1.0
metascience-citation-context-replication,results+plan+deviations,14%,2,True,1.0
metascience-citation-context-replication,results+plan+deviations,7%,1,True,1.0
metascience-citation-context-replication,results+plan+deviations,0.53,2,True,1.0
metascience-citation-context-replication,results+plan+deviations,0.5,1,True,1.0
metascience-citation-context-replication,results+plan+deviations,"2,116",4,True,0.0
metascience-citation-context-replication,results+plan+deviations,"787,384",5,True,0.0
metascience-citation-context-replication,results+plan+deviations,"815,570",5,True,0.0
metascience-citation-context-replication,results+plan+deviations,"1,075",4,True,0.6
metascience-citation-context-replication,results+plan+deviations,524,3,True,0.8
metascience-citation-context-replication,results+plan+deviations,300,1,True,0.8
metascience-citation-context-replication,results+plan+deviations,0.115,3,True,1.0
metascience-citation-context-replication,results+plan+deviations,44%,2,True,1.0
metascience-citation-context-replication,results+plan+deviations,0.30,2,True,1.0
metascience-citation-context-replication,results+plan+deviations,0.00,1,True,1.0
metascience-citation-context-replication,results+plan+deviations,0.56,2,True,1.0
metascience-citation-context-replication,results+plan+deviations,0.5,1,True,1.0
metascience-citation-context-replication,results+plan+deviations,0.497,3,True,0.8
metascience-citation-context-replication,results+plan+deviations,0.529,3,True,1.0
metascience-citation-context-replication,results+plan+deviations,0.491,3,True,0.6
metascience-citation-context-replication,results+plan+deviations,0.567,3,True,0.4
metascience-citation-context-replication,results+plan+deviations,0.65,2,True,1.0
metascience-citation-context-replication,results+plan+deviations,0.480,3,True,0.4
metascience-citation-context-replication,results+plan+deviations,0.445,3,True,0.4
metascience-citation-context-replication,results+plan+deviations,0.514,3,True,0.8
metascience-citation-context-replication,results+plan+deviations,0.507,3,True,0.4
metascience-citation-context-replication,results+plan+deviations,0.472,3,True,0.6
metascience-citation-context-replication,results+plan+deviations,0.543,3,True,1.0
metascience-citation-context-replication,results+plan+deviations,851,3,True,0.0
metascience-citation-context-replication,results+plan+deviations,0.497,3,True,1.0
metascience-citation-context-replication,results+plan+deviations,0.459,3,True,1.0
metascience-citation-context-replication,results+plan+deviations,0.536,3,True,0.8
metascience-citation-context-replication,results+plan+deviations,0.529,3,True,1.0
metascience-citation-context-replication,results+plan+deviations,0.491,3,True,0.8
metascience-citation-context-replication,results+plan+deviations,0.567,3,True,0.8
metascience-citation-context-replication,results+plan+deviations,0.05,1,True,1.0
metascience-citation-context-replication,results+plan+deviations,0.54,2,True,1.0
metascience-citation-context-replication,results+plan+deviations,+0.004,1,True,1.0
metascience-citation-context-replication,results+plan+deviations,−0.015,2,True,1.0
metascience-citation-context-replication,results+plan+deviations,+0.034,2,True,1.0
metascience-citation-context-replication,results+plan+deviations,−0.006,1,True,1.0
metascience-citation-context-replication,results+plan+deviations,−0.018,2,True,1.0
metascience-citation-context-replication,results+plan+deviations,+0.008,1,True,1.0
metascience-citation-context-replication,results+plan+deviations,329,3,False,0.2
metascience-citation-context-replication,results+plan+deviations,+0.000,1,True,1.0
metascience-citation-context-replication,results+plan+deviations,−0.018,2,True,1.0
metascience-citation-context-replication,results+plan+deviations,+0.021,2,True,1.0
metascience-citation-context-replication,results+plan+deviations,−0.004,1,True,1.0
metascience-citation-context-replication,results+plan+deviations,−0.023,2,True,1.0
metascience-citation-context-replication,results+plan+deviations,+0.018,2,True,1.0
metascience-citation-context-replication,results+plan+deviations,0.625,3,True,0.6
metascience-citation-context-replication,results+plan+deviations,0.598,3,True,0.4
metascience-citation-context-replication,results+plan+deviations,0.650,3,True,0.2
metascience-citation-context-replication,results+plan+deviations,0.534,3,True,0.6
metascience-citation-context-replication,results+plan+deviations,0.515,3,True,0.6
metascience-citation-context-replication,results+plan+deviations,0.553,3,True,0.8
metascience-citation-context-replication,results+plan+deviations,0.525,3,True,1.0
metascience-citation-context-replication,results+plan+deviations,+0.014,2,True,1.0
metascience-citation-context-replication,results+plan+deviations,−0.006,1,True,1.0
metascience-citation-context-replication,results+plan+deviations,+0.031,2,True,1.0
metascience-citation-context-replication,results+plan+deviations,13.9%,3,True,1.0
metascience-citation-context-replication,results+plan+deviations,7.3%,2,True,0.0
metascience-citation-context-replication,results+plan+deviations,0.83,2,True,1.0
metascience-citation-context-replication,results+plan+deviations,"30,734",5,True,0.0
metascience-citation-context-replication,results+plan+deviations,"2,246",4,False,0.0
metascience-citation-context-replication,results+plan+deviations,"2,116",4,True,0.0
metascience-citation-context-replication,results+plan+deviations,860,2,False,0.0
metascience-citation-context-replication,results+plan+deviations,705,3,False,0.6
metascience-citation-context-replication,results+plan+deviations,483,3,True,0.0
metascience-citation-context-replication,results+plan+deviations,520,2,True,0.2
metascience-citation-context-replication,results+plan+deviations,141,3,True,0.4
metascience-citation-context-replication,results+plan+deviations,"9,000",1,True,0.0
metascience-citation-context-replication,results+plan+deviations,"815,570",5,True,0.0
metascience-citation-context-replication,results+plan+deviations,43%,2,True,1.0
metascience-citation-context-replication,results+plan+deviations,"787,384",5,True,0.0
metascience-citation-context-replication,results+plan+deviations,0.91,2,True,1.0
metascience-citation-context-replication,results+plan+deviations,100,1,True,0.6
metascience-citation-context-replication,results+plan+deviations,"20,000",1,True,0.0
metascience-citation-context-replication,results+plan+deviations,75%,2,True,1.0
metascience-citation-context-replication,results+plan+deviations,25%,2,True,1.0
metascience-citation-context-replication,results+plan+deviations,300,1,True,0.8
metascience-citation-context-replication,results+plan+deviations,150,2,True,0.0
metascience-citation-context-replication,results+plan+deviations,150,2,True,0.4
metascience-citation-context-replication,results+plan+deviations,0.5,1,True,1.0
metascience-citation-context-replication,results+plan+deviations,200,1,True,0.4
metascience-citation-context-replication,results+plan+deviations,851,3,True,0.0
metascience-citation-context-replication,results+plan+deviations,300,1,True,1.0
metascience-citation-context-replication,results+plan+deviations,2.6%,2,True,1.0
metascience-citation-context-replication,results+plan+deviations,1.4%,2,True,1.0
metascience-citation-context-replication,results+plan+deviations,6.2%,2,True,0.8
metascience-citation-context-replication,results+plan+deviations,95%,2,True,1.0
metascience-citation-context-replication,results+plan+deviations,0.061,2,True,0.6
metascience-citation-context-replication,results+plan+deviations,1.00,3,True,0.4
metascience-citation-context-replication,results+plan+deviations,0.115,3,True,1.0
metascience-citation-context-replication,results+plan+deviations,0.052,2,True,0.8
metascience-citation-context-replication,results+plan+deviations,0.184,3,True,1.0
metascience-citation-context-replication,results+plan+deviations,0.273,3,True,0.2
metascience-citation-context-replication,results+plan+deviations,0.333,3,True,0.0
metascience-citation-context-replication,results+plan+deviations,0.300,3,True,0.6
metascience-citation-context-replication,results+plan+deviations,0.000,1,True,1.0
metascience-citation-context-replication,results+plan+deviations,0.556,3,True,0.4
metascience-citation-context-replication,results+plan+deviations,1.00,3,True,0.6
metascience-citation-context-replication,results+plan+deviations,0.11,2,True,1.0
metascience-citation-context-replication,results+plan+deviations,0.20,2,True,1.0
metascience-citation-context-replication,results+plan+deviations,0.83,2,True,1.0
metascience-citation-context-replication,results+plan+deviations,0.56,2,True,1.0
metascience-citation-context-replication,results+plan+deviations,0.67,2,True,1.0
metascience-citation-context-replication,results+plan+deviations,0.91,2,True,1.0
metascience-citation-context-replication,results+plan+deviations,0.5,1,True,1.0
metascience-citation-context-replication,results+plan+deviations,0.5,1,True,1.0
metascience-citation-context-replication,results+plan+deviations,7%,1,True,1.0
metascience-citation-context-replication,results+plan+deviations,95%,2,True,0.4
metascience-citation-context-replication,results+plan+deviations,0.507,3,True,1.0
metascience-citation-context-replication,results+plan+deviations,0.472,3,True,0.6
metascience-citation-context-replication,results+plan+deviations,0.543,3,True,0.8
metascience-citation-context-replication,results+plan+deviations,0.467,3,True,1.0
metascience-citation-context-replication,results+plan+deviations,0.480,3,True,1.0
metascience-citation-context-replication,results+plan+deviations,0.471,3,True,0.4
metascience-citation-context-replication,results+plan+deviations,0.511,3,True,1.0
metascience-citation-context-replication,results+plan+deviations,851,3,True,0.0
metascience-citation-context-replication,results+plan+deviations,0.497,3,True,0.8
metascience-citation-context-replication,results+plan+deviations,0.459,3,True,1.0
metascience-citation-context-replication,results+plan+deviations,0.536,3,True,1.0
metascience-citation-context-replication,results+plan+deviations,0.529,3,True,1.0
metascience-citation-context-replication,results+plan+deviations,0.491,3,True,0.8
metascience-citation-context-replication,results+plan+deviations,0.567,3,True,0.4
metascience-citation-context-replication,results+plan+deviations,0.443,3,True,1.0
metascience-citation-context-replication,results+plan+deviations,0.519,3,True,1.0
metascience-citation-context-replication,results+plan+deviations,0.470,3,True,1.0
metascience-citation-context-replication,results+plan+deviations,0.509,3,True,0.8
metascience-citation-context-replication,results+plan+deviations,0.473,3,True,0.8
metascience-citation-context-replication,results+plan+deviations,0.504,3,True,1.0
metascience-citation-context-replication,results+plan+deviations,0.54,2,True,1.0
metascience-citation-context-replication,results+plan+deviations,0.59,2,True,1.0
metascience-citation-context-replication,results+plan+deviations,+0.004,1,True,1.0
metascience-citation-context-replication,results+plan+deviations,−0.006,1,True,1.0
metascience-citation-context-replication,results+plan+deviations,+0.000,1,True,1.0
metascience-citation-context-replication,results+plan+deviations,−0.004,1,True,1.0
metascience-citation-context-replication,results+plan+deviations,0.525,3,True,1.0
metascience-citation-context-replication,results+plan+deviations,0.506,3,True,1.0
metascience-citation-context-replication,results+plan+deviations,0.544,3,True,0.2
metascience-citation-context-replication,results+plan+deviations,0.625,3,True,0.4
metascience-citation-context-replication,results+plan+deviations,0.598,3,True,0.8
metascience-citation-context-replication,results+plan+deviations,0.650,3,True,0.6
metascience-citation-context-replication,results+plan+deviations,+0.014,2,True,1.0
metascience-citation-context-replication,results+plan+deviations,−0.006,1,True,1.0
metascience-citation-context-replication,results+plan+deviations,+0.031,2,True,1.0
metascience-citation-context-replication,results+plan+deviations,0.535,3,True,1.0
metascience-citation-context-replication,results+plan+deviations,0.503,3,True,0.8
metascience-citation-context-replication,results+plan+deviations,0.566,3,True,0.8
metascience-citation-context-replication,results+plan+deviations,0.522,3,True,1.0
metascience-citation-context-replication,results+plan+deviations,0.488,3,True,1.0
metascience-citation-context-replication,results+plan+deviations,0.555,3,True,0.6
metascience-citation-context-replication,results+plan+deviations,0.596,3,True,0.8
metascience-citation-context-replication,results+plan+deviations,0.561,3,True,0.4
metascience-citation-context-replication,results+plan+deviations,0.632,3,True,0.4
metascience-citation-context-replication,results+plan+deviations,+0.008,1,True,1.0
metascience-citation-context-replication,results+plan+deviations,−0.012,2,True,1.0
metascience-citation-context-replication,results+plan+deviations,+0.032,2,True,1.0
metascience-citation-context-replication,results+plan+deviations,13.9%,3,True,1.0
metascience-citation-context-replication,results+plan+deviations,7.3%,2,True,0.6
metascience-citation-context-replication,results+plan+deviations,0.534,3,True,0.6
metascience-citation-context-replication,results+plan+deviations,0.24,2,True,1.0
metascience-citation-context-replication,results+plan+deviations,0.55%,2,True,1.0
metascience-citation-context-replication,results+plan+deviations,0.01,1,True,1.0
metascience-citation-context-replication,results+plan+deviations,0.26%,2,True,1.0
metascience-citation-context-replication,results+plan+deviations,1.1,2,True,0.6
metascience-citation-context-replication,results+plan+deviations,1.8%,2,True,1.0
metascience-citation-context-replication,results+plan+deviations,0.63,2,True,1.0
metascience-citation-context-replication,results+plan+deviations,0.53,2,True,1.0
metascience-citation-context-replication,results+plan+deviations,0.65,2,True,1.0
metascience-citation-context-replication,results+plan+deviations,10%,1,True,1.0
metascience-citation-context-replication,results+plan+deviations,43%,2,True,1.0
metascience-citation-context-replication,results+plan+deviations,483,3,True,0.2
metascience-citation-context-replication,results only,"1,075",4,True,0.0
metascience-citation-context-replication,results only,"1,075",4,True,0.0
metascience-citation-context-replication,results only,3%,1,True,1.0
metascience-citation-context-replication,results only,1%,1,True,1.0
metascience-citation-context-replication,results only,6%,1,True,1.0
metascience-citation-context-replication,results only,44%,2,True,1.0
metascience-citation-context-replication,results only,14%,2,True,1.0
metascience-citation-context-replication,results only,7%,1,True,1.0
metascience-citation-context-replication,results only,0.53,2,True,1.0
metascience-citation-context-replication,results only,0.5,1,True,1.0
metascience-citation-context-replication,results only,"2,116",4,False,0.4
metascience-citation-context-replication,results only,"787,384",5,True,0.0
metascience-citation-context-replication,results only,"815,570",5,False,0.0
metascience-citation-context-replication,results only,"1,075",4,True,0.2
metascience-citation-context-replication,results only,524,3,True,1.0
metascience-citation-context-replication,results only,300,1,True,0.8
metascience-citation-context-replication,results only,0.115,3,True,1.0
metascience-citation-context-replication,results only,44%,2,True,1.0
metascience-citation-context-replication,results only,0.30,2,True,1.0
metascience-citation-context-replication,results only,0.00,1,True,1.0
metascience-citation-context-replication,results only,0.56,2,True,1.0
metascience-citation-context-replication,results only,0.5,1,True,1.0
metascience-citation-context-replication,results only,0.497,3,True,1.0
metascience-citation-context-replication,results only,0.529,3,True,1.0
metascience-citation-context-replication,results only,0.491,3,True,1.0
metascience-citation-context-replication,results only,0.567,3,True,0.4
metascience-citation-context-replication,results only,0.65,2,True,1.0
metascience-citation-context-replication,results only,0.480,3,True,0.4
metascience-citation-context-replication,results only,0.445,3,True,1.0
metascience-citation-context-replication,results only,0.514,3,True,0.6
metascience-citation-context-replication,results only,0.507,3,True,0.8
metascience-citation-context-replication,results only,0.472,3,True,0.6
metascience-citation-context-replication,results only,0.543,3,True,1.0
metascience-citation-context-replication,results only,851,3,True,0.0
metascience-citation-context-replication,results only,0.497,3,True,0.8
metascience-citation-context-replication,results only,0.459,3,True,1.0
metascience-citation-context-replication,results only,0.536,3,True,0.8
metascience-citation-context-replication,results only,0.529,3,True,1.0
metascience-citation-context-replication,results only,0.491,3,True,0.8
metascience-citation-context-replication,results only,0.567,3,True,0.6
metascience-citation-context-replication,results only,0.05,1,True,1.0
metascience-citation-context-replication,results only,0.54,2,True,1.0
metascience-citation-context-replication,results only,+0.004,1,True,1.0
metascience-citation-context-replication,results only,−0.015,2,True,1.0
metascience-citation-context-replication,results only,+0.034,2,True,1.0
metascience-citation-context-replication,results only,−0.006,1,True,1.0
metascience-citation-context-replication,results only,−0.018,2,True,1.0
metascience-citation-context-replication,results only,+0.008,1,True,1.0
metascience-citation-context-replication,results only,329,3,False,0.4
metascience-citation-context-replication,results only,+0.000,1,True,1.0
metascience-citation-context-replication,results only,−0.018,2,True,1.0
metascience-citation-context-replication,results only,+0.021,2,True,1.0
metascience-citation-context-replication,results only,−0.004,1,True,1.0
metascience-citation-context-replication,results only,−0.023,2,True,1.0
metascience-citation-context-replication,results only,+0.018,2,True,1.0
metascience-citation-context-replication,results only,0.625,3,True,0.6
metascience-citation-context-replication,results only,0.598,3,True,0.8
metascience-citation-context-replication,results only,0.650,3,True,0.6
metascience-citation-context-replication,results only,0.534,3,True,0.6
metascience-citation-context-replication,results only,0.515,3,True,0.8
metascience-citation-context-replication,results only,0.553,3,True,0.0
metascience-citation-context-replication,results only,0.525,3,True,0.6
metascience-citation-context-replication,results only,+0.014,2,True,1.0
metascience-citation-context-replication,results only,−0.006,1,True,1.0
metascience-citation-context-replication,results only,+0.031,2,True,1.0
metascience-citation-context-replication,results only,13.9%,3,True,1.0
metascience-citation-context-replication,results only,7.3%,2,True,0.6
metascience-citation-context-replication,results only,0.83,2,True,1.0
metascience-citation-context-replication,results only,"30,734",5,False,0.0
metascience-citation-context-replication,results only,"2,246",4,False,0.0
metascience-citation-context-replication,results only,"2,116",4,False,0.2
metascience-citation-context-replication,results only,860,2,False,0.0
metascience-citation-context-replication,results only,705,3,False,0.4
metascience-citation-context-replication,results only,483,3,False,0.2
metascience-citation-context-replication,results only,520,2,False,0.4
metascience-citation-context-replication,results only,141,3,True,0.6
metascience-citation-context-replication,results only,"9,000",1,False,0.0
metascience-citation-context-replication,results only,"815,570",5,False,0.0
metascience-citation-context-replication,results only,43%,2,True,1.0
metascience-citation-context-replication,results only,"787,384",5,True,0.0
metascience-citation-context-replication,results only,0.91,2,True,1.0
metascience-citation-context-replication,results only,100,1,True,0.4
metascience-citation-context-replication,results only,"20,000",1,False,0.0
metascience-citation-context-replication,results only,75%,2,True,1.0
metascience-citation-context-replication,results only,25%,2,True,1.0
metascience-citation-context-replication,results only,300,1,True,1.0
metascience-citation-context-replication,results only,150,2,True,0.4
metascience-citation-context-replication,results only,150,2,True,0.2
metascience-citation-context-replication,results only,0.5,1,True,1.0
metascience-citation-context-replication,results only,200,1,True,0.2
metascience-citation-context-replication,results only,851,3,True,0.0
metascience-citation-context-replication,results only,300,1,True,0.8
metascience-citation-context-replication,results only,2.6%,2,True,1.0
metascience-citation-context-replication,results only,1.4%,2,True,1.0
metascience-citation-context-replication,results only,6.2%,2,True,0.8
metascience-citation-context-replication,results only,95%,2,True,1.0
metascience-citation-context-replication,results only,0.061,2,True,0.8
metascience-citation-context-replication,results only,1.00,3,True,0.4
metascience-citation-context-replication,results only,0.115,3,True,1.0
metascience-citation-context-replication,results only,0.052,2,True,0.6
metascience-citation-context-replication,results only,0.184,3,True,0.6
metascience-citation-context-replication,results only,0.273,3,True,0.6
metascience-citation-context-replication,results only,0.333,3,True,0.6
metascience-citation-context-replication,results only,0.300,3,True,0.6
metascience-citation-context-replication,results only,0.000,1,True,1.0
metascience-citation-context-replication,results only,0.556,3,True,0.6
metascience-citation-context-replication,results only,1.00,3,True,0.2
metascience-citation-context-replication,results only,0.11,2,True,1.0
metascience-citation-context-replication,results only,0.20,2,True,1.0
metascience-citation-context-replication,results only,0.83,2,True,1.0
metascience-citation-context-replication,results only,0.56,2,True,1.0
metascience-citation-context-replication,results only,0.67,2,True,1.0
metascience-citation-context-replication,results only,0.91,2,True,1.0
metascience-citation-context-replication,results only,0.5,1,True,1.0
metascience-citation-context-replication,results only,0.5,1,True,1.0
metascience-citation-context-replication,results only,7%,1,True,1.0
metascience-citation-context-replication,results only,95%,2,True,0.8
metascience-citation-context-replication,results only,0.507,3,True,1.0
metascience-citation-context-replication,results only,0.472,3,True,0.8
metascience-citation-context-replication,results only,0.543,3,True,1.0
metascience-citation-context-replication,results only,0.467,3,True,0.8
metascience-citation-context-replication,results only,0.480,3,True,0.8
metascience-citation-context-replication,results only,0.471,3,True,0.8
metascience-citation-context-replication,results only,0.511,3,True,1.0
metascience-citation-context-replication,results only,851,3,True,0.0
metascience-citation-context-replication,results only,0.497,3,True,0.8
metascience-citation-context-replication,results only,0.459,3,True,1.0
metascience-citation-context-replication,results only,0.536,3,True,0.8
metascience-citation-context-replication,results only,0.529,3,True,1.0
metascience-citation-context-replication,results only,0.491,3,True,0.8
metascience-citation-context-replication,results only,0.567,3,True,0.2
metascience-citation-context-replication,results only,0.443,3,True,1.0
metascience-citation-context-replication,results only,0.519,3,True,1.0
metascience-citation-context-replication,results only,0.470,3,True,1.0
metascience-citation-context-replication,results only,0.509,3,True,1.0
metascience-citation-context-replication,results only,0.473,3,True,1.0
metascience-citation-context-replication,results only,0.504,3,True,0.8
metascience-citation-context-replication,results only,0.54,2,True,1.0
metascience-citation-context-replication,results only,0.59,2,True,1.0
metascience-citation-context-replication,results only,+0.004,1,True,1.0
metascience-citation-context-replication,results only,−0.006,1,True,1.0
metascience-citation-context-replication,results only,+0.000,1,True,1.0
metascience-citation-context-replication,results only,−0.004,1,True,1.0
metascience-citation-context-replication,results only,0.525,3,True,0.6
metascience-citation-context-replication,results only,0.506,3,True,0.8
metascience-citation-context-replication,results only,0.544,3,True,0.4
metascience-citation-context-replication,results only,0.625,3,True,0.2
metascience-citation-context-replication,results only,0.598,3,True,1.0
metascience-citation-context-replication,results only,0.650,3,True,0.6
metascience-citation-context-replication,results only,+0.014,2,True,1.0
metascience-citation-context-replication,results only,−0.006,1,True,1.0
metascience-citation-context-replication,results only,+0.031,2,True,1.0
metascience-citation-context-replication,results only,0.535,3,True,0.8
metascience-citation-context-replication,results only,0.503,3,True,0.8
metascience-citation-context-replication,results only,0.566,3,True,0.8
metascience-citation-context-replication,results only,0.522,3,True,1.0
metascience-citation-context-replication,results only,0.488,3,True,1.0
metascience-citation-context-replication,results only,0.555,3,True,0.4
metascience-citation-context-replication,results only,0.596,3,True,1.0
metascience-citation-context-replication,results only,0.561,3,True,0.6
metascience-citation-context-replication,results only,0.632,3,True,0.8
metascience-citation-context-replication,results only,+0.008,1,True,1.0
metascience-citation-context-replication,results only,−0.012,2,True,1.0
metascience-citation-context-replication,results only,+0.032,2,True,1.0
metascience-citation-context-replication,results only,13.9%,3,True,1.0
metascience-citation-context-replication,results only,7.3%,2,True,0.2
metascience-citation-context-replication,results only,0.534,3,True,0.6
metascience-citation-context-replication,results only,0.24,2,True,1.0
metascience-citation-context-replication,results only,0.55%,2,True,1.0
metascience-citation-context-replication,results only,0.01,1,True,1.0
metascience-citation-context-replication,results only,0.26%,2,True,1.0
metascience-citation-context-replication,results only,1.1,2,True,0.8
metascience-citation-context-replication,results only,1.8%,2,True,1.0
metascience-citation-context-replication,results only,0.63,2,True,1.0
metascience-citation-context-replication,results only,0.53,2,True,1.0
metascience-citation-context-replication,results only,0.65,2,True,1.0
metascience-citation-context-replication,results only,10%,1,True,1.0
metascience-citation-context-replication,results only,43%,2,True,1.0
metascience-citation-context-replication,results only,483,3,False,0.2
seismology-geophysics-npp-gain-incompleteness-baseline,results+plan+deviations,109%,3,True,1.0
seismology-geophysics-npp-gain-incompleteness-baseline,results+plan+deviations,1.2,2,True,0.6
seismology-geophysics-npp-gain-incompleteness-baseline,results+plan+deviations,1.3,2,True,1.0
seismology-geophysics-npp-gain-incompleteness-baseline,results+plan+deviations,0.0,1,True,1.0
seismology-geophysics-npp-gain-incompleteness-baseline,results+plan+deviations,+1.02,3,True,1.0
seismology-geophysics-npp-gain-incompleteness-baseline,results+plan+deviations,+1.61,3,True,0.6
seismology-geophysics-npp-gain-incompleteness-baseline,results+plan+deviations,+1.39,3,True,1.0
seismology-geophysics-npp-gain-incompleteness-baseline,results+plan+deviations,0.75,2,True,1.0
seismology-geophysics-npp-gain-incompleteness-baseline,results+plan+deviations,−2.1,2,True,1.0
seismology-geophysics-npp-gain-incompleteness-baseline,results+plan+deviations,3.1,2,True,1.0
seismology-geophysics-npp-gain-incompleteness-baseline,results+plan+deviations,95%,2,True,1.0
seismology-geophysics-npp-gain-incompleteness-baseline,results+plan+deviations,1.2,2,True,0.6
seismology-geophysics-npp-gain-incompleteness-baseline,results+plan+deviations,+1.02,3,True,1.0
seismology-geophysics-npp-gain-incompleteness-baseline,results+plan+deviations,0.134,3,True,0.6
seismology-geophysics-npp-gain-incompleteness-baseline,results+plan+deviations,0.038,2,True,0.8
seismology-geophysics-npp-gain-incompleteness-baseline,results+plan+deviations,1.09,3,True,1.0
seismology-geophysics-npp-gain-incompleteness-baseline,results+plan+deviations,0.69,2,True,1.0
seismology-geophysics-npp-gain-incompleteness-baseline,results+plan+deviations,1.31,3,True,0.4
seismology-geophysics-npp-gain-incompleteness-baseline,results+plan+deviations,1.2,2,True,1.0
seismology-geophysics-npp-gain-incompleteness-baseline,results+plan+deviations,+1.61,3,True,1.0
seismology-geophysics-npp-gain-incompleteness-baseline,results+plan+deviations,0.352,3,True,0.0
seismology-geophysics-npp-gain-incompleteness-baseline,results+plan+deviations,0.542,3,True,0.0
seismology-geophysics-npp-gain-incompleteness-baseline,results+plan+deviations,0.88,2,True,1.0
seismology-geophysics-npp-gain-incompleteness-baseline,results+plan+deviations,0.80,2,True,1.0
seismology-geophysics-npp-gain-incompleteness-baseline,results+plan+deviations,0.97,2,True,1.0
seismology-geophysics-npp-gain-incompleteness-baseline,results+plan+deviations,1.3,2,True,1.0
seismology-geophysics-npp-gain-incompleteness-baseline,results+plan+deviations,+1.39,3,True,1.0
seismology-geophysics-npp-gain-incompleteness-baseline,results+plan+deviations,−0.310,3,True,1.0
seismology-geophysics-npp-gain-incompleteness-baseline,results+plan+deviations,−0.261,3,True,0.6
seismology-geophysics-npp-gain-incompleteness-baseline,results+plan+deviations,0.97,2,True,1.0
seismology-geophysics-npp-gain-incompleteness-baseline,results+plan+deviations,0.81,2,True,1.0
seismology-geophysics-npp-gain-incompleteness-baseline,results+plan+deviations,1.08,3,True,1.0
seismology-geophysics-npp-gain-incompleteness-baseline,results+plan+deviations,−0.978,3,True,0.0
seismology-geophysics-npp-gain-incompleteness-baseline,results+plan+deviations,−1.070,4,True,0.6
seismology-geophysics-npp-gain-incompleteness-baseline,results+plan+deviations,−1.646,4,True,0.0
seismology-geophysics-npp-gain-incompleteness-baseline,results+plan+deviations,0.75,2,True,1.0
seismology-geophysics-npp-gain-incompleteness-baseline,results+plan+deviations,0.75,2,True,1.0
seismology-geophysics-npp-gain-incompleteness-baseline,results+plan+deviations,−0.001,1,True,1.0
seismology-geophysics-npp-gain-incompleteness-baseline,results+plan+deviations,−0.037,2,True,0.4
seismology-geophysics-npp-gain-incompleteness-baseline,results+plan+deviations,0.000,1,True,1.0
seismology-geophysics-npp-gain-incompleteness-baseline,results+plan+deviations,−0.009,1,True,0.8
seismology-geophysics-npp-gain-incompleteness-baseline,results+plan+deviations,+1.11,3,True,1.0
seismology-geophysics-npp-gain-incompleteness-baseline,results+plan+deviations,+1.43,3,True,1.0
seismology-geophysics-npp-gain-incompleteness-baseline,results+plan+deviations,+1.38,3,True,1.0
seismology-geophysics-npp-gain-incompleteness-baseline,results+plan+deviations,−0.10,2,True,1.0
seismology-geophysics-npp-gain-incompleteness-baseline,results+plan+deviations,+0.19,2,True,1.0
seismology-geophysics-npp-gain-incompleteness-baseline,results+plan+deviations,+0.05,1,True,1.0
seismology-geophysics-npp-gain-incompleteness-baseline,results+plan+deviations,+0.10,2,True,1.0
seismology-geophysics-npp-gain-incompleteness-baseline,results+plan+deviations,95%,2,True,0.8
seismology-geophysics-npp-gain-incompleteness-baseline,results+plan+deviations,−0.30,2,True,1.0
seismology-geophysics-npp-gain-incompleteness-baseline,results+plan+deviations,+0.31,2,True,1.0
seismology-geophysics-npp-gain-incompleteness-baseline,results+plan+deviations,−0.19,2,True,1.0
seismology-geophysics-npp-gain-incompleteness-baseline,results+plan+deviations,−0.33,2,True,1.0
seismology-geophysics-npp-gain-incompleteness-baseline,results+plan+deviations,−0.04,1,True,1.0
seismology-geophysics-npp-gain-incompleteness-baseline,results+plan+deviations,−0.05,1,True,1.0
seismology-geophysics-npp-gain-incompleteness-baseline,results+plan+deviations,−0.35,2,True,1.0
seismology-geophysics-npp-gain-incompleteness-baseline,results+plan+deviations,+0.10,2,True,1.0
seismology-geophysics-npp-gain-incompleteness-baseline,results+plan+deviations,50%,1,True,1.0
seismology-geophysics-npp-gain-incompleteness-baseline,results+plan+deviations,68%,2,True,1.0
seismology-geophysics-npp-gain-incompleteness-baseline,results+plan+deviations,1.06,3,True,1.0
seismology-geophysics-npp-gain-incompleteness-baseline,results+plan+deviations,0.86,2,True,1.0
seismology-geophysics-npp-gain-incompleteness-baseline,results+plan+deviations,0.95,2,True,0.8
seismology-geophysics-npp-gain-incompleteness-baseline,results+plan+deviations,2.0,2,True,1.0
seismology-geophysics-npp-gain-incompleteness-baseline,results+plan+deviations,2.5,2,True,1.0
seismology-geophysics-npp-gain-incompleteness-baseline,results+plan+deviations,3.0,2,True,1.0
seismology-geophysics-npp-gain-incompleteness-baseline,results+plan+deviations,−1.34,3,True,0.6
seismology-geophysics-npp-gain-incompleteness-baseline,results+plan+deviations,+0.36,2,True,1.0
seismology-geophysics-npp-gain-incompleteness-baseline,results+plan+deviations,2.0,2,True,1.0
seismology-geophysics-npp-gain-incompleteness-baseline,results+plan+deviations,+0.22,2,True,1.0
seismology-geophysics-npp-gain-incompleteness-baseline,results+plan+deviations,−0.41,2,True,1.0
seismology-geophysics-npp-gain-incompleteness-baseline,results+plan+deviations,0.02,1,True,1.0
seismology-geophysics-npp-gain-incompleteness-baseline,results+plan+deviations,12%,2,True,1.0
seismology-geophysics-npp-gain-incompleteness-baseline,results+plan+deviations,1.5,2,True,1.0
seismology-geophysics-npp-gain-incompleteness-baseline,results+plan+deviations,1.1,2,True,1.0
seismology-geophysics-npp-gain-incompleteness-baseline,results+plan+deviations,1.25,3,True,0.8
seismology-geophysics-npp-gain-incompleteness-baseline,results+plan+deviations,1.19,3,True,1.0
seismology-geophysics-npp-gain-incompleteness-baseline,results+plan+deviations,0.51,2,True,1.0
seismology-geophysics-npp-gain-incompleteness-baseline,results+plan+deviations,0.0023,2,False,0.2
seismology-geophysics-npp-gain-incompleteness-baseline,results+plan+deviations,0.51,2,True,1.0
seismology-geophysics-npp-gain-incompleteness-baseline,results+plan+deviations,0.88,2,True,1.0
seismology-geophysics-npp-gain-incompleteness-baseline,results only,109%,3,True,1.0
seismology-geophysics-npp-gain-incompleteness-baseline,results only,1.2,2,True,0.8
seismology-geophysics-npp-gain-incompleteness-baseline,results only,1.3,2,True,0.8
seismology-geophysics-npp-gain-incompleteness-baseline,results only,0.0,1,True,1.0
seismology-geophysics-npp-gain-incompleteness-baseline,results only,+1.02,3,True,1.0
seismology-geophysics-npp-gain-incompleteness-baseline,results only,+1.61,3,True,1.0
seismology-geophysics-npp-gain-incompleteness-baseline,results only,+1.39,3,True,1.0
seismology-geophysics-npp-gain-incompleteness-baseline,results only,0.75,2,True,1.0
seismology-geophysics-npp-gain-incompleteness-baseline,results only,−2.1,2,True,1.0
seismology-geophysics-npp-gain-incompleteness-baseline,results only,3.1,2,True,1.0
seismology-geophysics-npp-gain-incompleteness-baseline,results only,95%,2,True,1.0
seismology-geophysics-npp-gain-incompleteness-baseline,results only,1.2,2,True,1.0
seismology-geophysics-npp-gain-incompleteness-baseline,results only,+1.02,3,True,1.0
seismology-geophysics-npp-gain-incompleteness-baseline,results only,0.134,3,True,0.4
seismology-geophysics-npp-gain-incompleteness-baseline,results only,0.038,2,True,0.8
seismology-geophysics-npp-gain-incompleteness-baseline,results only,1.09,3,True,1.0
seismology-geophysics-npp-gain-incompleteness-baseline,results only,0.69,2,True,1.0
seismology-geophysics-npp-gain-incompleteness-baseline,results only,1.31,3,True,0.8
seismology-geophysics-npp-gain-incompleteness-baseline,results only,1.2,2,True,1.0
seismology-geophysics-npp-gain-incompleteness-baseline,results only,+1.61,3,True,0.6
seismology-geophysics-npp-gain-incompleteness-baseline,results only,0.352,3,True,0.4
seismology-geophysics-npp-gain-incompleteness-baseline,results only,0.542,3,True,0.2
seismology-geophysics-npp-gain-incompleteness-baseline,results only,0.88,2,True,1.0
seismology-geophysics-npp-gain-incompleteness-baseline,results only,0.80,2,True,1.0
seismology-geophysics-npp-gain-incompleteness-baseline,results only,0.97,2,True,1.0
seismology-geophysics-npp-gain-incompleteness-baseline,results only,1.3,2,True,1.0
seismology-geophysics-npp-gain-incompleteness-baseline,results only,+1.39,3,True,1.0
seismology-geophysics-npp-gain-incompleteness-baseline,results only,−0.310,3,True,0.6
seismology-geophysics-npp-gain-incompleteness-baseline,results only,−0.261,3,True,0.6
seismology-geophysics-npp-gain-incompleteness-baseline,results only,0.97,2,True,1.0
seismology-geophysics-npp-gain-incompleteness-baseline,results only,0.81,2,True,1.0
seismology-geophysics-npp-gain-incompleteness-baseline,results only,1.08,3,True,1.0
seismology-geophysics-npp-gain-incompleteness-baseline,results only,−0.978,3,True,0.0
seismology-geophysics-npp-gain-incompleteness-baseline,results only,−1.070,4,True,0.4
seismology-geophysics-npp-gain-incompleteness-baseline,results only,−1.646,4,True,0.0
seismology-geophysics-npp-gain-incompleteness-baseline,results only,0.75,2,True,1.0
seismology-geophysics-npp-gain-incompleteness-baseline,results only,0.75,2,True,1.0
seismology-geophysics-npp-gain-incompleteness-baseline,results only,−0.001,1,True,1.0
seismology-geophysics-npp-gain-incompleteness-baseline,results only,−0.037,2,True,0.8
seismology-geophysics-npp-gain-incompleteness-baseline,results only,0.000,1,True,1.0
seismology-geophysics-npp-gain-incompleteness-baseline,results only,−0.009,1,True,0.8
seismology-geophysics-npp-gain-incompleteness-baseline,results only,+1.11,3,True,1.0
seismology-geophysics-npp-gain-incompleteness-baseline,results only,+1.43,3,True,1.0
seismology-geophysics-npp-gain-incompleteness-baseline,results only,+1.38,3,True,1.0
seismology-geophysics-npp-gain-incompleteness-baseline,results only,−0.10,2,True,1.0
seismology-geophysics-npp-gain-incompleteness-baseline,results only,+0.19,2,True,1.0
seismology-geophysics-npp-gain-incompleteness-baseline,results only,+0.05,1,True,1.0
seismology-geophysics-npp-gain-incompleteness-baseline,results only,+0.10,2,True,1.0
seismology-geophysics-npp-gain-incompleteness-baseline,results only,95%,2,True,1.0
seismology-geophysics-npp-gain-incompleteness-baseline,results only,−0.30,2,True,1.0
seismology-geophysics-npp-gain-incompleteness-baseline,results only,+0.31,2,True,1.0
seismology-geophysics-npp-gain-incompleteness-baseline,results only,−0.19,2,True,1.0
seismology-geophysics-npp-gain-incompleteness-baseline,results only,−0.33,2,True,1.0
seismology-geophysics-npp-gain-incompleteness-baseline,results only,−0.04,1,True,1.0
seismology-geophysics-npp-gain-incompleteness-baseline,results only,−0.05,1,True,1.0
seismology-geophysics-npp-gain-incompleteness-baseline,results only,−0.35,2,True,1.0
seismology-geophysics-npp-gain-incompleteness-baseline,results only,+0.10,2,True,1.0
seismology-geophysics-npp-gain-incompleteness-baseline,results only,50%,1,True,1.0
seismology-geophysics-npp-gain-incompleteness-baseline,results only,68%,2,True,1.0
seismology-geophysics-npp-gain-incompleteness-baseline,results only,1.06,3,True,1.0
seismology-geophysics-npp-gain-incompleteness-baseline,results only,0.86,2,True,0.8
seismology-geophysics-npp-gain-incompleteness-baseline,results only,0.95,2,True,0.8
seismology-geophysics-npp-gain-incompleteness-baseline,results only,2.0,2,True,1.0
seismology-geophysics-npp-gain-incompleteness-baseline,results only,2.5,2,True,1.0
seismology-geophysics-npp-gain-incompleteness-baseline,results only,3.0,2,True,1.0
seismology-geophysics-npp-gain-incompleteness-baseline,results only,−1.34,3,True,1.0
seismology-geophysics-npp-gain-incompleteness-baseline,results only,+0.36,2,True,1.0
seismology-geophysics-npp-gain-incompleteness-baseline,results only,2.0,2,True,1.0
seismology-geophysics-npp-gain-incompleteness-baseline,results only,+0.22,2,True,1.0
seismology-geophysics-npp-gain-incompleteness-baseline,results only,−0.41,2,True,1.0
seismology-geophysics-npp-gain-incompleteness-baseline,results only,0.02,1,True,1.0
seismology-geophysics-npp-gain-incompleteness-baseline,results only,12%,2,True,1.0
seismology-geophysics-npp-gain-incompleteness-baseline,results only,1.5,2,True,1.0
seismology-geophysics-npp-gain-incompleteness-baseline,results only,1.1,2,True,1.0
seismology-geophysics-npp-gain-incompleteness-baseline,results only,1.25,3,True,0.4
seismology-geophysics-npp-gain-incompleteness-baseline,results only,1.19,3,True,1.0
seismology-geophysics-npp-gain-incompleteness-baseline,results only,0.51,2,True,1.0
seismology-geophysics-npp-gain-incompleteness-baseline,results only,0.0023,2,False,0.0
seismology-geophysics-npp-gain-incompleteness-baseline,results only,0.51,2,True,1.0
seismology-geophysics-npp-gain-incompleteness-baseline,results only,0.88,2,True,0.8
